Filename,Kind,Policies_Evaluated,Orig_AST_Alerts,Orig_Regex_Alerts,Total_Initial_Alerts,Security_Score,Risk_Deduction_Score,Rem_Alerts,N_Features,N_Features_in_Policies_Complete,N_Features_in_Policies_Failed,N_Configurations,T_AST_ms,T_Detection_ms,T_AST_Remed_ms,T_Total_Pipeline_ms,Is_Fully_Secure,Is_K8s_Rem_Valid,AST_Lines_Added,AST_Lines_Removed,Patch_Similarity_%,Comments_Retention_%,Failed_Policies_Details,Kubeconform_Error
apps.v1.DaemonSet.after_roundtrip.yaml,Unknown,SCHEMA_ERROR,,,,,,0,0,0,0,0.0,0.0,0.0,689.31,,,,0,0.0,0.0,,"C:\Users\CAOSD\projects\tool-security-rules\..\scriptJsonToUvl\yamls_agrupation\medium\apps.v1.DaemonSet.after_roundtrip.yaml - DaemonSet generateNameValue{{ generateName }} is invalid: problem validating schema. Check JSON formatting: jsonschema validation failed with 'https://raw.githubusercontent.com/yannh/kubernetes-json-schema/master/master-standalone-strict/daemonset-apps-v1.json#' - at '/spec/template/spec/resourceClaims/0': additional properties 'source' not allowed | Summary: 1 resource found in 1 file - Valid: 0, Invalid: 1, Errors: 0, Skipped: 0"
apps.v1.DaemonSet.after_roundtrip1.yaml,Unknown,SCHEMA_ERROR,,,,,,0,0,0,0,0.0,0.0,0.0,311.68,,,,0,0.0,0.0,,"C:\Users\CAOSD\projects\tool-security-rules\..\scriptJsonToUvl\yamls_agrupation\medium\apps.v1.DaemonSet.after_roundtrip1.yaml - DaemonSet generateNameValue{{ generateName }} is invalid: problem validating schema. Check JSON formatting: jsonschema validation failed with 'https://raw.githubusercontent.com/yannh/kubernetes-json-schema/master/master-standalone-strict/daemonset-apps-v1.json#' - at '/spec/template/spec/resourceClaims/0': additional properties 'source' not allowed | Summary: 1 resource found in 1 file - Valid: 0, Invalid: 1, Errors: 0, Skipped: 0"
apps.v1.DaemonSet.after_roundtrip10.yaml,Unknown,SCHEMA_ERROR,,,,,,0,0,0,0,0.0,0.0,0.0,456.23,,,,0,0.0,0.0,,"C:\Users\CAOSD\projects\tool-security-rules\..\scriptJsonToUvl\yamls_agrupation\medium\apps.v1.DaemonSet.after_roundtrip10.yaml - DaemonSet 3{{ generateName }} is invalid: problem validating schema. Check JSON formatting: jsonschema validation failed with 'https://raw.githubusercontent.com/yannh/kubernetes-json-schema/master/master-standalone-strict/daemonset-apps-v1.json#' - at '/metadata': additional properties 'clusterName' not allowed - at '/spec/template': validation failed   - at '/spec/template/metadata': additional properties 'clusterName' not allowed   - at '/spec/template/spec/volumes/0/ephemeral/volumeClaimTemplate/metadata': additional properties 'clusterName' not allowed | Summary: 1 resource found in 1 file - Valid: 0, Invalid: 1, Errors: 0, Skipped: 0"
apps.v1.DaemonSet.after_roundtrip11.yaml,Unknown,SCHEMA_ERROR,,,,,,0,0,0,0,0.0,0.0,0.0,294.76,,,,0,0.0,0.0,,"C:\Users\CAOSD\projects\tool-security-rules\..\scriptJsonToUvl\yamls_agrupation\medium\apps.v1.DaemonSet.after_roundtrip11.yaml - DaemonSet 3{{ generateName }} is invalid: problem validating schema. Check JSON formatting: jsonschema validation failed with 'https://raw.githubusercontent.com/yannh/kubernetes-json-schema/master/master-standalone-strict/daemonset-apps-v1.json#' - at '/metadata': additional properties 'clusterName' not allowed - at '/spec/template': validation failed   - at '/spec/template/metadata': additional properties 'clusterName' not allowed   - at '/spec/template/spec/volumes/0/ephemeral/volumeClaimTemplate/metadata': additional properties 'clusterName' not allowed | Summary: 1 resource found in 1 file - Valid: 0, Invalid: 1, Errors: 0, Skipped: 0"
apps.v1.DaemonSet.after_roundtrip12.yaml,Unknown,SCHEMA_ERROR,,,,,,0,0,0,0,0.0,0.0,0.0,347.51,,,,0,0.0,0.0,,"C:\Users\CAOSD\projects\tool-security-rules\..\scriptJsonToUvl\yamls_agrupation\medium\apps.v1.DaemonSet.after_roundtrip12.yaml - DaemonSet generateNameValue{{ generateName }} is invalid: problem validating schema. Check JSON formatting: jsonschema validation failed with 'https://raw.githubusercontent.com/yannh/kubernetes-json-schema/master/master-standalone-strict/daemonset-apps-v1.json#' - at '/spec/template/spec/resourceClaims/0': additional properties 'source' not allowed | Summary: 1 resource found in 1 file - Valid: 0, Invalid: 1, Errors: 0, Skipped: 0"
apps.v1.DaemonSet.after_roundtrip13.yaml,Unknown,SCHEMA_ERROR,,,,,,0,0,0,0,0.0,0.0,0.0,296.03,,,,0,0.0,0.0,,"C:\Users\CAOSD\projects\tool-security-rules\..\scriptJsonToUvl\yamls_agrupation\medium\apps.v1.DaemonSet.after_roundtrip13.yaml - DaemonSet generateNameValue{{ generateName }} is invalid: problem validating schema. Check JSON formatting: jsonschema validation failed with 'https://raw.githubusercontent.com/yannh/kubernetes-json-schema/master/master-standalone-strict/daemonset-apps-v1.json#' - at '/spec/template/spec/resourceClaims/0': additional properties 'source' not allowed | Summary: 1 resource found in 1 file - Valid: 0, Invalid: 1, Errors: 0, Skipped: 0"
apps.v1.DaemonSet.after_roundtrip2.yaml,Unknown,SCHEMA_ERROR,,,,,,0,0,0,0,0.0,0.0,0.0,291.85,,,,0,0.0,0.0,,"C:\Users\CAOSD\projects\tool-security-rules\..\scriptJsonToUvl\yamls_agrupation\medium\apps.v1.DaemonSet.after_roundtrip2.yaml - DaemonSet generateNameValue{{ generateName }} is invalid: problem validating schema. Check JSON formatting: jsonschema validation failed with 'https://raw.githubusercontent.com/yannh/kubernetes-json-schema/master/master-standalone-strict/daemonset-apps-v1.json#' - at '/spec/template/spec/resourceClaims/0': additional properties 'source' not allowed | Summary: 1 resource found in 1 file - Valid: 0, Invalid: 1, Errors: 0, Skipped: 0"
apps.v1.DaemonSet.after_roundtrip3.yaml,Unknown,SCHEMA_ERROR,,,,,,0,0,0,0,0.0,0.0,0.0,293.16,,,,0,0.0,0.0,,"C:\Users\CAOSD\projects\tool-security-rules\..\scriptJsonToUvl\yamls_agrupation\medium\apps.v1.DaemonSet.after_roundtrip3.yaml - DaemonSet generateNameValue{{ generateName }} is invalid: problem validating schema. Check JSON formatting: jsonschema validation failed with 'https://raw.githubusercontent.com/yannh/kubernetes-json-schema/master/master-standalone-strict/daemonset-apps-v1.json#' - at '/spec/template/spec/resourceClaims/0': additional properties 'source' not allowed | Summary: 1 resource found in 1 file - Valid: 0, Invalid: 1, Errors: 0, Skipped: 0"
apps.v1.DaemonSet.after_roundtrip5.yaml,Unknown,SCHEMA_ERROR,,,,,,0,0,0,0,0.0,0.0,0.0,278.05,,,,0,0.0,0.0,,"C:\Users\CAOSD\projects\tool-security-rules\..\scriptJsonToUvl\yamls_agrupation\medium\apps.v1.DaemonSet.after_roundtrip5.yaml - DaemonSet generateNameValue{{ generateName }} is invalid: problem validating schema. Check JSON formatting: jsonschema validation failed with 'https://raw.githubusercontent.com/yannh/kubernetes-json-schema/master/master-standalone-strict/daemonset-apps-v1.json#' - at '/spec/template/spec/resourceClaims/0': additional properties 'source' not allowed | Summary: 1 resource found in 1 file - Valid: 0, Invalid: 1, Errors: 0, Skipped: 0"
apps.v1.DaemonSet.after_roundtrip6.yaml,Unknown,SCHEMA_ERROR,,,,,,0,0,0,0,0.0,0.0,0.0,289.53,,,,0,0.0,0.0,,"C:\Users\CAOSD\projects\tool-security-rules\..\scriptJsonToUvl\yamls_agrupation\medium\apps.v1.DaemonSet.after_roundtrip6.yaml - DaemonSet generateNameValue{{ generateName }} is invalid: problem validating schema. Check JSON formatting: jsonschema validation failed with 'https://raw.githubusercontent.com/yannh/kubernetes-json-schema/master/master-standalone-strict/daemonset-apps-v1.json#' - at '/spec/template/spec/resourceClaims/0': additional properties 'source' not allowed | Summary: 1 resource found in 1 file - Valid: 0, Invalid: 1, Errors: 0, Skipped: 0"
apps.v1.DaemonSet.after_roundtrip8.yaml,Unknown,SCHEMA_ERROR,,,,,,0,0,0,0,0.0,0.0,0.0,313.41,,,,0,0.0,0.0,,"C:\Users\CAOSD\projects\tool-security-rules\..\scriptJsonToUvl\yamls_agrupation\medium\apps.v1.DaemonSet.after_roundtrip8.yaml - DaemonSet generateNameValue{{ generateName }} is invalid: problem validating schema. Check JSON formatting: jsonschema validation failed with 'https://raw.githubusercontent.com/yannh/kubernetes-json-schema/master/master-standalone-strict/daemonset-apps-v1.json#' - at '/spec/template/spec/resourceClaims/0': additional properties 'source' not allowed | Summary: 1 resource found in 1 file - Valid: 0, Invalid: 1, Errors: 0, Skipped: 0"
apps.v1.DaemonSet.after_roundtrip9.yaml,Unknown,SCHEMA_ERROR,,,,,,0,0,0,0,0.0,0.0,0.0,312.48,,,,0,0.0,0.0,,"C:\Users\CAOSD\projects\tool-security-rules\..\scriptJsonToUvl\yamls_agrupation\medium\apps.v1.DaemonSet.after_roundtrip9.yaml - DaemonSet generateNameValue{{ generateName }} is invalid: problem validating schema. Check JSON formatting: jsonschema validation failed with 'https://raw.githubusercontent.com/yannh/kubernetes-json-schema/master/master-standalone-strict/daemonset-apps-v1.json#' - at '/spec/template/spec/resourceClaims/0': additional properties 'source' not allowed | Summary: 1 resource found in 1 file - Valid: 0, Invalid: 1, Errors: 0, Skipped: 0"
apps.v1.DaemonSet.yaml,Unknown,SCHEMA_ERROR,,,,,,0,0,0,0,0.0,0.0,0.0,277.54,,,,0,0.0,0.0,,"C:\Users\CAOSD\projects\tool-security-rules\..\scriptJsonToUvl\yamls_agrupation\medium\apps.v1.DaemonSet.yaml - DaemonSet generateNameValue{{ generateName }} is invalid: problem validating schema. Check JSON formatting: jsonschema validation failed with 'https://raw.githubusercontent.com/yannh/kubernetes-json-schema/master/master-standalone-strict/daemonset-apps-v1.json#' - at '/spec/template/spec/resourceClaims/0': additional properties 'source' not allowed | Summary: 1 resource found in 1 file - Valid: 0, Invalid: 1, Errors: 0, Skipped: 0"
apps.v1.DaemonSet1.yaml,Unknown,SCHEMA_ERROR,,,,,,0,0,0,0,0.0,0.0,0.0,318.23,,,,0,0.0,0.0,,"C:\Users\CAOSD\projects\tool-security-rules\..\scriptJsonToUvl\yamls_agrupation\medium\apps.v1.DaemonSet1.yaml - DaemonSet generateNameValue{{ generateName }} is invalid: problem validating schema. Check JSON formatting: jsonschema validation failed with 'https://raw.githubusercontent.com/yannh/kubernetes-json-schema/master/master-standalone-strict/daemonset-apps-v1.json#' - at '/spec/template/spec/resourceClaims/0': additional properties 'source' not allowed - at '/spec/template/spec/volumes/0/ephemeral/volumeClaimTemplate/spec/resources': additional properties 'claims' not allowed | Summary: 1 resource found in 1 file - Valid: 0, Invalid: 1, Errors: 0, Skipped: 0"
apps.v1.DaemonSet11.yaml,DaemonSet,31,16,5,21,33.76,0.0,0,1204,423,294,1,22205.48,59459.11,606.49,60065.6,True,False,28,312,83.02,100.0,"{'use_high_gid': 'trivy', 'no_mounted_hostpath': 'trivy', 'kubernetes_no_custom_proc_mask': 'trivy', 'no_host_network': 'trivy', 'no_shared_ipc_namespace': 'trivy', 'kubernetes_no_non_default_capabilities': 'trivy', 'kubernetes_no_host_port_access': 'trivy', 'kubernetes_no_hostprocess_containers': 'trivy', 'kubernetes_no_hostaliases': 'trivy', 'no_auto_mount_service_token': 'trivy', 'kubernetes_no_non_ephemeral_volumes': 'trivy', 'kubernetes_no_self_privesc': 'trivy', 'no_host_pid': 'trivy', 'kubernetes_drop_default_capabilities': 'trivy', 'no_privileged_containers': 'trivy', 'use_high_uid': 'trivy', 'cpuLimitsMissing': 'polaris', 'tagNotSpecified': 'polaris', 'memoryRequestsMissing': 'polaris', 'memoryLimitsMissing': 'polaris', 'cpuRequestsMissing': 'polaris'}","C:\Users\CAOSD\projects\tool-security-rules\resources\evaluation\tmp_remediateds_AST_Complete_V2_medium\rem_apps.v1.DaemonSet11.yaml - DaemonSet generateNameValue{{ generateName }} is invalid: problem validating schema. Check JSON formatting: jsonschema validation failed with 'https://raw.githubusercontent.com/yannh/kubernetes-json-schema/master/master-standalone-strict/daemonset-apps-v1.json#' - at '/spec/template/spec/overhead': got array, want null or object | Summary: 1 resource found in 1 file - Valid: 0, Invalid: 1, Errors: 0, Skipped: 0"
apps.v1.DaemonSet12.yaml,Unknown,SCHEMA_ERROR,,,,,,0,0,0,0,0.0,0.0,0.0,612.98,,,,0,0.0,0.0,,"C:\Users\CAOSD\projects\tool-security-rules\..\scriptJsonToUvl\yamls_agrupation\medium\apps.v1.DaemonSet12.yaml - DaemonSet 3{{ generateName }} is invalid: problem validating schema. Check JSON formatting: jsonschema validation failed with 'https://raw.githubusercontent.com/yannh/kubernetes-json-schema/master/master-standalone-strict/daemonset-apps-v1.json#' - at '/metadata': additional properties 'clusterName' not allowed - at '/spec/template/metadata': additional properties 'clusterName' not allowed | Summary: 1 resource found in 1 file - Valid: 0, Invalid: 1, Errors: 0, Skipped: 0"
apps.v1.DaemonSet14.yaml,Unknown,SCHEMA_ERROR,,,,,,0,0,0,0,0.0,0.0,0.0,326.73,,,,0,0.0,0.0,,"C:\Users\CAOSD\projects\tool-security-rules\..\scriptJsonToUvl\yamls_agrupation\medium\apps.v1.DaemonSet14.yaml - DaemonSet 3{{ generateName }} is invalid: problem validating schema. Check JSON formatting: jsonschema validation failed with 'https://raw.githubusercontent.com/yannh/kubernetes-json-schema/master/master-standalone-strict/daemonset-apps-v1.json#' - at '/metadata': additional properties 'clusterName' not allowed - at '/spec/template/metadata': additional properties 'clusterName' not allowed | Summary: 1 resource found in 1 file - Valid: 0, Invalid: 1, Errors: 0, Skipped: 0"
apps.v1.DaemonSet15.yaml,Unknown,SCHEMA_ERROR,,,,,,0,0,0,0,0.0,0.0,0.0,330.94,,,,0,0.0,0.0,,"C:\Users\CAOSD\projects\tool-security-rules\..\scriptJsonToUvl\yamls_agrupation\medium\apps.v1.DaemonSet15.yaml - DaemonSet generateNameValue{{ generateName }} is invalid: problem validating schema. Check JSON formatting: jsonschema validation failed with 'https://raw.githubusercontent.com/yannh/kubernetes-json-schema/master/master-standalone-strict/daemonset-apps-v1.json#' - at '/metadata': additional properties 'clusterName' not allowed - at '/spec/template': validation failed   - at '/spec/template/metadata': additional properties 'clusterName' not allowed   - at '/spec/template/spec/volumes/0/ephemeral/volumeClaimTemplate/metadata': additional properties 'clusterName' not allowed | Summary: 1 resource found in 1 file - Valid: 0, Invalid: 1, Errors: 0, Skipped: 0"
apps.v1.DaemonSet16.yaml,Unknown,SCHEMA_ERROR,,,,,,0,0,0,0,0.0,0.0,0.0,283.3,,,,0,0.0,0.0,,"C:\Users\CAOSD\projects\tool-security-rules\..\scriptJsonToUvl\yamls_agrupation\medium\apps.v1.DaemonSet16.yaml - DaemonSet 3{{ generateName }} is invalid: problem validating schema. Check JSON formatting: jsonschema validation failed with 'https://raw.githubusercontent.com/yannh/kubernetes-json-schema/master/master-standalone-strict/daemonset-apps-v1.json#' - at '/metadata': additional properties 'clusterName' not allowed - at '/spec/template': validation failed   - at '/spec/template/metadata': additional properties 'clusterName' not allowed   - at '/spec/template/spec/volumes/0/ephemeral/volumeClaimTemplate/metadata': additional properties 'clusterName' not allowed | Summary: 1 resource found in 1 file - Valid: 0, Invalid: 1, Errors: 0, Skipped: 0"
apps.v1.DaemonSet17.yaml,Unknown,SCHEMA_ERROR,,,,,,0,0,0,0,0.0,0.0,0.0,263.7,,,,0,0.0,0.0,,"C:\Users\CAOSD\projects\tool-security-rules\..\scriptJsonToUvl\yamls_agrupation\medium\apps.v1.DaemonSet17.yaml - DaemonSet 3{{ generateName }} is invalid: problem validating schema. Check JSON formatting: jsonschema validation failed with 'https://raw.githubusercontent.com/yannh/kubernetes-json-schema/master/master-standalone-strict/daemonset-apps-v1.json#' - at '/metadata': additional properties 'clusterName' not allowed - at '/spec/template': validation failed   - at '/spec/template/spec/volumes/0/ephemeral/volumeClaimTemplate/metadata': additional properties 'clusterName' not allowed   - at '/spec/template/metadata': additional properties 'clusterName' not allowed | Summary: 1 resource found in 1 file - Valid: 0, Invalid: 1, Errors: 0, Skipped: 0"
apps.v1.DaemonSet18.yaml,Unknown,SCHEMA_ERROR,,,,,,0,0,0,0,0.0,0.0,0.0,297.88,,,,0,0.0,0.0,,"C:\Users\CAOSD\projects\tool-security-rules\..\scriptJsonToUvl\yamls_agrupation\medium\apps.v1.DaemonSet18.yaml - DaemonSet generateNameValue{{ generateName }} is invalid: problem validating schema. Check JSON formatting: jsonschema validation failed with 'https://raw.githubusercontent.com/yannh/kubernetes-json-schema/master/master-standalone-strict/daemonset-apps-v1.json#' - at '/spec/template/spec/resourceClaims/0': additional properties 'source' not allowed | Summary: 1 resource found in 1 file - Valid: 0, Invalid: 1, Errors: 0, Skipped: 0"
apps.v1.DaemonSet19.yaml,Unknown,SCHEMA_ERROR,,,,,,0,0,0,0,0.0,0.0,0.0,304.7,,,,0,0.0,0.0,,"C:\Users\CAOSD\projects\tool-security-rules\..\scriptJsonToUvl\yamls_agrupation\medium\apps.v1.DaemonSet19.yaml - DaemonSet generateNameValue{{ generateName }} is invalid: problem validating schema. Check JSON formatting: jsonschema validation failed with 'https://raw.githubusercontent.com/yannh/kubernetes-json-schema/master/master-standalone-strict/daemonset-apps-v1.json#' - at '/spec/template/spec/resourceClaims/0': additional properties 'source' not allowed - at '/spec/template/spec/volumes/0/ephemeral/volumeClaimTemplate/spec/resources': additional properties 'claims' not allowed | Summary: 1 resource found in 1 file - Valid: 0, Invalid: 1, Errors: 0, Skipped: 0"
apps.v1.DaemonSet2.yaml,Unknown,SCHEMA_ERROR,,,,,,0,0,0,0,0.0,0.0,0.0,304.56,,,,0,0.0,0.0,,"C:\Users\CAOSD\projects\tool-security-rules\..\scriptJsonToUvl\yamls_agrupation\medium\apps.v1.DaemonSet2.yaml - DaemonSet generateNameValue{{ generateName }} is invalid: problem validating schema. Check JSON formatting: jsonschema validation failed with 'https://raw.githubusercontent.com/yannh/kubernetes-json-schema/master/master-standalone-strict/daemonset-apps-v1.json#' - at '/spec/template/spec/volumes/0/ephemeral/volumeClaimTemplate/spec/resources': additional properties 'claims' not allowed - at '/spec/template/spec/resourceClaims/0': additional properties 'source' not allowed | Summary: 1 resource found in 1 file - Valid: 0, Invalid: 1, Errors: 0, Skipped: 0"
apps.v1.DaemonSet20.yaml,Unknown,SCHEMA_ERROR,,,,,,0,0,0,0,0.0,0.0,0.0,275.63,,,,0,0.0,0.0,,"C:\Users\CAOSD\projects\tool-security-rules\..\scriptJsonToUvl\yamls_agrupation\medium\apps.v1.DaemonSet20.yaml - DaemonSet generateNameValue{{ generateName }} is invalid: problem validating schema. Check JSON formatting: jsonschema validation failed with 'https://raw.githubusercontent.com/yannh/kubernetes-json-schema/master/master-standalone-strict/daemonset-apps-v1.json#' - at '/spec/template/spec/resourceClaims/0': additional properties 'source' not allowed | Summary: 1 resource found in 1 file - Valid: 0, Invalid: 1, Errors: 0, Skipped: 0"
apps.v1.DaemonSet21.yaml,Unknown,SCHEMA_ERROR,,,,,,0,0,0,0,0.0,0.0,0.0,302.92,,,,0,0.0,0.0,,"C:\Users\CAOSD\projects\tool-security-rules\..\scriptJsonToUvl\yamls_agrupation\medium\apps.v1.DaemonSet21.yaml - DaemonSet generateNameValue{{ generateName }} is invalid: problem validating schema. Check JSON formatting: jsonschema validation failed with 'https://raw.githubusercontent.com/yannh/kubernetes-json-schema/master/master-standalone-strict/daemonset-apps-v1.json#' - at '/spec/template/spec/resourceClaims/0': additional properties 'source' not allowed | Summary: 1 resource found in 1 file - Valid: 0, Invalid: 1, Errors: 0, Skipped: 0"
apps.v1.DaemonSet22.yaml,Unknown,SCHEMA_ERROR,,,,,,0,0,0,0,0.0,0.0,0.0,310.74,,,,0,0.0,0.0,,"C:\Users\CAOSD\projects\tool-security-rules\..\scriptJsonToUvl\yamls_agrupation\medium\apps.v1.DaemonSet22.yaml - DaemonSet generateNameValue{{ generateName }} is invalid: problem validating schema. Check JSON formatting: jsonschema validation failed with 'https://raw.githubusercontent.com/yannh/kubernetes-json-schema/master/master-standalone-strict/daemonset-apps-v1.json#' - at '/spec/template/spec/resourceClaims/0': additional properties 'source' not allowed - at '/spec/template/spec/volumes/0/ephemeral/volumeClaimTemplate/spec/resources': additional properties 'claims' not allowed | Summary: 1 resource found in 1 file - Valid: 0, Invalid: 1, Errors: 0, Skipped: 0"
apps.v1.DaemonSet23.yaml,Unknown,SCHEMA_ERROR,,,,,,0,0,0,0,0.0,0.0,0.0,295.47,,,,0,0.0,0.0,,"C:\Users\CAOSD\projects\tool-security-rules\..\scriptJsonToUvl\yamls_agrupation\medium\apps.v1.DaemonSet23.yaml - DaemonSet generateNameValue{{ generateName }} is invalid: problem validating schema. Check JSON formatting: jsonschema validation failed with 'https://raw.githubusercontent.com/yannh/kubernetes-json-schema/master/master-standalone-strict/daemonset-apps-v1.json#' - at '/spec/template/spec/resourceClaims/0': additional properties 'source' not allowed | Summary: 1 resource found in 1 file - Valid: 0, Invalid: 1, Errors: 0, Skipped: 0"
apps.v1.DaemonSet24.yaml,Unknown,SCHEMA_ERROR,,,,,,0,0,0,0,0.0,0.0,0.0,277.7,,,,0,0.0,0.0,,"C:\Users\CAOSD\projects\tool-security-rules\..\scriptJsonToUvl\yamls_agrupation\medium\apps.v1.DaemonSet24.yaml - DaemonSet 3{{ generateName }} is invalid: problem validating schema. Check JSON formatting: jsonschema validation failed with 'https://raw.githubusercontent.com/yannh/kubernetes-json-schema/master/master-standalone-strict/daemonset-apps-v1.json#' - at '/spec/template/metadata': additional properties 'clusterName' not allowed - at '/metadata': additional properties 'clusterName' not allowed | Summary: 1 resource found in 1 file - Valid: 0, Invalid: 1, Errors: 0, Skipped: 0"
apps.v1.DaemonSet26.yaml,Unknown,SCHEMA_ERROR,,,,,,0,0,0,0,0.0,0.0,0.0,293.71,,,,0,0.0,0.0,,"C:\Users\CAOSD\projects\tool-security-rules\..\scriptJsonToUvl\yamls_agrupation\medium\apps.v1.DaemonSet26.yaml - DaemonSet 3{{ generateName }} is invalid: problem validating schema. Check JSON formatting: jsonschema validation failed with 'https://raw.githubusercontent.com/yannh/kubernetes-json-schema/master/master-standalone-strict/daemonset-apps-v1.json#' - at '/metadata': additional properties 'clusterName' not allowed - at '/spec/template/metadata': additional properties 'clusterName' not allowed | Summary: 1 resource found in 1 file - Valid: 0, Invalid: 1, Errors: 0, Skipped: 0"
apps.v1.DaemonSet27.yaml,Unknown,SCHEMA_ERROR,,,,,,0,0,0,0,0.0,0.0,0.0,306.98,,,,0,0.0,0.0,,"C:\Users\CAOSD\projects\tool-security-rules\..\scriptJsonToUvl\yamls_agrupation\medium\apps.v1.DaemonSet27.yaml - DaemonSet generateNameValue{{ generateName }} is invalid: problem validating schema. Check JSON formatting: jsonschema validation failed with 'https://raw.githubusercontent.com/yannh/kubernetes-json-schema/master/master-standalone-strict/daemonset-apps-v1.json#' - at '/metadata': additional properties 'clusterName' not allowed - at '/spec/template': validation failed   - at '/spec/template/spec/volumes/0/ephemeral/volumeClaimTemplate/metadata': additional properties 'clusterName' not allowed   - at '/spec/template/metadata': additional properties 'clusterName' not allowed | Summary: 1 resource found in 1 file - Valid: 0, Invalid: 1, Errors: 0, Skipped: 0"
apps.v1.DaemonSet28.yaml,Unknown,SCHEMA_ERROR,,,,,,0,0,0,0,0.0,0.0,0.0,294.72,,,,0,0.0,0.0,,"C:\Users\CAOSD\projects\tool-security-rules\..\scriptJsonToUvl\yamls_agrupation\medium\apps.v1.DaemonSet28.yaml - DaemonSet 3{{ generateName }} is invalid: problem validating schema. Check JSON formatting: jsonschema validation failed with 'https://raw.githubusercontent.com/yannh/kubernetes-json-schema/master/master-standalone-strict/daemonset-apps-v1.json#' - at '/metadata': additional properties 'clusterName' not allowed - at '/spec/template': validation failed   - at '/spec/template/metadata': additional properties 'clusterName' not allowed   - at '/spec/template/spec/volumes/0/ephemeral/volumeClaimTemplate/metadata': additional properties 'clusterName' not allowed | Summary: 1 resource found in 1 file - Valid: 0, Invalid: 1, Errors: 0, Skipped: 0"
apps.v1.DaemonSet29.yaml,Unknown,SCHEMA_ERROR,,,,,,0,0,0,0,0.0,0.0,0.0,313.61,,,,0,0.0,0.0,,"C:\Users\CAOSD\projects\tool-security-rules\..\scriptJsonToUvl\yamls_agrupation\medium\apps.v1.DaemonSet29.yaml - DaemonSet 3{{ generateName }} is invalid: problem validating schema. Check JSON formatting: jsonschema validation failed with 'https://raw.githubusercontent.com/yannh/kubernetes-json-schema/master/master-standalone-strict/daemonset-apps-v1.json#' - at '/metadata': additional properties 'clusterName' not allowed - at '/spec/template': validation failed   - at '/spec/template/metadata': additional properties 'clusterName' not allowed   - at '/spec/template/spec/volumes/0/ephemeral/volumeClaimTemplate/metadata': additional properties 'clusterName' not allowed | Summary: 1 resource found in 1 file - Valid: 0, Invalid: 1, Errors: 0, Skipped: 0"
apps.v1.DaemonSet3.yaml,DaemonSet,31,16,5,21,33.76,0.0,0,1209,423,294,1,291.88,39524.26,597.27,40121.53,True,False,28,312,83.1,100.0,"{'use_high_gid': 'trivy', 'no_mounted_hostpath': 'trivy', 'kubernetes_no_custom_proc_mask': 'trivy', 'no_host_network': 'trivy', 'no_shared_ipc_namespace': 'trivy', 'kubernetes_no_non_default_capabilities': 'trivy', 'kubernetes_no_host_port_access': 'trivy', 'kubernetes_no_hostprocess_containers': 'trivy', 'kubernetes_no_hostaliases': 'trivy', 'no_auto_mount_service_token': 'trivy', 'kubernetes_no_non_ephemeral_volumes': 'trivy', 'kubernetes_no_self_privesc': 'trivy', 'no_host_pid': 'trivy', 'kubernetes_drop_default_capabilities': 'trivy', 'no_privileged_containers': 'trivy', 'use_high_uid': 'trivy', 'cpuLimitsMissing': 'polaris', 'tagNotSpecified': 'polaris', 'memoryRequestsMissing': 'polaris', 'memoryLimitsMissing': 'polaris', 'cpuRequestsMissing': 'polaris'}","C:\Users\CAOSD\projects\tool-security-rules\resources\evaluation\tmp_remediateds_AST_Complete_V2_medium\rem_apps.v1.DaemonSet3.yaml - DaemonSet generateNameValue{{ generateName }} is invalid: problem validating schema. Check JSON formatting: jsonschema validation failed with 'https://raw.githubusercontent.com/yannh/kubernetes-json-schema/master/master-standalone-strict/daemonset-apps-v1.json#' - at '/spec/template/spec/overhead': got array, want null or object | Summary: 1 resource found in 1 file - Valid: 0, Invalid: 1, Errors: 0, Skipped: 0"
apps.v1.DaemonSet30.yaml,Unknown,SCHEMA_ERROR,,,,,,0,0,0,0,0.0,0.0,0.0,345.83,,,,0,0.0,0.0,,"C:\Users\CAOSD\projects\tool-security-rules\..\scriptJsonToUvl\yamls_agrupation\medium\apps.v1.DaemonSet30.yaml - DaemonSet generateNameValue{{ generateName }} is invalid: problem validating schema. Check JSON formatting: jsonschema validation failed with 'https://raw.githubusercontent.com/yannh/kubernetes-json-schema/master/master-standalone-strict/daemonset-apps-v1.json#' - at '/spec/template/spec/resourceClaims/0': additional properties 'source' not allowed | Summary: 1 resource found in 1 file - Valid: 0, Invalid: 1, Errors: 0, Skipped: 0"
apps.v1.DaemonSet31.yaml,Unknown,SCHEMA_ERROR,,,,,,0,0,0,0,0.0,0.0,0.0,303.59,,,,0,0.0,0.0,,"C:\Users\CAOSD\projects\tool-security-rules\..\scriptJsonToUvl\yamls_agrupation\medium\apps.v1.DaemonSet31.yaml - DaemonSet generateNameValue{{ generateName }} is invalid: problem validating schema. Check JSON formatting: jsonschema validation failed with 'https://raw.githubusercontent.com/yannh/kubernetes-json-schema/master/master-standalone-strict/daemonset-apps-v1.json#' - at '/spec/template/spec/volumes/0/ephemeral/volumeClaimTemplate/spec/resources': additional properties 'claims' not allowed - at '/spec/template/spec/resourceClaims/0': additional properties 'source' not allowed | Summary: 1 resource found in 1 file - Valid: 0, Invalid: 1, Errors: 0, Skipped: 0"
apps.v1.DaemonSet32.yaml,Unknown,SCHEMA_ERROR,,,,,,0,0,0,0,0.0,0.0,0.0,309.2,,,,0,0.0,0.0,,"C:\Users\CAOSD\projects\tool-security-rules\..\scriptJsonToUvl\yamls_agrupation\medium\apps.v1.DaemonSet32.yaml - DaemonSet generateNameValue{{ generateName }} is invalid: problem validating schema. Check JSON formatting: jsonschema validation failed with 'https://raw.githubusercontent.com/yannh/kubernetes-json-schema/master/master-standalone-strict/daemonset-apps-v1.json#' - at '/spec/template/spec/resourceClaims/0': additional properties 'source' not allowed | Summary: 1 resource found in 1 file - Valid: 0, Invalid: 1, Errors: 0, Skipped: 0"
apps.v1.DaemonSet33.yaml,Unknown,SCHEMA_ERROR,,,,,,0,0,0,0,0.0,0.0,0.0,271.88,,,,0,0.0,0.0,,"C:\Users\CAOSD\projects\tool-security-rules\..\scriptJsonToUvl\yamls_agrupation\medium\apps.v1.DaemonSet33.yaml - DaemonSet generateNameValue{{ generateName }} is invalid: problem validating schema. Check JSON formatting: jsonschema validation failed with 'https://raw.githubusercontent.com/yannh/kubernetes-json-schema/master/master-standalone-strict/daemonset-apps-v1.json#' - at '/spec/template/spec/resourceClaims/0': additional properties 'source' not allowed | Summary: 1 resource found in 1 file - Valid: 0, Invalid: 1, Errors: 0, Skipped: 0"
apps.v1.DaemonSet34.yaml,Unknown,SCHEMA_ERROR,,,,,,0,0,0,0,0.0,0.0,0.0,274.85,,,,0,0.0,0.0,,"C:\Users\CAOSD\projects\tool-security-rules\..\scriptJsonToUvl\yamls_agrupation\medium\apps.v1.DaemonSet34.yaml - DaemonSet generateNameValue{{ generateName }} is invalid: problem validating schema. Check JSON formatting: jsonschema validation failed with 'https://raw.githubusercontent.com/yannh/kubernetes-json-schema/master/master-standalone-strict/daemonset-apps-v1.json#' - at '/spec/template/spec/resourceClaims/0': additional properties 'source' not allowed - at '/spec/template/spec/volumes/0/ephemeral/volumeClaimTemplate/spec/resources': additional properties 'claims' not allowed | Summary: 1 resource found in 1 file - Valid: 0, Invalid: 1, Errors: 0, Skipped: 0"
apps.v1.DaemonSet35.yaml,Unknown,SCHEMA_ERROR,,,,,,0,0,0,0,0.0,0.0,0.0,299.6,,,,0,0.0,0.0,,"C:\Users\CAOSD\projects\tool-security-rules\..\scriptJsonToUvl\yamls_agrupation\medium\apps.v1.DaemonSet35.yaml - DaemonSet generateNameValue{{ generateName }} is invalid: problem validating schema. Check JSON formatting: jsonschema validation failed with 'https://raw.githubusercontent.com/yannh/kubernetes-json-schema/master/master-standalone-strict/daemonset-apps-v1.json#' - at '/spec/template/spec/resourceClaims/0': additional properties 'source' not allowed | Summary: 1 resource found in 1 file - Valid: 0, Invalid: 1, Errors: 0, Skipped: 0"
apps.v1.DaemonSet39.yaml,Unknown,SCHEMA_ERROR,,,,,,0,0,0,0,0.0,0.0,0.0,307.61,,,,0,0.0,0.0,,"C:\Users\CAOSD\projects\tool-security-rules\..\scriptJsonToUvl\yamls_agrupation\medium\apps.v1.DaemonSet39.yaml - DaemonSet 3{{ generateName }} is invalid: problem validating schema. Check JSON formatting: jsonschema validation failed with 'https://raw.githubusercontent.com/yannh/kubernetes-json-schema/master/master-standalone-strict/daemonset-apps-v1.json#' - at '/metadata': additional properties 'clusterName' not allowed - at '/spec/template': validation failed   - at '/spec/template/metadata': additional properties 'clusterName' not allowed   - at '/spec/template/spec/volumes/0/ephemeral/volumeClaimTemplate/metadata': additional properties 'clusterName' not allowed | Summary: 1 resource found in 1 file - Valid: 0, Invalid: 1, Errors: 0, Skipped: 0"
apps.v1.DaemonSet40.yaml,Unknown,SCHEMA_ERROR,,,,,,0,0,0,0,0.0,0.0,0.0,316.49,,,,0,0.0,0.0,,"C:\Users\CAOSD\projects\tool-security-rules\..\scriptJsonToUvl\yamls_agrupation\medium\apps.v1.DaemonSet40.yaml - DaemonSet 3{{ generateName }} is invalid: problem validating schema. Check JSON formatting: jsonschema validation failed with 'https://raw.githubusercontent.com/yannh/kubernetes-json-schema/master/master-standalone-strict/daemonset-apps-v1.json#' - at '/metadata': additional properties 'clusterName' not allowed - at '/spec/template': validation failed   - at '/spec/template/spec/volumes/0/ephemeral': validation failed     - at '/spec/template/spec/volumes/0/ephemeral/volumeClaimTemplate/metadata': additional properties 'clusterName' not allowed     - at '/spec/template/spec/volumes/0/ephemeral': additional properties 'readOnly' not allowed   - at '/spec/template/metadata': additional properties 'clusterName' not allowed | Summary: 1 resource found in 1 file - Valid: 0, Invalid: 1, Errors: 0, Skipped: 0"
apps.v1.DaemonSet41.yaml,Unknown,SCHEMA_ERROR,,,,,,0,0,0,0,0.0,0.0,0.0,327.22,,,,0,0.0,0.0,,"C:\Users\CAOSD\projects\tool-security-rules\..\scriptJsonToUvl\yamls_agrupation\medium\apps.v1.DaemonSet41.yaml - DaemonSet 3{{ generateName }} is invalid: problem validating schema. Check JSON formatting: jsonschema validation failed with 'https://raw.githubusercontent.com/yannh/kubernetes-json-schema/master/master-standalone-strict/daemonset-apps-v1.json#' - at '/metadata': additional properties 'clusterName' not allowed - at '/spec/template': validation failed   - at '/spec/template/metadata': additional properties 'clusterName' not allowed   - at '/spec/template/spec/volumes/0/ephemeral': validation failed     - at '/spec/template/spec/volumes/0/ephemeral/volumeClaimTemplate/metadata': additional properties 'clusterName' not allowed     - at '/spec/template/spec/volumes/0/ephemeral': additional properties 'readOnly' not allowed | Summary: 1 resource found in 1 file - Valid: 0, Invalid: 1, Errors: 0, Skipped: 0"
apps.v1.DaemonSet42.yaml,Unknown,SCHEMA_ERROR,,,,,,0,0,0,0,0.0,0.0,0.0,307.18,,,,0,0.0,0.0,,"C:\Users\CAOSD\projects\tool-security-rules\..\scriptJsonToUvl\yamls_agrupation\medium\apps.v1.DaemonSet42.yaml - DaemonSet generateNameValue{{ generateName }} is invalid: problem validating schema. Check JSON formatting: jsonschema validation failed with 'https://raw.githubusercontent.com/yannh/kubernetes-json-schema/master/master-standalone-strict/daemonset-apps-v1.json#' - at '/spec/template/spec/resourceClaims/0': additional properties 'source' not allowed | Summary: 1 resource found in 1 file - Valid: 0, Invalid: 1, Errors: 0, Skipped: 0"
apps.v1.DaemonSet43.yaml,Unknown,SCHEMA_ERROR,,,,,,0,0,0,0,0.0,0.0,0.0,288.38,,,,0,0.0,0.0,,"C:\Users\CAOSD\projects\tool-security-rules\..\scriptJsonToUvl\yamls_agrupation\medium\apps.v1.DaemonSet43.yaml - DaemonSet generateNameValue{{ generateName }} is invalid: problem validating schema. Check JSON formatting: jsonschema validation failed with 'https://raw.githubusercontent.com/yannh/kubernetes-json-schema/master/master-standalone-strict/daemonset-apps-v1.json#' - at '/spec/template/spec/resourceClaims/0': additional properties 'source' not allowed - at '/spec/template/spec/volumes/0/ephemeral/volumeClaimTemplate/spec/resources': additional properties 'claims' not allowed | Summary: 1 resource found in 1 file - Valid: 0, Invalid: 1, Errors: 0, Skipped: 0"
apps.v1.DaemonSet44.yaml,Unknown,SCHEMA_ERROR,,,,,,0,0,0,0,0.0,0.0,0.0,291.92,,,,0,0.0,0.0,,"C:\Users\CAOSD\projects\tool-security-rules\..\scriptJsonToUvl\yamls_agrupation\medium\apps.v1.DaemonSet44.yaml - DaemonSet generateNameValue{{ generateName }} is invalid: problem validating schema. Check JSON formatting: jsonschema validation failed with 'https://raw.githubusercontent.com/yannh/kubernetes-json-schema/master/master-standalone-strict/daemonset-apps-v1.json#' - at '/spec/template/spec/resourceClaims/0': additional properties 'source' not allowed | Summary: 1 resource found in 1 file - Valid: 0, Invalid: 1, Errors: 0, Skipped: 0"
apps.v1.DaemonSet45.yaml,Unknown,SCHEMA_ERROR,,,,,,0,0,0,0,0.0,0.0,0.0,280.24,,,,0,0.0,0.0,,"C:\Users\CAOSD\projects\tool-security-rules\..\scriptJsonToUvl\yamls_agrupation\medium\apps.v1.DaemonSet45.yaml - DaemonSet generateNameValue{{ generateName }} is invalid: problem validating schema. Check JSON formatting: jsonschema validation failed with 'https://raw.githubusercontent.com/yannh/kubernetes-json-schema/master/master-standalone-strict/daemonset-apps-v1.json#' - at '/spec/template/spec/resourceClaims/0': additional properties 'source' not allowed | Summary: 1 resource found in 1 file - Valid: 0, Invalid: 1, Errors: 0, Skipped: 0"
apps.v1.DaemonSet46.yaml,Unknown,SCHEMA_ERROR,,,,,,0,0,0,0,0.0,0.0,0.0,351.88,,,,0,0.0,0.0,,"C:\Users\CAOSD\projects\tool-security-rules\..\scriptJsonToUvl\yamls_agrupation\medium\apps.v1.DaemonSet46.yaml - DaemonSet generateNameValue{{ generateName }} is invalid: problem validating schema. Check JSON formatting: jsonschema validation failed with 'https://raw.githubusercontent.com/yannh/kubernetes-json-schema/master/master-standalone-strict/daemonset-apps-v1.json#' - at '/spec/template/spec/resourceClaims/0': additional properties 'source' not allowed - at '/spec/template/spec/volumes/0/ephemeral/volumeClaimTemplate/spec/resources': additional properties 'claims' not allowed | Summary: 1 resource found in 1 file - Valid: 0, Invalid: 1, Errors: 0, Skipped: 0"
apps.v1.DaemonSet47.yaml,Unknown,SCHEMA_ERROR,,,,,,0,0,0,0,0.0,0.0,0.0,288.42,,,,0,0.0,0.0,,"C:\Users\CAOSD\projects\tool-security-rules\..\scriptJsonToUvl\yamls_agrupation\medium\apps.v1.DaemonSet47.yaml - DaemonSet generateNameValue{{ generateName }} is invalid: problem validating schema. Check JSON formatting: jsonschema validation failed with 'https://raw.githubusercontent.com/yannh/kubernetes-json-schema/master/master-standalone-strict/daemonset-apps-v1.json#' - at '/spec/template/spec/resourceClaims/0': additional properties 'source' not allowed | Summary: 1 resource found in 1 file - Valid: 0, Invalid: 1, Errors: 0, Skipped: 0"
apps.v1.DaemonSet48.yaml,Unknown,SCHEMA_ERROR,,,,,,0,0,0,0,0.0,0.0,0.0,294.18,,,,0,0.0,0.0,,"C:\Users\CAOSD\projects\tool-security-rules\..\scriptJsonToUvl\yamls_agrupation\medium\apps.v1.DaemonSet48.yaml - DaemonSet generateNameValue{{ generateName }} is invalid: problem validating schema. Check JSON formatting: jsonschema validation failed with 'https://raw.githubusercontent.com/yannh/kubernetes-json-schema/master/master-standalone-strict/daemonset-apps-v1.json#' - at '/spec/template/spec/resourceClaims/0': additional properties 'source' not allowed | Summary: 1 resource found in 1 file - Valid: 0, Invalid: 1, Errors: 0, Skipped: 0"
apps.v1.DaemonSet49.yaml,Unknown,SCHEMA_ERROR,,,,,,0,0,0,0,0.0,0.0,0.0,290.87,,,,0,0.0,0.0,,"C:\Users\CAOSD\projects\tool-security-rules\..\scriptJsonToUvl\yamls_agrupation\medium\apps.v1.DaemonSet49.yaml - DaemonSet generateNameValue{{ generateName }} is invalid: problem validating schema. Check JSON formatting: jsonschema validation failed with 'https://raw.githubusercontent.com/yannh/kubernetes-json-schema/master/master-standalone-strict/daemonset-apps-v1.json#' - at '/spec/template/spec/resourceClaims/0': additional properties 'source' not allowed | Summary: 1 resource found in 1 file - Valid: 0, Invalid: 1, Errors: 0, Skipped: 0"
apps.v1.DaemonSet5.yaml,DaemonSet,31,16,5,21,33.76,0.0,0,1204,423,294,1,223.03,38495.84,604.22,39100.06,True,False,28,312,83.02,100.0,"{'use_high_gid': 'trivy', 'no_mounted_hostpath': 'trivy', 'kubernetes_no_custom_proc_mask': 'trivy', 'no_host_network': 'trivy', 'no_shared_ipc_namespace': 'trivy', 'kubernetes_no_non_default_capabilities': 'trivy', 'kubernetes_no_host_port_access': 'trivy', 'kubernetes_no_hostprocess_containers': 'trivy', 'kubernetes_no_hostaliases': 'trivy', 'no_auto_mount_service_token': 'trivy', 'kubernetes_no_non_ephemeral_volumes': 'trivy', 'kubernetes_no_self_privesc': 'trivy', 'no_host_pid': 'trivy', 'kubernetes_drop_default_capabilities': 'trivy', 'no_privileged_containers': 'trivy', 'use_high_uid': 'trivy', 'cpuLimitsMissing': 'polaris', 'tagNotSpecified': 'polaris', 'memoryRequestsMissing': 'polaris', 'memoryLimitsMissing': 'polaris', 'cpuRequestsMissing': 'polaris'}","C:\Users\CAOSD\projects\tool-security-rules\resources\evaluation\tmp_remediateds_AST_Complete_V2_medium\rem_apps.v1.DaemonSet5.yaml - DaemonSet generateNameValue{{ generateName }} is invalid: problem validating schema. Check JSON formatting: jsonschema validation failed with 'https://raw.githubusercontent.com/yannh/kubernetes-json-schema/master/master-standalone-strict/daemonset-apps-v1.json#' - at '/spec/template/spec/overhead': got array, want null or object | Summary: 1 resource found in 1 file - Valid: 0, Invalid: 1, Errors: 0, Skipped: 0"
apps.v1.DaemonSet50.yaml,Unknown,SCHEMA_ERROR,,,,,,0,0,0,0,0.0,0.0,0.0,434.08,,,,0,0.0,0.0,,"C:\Users\CAOSD\projects\tool-security-rules\..\scriptJsonToUvl\yamls_agrupation\medium\apps.v1.DaemonSet50.yaml - DaemonSet generateNameValue{{ generateName }} is invalid: problem validating schema. Check JSON formatting: jsonschema validation failed with 'https://raw.githubusercontent.com/yannh/kubernetes-json-schema/master/master-standalone-strict/daemonset-apps-v1.json#' - at '/spec/template/spec/resourceClaims/0': additional properties 'source' not allowed | Summary: 1 resource found in 1 file - Valid: 0, Invalid: 1, Errors: 0, Skipped: 0"
apps.v1.DaemonSet51.yaml,Unknown,SCHEMA_ERROR,,,,,,0,0,0,0,0.0,0.0,0.0,306.94,,,,0,0.0,0.0,,"C:\Users\CAOSD\projects\tool-security-rules\..\scriptJsonToUvl\yamls_agrupation\medium\apps.v1.DaemonSet51.yaml - DaemonSet generateNameValue{{ generateName }} is invalid: problem validating schema. Check JSON formatting: jsonschema validation failed with 'https://raw.githubusercontent.com/yannh/kubernetes-json-schema/master/master-standalone-strict/daemonset-apps-v1.json#' - at '/spec/template/spec/resourceClaims/0': additional properties 'source' not allowed | Summary: 1 resource found in 1 file - Valid: 0, Invalid: 1, Errors: 0, Skipped: 0"
apps.v1.DaemonSet52.yaml,Unknown,SCHEMA_ERROR,,,,,,0,0,0,0,0.0,0.0,0.0,315.95,,,,0,0.0,0.0,,"C:\Users\CAOSD\projects\tool-security-rules\..\scriptJsonToUvl\yamls_agrupation\medium\apps.v1.DaemonSet52.yaml - DaemonSet generateNameValue{{ generateName }} is invalid: problem validating schema. Check JSON formatting: jsonschema validation failed with 'https://raw.githubusercontent.com/yannh/kubernetes-json-schema/master/master-standalone-strict/daemonset-apps-v1.json#' - at '/spec/template/spec/resourceClaims/0': additional properties 'source' not allowed | Summary: 1 resource found in 1 file - Valid: 0, Invalid: 1, Errors: 0, Skipped: 0"
apps.v1.DaemonSet53.yaml,Unknown,SCHEMA_ERROR,,,,,,0,0,0,0,0.0,0.0,0.0,281.19,,,,0,0.0,0.0,,"C:\Users\CAOSD\projects\tool-security-rules\..\scriptJsonToUvl\yamls_agrupation\medium\apps.v1.DaemonSet53.yaml - DaemonSet generateNameValue{{ generateName }} is invalid: problem validating schema. Check JSON formatting: jsonschema validation failed with 'https://raw.githubusercontent.com/yannh/kubernetes-json-schema/master/master-standalone-strict/daemonset-apps-v1.json#' - at '/spec/template/spec/resourceClaims/0': additional properties 'source' not allowed | Summary: 1 resource found in 1 file - Valid: 0, Invalid: 1, Errors: 0, Skipped: 0"
apps.v1.DaemonSet54.yaml,Unknown,SCHEMA_ERROR,,,,,,0,0,0,0,0.0,0.0,0.0,292.84,,,,0,0.0,0.0,,"C:\Users\CAOSD\projects\tool-security-rules\..\scriptJsonToUvl\yamls_agrupation\medium\apps.v1.DaemonSet54.yaml - DaemonSet generateNameValue{{ generateName }} is invalid: problem validating schema. Check JSON formatting: jsonschema validation failed with 'https://raw.githubusercontent.com/yannh/kubernetes-json-schema/master/master-standalone-strict/daemonset-apps-v1.json#' - at '/spec/template/spec/resourceClaims/0': additional properties 'source' not allowed | Summary: 1 resource found in 1 file - Valid: 0, Invalid: 1, Errors: 0, Skipped: 0"
apps.v1.DaemonSet55.yaml,Unknown,SCHEMA_ERROR,,,,,,0,0,0,0,0.0,0.0,0.0,348.61,,,,0,0.0,0.0,,"C:\Users\CAOSD\projects\tool-security-rules\..\scriptJsonToUvl\yamls_agrupation\medium\apps.v1.DaemonSet55.yaml - DaemonSet generateNameValue{{ generateName }} is invalid: problem validating schema. Check JSON formatting: jsonschema validation failed with 'https://raw.githubusercontent.com/yannh/kubernetes-json-schema/master/master-standalone-strict/daemonset-apps-v1.json#' - at '/spec/template/spec/resourceClaims/0': additional properties 'source' not allowed | Summary: 1 resource found in 1 file - Valid: 0, Invalid: 1, Errors: 0, Skipped: 0"
apps.v1.DaemonSet56.yaml,Unknown,SCHEMA_ERROR,,,,,,0,0,0,0,0.0,0.0,0.0,282.42,,,,0,0.0,0.0,,"C:\Users\CAOSD\projects\tool-security-rules\..\scriptJsonToUvl\yamls_agrupation\medium\apps.v1.DaemonSet56.yaml - DaemonSet generateNameValue{{ generateName }} is invalid: problem validating schema. Check JSON formatting: jsonschema validation failed with 'https://raw.githubusercontent.com/yannh/kubernetes-json-schema/master/master-standalone-strict/daemonset-apps-v1.json#' - at '/spec/template/spec/resourceClaims/0': additional properties 'source' not allowed | Summary: 1 resource found in 1 file - Valid: 0, Invalid: 1, Errors: 0, Skipped: 0"
apps.v1.DaemonSet6.yaml,Unknown,SCHEMA_ERROR,,,,,,0,0,0,0,0.0,0.0,0.0,281.65,,,,0,0.0,0.0,,"C:\Users\CAOSD\projects\tool-security-rules\..\scriptJsonToUvl\yamls_agrupation\medium\apps.v1.DaemonSet6.yaml - DaemonSet generateNameValue{{ generateName }} is invalid: problem validating schema. Check JSON formatting: jsonschema validation failed with 'https://raw.githubusercontent.com/yannh/kubernetes-json-schema/master/master-standalone-strict/daemonset-apps-v1.json#' - at '/spec/template/spec/resourceClaims/0': additional properties 'source' not allowed | Summary: 1 resource found in 1 file - Valid: 0, Invalid: 1, Errors: 0, Skipped: 0"
apps.v1.DaemonSet7.yaml,Unknown,SCHEMA_ERROR,,,,,,0,0,0,0,0.0,0.0,0.0,316.86,,,,0,0.0,0.0,,"C:\Users\CAOSD\projects\tool-security-rules\..\scriptJsonToUvl\yamls_agrupation\medium\apps.v1.DaemonSet7.yaml - DaemonSet generateNameValue{{ generateName }} is invalid: problem validating schema. Check JSON formatting: jsonschema validation failed with 'https://raw.githubusercontent.com/yannh/kubernetes-json-schema/master/master-standalone-strict/daemonset-apps-v1.json#' - at '/spec/template/spec/resourceClaims/0': additional properties 'source' not allowed - at '/spec/template/spec/volumes/0/ephemeral/volumeClaimTemplate/spec/resources': additional properties 'claims' not allowed | Summary: 1 resource found in 1 file - Valid: 0, Invalid: 1, Errors: 0, Skipped: 0"
apps.v1.DaemonSet8.yaml,Unknown,SCHEMA_ERROR,,,,,,0,0,0,0,0.0,0.0,0.0,304.54,,,,0,0.0,0.0,,"C:\Users\CAOSD\projects\tool-security-rules\..\scriptJsonToUvl\yamls_agrupation\medium\apps.v1.DaemonSet8.yaml - DaemonSet generateNameValue{{ generateName }} is invalid: problem validating schema. Check JSON formatting: jsonschema validation failed with 'https://raw.githubusercontent.com/yannh/kubernetes-json-schema/master/master-standalone-strict/daemonset-apps-v1.json#' - at '/spec/template/spec/resourceClaims/0': additional properties 'source' not allowed - at '/spec/template/spec/volumes/0/ephemeral/volumeClaimTemplate/spec/resources': additional properties 'claims' not allowed | Summary: 1 resource found in 1 file - Valid: 0, Invalid: 1, Errors: 0, Skipped: 0"
apps.v1.DaemonSet9.yaml,DaemonSet,31,16,5,21,33.76,0.0,0,1209,423,294,1,225.98,40763.79,872.62,41636.41,True,False,28,312,83.1,100.0,"{'use_high_gid': 'trivy', 'no_mounted_hostpath': 'trivy', 'kubernetes_no_custom_proc_mask': 'trivy', 'no_host_network': 'trivy', 'no_shared_ipc_namespace': 'trivy', 'kubernetes_no_non_default_capabilities': 'trivy', 'kubernetes_no_host_port_access': 'trivy', 'kubernetes_no_hostprocess_containers': 'trivy', 'kubernetes_no_hostaliases': 'trivy', 'no_auto_mount_service_token': 'trivy', 'kubernetes_no_non_ephemeral_volumes': 'trivy', 'kubernetes_no_self_privesc': 'trivy', 'no_host_pid': 'trivy', 'kubernetes_drop_default_capabilities': 'trivy', 'no_privileged_containers': 'trivy', 'use_high_uid': 'trivy', 'cpuLimitsMissing': 'polaris', 'tagNotSpecified': 'polaris', 'memoryRequestsMissing': 'polaris', 'memoryLimitsMissing': 'polaris', 'cpuRequestsMissing': 'polaris'}","C:\Users\CAOSD\projects\tool-security-rules\resources\evaluation\tmp_remediateds_AST_Complete_V2_medium\rem_apps.v1.DaemonSet9.yaml - DaemonSet generateNameValue{{ generateName }} is invalid: problem validating schema. Check JSON formatting: jsonschema validation failed with 'https://raw.githubusercontent.com/yannh/kubernetes-json-schema/master/master-standalone-strict/daemonset-apps-v1.json#' - at '/spec/template/spec/overhead': got array, want null or object | Summary: 1 resource found in 1 file - Valid: 0, Invalid: 1, Errors: 0, Skipped: 0"
apps.v1.Deployment.after_roundtrip.yaml,Unknown,SCHEMA_ERROR,,,,,,0,0,0,0,0.0,0.0,0.0,285.79,,,,0,0.0,0.0,,"C:\Users\CAOSD\projects\tool-security-rules\..\scriptJsonToUvl\yamls_agrupation\medium\apps.v1.Deployment.after_roundtrip.yaml - Deployment generateNameValue{{ generateName }} is invalid: problem validating schema. Check JSON formatting: jsonschema validation failed with 'https://raw.githubusercontent.com/yannh/kubernetes-json-schema/master/master-standalone-strict/deployment-apps-v1.json#' - at '/spec/template/spec/resourceClaims/0': additional properties 'source' not allowed | Summary: 1 resource found in 1 file - Valid: 0, Invalid: 1, Errors: 0, Skipped: 0"
apps.v1.Deployment.after_roundtrip1.yaml,Unknown,SCHEMA_ERROR,,,,,,0,0,0,0,0.0,0.0,0.0,302.8,,,,0,0.0,0.0,,"C:\Users\CAOSD\projects\tool-security-rules\..\scriptJsonToUvl\yamls_agrupation\medium\apps.v1.Deployment.after_roundtrip1.yaml - Deployment generateNameValue{{ generateName }} is invalid: problem validating schema. Check JSON formatting: jsonschema validation failed with 'https://raw.githubusercontent.com/yannh/kubernetes-json-schema/master/master-standalone-strict/deployment-apps-v1.json#' - at '/spec/template/spec/resourceClaims/0': additional properties 'source' not allowed | Summary: 1 resource found in 1 file - Valid: 0, Invalid: 1, Errors: 0, Skipped: 0"
apps.v1.Deployment.after_roundtrip10.yaml,Unknown,SCHEMA_ERROR,,,,,,0,0,0,0,0.0,0.0,0.0,271.61,,,,0,0.0,0.0,,"C:\Users\CAOSD\projects\tool-security-rules\..\scriptJsonToUvl\yamls_agrupation\medium\apps.v1.Deployment.after_roundtrip10.yaml - Deployment 3{{ generateName }} is invalid: problem validating schema. Check JSON formatting: jsonschema validation failed with 'https://raw.githubusercontent.com/yannh/kubernetes-json-schema/master/master-standalone-strict/deployment-apps-v1.json#' - at '/metadata': additional properties 'clusterName' not allowed - at '/spec/template': validation failed   - at '/spec/template/metadata': additional properties 'clusterName' not allowed   - at '/spec/template/spec/volumes/0/ephemeral/volumeClaimTemplate/metadata': additional properties 'clusterName' not allowed | Summary: 1 resource found in 1 file - Valid: 0, Invalid: 1, Errors: 0, Skipped: 0"
apps.v1.Deployment.after_roundtrip11.yaml,Unknown,SCHEMA_ERROR,,,,,,0,0,0,0,0.0,0.0,0.0,386.73,,,,0,0.0,0.0,,"C:\Users\CAOSD\projects\tool-security-rules\..\scriptJsonToUvl\yamls_agrupation\medium\apps.v1.Deployment.after_roundtrip11.yaml - Deployment 3{{ generateName }} is invalid: problem validating schema. Check JSON formatting: jsonschema validation failed with 'https://raw.githubusercontent.com/yannh/kubernetes-json-schema/master/master-standalone-strict/deployment-apps-v1.json#' - at '/metadata': additional properties 'clusterName' not allowed - at '/spec/template': validation failed   - at '/spec/template/metadata': additional properties 'clusterName' not allowed   - at '/spec/template/spec/volumes/0/ephemeral/volumeClaimTemplate/metadata': additional properties 'clusterName' not allowed | Summary: 1 resource found in 1 file - Valid: 0, Invalid: 1, Errors: 0, Skipped: 0"
apps.v1.Deployment.after_roundtrip12.yaml,Unknown,SCHEMA_ERROR,,,,,,0,0,0,0,0.0,0.0,0.0,447.73,,,,0,0.0,0.0,,"C:\Users\CAOSD\projects\tool-security-rules\..\scriptJsonToUvl\yamls_agrupation\medium\apps.v1.Deployment.after_roundtrip12.yaml - Deployment generateNameValue{{ generateName }} is invalid: problem validating schema. Check JSON formatting: jsonschema validation failed with 'https://raw.githubusercontent.com/yannh/kubernetes-json-schema/master/master-standalone-strict/deployment-apps-v1.json#' - at '/spec/template/spec/resourceClaims/0': additional properties 'source' not allowed | Summary: 1 resource found in 1 file - Valid: 0, Invalid: 1, Errors: 0, Skipped: 0"
apps.v1.Deployment.after_roundtrip13.yaml,Unknown,SCHEMA_ERROR,,,,,,0,0,0,0,0.0,0.0,0.0,297.68,,,,0,0.0,0.0,,"C:\Users\CAOSD\projects\tool-security-rules\..\scriptJsonToUvl\yamls_agrupation\medium\apps.v1.Deployment.after_roundtrip13.yaml - Deployment generateNameValue{{ generateName }} is invalid: problem validating schema. Check JSON formatting: jsonschema validation failed with 'https://raw.githubusercontent.com/yannh/kubernetes-json-schema/master/master-standalone-strict/deployment-apps-v1.json#' - at '/spec/template/spec/resourceClaims/0': additional properties 'source' not allowed | Summary: 1 resource found in 1 file - Valid: 0, Invalid: 1, Errors: 0, Skipped: 0"
apps.v1.Deployment.after_roundtrip2.yaml,Unknown,SCHEMA_ERROR,,,,,,0,0,0,0,0.0,0.0,0.0,313.43,,,,0,0.0,0.0,,"C:\Users\CAOSD\projects\tool-security-rules\..\scriptJsonToUvl\yamls_agrupation\medium\apps.v1.Deployment.after_roundtrip2.yaml - Deployment generateNameValue{{ generateName }} is invalid: problem validating schema. Check JSON formatting: jsonschema validation failed with 'https://raw.githubusercontent.com/yannh/kubernetes-json-schema/master/master-standalone-strict/deployment-apps-v1.json#' - at '/spec/template/spec/resourceClaims/0': additional properties 'source' not allowed | Summary: 1 resource found in 1 file - Valid: 0, Invalid: 1, Errors: 0, Skipped: 0"
apps.v1.Deployment.after_roundtrip3.yaml,Unknown,SCHEMA_ERROR,,,,,,0,0,0,0,0.0,0.0,0.0,500.07,,,,0,0.0,0.0,,"C:\Users\CAOSD\projects\tool-security-rules\..\scriptJsonToUvl\yamls_agrupation\medium\apps.v1.Deployment.after_roundtrip3.yaml - Deployment generateNameValue{{ generateName }} is invalid: problem validating schema. Check JSON formatting: jsonschema validation failed with 'https://raw.githubusercontent.com/yannh/kubernetes-json-schema/master/master-standalone-strict/deployment-apps-v1.json#' - at '/spec/template/spec/resourceClaims/0': additional properties 'source' not allowed | Summary: 1 resource found in 1 file - Valid: 0, Invalid: 1, Errors: 0, Skipped: 0"
apps.v1.Deployment.after_roundtrip5.yaml,Unknown,SCHEMA_ERROR,,,,,,0,0,0,0,0.0,0.0,0.0,278.71,,,,0,0.0,0.0,,"C:\Users\CAOSD\projects\tool-security-rules\..\scriptJsonToUvl\yamls_agrupation\medium\apps.v1.Deployment.after_roundtrip5.yaml - Deployment generateNameValue{{ generateName }} is invalid: problem validating schema. Check JSON formatting: jsonschema validation failed with 'https://raw.githubusercontent.com/yannh/kubernetes-json-schema/master/master-standalone-strict/deployment-apps-v1.json#' - at '/spec/template/spec/resourceClaims/0': additional properties 'source' not allowed | Summary: 1 resource found in 1 file - Valid: 0, Invalid: 1, Errors: 0, Skipped: 0"
apps.v1.Deployment.after_roundtrip6.yaml,Unknown,SCHEMA_ERROR,,,,,,0,0,0,0,0.0,0.0,0.0,338.08,,,,0,0.0,0.0,,"C:\Users\CAOSD\projects\tool-security-rules\..\scriptJsonToUvl\yamls_agrupation\medium\apps.v1.Deployment.after_roundtrip6.yaml - Deployment generateNameValue{{ generateName }} is invalid: problem validating schema. Check JSON formatting: jsonschema validation failed with 'https://raw.githubusercontent.com/yannh/kubernetes-json-schema/master/master-standalone-strict/deployment-apps-v1.json#' - at '/spec/template/spec/resourceClaims/0': additional properties 'source' not allowed | Summary: 1 resource found in 1 file - Valid: 0, Invalid: 1, Errors: 0, Skipped: 0"
apps.v1.Deployment.after_roundtrip8.yaml,Unknown,SCHEMA_ERROR,,,,,,0,0,0,0,0.0,0.0,0.0,278.95,,,,0,0.0,0.0,,"C:\Users\CAOSD\projects\tool-security-rules\..\scriptJsonToUvl\yamls_agrupation\medium\apps.v1.Deployment.after_roundtrip8.yaml - Deployment generateNameValue{{ generateName }} is invalid: problem validating schema. Check JSON formatting: jsonschema validation failed with 'https://raw.githubusercontent.com/yannh/kubernetes-json-schema/master/master-standalone-strict/deployment-apps-v1.json#' - at '/spec/template/spec/resourceClaims/0': additional properties 'source' not allowed | Summary: 1 resource found in 1 file - Valid: 0, Invalid: 1, Errors: 0, Skipped: 0"
apps.v1.Deployment.after_roundtrip9.yaml,Unknown,SCHEMA_ERROR,,,,,,0,0,0,0,0.0,0.0,0.0,338.31,,,,0,0.0,0.0,,"C:\Users\CAOSD\projects\tool-security-rules\..\scriptJsonToUvl\yamls_agrupation\medium\apps.v1.Deployment.after_roundtrip9.yaml - Deployment generateNameValue{{ generateName }} is invalid: problem validating schema. Check JSON formatting: jsonschema validation failed with 'https://raw.githubusercontent.com/yannh/kubernetes-json-schema/master/master-standalone-strict/deployment-apps-v1.json#' - at '/spec/template/spec/resourceClaims/0': additional properties 'source' not allowed | Summary: 1 resource found in 1 file - Valid: 0, Invalid: 1, Errors: 0, Skipped: 0"
apps.v1.Deployment.yaml,Unknown,SCHEMA_ERROR,,,,,,0,0,0,0,0.0,0.0,0.0,329.94,,,,0,0.0,0.0,,"C:\Users\CAOSD\projects\tool-security-rules\..\scriptJsonToUvl\yamls_agrupation\medium\apps.v1.Deployment.yaml - Deployment generateNameValue{{ generateName }} is invalid: problem validating schema. Check JSON formatting: jsonschema validation failed with 'https://raw.githubusercontent.com/yannh/kubernetes-json-schema/master/master-standalone-strict/deployment-apps-v1.json#' - at '/spec/template/spec/resourceClaims/0': additional properties 'source' not allowed | Summary: 1 resource found in 1 file - Valid: 0, Invalid: 1, Errors: 0, Skipped: 0"
apps.v1.Deployment1.yaml,Unknown,SCHEMA_ERROR,,,,,,0,0,0,0,0.0,0.0,0.0,401.08,,,,0,0.0,0.0,,"C:\Users\CAOSD\projects\tool-security-rules\..\scriptJsonToUvl\yamls_agrupation\medium\apps.v1.Deployment1.yaml - Deployment generateNameValue{{ generateName }} is invalid: problem validating schema. Check JSON formatting: jsonschema validation failed with 'https://raw.githubusercontent.com/yannh/kubernetes-json-schema/master/master-standalone-strict/deployment-apps-v1.json#' - at '/spec/template/spec/volumes/0/ephemeral/volumeClaimTemplate/spec/resources': additional properties 'claims' not allowed - at '/spec/template/spec/resourceClaims/0': additional properties 'source' not allowed | Summary: 1 resource found in 1 file - Valid: 0, Invalid: 1, Errors: 0, Skipped: 0"
apps.v1.Deployment11.yaml,Deployment,31,17,5,22,30.77,0.0,0,1206,422,296,1,21906.97,60018.38,592.18,60610.56,True,False,29,313,82.95,100.0,"{'use_high_gid': 'trivy', 'no_mounted_hostpath': 'trivy', 'kubernetes_no_custom_proc_mask': 'trivy', 'no_host_network': 'trivy', 'no_shared_ipc_namespace': 'trivy', 'kubernetes_no_non_default_capabilities': 'trivy', 'kubernetes_no_host_port_access': 'trivy', 'kubernetes_no_hostprocess_containers': 'trivy', 'Require_Multiple_Replicas': 'kyverno', 'kubernetes_no_hostaliases': 'trivy', 'no_auto_mount_service_token': 'trivy', 'kubernetes_no_non_ephemeral_volumes': 'trivy', 'kubernetes_no_self_privesc': 'trivy', 'no_host_pid': 'trivy', 'kubernetes_drop_default_capabilities': 'trivy', 'no_privileged_containers': 'trivy', 'use_high_uid': 'trivy', 'cpuLimitsMissing': 'polaris', 'tagNotSpecified': 'polaris', 'memoryRequestsMissing': 'polaris', 'memoryLimitsMissing': 'polaris', 'cpuRequestsMissing': 'polaris'}","C:\Users\CAOSD\projects\tool-security-rules\resources\evaluation\tmp_remediateds_AST_Complete_V2_medium\rem_apps.v1.Deployment11.yaml - Deployment generateNameValue{{ generateName }} is invalid: problem validating schema. Check JSON formatting: jsonschema validation failed with 'https://raw.githubusercontent.com/yannh/kubernetes-json-schema/master/master-standalone-strict/deployment-apps-v1.json#' - at '/spec/template/spec/overhead': got array, want null or object | Summary: 1 resource found in 1 file - Valid: 0, Invalid: 1, Errors: 0, Skipped: 0"
apps.v1.Deployment12.yaml,Unknown,SCHEMA_ERROR,,,,,,0,0,0,0,0.0,0.0,0.0,372.96,,,,0,0.0,0.0,,"C:\Users\CAOSD\projects\tool-security-rules\..\scriptJsonToUvl\yamls_agrupation\medium\apps.v1.Deployment12.yaml - Deployment 3{{ generateName }} is invalid: problem validating schema. Check JSON formatting: jsonschema validation failed with 'https://raw.githubusercontent.com/yannh/kubernetes-json-schema/master/master-standalone-strict/deployment-apps-v1.json#' - at '/metadata': additional properties 'clusterName' not allowed - at '/spec/template/metadata': additional properties 'clusterName' not allowed | Summary: 1 resource found in 1 file - Valid: 0, Invalid: 1, Errors: 0, Skipped: 0"
apps.v1.Deployment14.yaml,Unknown,SCHEMA_ERROR,,,,,,0,0,0,0,0.0,0.0,0.0,285.26,,,,0,0.0,0.0,,"C:\Users\CAOSD\projects\tool-security-rules\..\scriptJsonToUvl\yamls_agrupation\medium\apps.v1.Deployment14.yaml - Deployment 3{{ generateName }} is invalid: problem validating schema. Check JSON formatting: jsonschema validation failed with 'https://raw.githubusercontent.com/yannh/kubernetes-json-schema/master/master-standalone-strict/deployment-apps-v1.json#' - at '/metadata': additional properties 'clusterName' not allowed - at '/spec/template/metadata': additional properties 'clusterName' not allowed | Summary: 1 resource found in 1 file - Valid: 0, Invalid: 1, Errors: 0, Skipped: 0"
apps.v1.Deployment15.yaml,Unknown,SCHEMA_ERROR,,,,,,0,0,0,0,0.0,0.0,0.0,297.97,,,,0,0.0,0.0,,"C:\Users\CAOSD\projects\tool-security-rules\..\scriptJsonToUvl\yamls_agrupation\medium\apps.v1.Deployment15.yaml - Deployment generateNameValue{{ generateName }} is invalid: problem validating schema. Check JSON formatting: jsonschema validation failed with 'https://raw.githubusercontent.com/yannh/kubernetes-json-schema/master/master-standalone-strict/deployment-apps-v1.json#' - at '/metadata': additional properties 'clusterName' not allowed - at '/spec/template': validation failed   - at '/spec/template/metadata': additional properties 'clusterName' not allowed   - at '/spec/template/spec/volumes/0/ephemeral/volumeClaimTemplate/metadata': additional properties 'clusterName' not allowed | Summary: 1 resource found in 1 file - Valid: 0, Invalid: 1, Errors: 0, Skipped: 0"
apps.v1.Deployment16.yaml,Unknown,SCHEMA_ERROR,,,,,,0,0,0,0,0.0,0.0,0.0,308.78,,,,0,0.0,0.0,,"C:\Users\CAOSD\projects\tool-security-rules\..\scriptJsonToUvl\yamls_agrupation\medium\apps.v1.Deployment16.yaml - Deployment 3{{ generateName }} is invalid: problem validating schema. Check JSON formatting: jsonschema validation failed with 'https://raw.githubusercontent.com/yannh/kubernetes-json-schema/master/master-standalone-strict/deployment-apps-v1.json#' - at '/metadata': additional properties 'clusterName' not allowed - at '/spec/template': validation failed   - at '/spec/template/metadata': additional properties 'clusterName' not allowed   - at '/spec/template/spec/volumes/0/ephemeral/volumeClaimTemplate/metadata': additional properties 'clusterName' not allowed | Summary: 1 resource found in 1 file - Valid: 0, Invalid: 1, Errors: 0, Skipped: 0"
apps.v1.Deployment17.yaml,Unknown,SCHEMA_ERROR,,,,,,0,0,0,0,0.0,0.0,0.0,315.62,,,,0,0.0,0.0,,"C:\Users\CAOSD\projects\tool-security-rules\..\scriptJsonToUvl\yamls_agrupation\medium\apps.v1.Deployment17.yaml - Deployment 3{{ generateName }} is invalid: problem validating schema. Check JSON formatting: jsonschema validation failed with 'https://raw.githubusercontent.com/yannh/kubernetes-json-schema/master/master-standalone-strict/deployment-apps-v1.json#' - at '/metadata': additional properties 'clusterName' not allowed - at '/spec/template': validation failed   - at '/spec/template/metadata': additional properties 'clusterName' not allowed   - at '/spec/template/spec/volumes/0/ephemeral/volumeClaimTemplate/metadata': additional properties 'clusterName' not allowed | Summary: 1 resource found in 1 file - Valid: 0, Invalid: 1, Errors: 0, Skipped: 0"
apps.v1.Deployment18.yaml,Unknown,SCHEMA_ERROR,,,,,,0,0,0,0,0.0,0.0,0.0,285.14,,,,0,0.0,0.0,,"C:\Users\CAOSD\projects\tool-security-rules\..\scriptJsonToUvl\yamls_agrupation\medium\apps.v1.Deployment18.yaml - Deployment generateNameValue{{ generateName }} is invalid: problem validating schema. Check JSON formatting: jsonschema validation failed with 'https://raw.githubusercontent.com/yannh/kubernetes-json-schema/master/master-standalone-strict/deployment-apps-v1.json#' - at '/spec/template/spec/resourceClaims/0': additional properties 'source' not allowed | Summary: 1 resource found in 1 file - Valid: 0, Invalid: 1, Errors: 0, Skipped: 0"
apps.v1.Deployment19.yaml,Unknown,SCHEMA_ERROR,,,,,,0,0,0,0,0.0,0.0,0.0,309.67,,,,0,0.0,0.0,,"C:\Users\CAOSD\projects\tool-security-rules\..\scriptJsonToUvl\yamls_agrupation\medium\apps.v1.Deployment19.yaml - Deployment generateNameValue{{ generateName }} is invalid: problem validating schema. Check JSON formatting: jsonschema validation failed with 'https://raw.githubusercontent.com/yannh/kubernetes-json-schema/master/master-standalone-strict/deployment-apps-v1.json#' - at '/spec/template/spec/resourceClaims/0': additional properties 'source' not allowed - at '/spec/template/spec/volumes/0/ephemeral/volumeClaimTemplate/spec/resources': additional properties 'claims' not allowed | Summary: 1 resource found in 1 file - Valid: 0, Invalid: 1, Errors: 0, Skipped: 0"
apps.v1.Deployment2.yaml,Unknown,SCHEMA_ERROR,,,,,,0,0,0,0,0.0,0.0,0.0,283.51,,,,0,0.0,0.0,,"C:\Users\CAOSD\projects\tool-security-rules\..\scriptJsonToUvl\yamls_agrupation\medium\apps.v1.Deployment2.yaml - Deployment generateNameValue{{ generateName }} is invalid: problem validating schema. Check JSON formatting: jsonschema validation failed with 'https://raw.githubusercontent.com/yannh/kubernetes-json-schema/master/master-standalone-strict/deployment-apps-v1.json#' - at '/spec/template/spec/volumes/0/ephemeral/volumeClaimTemplate/spec/resources': additional properties 'claims' not allowed - at '/spec/template/spec/resourceClaims/0': additional properties 'source' not allowed | Summary: 1 resource found in 1 file - Valid: 0, Invalid: 1, Errors: 0, Skipped: 0"
apps.v1.Deployment20.yaml,Unknown,SCHEMA_ERROR,,,,,,0,0,0,0,0.0,0.0,0.0,278.73,,,,0,0.0,0.0,,"C:\Users\CAOSD\projects\tool-security-rules\..\scriptJsonToUvl\yamls_agrupation\medium\apps.v1.Deployment20.yaml - Deployment generateNameValue{{ generateName }} is invalid: problem validating schema. Check JSON formatting: jsonschema validation failed with 'https://raw.githubusercontent.com/yannh/kubernetes-json-schema/master/master-standalone-strict/deployment-apps-v1.json#' - at '/spec/template/spec/resourceClaims/0': additional properties 'source' not allowed | Summary: 1 resource found in 1 file - Valid: 0, Invalid: 1, Errors: 0, Skipped: 0"
apps.v1.Deployment21.yaml,Unknown,SCHEMA_ERROR,,,,,,0,0,0,0,0.0,0.0,0.0,304.51,,,,0,0.0,0.0,,"C:\Users\CAOSD\projects\tool-security-rules\..\scriptJsonToUvl\yamls_agrupation\medium\apps.v1.Deployment21.yaml - Deployment generateNameValue{{ generateName }} is invalid: problem validating schema. Check JSON formatting: jsonschema validation failed with 'https://raw.githubusercontent.com/yannh/kubernetes-json-schema/master/master-standalone-strict/deployment-apps-v1.json#' - at '/spec/template/spec/resourceClaims/0': additional properties 'source' not allowed | Summary: 1 resource found in 1 file - Valid: 0, Invalid: 1, Errors: 0, Skipped: 0"
apps.v1.Deployment22.yaml,Unknown,SCHEMA_ERROR,,,,,,0,0,0,0,0.0,0.0,0.0,299.33,,,,0,0.0,0.0,,"C:\Users\CAOSD\projects\tool-security-rules\..\scriptJsonToUvl\yamls_agrupation\medium\apps.v1.Deployment22.yaml - Deployment generateNameValue{{ generateName }} is invalid: problem validating schema. Check JSON formatting: jsonschema validation failed with 'https://raw.githubusercontent.com/yannh/kubernetes-json-schema/master/master-standalone-strict/deployment-apps-v1.json#' - at '/spec/template/spec/resourceClaims/0': additional properties 'source' not allowed - at '/spec/template/spec/volumes/0/ephemeral/volumeClaimTemplate/spec/resources': additional properties 'claims' not allowed | Summary: 1 resource found in 1 file - Valid: 0, Invalid: 1, Errors: 0, Skipped: 0"
apps.v1.Deployment23.yaml,Unknown,SCHEMA_ERROR,,,,,,0,0,0,0,0.0,0.0,0.0,312.03,,,,0,0.0,0.0,,"C:\Users\CAOSD\projects\tool-security-rules\..\scriptJsonToUvl\yamls_agrupation\medium\apps.v1.Deployment23.yaml - Deployment generateNameValue{{ generateName }} is invalid: problem validating schema. Check JSON formatting: jsonschema validation failed with 'https://raw.githubusercontent.com/yannh/kubernetes-json-schema/master/master-standalone-strict/deployment-apps-v1.json#' - at '/spec/template/spec/resourceClaims/0': additional properties 'source' not allowed | Summary: 1 resource found in 1 file - Valid: 0, Invalid: 1, Errors: 0, Skipped: 0"
apps.v1.Deployment24.yaml,Unknown,SCHEMA_ERROR,,,,,,0,0,0,0,0.0,0.0,0.0,279.21,,,,0,0.0,0.0,,"C:\Users\CAOSD\projects\tool-security-rules\..\scriptJsonToUvl\yamls_agrupation\medium\apps.v1.Deployment24.yaml - Deployment 3{{ generateName }} is invalid: problem validating schema. Check JSON formatting: jsonschema validation failed with 'https://raw.githubusercontent.com/yannh/kubernetes-json-schema/master/master-standalone-strict/deployment-apps-v1.json#' - at '/metadata': additional properties 'clusterName' not allowed - at '/spec/template/metadata': additional properties 'clusterName' not allowed | Summary: 1 resource found in 1 file - Valid: 0, Invalid: 1, Errors: 0, Skipped: 0"
apps.v1.Deployment26.yaml,Unknown,SCHEMA_ERROR,,,,,,0,0,0,0,0.0,0.0,0.0,400.89,,,,0,0.0,0.0,,"C:\Users\CAOSD\projects\tool-security-rules\..\scriptJsonToUvl\yamls_agrupation\medium\apps.v1.Deployment26.yaml - Deployment 3{{ generateName }} is invalid: problem validating schema. Check JSON formatting: jsonschema validation failed with 'https://raw.githubusercontent.com/yannh/kubernetes-json-schema/master/master-standalone-strict/deployment-apps-v1.json#' - at '/metadata': additional properties 'clusterName' not allowed - at '/spec/template/metadata': additional properties 'clusterName' not allowed | Summary: 1 resource found in 1 file - Valid: 0, Invalid: 1, Errors: 0, Skipped: 0"
apps.v1.Deployment27.yaml,Unknown,SCHEMA_ERROR,,,,,,0,0,0,0,0.0,0.0,0.0,298.75,,,,0,0.0,0.0,,"C:\Users\CAOSD\projects\tool-security-rules\..\scriptJsonToUvl\yamls_agrupation\medium\apps.v1.Deployment27.yaml - Deployment generateNameValue{{ generateName }} is invalid: problem validating schema. Check JSON formatting: jsonschema validation failed with 'https://raw.githubusercontent.com/yannh/kubernetes-json-schema/master/master-standalone-strict/deployment-apps-v1.json#' - at '/metadata': additional properties 'clusterName' not allowed - at '/spec/template': validation failed   - at '/spec/template/metadata': additional properties 'clusterName' not allowed   - at '/spec/template/spec/volumes/0/ephemeral/volumeClaimTemplate/metadata': additional properties 'clusterName' not allowed | Summary: 1 resource found in 1 file - Valid: 0, Invalid: 1, Errors: 0, Skipped: 0"
apps.v1.Deployment28.yaml,Unknown,SCHEMA_ERROR,,,,,,0,0,0,0,0.0,0.0,0.0,308.33,,,,0,0.0,0.0,,"C:\Users\CAOSD\projects\tool-security-rules\..\scriptJsonToUvl\yamls_agrupation\medium\apps.v1.Deployment28.yaml - Deployment 3{{ generateName }} is invalid: problem validating schema. Check JSON formatting: jsonschema validation failed with 'https://raw.githubusercontent.com/yannh/kubernetes-json-schema/master/master-standalone-strict/deployment-apps-v1.json#' - at '/metadata': additional properties 'clusterName' not allowed - at '/spec/template': validation failed   - at '/spec/template/metadata': additional properties 'clusterName' not allowed   - at '/spec/template/spec/volumes/0/ephemeral/volumeClaimTemplate/metadata': additional properties 'clusterName' not allowed | Summary: 1 resource found in 1 file - Valid: 0, Invalid: 1, Errors: 0, Skipped: 0"
apps.v1.Deployment29.yaml,Unknown,SCHEMA_ERROR,,,,,,0,0,0,0,0.0,0.0,0.0,288.66,,,,0,0.0,0.0,,"C:\Users\CAOSD\projects\tool-security-rules\..\scriptJsonToUvl\yamls_agrupation\medium\apps.v1.Deployment29.yaml - Deployment 3{{ generateName }} is invalid: problem validating schema. Check JSON formatting: jsonschema validation failed with 'https://raw.githubusercontent.com/yannh/kubernetes-json-schema/master/master-standalone-strict/deployment-apps-v1.json#' - at '/metadata': additional properties 'clusterName' not allowed - at '/spec/template': validation failed   - at '/spec/template/metadata': additional properties 'clusterName' not allowed   - at '/spec/template/spec/volumes/0/ephemeral/volumeClaimTemplate/metadata': additional properties 'clusterName' not allowed | Summary: 1 resource found in 1 file - Valid: 0, Invalid: 1, Errors: 0, Skipped: 0"
apps.v1.Deployment3.yaml,Deployment,31,17,5,22,30.77,0.0,0,1211,422,296,1,321.26,38741.62,597.72,39339.34,True,False,29,313,83.04,100.0,"{'use_high_gid': 'trivy', 'no_mounted_hostpath': 'trivy', 'kubernetes_no_custom_proc_mask': 'trivy', 'no_host_network': 'trivy', 'no_shared_ipc_namespace': 'trivy', 'kubernetes_no_non_default_capabilities': 'trivy', 'kubernetes_no_host_port_access': 'trivy', 'kubernetes_no_hostprocess_containers': 'trivy', 'Require_Multiple_Replicas': 'kyverno', 'kubernetes_no_hostaliases': 'trivy', 'no_auto_mount_service_token': 'trivy', 'kubernetes_no_non_ephemeral_volumes': 'trivy', 'kubernetes_no_self_privesc': 'trivy', 'no_host_pid': 'trivy', 'kubernetes_drop_default_capabilities': 'trivy', 'no_privileged_containers': 'trivy', 'use_high_uid': 'trivy', 'cpuLimitsMissing': 'polaris', 'tagNotSpecified': 'polaris', 'memoryRequestsMissing': 'polaris', 'memoryLimitsMissing': 'polaris', 'cpuRequestsMissing': 'polaris'}","C:\Users\CAOSD\projects\tool-security-rules\resources\evaluation\tmp_remediateds_AST_Complete_V2_medium\rem_apps.v1.Deployment3.yaml - Deployment generateNameValue{{ generateName }} is invalid: problem validating schema. Check JSON formatting: jsonschema validation failed with 'https://raw.githubusercontent.com/yannh/kubernetes-json-schema/master/master-standalone-strict/deployment-apps-v1.json#' - at '/spec/template/spec/overhead': got array, want null or object | Summary: 1 resource found in 1 file - Valid: 0, Invalid: 1, Errors: 0, Skipped: 0"
apps.v1.Deployment30.yaml,Unknown,SCHEMA_ERROR,,,,,,0,0,0,0,0.0,0.0,0.0,321.04,,,,0,0.0,0.0,,"C:\Users\CAOSD\projects\tool-security-rules\..\scriptJsonToUvl\yamls_agrupation\medium\apps.v1.Deployment30.yaml - Deployment generateNameValue{{ generateName }} is invalid: problem validating schema. Check JSON formatting: jsonschema validation failed with 'https://raw.githubusercontent.com/yannh/kubernetes-json-schema/master/master-standalone-strict/deployment-apps-v1.json#' - at '/spec/template/spec/resourceClaims/0': additional properties 'source' not allowed | Summary: 1 resource found in 1 file - Valid: 0, Invalid: 1, Errors: 0, Skipped: 0"
apps.v1.Deployment31.yaml,Unknown,SCHEMA_ERROR,,,,,,0,0,0,0,0.0,0.0,0.0,276.77,,,,0,0.0,0.0,,"C:\Users\CAOSD\projects\tool-security-rules\..\scriptJsonToUvl\yamls_agrupation\medium\apps.v1.Deployment31.yaml - Deployment generateNameValue{{ generateName }} is invalid: problem validating schema. Check JSON formatting: jsonschema validation failed with 'https://raw.githubusercontent.com/yannh/kubernetes-json-schema/master/master-standalone-strict/deployment-apps-v1.json#' - at '/spec/template/spec/volumes/0/ephemeral/volumeClaimTemplate/spec/resources': additional properties 'claims' not allowed - at '/spec/template/spec/resourceClaims/0': additional properties 'source' not allowed | Summary: 1 resource found in 1 file - Valid: 0, Invalid: 1, Errors: 0, Skipped: 0"
apps.v1.Deployment32.yaml,Unknown,SCHEMA_ERROR,,,,,,0,0,0,0,0.0,0.0,0.0,288.83,,,,0,0.0,0.0,,"C:\Users\CAOSD\projects\tool-security-rules\..\scriptJsonToUvl\yamls_agrupation\medium\apps.v1.Deployment32.yaml - Deployment generateNameValue{{ generateName }} is invalid: problem validating schema. Check JSON formatting: jsonschema validation failed with 'https://raw.githubusercontent.com/yannh/kubernetes-json-schema/master/master-standalone-strict/deployment-apps-v1.json#' - at '/spec/template/spec/resourceClaims/0': additional properties 'source' not allowed | Summary: 1 resource found in 1 file - Valid: 0, Invalid: 1, Errors: 0, Skipped: 0"
apps.v1.Deployment33.yaml,Unknown,SCHEMA_ERROR,,,,,,0,0,0,0,0.0,0.0,0.0,298.09,,,,0,0.0,0.0,,"C:\Users\CAOSD\projects\tool-security-rules\..\scriptJsonToUvl\yamls_agrupation\medium\apps.v1.Deployment33.yaml - Deployment generateNameValue{{ generateName }} is invalid: problem validating schema. Check JSON formatting: jsonschema validation failed with 'https://raw.githubusercontent.com/yannh/kubernetes-json-schema/master/master-standalone-strict/deployment-apps-v1.json#' - at '/spec/template/spec/resourceClaims/0': additional properties 'source' not allowed | Summary: 1 resource found in 1 file - Valid: 0, Invalid: 1, Errors: 0, Skipped: 0"
apps.v1.Deployment34.yaml,Unknown,SCHEMA_ERROR,,,,,,0,0,0,0,0.0,0.0,0.0,350.34,,,,0,0.0,0.0,,"C:\Users\CAOSD\projects\tool-security-rules\..\scriptJsonToUvl\yamls_agrupation\medium\apps.v1.Deployment34.yaml - Deployment generateNameValue{{ generateName }} is invalid: problem validating schema. Check JSON formatting: jsonschema validation failed with 'https://raw.githubusercontent.com/yannh/kubernetes-json-schema/master/master-standalone-strict/deployment-apps-v1.json#' - at '/spec/template/spec/volumes/0/ephemeral/volumeClaimTemplate/spec/resources': additional properties 'claims' not allowed - at '/spec/template/spec/resourceClaims/0': additional properties 'source' not allowed | Summary: 1 resource found in 1 file - Valid: 0, Invalid: 1, Errors: 0, Skipped: 0"
apps.v1.Deployment35.yaml,Unknown,SCHEMA_ERROR,,,,,,0,0,0,0,0.0,0.0,0.0,290.48,,,,0,0.0,0.0,,"C:\Users\CAOSD\projects\tool-security-rules\..\scriptJsonToUvl\yamls_agrupation\medium\apps.v1.Deployment35.yaml - Deployment generateNameValue{{ generateName }} is invalid: problem validating schema. Check JSON formatting: jsonschema validation failed with 'https://raw.githubusercontent.com/yannh/kubernetes-json-schema/master/master-standalone-strict/deployment-apps-v1.json#' - at '/spec/template/spec/resourceClaims/0': additional properties 'source' not allowed | Summary: 1 resource found in 1 file - Valid: 0, Invalid: 1, Errors: 0, Skipped: 0"
apps.v1.Deployment39.yaml,Unknown,SCHEMA_ERROR,,,,,,0,0,0,0,0.0,0.0,0.0,261.47,,,,0,0.0,0.0,,"C:\Users\CAOSD\projects\tool-security-rules\..\scriptJsonToUvl\yamls_agrupation\medium\apps.v1.Deployment39.yaml - Deployment 3{{ generateName }} is invalid: problem validating schema. Check JSON formatting: jsonschema validation failed with 'https://raw.githubusercontent.com/yannh/kubernetes-json-schema/master/master-standalone-strict/deployment-apps-v1.json#' - at '/spec/template': validation failed   - at '/spec/template/metadata': additional properties 'clusterName' not allowed   - at '/spec/template/spec/volumes/0/ephemeral/volumeClaimTemplate/metadata': additional properties 'clusterName' not allowed - at '/metadata': additional properties 'clusterName' not allowed | Summary: 1 resource found in 1 file - Valid: 0, Invalid: 1, Errors: 0, Skipped: 0"
apps.v1.Deployment40.yaml,Unknown,SCHEMA_ERROR,,,,,,0,0,0,0,0.0,0.0,0.0,330.84,,,,0,0.0,0.0,,"C:\Users\CAOSD\projects\tool-security-rules\..\scriptJsonToUvl\yamls_agrupation\medium\apps.v1.Deployment40.yaml - Deployment 3{{ generateName }} is invalid: problem validating schema. Check JSON formatting: jsonschema validation failed with 'https://raw.githubusercontent.com/yannh/kubernetes-json-schema/master/master-standalone-strict/deployment-apps-v1.json#' - at '/metadata': additional properties 'clusterName' not allowed - at '/spec/template': validation failed   - at '/spec/template/metadata': additional properties 'clusterName' not allowed   - at '/spec/template/spec/volumes/0/ephemeral': validation failed     - at '/spec/template/spec/volumes/0/ephemeral/volumeClaimTemplate/metadata': additional properties 'clusterName' not allowed     - at '/spec/template/spec/volumes/0/ephemeral': additional properties 'readOnly' not allowed | Summary: 1 resource found in 1 file - Valid: 0, Invalid: 1, Errors: 0, Skipped: 0"
apps.v1.Deployment41.yaml,Unknown,SCHEMA_ERROR,,,,,,0,0,0,0,0.0,0.0,0.0,270.99,,,,0,0.0,0.0,,"C:\Users\CAOSD\projects\tool-security-rules\..\scriptJsonToUvl\yamls_agrupation\medium\apps.v1.Deployment41.yaml - Deployment 3{{ generateName }} is invalid: problem validating schema. Check JSON formatting: jsonschema validation failed with 'https://raw.githubusercontent.com/yannh/kubernetes-json-schema/master/master-standalone-strict/deployment-apps-v1.json#' - at '/metadata': additional properties 'clusterName' not allowed - at '/spec/template': validation failed   - at '/spec/template/metadata': additional properties 'clusterName' not allowed   - at '/spec/template/spec/volumes/0/ephemeral': validation failed     - at '/spec/template/spec/volumes/0/ephemeral/volumeClaimTemplate/metadata': additional properties 'clusterName' not allowed     - at '/spec/template/spec/volumes/0/ephemeral': additional properties 'readOnly' not allowed | Summary: 1 resource found in 1 file - Valid: 0, Invalid: 1, Errors: 0, Skipped: 0"
apps.v1.Deployment42.yaml,Unknown,SCHEMA_ERROR,,,,,,0,0,0,0,0.0,0.0,0.0,293.61,,,,0,0.0,0.0,,"C:\Users\CAOSD\projects\tool-security-rules\..\scriptJsonToUvl\yamls_agrupation\medium\apps.v1.Deployment42.yaml - Deployment generateNameValue{{ generateName }} is invalid: problem validating schema. Check JSON formatting: jsonschema validation failed with 'https://raw.githubusercontent.com/yannh/kubernetes-json-schema/master/master-standalone-strict/deployment-apps-v1.json#' - at '/spec/template/spec/resourceClaims/0': additional properties 'source' not allowed | Summary: 1 resource found in 1 file - Valid: 0, Invalid: 1, Errors: 0, Skipped: 0"
apps.v1.Deployment43.yaml,Unknown,SCHEMA_ERROR,,,,,,0,0,0,0,0.0,0.0,0.0,381.76,,,,0,0.0,0.0,,"C:\Users\CAOSD\projects\tool-security-rules\..\scriptJsonToUvl\yamls_agrupation\medium\apps.v1.Deployment43.yaml - Deployment generateNameValue{{ generateName }} is invalid: problem validating schema. Check JSON formatting: jsonschema validation failed with 'https://raw.githubusercontent.com/yannh/kubernetes-json-schema/master/master-standalone-strict/deployment-apps-v1.json#' - at '/spec/template/spec/resourceClaims/0': additional properties 'source' not allowed - at '/spec/template/spec/volumes/0/ephemeral/volumeClaimTemplate/spec/resources': additional properties 'claims' not allowed | Summary: 1 resource found in 1 file - Valid: 0, Invalid: 1, Errors: 0, Skipped: 0"
apps.v1.Deployment44.yaml,Unknown,SCHEMA_ERROR,,,,,,0,0,0,0,0.0,0.0,0.0,267.22,,,,0,0.0,0.0,,"C:\Users\CAOSD\projects\tool-security-rules\..\scriptJsonToUvl\yamls_agrupation\medium\apps.v1.Deployment44.yaml - Deployment generateNameValue{{ generateName }} is invalid: problem validating schema. Check JSON formatting: jsonschema validation failed with 'https://raw.githubusercontent.com/yannh/kubernetes-json-schema/master/master-standalone-strict/deployment-apps-v1.json#' - at '/spec/template/spec/resourceClaims/0': additional properties 'source' not allowed | Summary: 1 resource found in 1 file - Valid: 0, Invalid: 1, Errors: 0, Skipped: 0"
apps.v1.Deployment45.yaml,Unknown,SCHEMA_ERROR,,,,,,0,0,0,0,0.0,0.0,0.0,286.81,,,,0,0.0,0.0,,"C:\Users\CAOSD\projects\tool-security-rules\..\scriptJsonToUvl\yamls_agrupation\medium\apps.v1.Deployment45.yaml - Deployment generateNameValue{{ generateName }} is invalid: problem validating schema. Check JSON formatting: jsonschema validation failed with 'https://raw.githubusercontent.com/yannh/kubernetes-json-schema/master/master-standalone-strict/deployment-apps-v1.json#' - at '/spec/template/spec/resourceClaims/0': additional properties 'source' not allowed | Summary: 1 resource found in 1 file - Valid: 0, Invalid: 1, Errors: 0, Skipped: 0"
apps.v1.Deployment46.yaml,Unknown,SCHEMA_ERROR,,,,,,0,0,0,0,0.0,0.0,0.0,359.88,,,,0,0.0,0.0,,"C:\Users\CAOSD\projects\tool-security-rules\..\scriptJsonToUvl\yamls_agrupation\medium\apps.v1.Deployment46.yaml - Deployment generateNameValue{{ generateName }} is invalid: problem validating schema. Check JSON formatting: jsonschema validation failed with 'https://raw.githubusercontent.com/yannh/kubernetes-json-schema/master/master-standalone-strict/deployment-apps-v1.json#' - at '/spec/template/spec/resourceClaims/0': additional properties 'source' not allowed - at '/spec/template/spec/volumes/0/ephemeral/volumeClaimTemplate/spec/resources': additional properties 'claims' not allowed | Summary: 1 resource found in 1 file - Valid: 0, Invalid: 1, Errors: 0, Skipped: 0"
apps.v1.Deployment47.yaml,Unknown,SCHEMA_ERROR,,,,,,0,0,0,0,0.0,0.0,0.0,298.74,,,,0,0.0,0.0,,"C:\Users\CAOSD\projects\tool-security-rules\..\scriptJsonToUvl\yamls_agrupation\medium\apps.v1.Deployment47.yaml - Deployment generateNameValue{{ generateName }} is invalid: problem validating schema. Check JSON formatting: jsonschema validation failed with 'https://raw.githubusercontent.com/yannh/kubernetes-json-schema/master/master-standalone-strict/deployment-apps-v1.json#' - at '/spec/template/spec/resourceClaims/0': additional properties 'source' not allowed | Summary: 1 resource found in 1 file - Valid: 0, Invalid: 1, Errors: 0, Skipped: 0"
apps.v1.Deployment48.yaml,Unknown,SCHEMA_ERROR,,,,,,0,0,0,0,0.0,0.0,0.0,305.98,,,,0,0.0,0.0,,"C:\Users\CAOSD\projects\tool-security-rules\..\scriptJsonToUvl\yamls_agrupation\medium\apps.v1.Deployment48.yaml - Deployment generateNameValue{{ generateName }} is invalid: problem validating schema. Check JSON formatting: jsonschema validation failed with 'https://raw.githubusercontent.com/yannh/kubernetes-json-schema/master/master-standalone-strict/deployment-apps-v1.json#' - at '/spec/template/spec/resourceClaims/0': additional properties 'source' not allowed | Summary: 1 resource found in 1 file - Valid: 0, Invalid: 1, Errors: 0, Skipped: 0"
apps.v1.Deployment49.yaml,Unknown,SCHEMA_ERROR,,,,,,0,0,0,0,0.0,0.0,0.0,317.76,,,,0,0.0,0.0,,"C:\Users\CAOSD\projects\tool-security-rules\..\scriptJsonToUvl\yamls_agrupation\medium\apps.v1.Deployment49.yaml - Deployment generateNameValue{{ generateName }} is invalid: problem validating schema. Check JSON formatting: jsonschema validation failed with 'https://raw.githubusercontent.com/yannh/kubernetes-json-schema/master/master-standalone-strict/deployment-apps-v1.json#' - at '/spec/template/spec/resourceClaims/0': additional properties 'source' not allowed | Summary: 1 resource found in 1 file - Valid: 0, Invalid: 1, Errors: 0, Skipped: 0"
apps.v1.Deployment5.yaml,Deployment,31,17,5,22,30.77,0.0,0,1206,422,296,1,232.84,38080.72,595.18,38675.9,True,False,29,313,82.95,100.0,"{'use_high_gid': 'trivy', 'no_mounted_hostpath': 'trivy', 'kubernetes_no_custom_proc_mask': 'trivy', 'no_host_network': 'trivy', 'no_shared_ipc_namespace': 'trivy', 'kubernetes_no_non_default_capabilities': 'trivy', 'kubernetes_no_host_port_access': 'trivy', 'kubernetes_no_hostprocess_containers': 'trivy', 'Require_Multiple_Replicas': 'kyverno', 'kubernetes_no_hostaliases': 'trivy', 'no_auto_mount_service_token': 'trivy', 'kubernetes_no_non_ephemeral_volumes': 'trivy', 'kubernetes_no_self_privesc': 'trivy', 'no_host_pid': 'trivy', 'kubernetes_drop_default_capabilities': 'trivy', 'no_privileged_containers': 'trivy', 'use_high_uid': 'trivy', 'cpuLimitsMissing': 'polaris', 'tagNotSpecified': 'polaris', 'memoryRequestsMissing': 'polaris', 'memoryLimitsMissing': 'polaris', 'cpuRequestsMissing': 'polaris'}","C:\Users\CAOSD\projects\tool-security-rules\resources\evaluation\tmp_remediateds_AST_Complete_V2_medium\rem_apps.v1.Deployment5.yaml - Deployment generateNameValue{{ generateName }} is invalid: problem validating schema. Check JSON formatting: jsonschema validation failed with 'https://raw.githubusercontent.com/yannh/kubernetes-json-schema/master/master-standalone-strict/deployment-apps-v1.json#' - at '/spec/template/spec/overhead': got array, want null or object | Summary: 1 resource found in 1 file - Valid: 0, Invalid: 1, Errors: 0, Skipped: 0"
apps.v1.Deployment50.yaml,Unknown,SCHEMA_ERROR,,,,,,0,0,0,0,0.0,0.0,0.0,297.35,,,,0,0.0,0.0,,"C:\Users\CAOSD\projects\tool-security-rules\..\scriptJsonToUvl\yamls_agrupation\medium\apps.v1.Deployment50.yaml - Deployment generateNameValue{{ generateName }} is invalid: problem validating schema. Check JSON formatting: jsonschema validation failed with 'https://raw.githubusercontent.com/yannh/kubernetes-json-schema/master/master-standalone-strict/deployment-apps-v1.json#' - at '/spec/template/spec/resourceClaims/0': additional properties 'source' not allowed | Summary: 1 resource found in 1 file - Valid: 0, Invalid: 1, Errors: 0, Skipped: 0"
apps.v1.Deployment51.yaml,Unknown,SCHEMA_ERROR,,,,,,0,0,0,0,0.0,0.0,0.0,270.47,,,,0,0.0,0.0,,"C:\Users\CAOSD\projects\tool-security-rules\..\scriptJsonToUvl\yamls_agrupation\medium\apps.v1.Deployment51.yaml - Deployment generateNameValue{{ generateName }} is invalid: problem validating schema. Check JSON formatting: jsonschema validation failed with 'https://raw.githubusercontent.com/yannh/kubernetes-json-schema/master/master-standalone-strict/deployment-apps-v1.json#' - at '/spec/template/spec/resourceClaims/0': additional properties 'source' not allowed | Summary: 1 resource found in 1 file - Valid: 0, Invalid: 1, Errors: 0, Skipped: 0"
apps.v1.Deployment52.yaml,Unknown,SCHEMA_ERROR,,,,,,0,0,0,0,0.0,0.0,0.0,297.12,,,,0,0.0,0.0,,"C:\Users\CAOSD\projects\tool-security-rules\..\scriptJsonToUvl\yamls_agrupation\medium\apps.v1.Deployment52.yaml - Deployment generateNameValue{{ generateName }} is invalid: problem validating schema. Check JSON formatting: jsonschema validation failed with 'https://raw.githubusercontent.com/yannh/kubernetes-json-schema/master/master-standalone-strict/deployment-apps-v1.json#' - at '/spec/template/spec/resourceClaims/0': additional properties 'source' not allowed | Summary: 1 resource found in 1 file - Valid: 0, Invalid: 1, Errors: 0, Skipped: 0"
apps.v1.Deployment53.yaml,Unknown,SCHEMA_ERROR,,,,,,0,0,0,0,0.0,0.0,0.0,317.59,,,,0,0.0,0.0,,"C:\Users\CAOSD\projects\tool-security-rules\..\scriptJsonToUvl\yamls_agrupation\medium\apps.v1.Deployment53.yaml - Deployment generateNameValue{{ generateName }} is invalid: problem validating schema. Check JSON formatting: jsonschema validation failed with 'https://raw.githubusercontent.com/yannh/kubernetes-json-schema/master/master-standalone-strict/deployment-apps-v1.json#' - at '/spec/template/spec/resourceClaims/0': additional properties 'source' not allowed | Summary: 1 resource found in 1 file - Valid: 0, Invalid: 1, Errors: 0, Skipped: 0"
apps.v1.Deployment54.yaml,Unknown,SCHEMA_ERROR,,,,,,0,0,0,0,0.0,0.0,0.0,278.69,,,,0,0.0,0.0,,"C:\Users\CAOSD\projects\tool-security-rules\..\scriptJsonToUvl\yamls_agrupation\medium\apps.v1.Deployment54.yaml - Deployment generateNameValue{{ generateName }} is invalid: problem validating schema. Check JSON formatting: jsonschema validation failed with 'https://raw.githubusercontent.com/yannh/kubernetes-json-schema/master/master-standalone-strict/deployment-apps-v1.json#' - at '/spec/template/spec/resourceClaims/0': additional properties 'source' not allowed | Summary: 1 resource found in 1 file - Valid: 0, Invalid: 1, Errors: 0, Skipped: 0"
apps.v1.Deployment55.yaml,Unknown,SCHEMA_ERROR,,,,,,0,0,0,0,0.0,0.0,0.0,280.61,,,,0,0.0,0.0,,"C:\Users\CAOSD\projects\tool-security-rules\..\scriptJsonToUvl\yamls_agrupation\medium\apps.v1.Deployment55.yaml - Deployment generateNameValue{{ generateName }} is invalid: problem validating schema. Check JSON formatting: jsonschema validation failed with 'https://raw.githubusercontent.com/yannh/kubernetes-json-schema/master/master-standalone-strict/deployment-apps-v1.json#' - at '/spec/template/spec/resourceClaims/0': additional properties 'source' not allowed | Summary: 1 resource found in 1 file - Valid: 0, Invalid: 1, Errors: 0, Skipped: 0"
apps.v1.Deployment56.yaml,Unknown,SCHEMA_ERROR,,,,,,0,0,0,0,0.0,0.0,0.0,302.71,,,,0,0.0,0.0,,"C:\Users\CAOSD\projects\tool-security-rules\..\scriptJsonToUvl\yamls_agrupation\medium\apps.v1.Deployment56.yaml - Deployment generateNameValue{{ generateName }} is invalid: problem validating schema. Check JSON formatting: jsonschema validation failed with 'https://raw.githubusercontent.com/yannh/kubernetes-json-schema/master/master-standalone-strict/deployment-apps-v1.json#' - at '/spec/template/spec/resourceClaims/0': additional properties 'source' not allowed | Summary: 1 resource found in 1 file - Valid: 0, Invalid: 1, Errors: 0, Skipped: 0"
apps.v1.Deployment6.yaml,Unknown,SCHEMA_ERROR,,,,,,0,0,0,0,0.0,0.0,0.0,289.62,,,,0,0.0,0.0,,"C:\Users\CAOSD\projects\tool-security-rules\..\scriptJsonToUvl\yamls_agrupation\medium\apps.v1.Deployment6.yaml - Deployment generateNameValue{{ generateName }} is invalid: problem validating schema. Check JSON formatting: jsonschema validation failed with 'https://raw.githubusercontent.com/yannh/kubernetes-json-schema/master/master-standalone-strict/deployment-apps-v1.json#' - at '/spec/template/spec/resourceClaims/0': additional properties 'source' not allowed | Summary: 1 resource found in 1 file - Valid: 0, Invalid: 1, Errors: 0, Skipped: 0"
apps.v1.Deployment7.yaml,Unknown,SCHEMA_ERROR,,,,,,0,0,0,0,0.0,0.0,0.0,294.35,,,,0,0.0,0.0,,"C:\Users\CAOSD\projects\tool-security-rules\..\scriptJsonToUvl\yamls_agrupation\medium\apps.v1.Deployment7.yaml - Deployment generateNameValue{{ generateName }} is invalid: problem validating schema. Check JSON formatting: jsonschema validation failed with 'https://raw.githubusercontent.com/yannh/kubernetes-json-schema/master/master-standalone-strict/deployment-apps-v1.json#' - at '/spec/template/spec/volumes/0/ephemeral/volumeClaimTemplate/spec/resources': additional properties 'claims' not allowed - at '/spec/template/spec/resourceClaims/0': additional properties 'source' not allowed | Summary: 1 resource found in 1 file - Valid: 0, Invalid: 1, Errors: 0, Skipped: 0"
apps.v1.Deployment8.yaml,Unknown,SCHEMA_ERROR,,,,,,0,0,0,0,0.0,0.0,0.0,301.34,,,,0,0.0,0.0,,"C:\Users\CAOSD\projects\tool-security-rules\..\scriptJsonToUvl\yamls_agrupation\medium\apps.v1.Deployment8.yaml - Deployment generateNameValue{{ generateName }} is invalid: problem validating schema. Check JSON formatting: jsonschema validation failed with 'https://raw.githubusercontent.com/yannh/kubernetes-json-schema/master/master-standalone-strict/deployment-apps-v1.json#' - at '/spec/template/spec/volumes/0/ephemeral/volumeClaimTemplate/spec/resources': additional properties 'claims' not allowed - at '/spec/template/spec/resourceClaims/0': additional properties 'source' not allowed | Summary: 1 resource found in 1 file - Valid: 0, Invalid: 1, Errors: 0, Skipped: 0"
apps.v1.Deployment9.yaml,Deployment,31,17,5,22,30.77,0.0,0,1211,422,296,1,226.05,39736.75,596.57,40333.32,True,False,29,313,83.04,100.0,"{'use_high_gid': 'trivy', 'no_mounted_hostpath': 'trivy', 'kubernetes_no_custom_proc_mask': 'trivy', 'no_host_network': 'trivy', 'no_shared_ipc_namespace': 'trivy', 'kubernetes_no_non_default_capabilities': 'trivy', 'kubernetes_no_host_port_access': 'trivy', 'kubernetes_no_hostprocess_containers': 'trivy', 'Require_Multiple_Replicas': 'kyverno', 'kubernetes_no_hostaliases': 'trivy', 'no_auto_mount_service_token': 'trivy', 'kubernetes_no_non_ephemeral_volumes': 'trivy', 'kubernetes_no_self_privesc': 'trivy', 'no_host_pid': 'trivy', 'kubernetes_drop_default_capabilities': 'trivy', 'no_privileged_containers': 'trivy', 'use_high_uid': 'trivy', 'cpuLimitsMissing': 'polaris', 'tagNotSpecified': 'polaris', 'memoryRequestsMissing': 'polaris', 'memoryLimitsMissing': 'polaris', 'cpuRequestsMissing': 'polaris'}","C:\Users\CAOSD\projects\tool-security-rules\resources\evaluation\tmp_remediateds_AST_Complete_V2_medium\rem_apps.v1.Deployment9.yaml - Deployment generateNameValue{{ generateName }} is invalid: problem validating schema. Check JSON formatting: jsonschema validation failed with 'https://raw.githubusercontent.com/yannh/kubernetes-json-schema/master/master-standalone-strict/deployment-apps-v1.json#' - at '/spec/template/spec/overhead': got array, want null or object | Summary: 1 resource found in 1 file - Valid: 0, Invalid: 1, Errors: 0, Skipped: 0"
apps.v1.ReplicaSet.after_roundtrip.yaml,Unknown,SCHEMA_ERROR,,,,,,0,0,0,0,0.0,0.0,0.0,566.57,,,,0,0.0,0.0,,"C:\Users\CAOSD\projects\tool-security-rules\..\scriptJsonToUvl\yamls_agrupation\medium\apps.v1.ReplicaSet.after_roundtrip.yaml - ReplicaSet generateNameValue{{ generateName }} is invalid: problem validating schema. Check JSON formatting: jsonschema validation failed with 'https://raw.githubusercontent.com/yannh/kubernetes-json-schema/master/master-standalone-strict/replicaset-apps-v1.json#' - at '/spec/template/spec/resourceClaims/0': additional properties 'source' not allowed | Summary: 1 resource found in 1 file - Valid: 0, Invalid: 1, Errors: 0, Skipped: 0"
apps.v1.ReplicaSet.after_roundtrip1.yaml,Unknown,SCHEMA_ERROR,,,,,,0,0,0,0,0.0,0.0,0.0,467.56,,,,0,0.0,0.0,,"C:\Users\CAOSD\projects\tool-security-rules\..\scriptJsonToUvl\yamls_agrupation\medium\apps.v1.ReplicaSet.after_roundtrip1.yaml - ReplicaSet generateNameValue{{ generateName }} is invalid: problem validating schema. Check JSON formatting: jsonschema validation failed with 'https://raw.githubusercontent.com/yannh/kubernetes-json-schema/master/master-standalone-strict/replicaset-apps-v1.json#' - at '/spec/template/spec/resourceClaims/0': additional properties 'source' not allowed | Summary: 1 resource found in 1 file - Valid: 0, Invalid: 1, Errors: 0, Skipped: 0"
apps.v1.ReplicaSet.after_roundtrip10.yaml,Unknown,SCHEMA_ERROR,,,,,,0,0,0,0,0.0,0.0,0.0,306.28,,,,0,0.0,0.0,,"C:\Users\CAOSD\projects\tool-security-rules\..\scriptJsonToUvl\yamls_agrupation\medium\apps.v1.ReplicaSet.after_roundtrip10.yaml - ReplicaSet 3{{ generateName }} is invalid: problem validating schema. Check JSON formatting: jsonschema validation failed with 'https://raw.githubusercontent.com/yannh/kubernetes-json-schema/master/master-standalone-strict/replicaset-apps-v1.json#' - at '/metadata': additional properties 'clusterName' not allowed - at '/spec/template': validation failed   - at '/spec/template/metadata': additional properties 'clusterName' not allowed   - at '/spec/template/spec/volumes/0/ephemeral/volumeClaimTemplate/metadata': additional properties 'clusterName' not allowed | Summary: 1 resource found in 1 file - Valid: 0, Invalid: 1, Errors: 0, Skipped: 0"
apps.v1.ReplicaSet.after_roundtrip11.yaml,Unknown,SCHEMA_ERROR,,,,,,0,0,0,0,0.0,0.0,0.0,296.57,,,,0,0.0,0.0,,"C:\Users\CAOSD\projects\tool-security-rules\..\scriptJsonToUvl\yamls_agrupation\medium\apps.v1.ReplicaSet.after_roundtrip11.yaml - ReplicaSet 3{{ generateName }} is invalid: problem validating schema. Check JSON formatting: jsonschema validation failed with 'https://raw.githubusercontent.com/yannh/kubernetes-json-schema/master/master-standalone-strict/replicaset-apps-v1.json#' - at '/spec/template': validation failed   - at '/spec/template/metadata': additional properties 'clusterName' not allowed   - at '/spec/template/spec/volumes/0/ephemeral/volumeClaimTemplate/metadata': additional properties 'clusterName' not allowed - at '/metadata': additional properties 'clusterName' not allowed | Summary: 1 resource found in 1 file - Valid: 0, Invalid: 1, Errors: 0, Skipped: 0"
apps.v1.ReplicaSet.after_roundtrip12.yaml,Unknown,SCHEMA_ERROR,,,,,,0,0,0,0,0.0,0.0,0.0,343.68,,,,0,0.0,0.0,,"C:\Users\CAOSD\projects\tool-security-rules\..\scriptJsonToUvl\yamls_agrupation\medium\apps.v1.ReplicaSet.after_roundtrip12.yaml - ReplicaSet generateNameValue{{ generateName }} is invalid: problem validating schema. Check JSON formatting: jsonschema validation failed with 'https://raw.githubusercontent.com/yannh/kubernetes-json-schema/master/master-standalone-strict/replicaset-apps-v1.json#' - at '/spec/template/spec/resourceClaims/0': additional properties 'source' not allowed | Summary: 1 resource found in 1 file - Valid: 0, Invalid: 1, Errors: 0, Skipped: 0"
apps.v1.ReplicaSet.after_roundtrip13.yaml,Unknown,SCHEMA_ERROR,,,,,,0,0,0,0,0.0,0.0,0.0,299.47,,,,0,0.0,0.0,,"C:\Users\CAOSD\projects\tool-security-rules\..\scriptJsonToUvl\yamls_agrupation\medium\apps.v1.ReplicaSet.after_roundtrip13.yaml - ReplicaSet generateNameValue{{ generateName }} is invalid: problem validating schema. Check JSON formatting: jsonschema validation failed with 'https://raw.githubusercontent.com/yannh/kubernetes-json-schema/master/master-standalone-strict/replicaset-apps-v1.json#' - at '/spec/template/spec/resourceClaims/0': additional properties 'source' not allowed | Summary: 1 resource found in 1 file - Valid: 0, Invalid: 1, Errors: 0, Skipped: 0"
apps.v1.ReplicaSet.after_roundtrip2.yaml,Unknown,SCHEMA_ERROR,,,,,,0,0,0,0,0.0,0.0,0.0,341.37,,,,0,0.0,0.0,,"C:\Users\CAOSD\projects\tool-security-rules\..\scriptJsonToUvl\yamls_agrupation\medium\apps.v1.ReplicaSet.after_roundtrip2.yaml - ReplicaSet generateNameValue{{ generateName }} is invalid: problem validating schema. Check JSON formatting: jsonschema validation failed with 'https://raw.githubusercontent.com/yannh/kubernetes-json-schema/master/master-standalone-strict/replicaset-apps-v1.json#' - at '/spec/template/spec/resourceClaims/0': additional properties 'source' not allowed | Summary: 1 resource found in 1 file - Valid: 0, Invalid: 1, Errors: 0, Skipped: 0"
apps.v1.ReplicaSet.after_roundtrip3.yaml,Unknown,SCHEMA_ERROR,,,,,,0,0,0,0,0.0,0.0,0.0,271.64,,,,0,0.0,0.0,,"C:\Users\CAOSD\projects\tool-security-rules\..\scriptJsonToUvl\yamls_agrupation\medium\apps.v1.ReplicaSet.after_roundtrip3.yaml - ReplicaSet generateNameValue{{ generateName }} is invalid: problem validating schema. Check JSON formatting: jsonschema validation failed with 'https://raw.githubusercontent.com/yannh/kubernetes-json-schema/master/master-standalone-strict/replicaset-apps-v1.json#' - at '/spec/template/spec/resourceClaims/0': additional properties 'source' not allowed | Summary: 1 resource found in 1 file - Valid: 0, Invalid: 1, Errors: 0, Skipped: 0"
apps.v1.ReplicaSet.after_roundtrip5.yaml,Unknown,SCHEMA_ERROR,,,,,,0,0,0,0,0.0,0.0,0.0,288.38,,,,0,0.0,0.0,,"C:\Users\CAOSD\projects\tool-security-rules\..\scriptJsonToUvl\yamls_agrupation\medium\apps.v1.ReplicaSet.after_roundtrip5.yaml - ReplicaSet generateNameValue{{ generateName }} is invalid: problem validating schema. Check JSON formatting: jsonschema validation failed with 'https://raw.githubusercontent.com/yannh/kubernetes-json-schema/master/master-standalone-strict/replicaset-apps-v1.json#' - at '/spec/template/spec/resourceClaims/0': additional properties 'source' not allowed | Summary: 1 resource found in 1 file - Valid: 0, Invalid: 1, Errors: 0, Skipped: 0"
apps.v1.ReplicaSet.after_roundtrip6.yaml,Unknown,SCHEMA_ERROR,,,,,,0,0,0,0,0.0,0.0,0.0,281.35,,,,0,0.0,0.0,,"C:\Users\CAOSD\projects\tool-security-rules\..\scriptJsonToUvl\yamls_agrupation\medium\apps.v1.ReplicaSet.after_roundtrip6.yaml - ReplicaSet generateNameValue{{ generateName }} is invalid: problem validating schema. Check JSON formatting: jsonschema validation failed with 'https://raw.githubusercontent.com/yannh/kubernetes-json-schema/master/master-standalone-strict/replicaset-apps-v1.json#' - at '/spec/template/spec/resourceClaims/0': additional properties 'source' not allowed | Summary: 1 resource found in 1 file - Valid: 0, Invalid: 1, Errors: 0, Skipped: 0"
apps.v1.ReplicaSet.after_roundtrip8.yaml,Unknown,SCHEMA_ERROR,,,,,,0,0,0,0,0.0,0.0,0.0,320.95,,,,0,0.0,0.0,,"C:\Users\CAOSD\projects\tool-security-rules\..\scriptJsonToUvl\yamls_agrupation\medium\apps.v1.ReplicaSet.after_roundtrip8.yaml - ReplicaSet generateNameValue{{ generateName }} is invalid: problem validating schema. Check JSON formatting: jsonschema validation failed with 'https://raw.githubusercontent.com/yannh/kubernetes-json-schema/master/master-standalone-strict/replicaset-apps-v1.json#' - at '/spec/template/spec/resourceClaims/0': additional properties 'source' not allowed | Summary: 1 resource found in 1 file - Valid: 0, Invalid: 1, Errors: 0, Skipped: 0"
apps.v1.ReplicaSet.after_roundtrip9.yaml,Unknown,SCHEMA_ERROR,,,,,,0,0,0,0,0.0,0.0,0.0,294.64,,,,0,0.0,0.0,,"C:\Users\CAOSD\projects\tool-security-rules\..\scriptJsonToUvl\yamls_agrupation\medium\apps.v1.ReplicaSet.after_roundtrip9.yaml - ReplicaSet generateNameValue{{ generateName }} is invalid: problem validating schema. Check JSON formatting: jsonschema validation failed with 'https://raw.githubusercontent.com/yannh/kubernetes-json-schema/master/master-standalone-strict/replicaset-apps-v1.json#' - at '/spec/template/spec/resourceClaims/0': additional properties 'source' not allowed | Summary: 1 resource found in 1 file - Valid: 0, Invalid: 1, Errors: 0, Skipped: 0"
apps.v1.ReplicaSet.yaml,Unknown,SCHEMA_ERROR,,,,,,0,0,0,0,0.0,0.0,0.0,271.83,,,,0,0.0,0.0,,"C:\Users\CAOSD\projects\tool-security-rules\..\scriptJsonToUvl\yamls_agrupation\medium\apps.v1.ReplicaSet.yaml - ReplicaSet generateNameValue{{ generateName }} is invalid: problem validating schema. Check JSON formatting: jsonschema validation failed with 'https://raw.githubusercontent.com/yannh/kubernetes-json-schema/master/master-standalone-strict/replicaset-apps-v1.json#' - at '/spec/template/spec/resourceClaims/0': additional properties 'source' not allowed | Summary: 1 resource found in 1 file - Valid: 0, Invalid: 1, Errors: 0, Skipped: 0"
apps.v1.ReplicaSet1.yaml,Unknown,SCHEMA_ERROR,,,,,,0,0,0,0,0.0,0.0,0.0,277.92,,,,0,0.0,0.0,,"C:\Users\CAOSD\projects\tool-security-rules\..\scriptJsonToUvl\yamls_agrupation\medium\apps.v1.ReplicaSet1.yaml - ReplicaSet generateNameValue{{ generateName }} is invalid: problem validating schema. Check JSON formatting: jsonschema validation failed with 'https://raw.githubusercontent.com/yannh/kubernetes-json-schema/master/master-standalone-strict/replicaset-apps-v1.json#' - at '/spec/template/spec/resourceClaims/0': additional properties 'source' not allowed - at '/spec/template/spec/volumes/0/ephemeral/volumeClaimTemplate/spec/resources': additional properties 'claims' not allowed | Summary: 1 resource found in 1 file - Valid: 0, Invalid: 1, Errors: 0, Skipped: 0"
apps.v1.ReplicaSet11.yaml,ReplicaSet,30,16,5,21,31.72,0.0,0,1193,420,294,1,23695.95,61188.66,586.55,61775.21,True,False,28,312,82.86,100.0,"{'use_high_gid': 'trivy', 'no_mounted_hostpath': 'trivy', 'kubernetes_no_custom_proc_mask': 'trivy', 'no_host_network': 'trivy', 'no_shared_ipc_namespace': 'trivy', 'kubernetes_no_non_default_capabilities': 'trivy', 'kubernetes_no_host_port_access': 'trivy', 'kubernetes_no_hostprocess_containers': 'trivy', 'kubernetes_no_hostaliases': 'trivy', 'no_auto_mount_service_token': 'trivy', 'kubernetes_no_non_ephemeral_volumes': 'trivy', 'kubernetes_no_self_privesc': 'trivy', 'no_host_pid': 'trivy', 'kubernetes_drop_default_capabilities': 'trivy', 'no_privileged_containers': 'trivy', 'use_high_uid': 'trivy', 'cpuLimitsMissing': 'polaris', 'tagNotSpecified': 'polaris', 'memoryRequestsMissing': 'polaris', 'memoryLimitsMissing': 'polaris', 'cpuRequestsMissing': 'polaris'}","C:\Users\CAOSD\projects\tool-security-rules\resources\evaluation\tmp_remediateds_AST_Complete_V2_medium\rem_apps.v1.ReplicaSet11.yaml - ReplicaSet generateNameValue{{ generateName }} is invalid: problem validating schema. Check JSON formatting: jsonschema validation failed with 'https://raw.githubusercontent.com/yannh/kubernetes-json-schema/master/master-standalone-strict/replicaset-apps-v1.json#' - at '/spec/template/spec/overhead': got array, want null or object | Summary: 1 resource found in 1 file - Valid: 0, Invalid: 1, Errors: 0, Skipped: 0"
apps.v1.ReplicaSet12.yaml,Unknown,SCHEMA_ERROR,,,,,,0,0,0,0,0.0,0.0,0.0,277.13,,,,0,0.0,0.0,,"C:\Users\CAOSD\projects\tool-security-rules\..\scriptJsonToUvl\yamls_agrupation\medium\apps.v1.ReplicaSet12.yaml - ReplicaSet 3{{ generateName }} is invalid: problem validating schema. Check JSON formatting: jsonschema validation failed with 'https://raw.githubusercontent.com/yannh/kubernetes-json-schema/master/master-standalone-strict/replicaset-apps-v1.json#' - at '/spec/template/metadata': additional properties 'clusterName' not allowed - at '/metadata': additional properties 'clusterName' not allowed | Summary: 1 resource found in 1 file - Valid: 0, Invalid: 1, Errors: 0, Skipped: 0"
apps.v1.ReplicaSet14.yaml,Unknown,SCHEMA_ERROR,,,,,,0,0,0,0,0.0,0.0,0.0,359.86,,,,0,0.0,0.0,,"C:\Users\CAOSD\projects\tool-security-rules\..\scriptJsonToUvl\yamls_agrupation\medium\apps.v1.ReplicaSet14.yaml - ReplicaSet 3{{ generateName }} is invalid: problem validating schema. Check JSON formatting: jsonschema validation failed with 'https://raw.githubusercontent.com/yannh/kubernetes-json-schema/master/master-standalone-strict/replicaset-apps-v1.json#' - at '/metadata': additional properties 'clusterName' not allowed - at '/spec/template/metadata': additional properties 'clusterName' not allowed | Summary: 1 resource found in 1 file - Valid: 0, Invalid: 1, Errors: 0, Skipped: 0"
apps.v1.ReplicaSet15.yaml,Unknown,SCHEMA_ERROR,,,,,,0,0,0,0,0.0,0.0,0.0,270.11,,,,0,0.0,0.0,,"C:\Users\CAOSD\projects\tool-security-rules\..\scriptJsonToUvl\yamls_agrupation\medium\apps.v1.ReplicaSet15.yaml - ReplicaSet generateNameValue{{ generateName }} is invalid: problem validating schema. Check JSON formatting: jsonschema validation failed with 'https://raw.githubusercontent.com/yannh/kubernetes-json-schema/master/master-standalone-strict/replicaset-apps-v1.json#' - at '/metadata': additional properties 'clusterName' not allowed - at '/spec/template': validation failed   - at '/spec/template/metadata': additional properties 'clusterName' not allowed   - at '/spec/template/spec/volumes/0/ephemeral/volumeClaimTemplate/metadata': additional properties 'clusterName' not allowed | Summary: 1 resource found in 1 file - Valid: 0, Invalid: 1, Errors: 0, Skipped: 0"
apps.v1.ReplicaSet16.yaml,Unknown,SCHEMA_ERROR,,,,,,0,0,0,0,0.0,0.0,0.0,305.03,,,,0,0.0,0.0,,"C:\Users\CAOSD\projects\tool-security-rules\..\scriptJsonToUvl\yamls_agrupation\medium\apps.v1.ReplicaSet16.yaml - ReplicaSet 3{{ generateName }} is invalid: problem validating schema. Check JSON formatting: jsonschema validation failed with 'https://raw.githubusercontent.com/yannh/kubernetes-json-schema/master/master-standalone-strict/replicaset-apps-v1.json#' - at '/metadata': additional properties 'clusterName' not allowed - at '/spec/template': validation failed   - at '/spec/template/metadata': additional properties 'clusterName' not allowed   - at '/spec/template/spec/volumes/0/ephemeral/volumeClaimTemplate/metadata': additional properties 'clusterName' not allowed | Summary: 1 resource found in 1 file - Valid: 0, Invalid: 1, Errors: 0, Skipped: 0"
apps.v1.ReplicaSet17.yaml,Unknown,SCHEMA_ERROR,,,,,,0,0,0,0,0.0,0.0,0.0,283.23,,,,0,0.0,0.0,,"C:\Users\CAOSD\projects\tool-security-rules\..\scriptJsonToUvl\yamls_agrupation\medium\apps.v1.ReplicaSet17.yaml - ReplicaSet 3{{ generateName }} is invalid: problem validating schema. Check JSON formatting: jsonschema validation failed with 'https://raw.githubusercontent.com/yannh/kubernetes-json-schema/master/master-standalone-strict/replicaset-apps-v1.json#' - at '/spec/template': validation failed   - at '/spec/template/metadata': additional properties 'clusterName' not allowed   - at '/spec/template/spec/volumes/0/ephemeral/volumeClaimTemplate/metadata': additional properties 'clusterName' not allowed - at '/metadata': additional properties 'clusterName' not allowed | Summary: 1 resource found in 1 file - Valid: 0, Invalid: 1, Errors: 0, Skipped: 0"
apps.v1.ReplicaSet18.yaml,Unknown,SCHEMA_ERROR,,,,,,0,0,0,0,0.0,0.0,0.0,295.63,,,,0,0.0,0.0,,"C:\Users\CAOSD\projects\tool-security-rules\..\scriptJsonToUvl\yamls_agrupation\medium\apps.v1.ReplicaSet18.yaml - ReplicaSet generateNameValue{{ generateName }} is invalid: problem validating schema. Check JSON formatting: jsonschema validation failed with 'https://raw.githubusercontent.com/yannh/kubernetes-json-schema/master/master-standalone-strict/replicaset-apps-v1.json#' - at '/spec/template/spec/resourceClaims/0': additional properties 'source' not allowed | Summary: 1 resource found in 1 file - Valid: 0, Invalid: 1, Errors: 0, Skipped: 0"
apps.v1.ReplicaSet19.yaml,Unknown,SCHEMA_ERROR,,,,,,0,0,0,0,0.0,0.0,0.0,291.92,,,,0,0.0,0.0,,"C:\Users\CAOSD\projects\tool-security-rules\..\scriptJsonToUvl\yamls_agrupation\medium\apps.v1.ReplicaSet19.yaml - ReplicaSet generateNameValue{{ generateName }} is invalid: problem validating schema. Check JSON formatting: jsonschema validation failed with 'https://raw.githubusercontent.com/yannh/kubernetes-json-schema/master/master-standalone-strict/replicaset-apps-v1.json#' - at '/spec/template/spec/resourceClaims/0': additional properties 'source' not allowed - at '/spec/template/spec/volumes/0/ephemeral/volumeClaimTemplate/spec/resources': additional properties 'claims' not allowed | Summary: 1 resource found in 1 file - Valid: 0, Invalid: 1, Errors: 0, Skipped: 0"
apps.v1.ReplicaSet2.yaml,Unknown,SCHEMA_ERROR,,,,,,0,0,0,0,0.0,0.0,0.0,300.91,,,,0,0.0,0.0,,"C:\Users\CAOSD\projects\tool-security-rules\..\scriptJsonToUvl\yamls_agrupation\medium\apps.v1.ReplicaSet2.yaml - ReplicaSet generateNameValue{{ generateName }} is invalid: problem validating schema. Check JSON formatting: jsonschema validation failed with 'https://raw.githubusercontent.com/yannh/kubernetes-json-schema/master/master-standalone-strict/replicaset-apps-v1.json#' - at '/spec/template/spec/resourceClaims/0': additional properties 'source' not allowed - at '/spec/template/spec/volumes/0/ephemeral/volumeClaimTemplate/spec/resources': additional properties 'claims' not allowed | Summary: 1 resource found in 1 file - Valid: 0, Invalid: 1, Errors: 0, Skipped: 0"
apps.v1.ReplicaSet20.yaml,Unknown,SCHEMA_ERROR,,,,,,0,0,0,0,0.0,0.0,0.0,286.8,,,,0,0.0,0.0,,"C:\Users\CAOSD\projects\tool-security-rules\..\scriptJsonToUvl\yamls_agrupation\medium\apps.v1.ReplicaSet20.yaml - ReplicaSet generateNameValue{{ generateName }} is invalid: problem validating schema. Check JSON formatting: jsonschema validation failed with 'https://raw.githubusercontent.com/yannh/kubernetes-json-schema/master/master-standalone-strict/replicaset-apps-v1.json#' - at '/spec/template/spec/resourceClaims/0': additional properties 'source' not allowed | Summary: 1 resource found in 1 file - Valid: 0, Invalid: 1, Errors: 0, Skipped: 0"
apps.v1.ReplicaSet21.yaml,Unknown,SCHEMA_ERROR,,,,,,0,0,0,0,0.0,0.0,0.0,387.89,,,,0,0.0,0.0,,"C:\Users\CAOSD\projects\tool-security-rules\..\scriptJsonToUvl\yamls_agrupation\medium\apps.v1.ReplicaSet21.yaml - ReplicaSet generateNameValue{{ generateName }} is invalid: problem validating schema. Check JSON formatting: jsonschema validation failed with 'https://raw.githubusercontent.com/yannh/kubernetes-json-schema/master/master-standalone-strict/replicaset-apps-v1.json#' - at '/spec/template/spec/resourceClaims/0': additional properties 'source' not allowed | Summary: 1 resource found in 1 file - Valid: 0, Invalid: 1, Errors: 0, Skipped: 0"
apps.v1.ReplicaSet22.yaml,Unknown,SCHEMA_ERROR,,,,,,0,0,0,0,0.0,0.0,0.0,281.08,,,,0,0.0,0.0,,"C:\Users\CAOSD\projects\tool-security-rules\..\scriptJsonToUvl\yamls_agrupation\medium\apps.v1.ReplicaSet22.yaml - ReplicaSet generateNameValue{{ generateName }} is invalid: problem validating schema. Check JSON formatting: jsonschema validation failed with 'https://raw.githubusercontent.com/yannh/kubernetes-json-schema/master/master-standalone-strict/replicaset-apps-v1.json#' - at '/spec/template/spec/resourceClaims/0': additional properties 'source' not allowed - at '/spec/template/spec/volumes/0/ephemeral/volumeClaimTemplate/spec/resources': additional properties 'claims' not allowed | Summary: 1 resource found in 1 file - Valid: 0, Invalid: 1, Errors: 0, Skipped: 0"
apps.v1.ReplicaSet23.yaml,Unknown,SCHEMA_ERROR,,,,,,0,0,0,0,0.0,0.0,0.0,301.56,,,,0,0.0,0.0,,"C:\Users\CAOSD\projects\tool-security-rules\..\scriptJsonToUvl\yamls_agrupation\medium\apps.v1.ReplicaSet23.yaml - ReplicaSet generateNameValue{{ generateName }} is invalid: problem validating schema. Check JSON formatting: jsonschema validation failed with 'https://raw.githubusercontent.com/yannh/kubernetes-json-schema/master/master-standalone-strict/replicaset-apps-v1.json#' - at '/spec/template/spec/resourceClaims/0': additional properties 'source' not allowed | Summary: 1 resource found in 1 file - Valid: 0, Invalid: 1, Errors: 0, Skipped: 0"
apps.v1.ReplicaSet24.yaml,Unknown,SCHEMA_ERROR,,,,,,0,0,0,0,0.0,0.0,0.0,279.67,,,,0,0.0,0.0,,"C:\Users\CAOSD\projects\tool-security-rules\..\scriptJsonToUvl\yamls_agrupation\medium\apps.v1.ReplicaSet24.yaml - ReplicaSet 3{{ generateName }} is invalid: problem validating schema. Check JSON formatting: jsonschema validation failed with 'https://raw.githubusercontent.com/yannh/kubernetes-json-schema/master/master-standalone-strict/replicaset-apps-v1.json#' - at '/metadata': additional properties 'clusterName' not allowed - at '/spec/template/metadata': additional properties 'clusterName' not allowed | Summary: 1 resource found in 1 file - Valid: 0, Invalid: 1, Errors: 0, Skipped: 0"
apps.v1.ReplicaSet26.yaml,Unknown,SCHEMA_ERROR,,,,,,0,0,0,0,0.0,0.0,0.0,275.03,,,,0,0.0,0.0,,"C:\Users\CAOSD\projects\tool-security-rules\..\scriptJsonToUvl\yamls_agrupation\medium\apps.v1.ReplicaSet26.yaml - ReplicaSet 3{{ generateName }} is invalid: problem validating schema. Check JSON formatting: jsonschema validation failed with 'https://raw.githubusercontent.com/yannh/kubernetes-json-schema/master/master-standalone-strict/replicaset-apps-v1.json#' - at '/metadata': additional properties 'clusterName' not allowed - at '/spec/template/metadata': additional properties 'clusterName' not allowed | Summary: 1 resource found in 1 file - Valid: 0, Invalid: 1, Errors: 0, Skipped: 0"
apps.v1.ReplicaSet27.yaml,Unknown,SCHEMA_ERROR,,,,,,0,0,0,0,0.0,0.0,0.0,425.82,,,,0,0.0,0.0,,"C:\Users\CAOSD\projects\tool-security-rules\..\scriptJsonToUvl\yamls_agrupation\medium\apps.v1.ReplicaSet27.yaml - ReplicaSet generateNameValue{{ generateName }} is invalid: problem validating schema. Check JSON formatting: jsonschema validation failed with 'https://raw.githubusercontent.com/yannh/kubernetes-json-schema/master/master-standalone-strict/replicaset-apps-v1.json#' - at '/metadata': additional properties 'clusterName' not allowed - at '/spec/template': validation failed   - at '/spec/template/metadata': additional properties 'clusterName' not allowed   - at '/spec/template/spec/volumes/0/ephemeral/volumeClaimTemplate/metadata': additional properties 'clusterName' not allowed | Summary: 1 resource found in 1 file - Valid: 0, Invalid: 1, Errors: 0, Skipped: 0"
apps.v1.ReplicaSet28.yaml,Unknown,SCHEMA_ERROR,,,,,,0,0,0,0,0.0,0.0,0.0,476.57,,,,0,0.0,0.0,,"C:\Users\CAOSD\projects\tool-security-rules\..\scriptJsonToUvl\yamls_agrupation\medium\apps.v1.ReplicaSet28.yaml - ReplicaSet 3{{ generateName }} is invalid: problem validating schema. Check JSON formatting: jsonschema validation failed with 'https://raw.githubusercontent.com/yannh/kubernetes-json-schema/master/master-standalone-strict/replicaset-apps-v1.json#' - at '/metadata': additional properties 'clusterName' not allowed - at '/spec/template': validation failed   - at '/spec/template/spec/volumes/0/ephemeral/volumeClaimTemplate/metadata': additional properties 'clusterName' not allowed   - at '/spec/template/metadata': additional properties 'clusterName' not allowed | Summary: 1 resource found in 1 file - Valid: 0, Invalid: 1, Errors: 0, Skipped: 0"
apps.v1.ReplicaSet29.yaml,Unknown,SCHEMA_ERROR,,,,,,0,0,0,0,0.0,0.0,0.0,280.75,,,,0,0.0,0.0,,"C:\Users\CAOSD\projects\tool-security-rules\..\scriptJsonToUvl\yamls_agrupation\medium\apps.v1.ReplicaSet29.yaml - ReplicaSet 3{{ generateName }} is invalid: problem validating schema. Check JSON formatting: jsonschema validation failed with 'https://raw.githubusercontent.com/yannh/kubernetes-json-schema/master/master-standalone-strict/replicaset-apps-v1.json#' - at '/metadata': additional properties 'clusterName' not allowed - at '/spec/template': validation failed   - at '/spec/template/metadata': additional properties 'clusterName' not allowed   - at '/spec/template/spec/volumes/0/ephemeral/volumeClaimTemplate/metadata': additional properties 'clusterName' not allowed | Summary: 1 resource found in 1 file - Valid: 0, Invalid: 1, Errors: 0, Skipped: 0"
apps.v1.ReplicaSet3.yaml,ReplicaSet,30,16,5,21,31.72,0.0,0,1198,420,294,1,308.18,38355.04,587.31,38942.35,True,False,28,312,82.95,100.0,"{'use_high_gid': 'trivy', 'no_mounted_hostpath': 'trivy', 'kubernetes_no_custom_proc_mask': 'trivy', 'no_host_network': 'trivy', 'no_shared_ipc_namespace': 'trivy', 'kubernetes_no_non_default_capabilities': 'trivy', 'kubernetes_no_host_port_access': 'trivy', 'kubernetes_no_hostprocess_containers': 'trivy', 'kubernetes_no_hostaliases': 'trivy', 'no_auto_mount_service_token': 'trivy', 'kubernetes_no_non_ephemeral_volumes': 'trivy', 'kubernetes_no_self_privesc': 'trivy', 'no_host_pid': 'trivy', 'kubernetes_drop_default_capabilities': 'trivy', 'no_privileged_containers': 'trivy', 'use_high_uid': 'trivy', 'cpuLimitsMissing': 'polaris', 'tagNotSpecified': 'polaris', 'memoryRequestsMissing': 'polaris', 'memoryLimitsMissing': 'polaris', 'cpuRequestsMissing': 'polaris'}","C:\Users\CAOSD\projects\tool-security-rules\resources\evaluation\tmp_remediateds_AST_Complete_V2_medium\rem_apps.v1.ReplicaSet3.yaml - ReplicaSet generateNameValue{{ generateName }} is invalid: problem validating schema. Check JSON formatting: jsonschema validation failed with 'https://raw.githubusercontent.com/yannh/kubernetes-json-schema/master/master-standalone-strict/replicaset-apps-v1.json#' - at '/spec/template/spec/overhead': got array, want null or object | Summary: 1 resource found in 1 file - Valid: 0, Invalid: 1, Errors: 0, Skipped: 0"
apps.v1.ReplicaSet30.yaml,Unknown,SCHEMA_ERROR,,,,,,0,0,0,0,0.0,0.0,0.0,288.54,,,,0,0.0,0.0,,"C:\Users\CAOSD\projects\tool-security-rules\..\scriptJsonToUvl\yamls_agrupation\medium\apps.v1.ReplicaSet30.yaml - ReplicaSet generateNameValue{{ generateName }} is invalid: problem validating schema. Check JSON formatting: jsonschema validation failed with 'https://raw.githubusercontent.com/yannh/kubernetes-json-schema/master/master-standalone-strict/replicaset-apps-v1.json#' - at '/spec/template/spec/resourceClaims/0': additional properties 'source' not allowed | Summary: 1 resource found in 1 file - Valid: 0, Invalid: 1, Errors: 0, Skipped: 0"
apps.v1.ReplicaSet31.yaml,Unknown,SCHEMA_ERROR,,,,,,0,0,0,0,0.0,0.0,0.0,276.18,,,,0,0.0,0.0,,"C:\Users\CAOSD\projects\tool-security-rules\..\scriptJsonToUvl\yamls_agrupation\medium\apps.v1.ReplicaSet31.yaml - ReplicaSet generateNameValue{{ generateName }} is invalid: problem validating schema. Check JSON formatting: jsonschema validation failed with 'https://raw.githubusercontent.com/yannh/kubernetes-json-schema/master/master-standalone-strict/replicaset-apps-v1.json#' - at '/spec/template/spec/volumes/0/ephemeral/volumeClaimTemplate/spec/resources': additional properties 'claims' not allowed - at '/spec/template/spec/resourceClaims/0': additional properties 'source' not allowed | Summary: 1 resource found in 1 file - Valid: 0, Invalid: 1, Errors: 0, Skipped: 0"
apps.v1.ReplicaSet32.yaml,Unknown,SCHEMA_ERROR,,,,,,0,0,0,0,0.0,0.0,0.0,314.65,,,,0,0.0,0.0,,"C:\Users\CAOSD\projects\tool-security-rules\..\scriptJsonToUvl\yamls_agrupation\medium\apps.v1.ReplicaSet32.yaml - ReplicaSet generateNameValue{{ generateName }} is invalid: problem validating schema. Check JSON formatting: jsonschema validation failed with 'https://raw.githubusercontent.com/yannh/kubernetes-json-schema/master/master-standalone-strict/replicaset-apps-v1.json#' - at '/spec/template/spec/resourceClaims/0': additional properties 'source' not allowed | Summary: 1 resource found in 1 file - Valid: 0, Invalid: 1, Errors: 0, Skipped: 0"
apps.v1.ReplicaSet33.yaml,Unknown,SCHEMA_ERROR,,,,,,0,0,0,0,0.0,0.0,0.0,318.97,,,,0,0.0,0.0,,"C:\Users\CAOSD\projects\tool-security-rules\..\scriptJsonToUvl\yamls_agrupation\medium\apps.v1.ReplicaSet33.yaml - ReplicaSet generateNameValue{{ generateName }} is invalid: problem validating schema. Check JSON formatting: jsonschema validation failed with 'https://raw.githubusercontent.com/yannh/kubernetes-json-schema/master/master-standalone-strict/replicaset-apps-v1.json#' - at '/spec/template/spec/resourceClaims/0': additional properties 'source' not allowed | Summary: 1 resource found in 1 file - Valid: 0, Invalid: 1, Errors: 0, Skipped: 0"
apps.v1.ReplicaSet34.yaml,Unknown,SCHEMA_ERROR,,,,,,0,0,0,0,0.0,0.0,0.0,307.38,,,,0,0.0,0.0,,"C:\Users\CAOSD\projects\tool-security-rules\..\scriptJsonToUvl\yamls_agrupation\medium\apps.v1.ReplicaSet34.yaml - ReplicaSet generateNameValue{{ generateName }} is invalid: problem validating schema. Check JSON formatting: jsonschema validation failed with 'https://raw.githubusercontent.com/yannh/kubernetes-json-schema/master/master-standalone-strict/replicaset-apps-v1.json#' - at '/spec/template/spec/resourceClaims/0': additional properties 'source' not allowed - at '/spec/template/spec/volumes/0/ephemeral/volumeClaimTemplate/spec/resources': additional properties 'claims' not allowed | Summary: 1 resource found in 1 file - Valid: 0, Invalid: 1, Errors: 0, Skipped: 0"
apps.v1.ReplicaSet35.yaml,Unknown,SCHEMA_ERROR,,,,,,0,0,0,0,0.0,0.0,0.0,302.37,,,,0,0.0,0.0,,"C:\Users\CAOSD\projects\tool-security-rules\..\scriptJsonToUvl\yamls_agrupation\medium\apps.v1.ReplicaSet35.yaml - ReplicaSet generateNameValue{{ generateName }} is invalid: problem validating schema. Check JSON formatting: jsonschema validation failed with 'https://raw.githubusercontent.com/yannh/kubernetes-json-schema/master/master-standalone-strict/replicaset-apps-v1.json#' - at '/spec/template/spec/resourceClaims/0': additional properties 'source' not allowed | Summary: 1 resource found in 1 file - Valid: 0, Invalid: 1, Errors: 0, Skipped: 0"
apps.v1.ReplicaSet39.yaml,Unknown,SCHEMA_ERROR,,,,,,0,0,0,0,0.0,0.0,0.0,308.96,,,,0,0.0,0.0,,"C:\Users\CAOSD\projects\tool-security-rules\..\scriptJsonToUvl\yamls_agrupation\medium\apps.v1.ReplicaSet39.yaml - ReplicaSet 3{{ generateName }} is invalid: problem validating schema. Check JSON formatting: jsonschema validation failed with 'https://raw.githubusercontent.com/yannh/kubernetes-json-schema/master/master-standalone-strict/replicaset-apps-v1.json#' - at '/metadata': additional properties 'clusterName' not allowed - at '/spec/template': validation failed   - at '/spec/template/spec/volumes/0/ephemeral/volumeClaimTemplate/metadata': additional properties 'clusterName' not allowed   - at '/spec/template/metadata': additional properties 'clusterName' not allowed | Summary: 1 resource found in 1 file - Valid: 0, Invalid: 1, Errors: 0, Skipped: 0"
apps.v1.ReplicaSet40.yaml,Unknown,SCHEMA_ERROR,,,,,,0,0,0,0,0.0,0.0,0.0,295.28,,,,0,0.0,0.0,,"C:\Users\CAOSD\projects\tool-security-rules\..\scriptJsonToUvl\yamls_agrupation\medium\apps.v1.ReplicaSet40.yaml - ReplicaSet 3{{ generateName }} is invalid: problem validating schema. Check JSON formatting: jsonschema validation failed with 'https://raw.githubusercontent.com/yannh/kubernetes-json-schema/master/master-standalone-strict/replicaset-apps-v1.json#' - at '/metadata': additional properties 'clusterName' not allowed - at '/spec/template': validation failed   - at '/spec/template/metadata': additional properties 'clusterName' not allowed   - at '/spec/template/spec/volumes/0/ephemeral': validation failed     - at '/spec/template/spec/volumes/0/ephemeral/volumeClaimTemplate/metadata': additional properties 'clusterName' not allowed     - at '/spec/template/spec/volumes/0/ephemeral': additional properties 'readOnly' not allowed | Summary: 1 resource found in 1 file - Valid: 0, Invalid: 1, Errors: 0, Skipped: 0"
apps.v1.ReplicaSet41.yaml,Unknown,SCHEMA_ERROR,,,,,,0,0,0,0,0.0,0.0,0.0,331.82,,,,0,0.0,0.0,,"C:\Users\CAOSD\projects\tool-security-rules\..\scriptJsonToUvl\yamls_agrupation\medium\apps.v1.ReplicaSet41.yaml - ReplicaSet 3{{ generateName }} is invalid: problem validating schema. Check JSON formatting: jsonschema validation failed with 'https://raw.githubusercontent.com/yannh/kubernetes-json-schema/master/master-standalone-strict/replicaset-apps-v1.json#' - at '/metadata': additional properties 'clusterName' not allowed - at '/spec/template': validation failed   - at '/spec/template/spec/volumes/0/ephemeral': validation failed     - at '/spec/template/spec/volumes/0/ephemeral/volumeClaimTemplate/metadata': additional properties 'clusterName' not allowed     - at '/spec/template/spec/volumes/0/ephemeral': additional properties 'readOnly' not allowed   - at '/spec/template/metadata': additional properties 'clusterName' not allowed | Summary: 1 resource found in 1 file - Valid: 0, Invalid: 1, Errors: 0, Skipped: 0"
apps.v1.ReplicaSet42.yaml,Unknown,SCHEMA_ERROR,,,,,,0,0,0,0,0.0,0.0,0.0,283.39,,,,0,0.0,0.0,,"C:\Users\CAOSD\projects\tool-security-rules\..\scriptJsonToUvl\yamls_agrupation\medium\apps.v1.ReplicaSet42.yaml - ReplicaSet generateNameValue{{ generateName }} is invalid: problem validating schema. Check JSON formatting: jsonschema validation failed with 'https://raw.githubusercontent.com/yannh/kubernetes-json-schema/master/master-standalone-strict/replicaset-apps-v1.json#' - at '/spec/template/spec/resourceClaims/0': additional properties 'source' not allowed | Summary: 1 resource found in 1 file - Valid: 0, Invalid: 1, Errors: 0, Skipped: 0"
apps.v1.ReplicaSet43.yaml,Unknown,SCHEMA_ERROR,,,,,,0,0,0,0,0.0,0.0,0.0,353.08,,,,0,0.0,0.0,,"C:\Users\CAOSD\projects\tool-security-rules\..\scriptJsonToUvl\yamls_agrupation\medium\apps.v1.ReplicaSet43.yaml - ReplicaSet generateNameValue{{ generateName }} is invalid: problem validating schema. Check JSON formatting: jsonschema validation failed with 'https://raw.githubusercontent.com/yannh/kubernetes-json-schema/master/master-standalone-strict/replicaset-apps-v1.json#' - at '/spec/template/spec/volumes/0/ephemeral/volumeClaimTemplate/spec/resources': additional properties 'claims' not allowed - at '/spec/template/spec/resourceClaims/0': additional properties 'source' not allowed | Summary: 1 resource found in 1 file - Valid: 0, Invalid: 1, Errors: 0, Skipped: 0"
apps.v1.ReplicaSet44.yaml,Unknown,SCHEMA_ERROR,,,,,,0,0,0,0,0.0,0.0,0.0,325.91,,,,0,0.0,0.0,,"C:\Users\CAOSD\projects\tool-security-rules\..\scriptJsonToUvl\yamls_agrupation\medium\apps.v1.ReplicaSet44.yaml - ReplicaSet generateNameValue{{ generateName }} is invalid: problem validating schema. Check JSON formatting: jsonschema validation failed with 'https://raw.githubusercontent.com/yannh/kubernetes-json-schema/master/master-standalone-strict/replicaset-apps-v1.json#' - at '/spec/template/spec/resourceClaims/0': additional properties 'source' not allowed | Summary: 1 resource found in 1 file - Valid: 0, Invalid: 1, Errors: 0, Skipped: 0"
apps.v1.ReplicaSet45.yaml,Unknown,SCHEMA_ERROR,,,,,,0,0,0,0,0.0,0.0,0.0,605.25,,,,0,0.0,0.0,,"C:\Users\CAOSD\projects\tool-security-rules\..\scriptJsonToUvl\yamls_agrupation\medium\apps.v1.ReplicaSet45.yaml - ReplicaSet generateNameValue{{ generateName }} is invalid: problem validating schema. Check JSON formatting: jsonschema validation failed with 'https://raw.githubusercontent.com/yannh/kubernetes-json-schema/master/master-standalone-strict/replicaset-apps-v1.json#' - at '/spec/template/spec/resourceClaims/0': additional properties 'source' not allowed | Summary: 1 resource found in 1 file - Valid: 0, Invalid: 1, Errors: 0, Skipped: 0"
apps.v1.ReplicaSet46.yaml,Unknown,SCHEMA_ERROR,,,,,,0,0,0,0,0.0,0.0,0.0,290.71,,,,0,0.0,0.0,,"C:\Users\CAOSD\projects\tool-security-rules\..\scriptJsonToUvl\yamls_agrupation\medium\apps.v1.ReplicaSet46.yaml - ReplicaSet generateNameValue{{ generateName }} is invalid: problem validating schema. Check JSON formatting: jsonschema validation failed with 'https://raw.githubusercontent.com/yannh/kubernetes-json-schema/master/master-standalone-strict/replicaset-apps-v1.json#' - at '/spec/template/spec/resourceClaims/0': additional properties 'source' not allowed - at '/spec/template/spec/volumes/0/ephemeral/volumeClaimTemplate/spec/resources': additional properties 'claims' not allowed | Summary: 1 resource found in 1 file - Valid: 0, Invalid: 1, Errors: 0, Skipped: 0"
apps.v1.ReplicaSet47.yaml,Unknown,SCHEMA_ERROR,,,,,,0,0,0,0,0.0,0.0,0.0,287.2,,,,0,0.0,0.0,,"C:\Users\CAOSD\projects\tool-security-rules\..\scriptJsonToUvl\yamls_agrupation\medium\apps.v1.ReplicaSet47.yaml - ReplicaSet generateNameValue{{ generateName }} is invalid: problem validating schema. Check JSON formatting: jsonschema validation failed with 'https://raw.githubusercontent.com/yannh/kubernetes-json-schema/master/master-standalone-strict/replicaset-apps-v1.json#' - at '/spec/template/spec/resourceClaims/0': additional properties 'source' not allowed | Summary: 1 resource found in 1 file - Valid: 0, Invalid: 1, Errors: 0, Skipped: 0"
apps.v1.ReplicaSet48.yaml,Unknown,SCHEMA_ERROR,,,,,,0,0,0,0,0.0,0.0,0.0,297.58,,,,0,0.0,0.0,,"C:\Users\CAOSD\projects\tool-security-rules\..\scriptJsonToUvl\yamls_agrupation\medium\apps.v1.ReplicaSet48.yaml - ReplicaSet generateNameValue{{ generateName }} is invalid: problem validating schema. Check JSON formatting: jsonschema validation failed with 'https://raw.githubusercontent.com/yannh/kubernetes-json-schema/master/master-standalone-strict/replicaset-apps-v1.json#' - at '/spec/template/spec/resourceClaims/0': additional properties 'source' not allowed | Summary: 1 resource found in 1 file - Valid: 0, Invalid: 1, Errors: 0, Skipped: 0"
apps.v1.ReplicaSet49.yaml,Unknown,SCHEMA_ERROR,,,,,,0,0,0,0,0.0,0.0,0.0,284.23,,,,0,0.0,0.0,,"C:\Users\CAOSD\projects\tool-security-rules\..\scriptJsonToUvl\yamls_agrupation\medium\apps.v1.ReplicaSet49.yaml - ReplicaSet generateNameValue{{ generateName }} is invalid: problem validating schema. Check JSON formatting: jsonschema validation failed with 'https://raw.githubusercontent.com/yannh/kubernetes-json-schema/master/master-standalone-strict/replicaset-apps-v1.json#' - at '/spec/template/spec/resourceClaims/0': additional properties 'source' not allowed | Summary: 1 resource found in 1 file - Valid: 0, Invalid: 1, Errors: 0, Skipped: 0"
apps.v1.ReplicaSet5.yaml,ReplicaSet,30,16,5,21,31.72,0.0,0,1193,420,294,1,214.17,36781.41,589.07,37370.48,True,False,28,312,82.86,100.0,"{'use_high_gid': 'trivy', 'no_mounted_hostpath': 'trivy', 'kubernetes_no_custom_proc_mask': 'trivy', 'no_host_network': 'trivy', 'no_shared_ipc_namespace': 'trivy', 'kubernetes_no_non_default_capabilities': 'trivy', 'kubernetes_no_host_port_access': 'trivy', 'kubernetes_no_hostprocess_containers': 'trivy', 'kubernetes_no_hostaliases': 'trivy', 'no_auto_mount_service_token': 'trivy', 'kubernetes_no_non_ephemeral_volumes': 'trivy', 'kubernetes_no_self_privesc': 'trivy', 'no_host_pid': 'trivy', 'kubernetes_drop_default_capabilities': 'trivy', 'no_privileged_containers': 'trivy', 'use_high_uid': 'trivy', 'cpuLimitsMissing': 'polaris', 'tagNotSpecified': 'polaris', 'memoryRequestsMissing': 'polaris', 'memoryLimitsMissing': 'polaris', 'cpuRequestsMissing': 'polaris'}","C:\Users\CAOSD\projects\tool-security-rules\resources\evaluation\tmp_remediateds_AST_Complete_V2_medium\rem_apps.v1.ReplicaSet5.yaml - ReplicaSet generateNameValue{{ generateName }} is invalid: problem validating schema. Check JSON formatting: jsonschema validation failed with 'https://raw.githubusercontent.com/yannh/kubernetes-json-schema/master/master-standalone-strict/replicaset-apps-v1.json#' - at '/spec/template/spec/overhead': got array, want null or object | Summary: 1 resource found in 1 file - Valid: 0, Invalid: 1, Errors: 0, Skipped: 0"
apps.v1.ReplicaSet50.yaml,Unknown,SCHEMA_ERROR,,,,,,0,0,0,0,0.0,0.0,0.0,300.32,,,,0,0.0,0.0,,"C:\Users\CAOSD\projects\tool-security-rules\..\scriptJsonToUvl\yamls_agrupation\medium\apps.v1.ReplicaSet50.yaml - ReplicaSet generateNameValue{{ generateName }} is invalid: problem validating schema. Check JSON formatting: jsonschema validation failed with 'https://raw.githubusercontent.com/yannh/kubernetes-json-schema/master/master-standalone-strict/replicaset-apps-v1.json#' - at '/spec/template/spec/resourceClaims/0': additional properties 'source' not allowed | Summary: 1 resource found in 1 file - Valid: 0, Invalid: 1, Errors: 0, Skipped: 0"
apps.v1.ReplicaSet51.yaml,Unknown,SCHEMA_ERROR,,,,,,0,0,0,0,0.0,0.0,0.0,282.85,,,,0,0.0,0.0,,"C:\Users\CAOSD\projects\tool-security-rules\..\scriptJsonToUvl\yamls_agrupation\medium\apps.v1.ReplicaSet51.yaml - ReplicaSet generateNameValue{{ generateName }} is invalid: problem validating schema. Check JSON formatting: jsonschema validation failed with 'https://raw.githubusercontent.com/yannh/kubernetes-json-schema/master/master-standalone-strict/replicaset-apps-v1.json#' - at '/spec/template/spec/resourceClaims/0': additional properties 'source' not allowed | Summary: 1 resource found in 1 file - Valid: 0, Invalid: 1, Errors: 0, Skipped: 0"
apps.v1.ReplicaSet52.yaml,Unknown,SCHEMA_ERROR,,,,,,0,0,0,0,0.0,0.0,0.0,281.89,,,,0,0.0,0.0,,"C:\Users\CAOSD\projects\tool-security-rules\..\scriptJsonToUvl\yamls_agrupation\medium\apps.v1.ReplicaSet52.yaml - ReplicaSet generateNameValue{{ generateName }} is invalid: problem validating schema. Check JSON formatting: jsonschema validation failed with 'https://raw.githubusercontent.com/yannh/kubernetes-json-schema/master/master-standalone-strict/replicaset-apps-v1.json#' - at '/spec/template/spec/resourceClaims/0': additional properties 'source' not allowed | Summary: 1 resource found in 1 file - Valid: 0, Invalid: 1, Errors: 0, Skipped: 0"
apps.v1.ReplicaSet53.yaml,Unknown,SCHEMA_ERROR,,,,,,0,0,0,0,0.0,0.0,0.0,286.4,,,,0,0.0,0.0,,"C:\Users\CAOSD\projects\tool-security-rules\..\scriptJsonToUvl\yamls_agrupation\medium\apps.v1.ReplicaSet53.yaml - ReplicaSet generateNameValue{{ generateName }} is invalid: problem validating schema. Check JSON formatting: jsonschema validation failed with 'https://raw.githubusercontent.com/yannh/kubernetes-json-schema/master/master-standalone-strict/replicaset-apps-v1.json#' - at '/spec/template/spec/resourceClaims/0': additional properties 'source' not allowed | Summary: 1 resource found in 1 file - Valid: 0, Invalid: 1, Errors: 0, Skipped: 0"
apps.v1.ReplicaSet54.yaml,Unknown,SCHEMA_ERROR,,,,,,0,0,0,0,0.0,0.0,0.0,305.28,,,,0,0.0,0.0,,"C:\Users\CAOSD\projects\tool-security-rules\..\scriptJsonToUvl\yamls_agrupation\medium\apps.v1.ReplicaSet54.yaml - ReplicaSet generateNameValue{{ generateName }} is invalid: problem validating schema. Check JSON formatting: jsonschema validation failed with 'https://raw.githubusercontent.com/yannh/kubernetes-json-schema/master/master-standalone-strict/replicaset-apps-v1.json#' - at '/spec/template/spec/resourceClaims/0': additional properties 'source' not allowed | Summary: 1 resource found in 1 file - Valid: 0, Invalid: 1, Errors: 0, Skipped: 0"
apps.v1.ReplicaSet55.yaml,Unknown,SCHEMA_ERROR,,,,,,0,0,0,0,0.0,0.0,0.0,317.67,,,,0,0.0,0.0,,"C:\Users\CAOSD\projects\tool-security-rules\..\scriptJsonToUvl\yamls_agrupation\medium\apps.v1.ReplicaSet55.yaml - ReplicaSet generateNameValue{{ generateName }} is invalid: problem validating schema. Check JSON formatting: jsonschema validation failed with 'https://raw.githubusercontent.com/yannh/kubernetes-json-schema/master/master-standalone-strict/replicaset-apps-v1.json#' - at '/spec/template/spec/resourceClaims/0': additional properties 'source' not allowed | Summary: 1 resource found in 1 file - Valid: 0, Invalid: 1, Errors: 0, Skipped: 0"
apps.v1.ReplicaSet56.yaml,Unknown,SCHEMA_ERROR,,,,,,0,0,0,0,0.0,0.0,0.0,348.77,,,,0,0.0,0.0,,"C:\Users\CAOSD\projects\tool-security-rules\..\scriptJsonToUvl\yamls_agrupation\medium\apps.v1.ReplicaSet56.yaml - ReplicaSet generateNameValue{{ generateName }} is invalid: problem validating schema. Check JSON formatting: jsonschema validation failed with 'https://raw.githubusercontent.com/yannh/kubernetes-json-schema/master/master-standalone-strict/replicaset-apps-v1.json#' - at '/spec/template/spec/resourceClaims/0': additional properties 'source' not allowed | Summary: 1 resource found in 1 file - Valid: 0, Invalid: 1, Errors: 0, Skipped: 0"
apps.v1.ReplicaSet6.yaml,Unknown,SCHEMA_ERROR,,,,,,0,0,0,0,0.0,0.0,0.0,282.8,,,,0,0.0,0.0,,"C:\Users\CAOSD\projects\tool-security-rules\..\scriptJsonToUvl\yamls_agrupation\medium\apps.v1.ReplicaSet6.yaml - ReplicaSet generateNameValue{{ generateName }} is invalid: problem validating schema. Check JSON formatting: jsonschema validation failed with 'https://raw.githubusercontent.com/yannh/kubernetes-json-schema/master/master-standalone-strict/replicaset-apps-v1.json#' - at '/spec/template/spec/resourceClaims/0': additional properties 'source' not allowed | Summary: 1 resource found in 1 file - Valid: 0, Invalid: 1, Errors: 0, Skipped: 0"
apps.v1.ReplicaSet7.yaml,Unknown,SCHEMA_ERROR,,,,,,0,0,0,0,0.0,0.0,0.0,469.96,,,,0,0.0,0.0,,"C:\Users\CAOSD\projects\tool-security-rules\..\scriptJsonToUvl\yamls_agrupation\medium\apps.v1.ReplicaSet7.yaml - ReplicaSet generateNameValue{{ generateName }} is invalid: problem validating schema. Check JSON formatting: jsonschema validation failed with 'https://raw.githubusercontent.com/yannh/kubernetes-json-schema/master/master-standalone-strict/replicaset-apps-v1.json#' - at '/spec/template/spec/volumes/0/ephemeral/volumeClaimTemplate/spec/resources': additional properties 'claims' not allowed - at '/spec/template/spec/resourceClaims/0': additional properties 'source' not allowed | Summary: 1 resource found in 1 file - Valid: 0, Invalid: 1, Errors: 0, Skipped: 0"
apps.v1.ReplicaSet8.yaml,Unknown,SCHEMA_ERROR,,,,,,0,0,0,0,0.0,0.0,0.0,302.62,,,,0,0.0,0.0,,"C:\Users\CAOSD\projects\tool-security-rules\..\scriptJsonToUvl\yamls_agrupation\medium\apps.v1.ReplicaSet8.yaml - ReplicaSet generateNameValue{{ generateName }} is invalid: problem validating schema. Check JSON formatting: jsonschema validation failed with 'https://raw.githubusercontent.com/yannh/kubernetes-json-schema/master/master-standalone-strict/replicaset-apps-v1.json#' - at '/spec/template/spec/resourceClaims/0': additional properties 'source' not allowed - at '/spec/template/spec/volumes/0/ephemeral/volumeClaimTemplate/spec/resources': additional properties 'claims' not allowed | Summary: 1 resource found in 1 file - Valid: 0, Invalid: 1, Errors: 0, Skipped: 0"
apps.v1.ReplicaSet9.yaml,ReplicaSet,30,16,5,21,31.72,0.0,0,1198,420,294,1,217.66,38314.48,587.68,38902.16,True,False,28,312,82.95,100.0,"{'use_high_gid': 'trivy', 'no_mounted_hostpath': 'trivy', 'kubernetes_no_custom_proc_mask': 'trivy', 'no_host_network': 'trivy', 'no_shared_ipc_namespace': 'trivy', 'kubernetes_no_non_default_capabilities': 'trivy', 'kubernetes_no_host_port_access': 'trivy', 'kubernetes_no_hostprocess_containers': 'trivy', 'kubernetes_no_hostaliases': 'trivy', 'no_auto_mount_service_token': 'trivy', 'kubernetes_no_non_ephemeral_volumes': 'trivy', 'kubernetes_no_self_privesc': 'trivy', 'no_host_pid': 'trivy', 'kubernetes_drop_default_capabilities': 'trivy', 'no_privileged_containers': 'trivy', 'use_high_uid': 'trivy', 'cpuLimitsMissing': 'polaris', 'tagNotSpecified': 'polaris', 'memoryRequestsMissing': 'polaris', 'memoryLimitsMissing': 'polaris', 'cpuRequestsMissing': 'polaris'}","C:\Users\CAOSD\projects\tool-security-rules\resources\evaluation\tmp_remediateds_AST_Complete_V2_medium\rem_apps.v1.ReplicaSet9.yaml - ReplicaSet generateNameValue{{ generateName }} is invalid: problem validating schema. Check JSON formatting: jsonschema validation failed with 'https://raw.githubusercontent.com/yannh/kubernetes-json-schema/master/master-standalone-strict/replicaset-apps-v1.json#' - at '/spec/template/spec/overhead': got array, want null or object | Summary: 1 resource found in 1 file - Valid: 0, Invalid: 1, Errors: 0, Skipped: 0"
apps.v1.StatefulSet.after_roundtrip.yaml,Unknown,SCHEMA_ERROR,,,,,,0,0,0,0,0.0,0.0,0.0,624.18,,,,0,0.0,0.0,,"C:\Users\CAOSD\projects\tool-security-rules\..\scriptJsonToUvl\yamls_agrupation\medium\apps.v1.StatefulSet.after_roundtrip.yaml - StatefulSet generateNameValue{{ generateName }} is invalid: problem validating schema. Check JSON formatting: jsonschema validation failed with 'https://raw.githubusercontent.com/yannh/kubernetes-json-schema/master/master-standalone-strict/statefulset-apps-v1.json#' - at '/spec/template/spec/resourceClaims/0': additional properties 'source' not allowed | Summary: 1 resource found in 1 file - Valid: 0, Invalid: 1, Errors: 0, Skipped: 0"
apps.v1.StatefulSet.after_roundtrip1.yaml,Unknown,SCHEMA_ERROR,,,,,,0,0,0,0,0.0,0.0,0.0,280.64,,,,0,0.0,0.0,,"C:\Users\CAOSD\projects\tool-security-rules\..\scriptJsonToUvl\yamls_agrupation\medium\apps.v1.StatefulSet.after_roundtrip1.yaml - StatefulSet generateNameValue{{ generateName }} is invalid: problem validating schema. Check JSON formatting: jsonschema validation failed with 'https://raw.githubusercontent.com/yannh/kubernetes-json-schema/master/master-standalone-strict/statefulset-apps-v1.json#' - at '/spec/template/spec/resourceClaims/0': additional properties 'source' not allowed | Summary: 1 resource found in 1 file - Valid: 0, Invalid: 1, Errors: 0, Skipped: 0"
apps.v1.StatefulSet.after_roundtrip10.yaml,Unknown,SCHEMA_ERROR,,,,,,0,0,0,0,0.0,0.0,0.0,291.46,,,,0,0.0,0.0,,"C:\Users\CAOSD\projects\tool-security-rules\..\scriptJsonToUvl\yamls_agrupation\medium\apps.v1.StatefulSet.after_roundtrip10.yaml - StatefulSet 3{{ generateName }} is invalid: problem validating schema. Check JSON formatting: jsonschema validation failed with 'https://raw.githubusercontent.com/yannh/kubernetes-json-schema/master/master-standalone-strict/statefulset-apps-v1.json#' - at '/metadata': additional properties 'clusterName' not allowed - at '/spec': validation failed   - at '/spec/template': validation failed     - at '/spec/template/metadata': additional properties 'clusterName' not allowed     - at '/spec/template/spec/volumes/0/ephemeral/volumeClaimTemplate/metadata': additional properties 'clusterName' not allowed   - at '/spec/volumeClaimTemplates/0/metadata': additional properties 'clusterName' not allowed | Summary: 1 resource found in 1 file - Valid: 0, Invalid: 1, Errors: 0, Skipped: 0"
apps.v1.StatefulSet.after_roundtrip11.yaml,Unknown,SCHEMA_ERROR,,,,,,0,0,0,0,0.0,0.0,0.0,348.89,,,,0,0.0,0.0,,"C:\Users\CAOSD\projects\tool-security-rules\..\scriptJsonToUvl\yamls_agrupation\medium\apps.v1.StatefulSet.after_roundtrip11.yaml - StatefulSet 3{{ generateName }} is invalid: problem validating schema. Check JSON formatting: jsonschema validation failed with 'https://raw.githubusercontent.com/yannh/kubernetes-json-schema/master/master-standalone-strict/statefulset-apps-v1.json#' - at '/metadata': additional properties 'clusterName' not allowed - at '/spec': validation failed   - at '/spec/template': validation failed     - at '/spec/template/metadata': additional properties 'clusterName' not allowed     - at '/spec/template/spec/volumes/0/ephemeral/volumeClaimTemplate/metadata': additional properties 'clusterName' not allowed   - at '/spec/volumeClaimTemplates/0/metadata': additional properties 'clusterName' not allowed | Summary: 1 resource found in 1 file - Valid: 0, Invalid: 1, Errors: 0, Skipped: 0"
apps.v1.StatefulSet.after_roundtrip12.yaml,Unknown,SCHEMA_ERROR,,,,,,0,0,0,0,0.0,0.0,0.0,292.2,,,,0,0.0,0.0,,"C:\Users\CAOSD\projects\tool-security-rules\..\scriptJsonToUvl\yamls_agrupation\medium\apps.v1.StatefulSet.after_roundtrip12.yaml - StatefulSet generateNameValue{{ generateName }} is invalid: problem validating schema. Check JSON formatting: jsonschema validation failed with 'https://raw.githubusercontent.com/yannh/kubernetes-json-schema/master/master-standalone-strict/statefulset-apps-v1.json#' - at '/spec/template/spec/resourceClaims/0': additional properties 'source' not allowed | Summary: 1 resource found in 1 file - Valid: 0, Invalid: 1, Errors: 0, Skipped: 0"
apps.v1.StatefulSet.after_roundtrip13.yaml,Unknown,SCHEMA_ERROR,,,,,,0,0,0,0,0.0,0.0,0.0,314.19,,,,0,0.0,0.0,,"C:\Users\CAOSD\projects\tool-security-rules\..\scriptJsonToUvl\yamls_agrupation\medium\apps.v1.StatefulSet.after_roundtrip13.yaml - StatefulSet generateNameValue{{ generateName }} is invalid: problem validating schema. Check JSON formatting: jsonschema validation failed with 'https://raw.githubusercontent.com/yannh/kubernetes-json-schema/master/master-standalone-strict/statefulset-apps-v1.json#' - at '/spec/template/spec/resourceClaims/0': additional properties 'source' not allowed | Summary: 1 resource found in 1 file - Valid: 0, Invalid: 1, Errors: 0, Skipped: 0"
apps.v1.StatefulSet.after_roundtrip2.yaml,Unknown,SCHEMA_ERROR,,,,,,0,0,0,0,0.0,0.0,0.0,411.68,,,,0,0.0,0.0,,"C:\Users\CAOSD\projects\tool-security-rules\..\scriptJsonToUvl\yamls_agrupation\medium\apps.v1.StatefulSet.after_roundtrip2.yaml - StatefulSet generateNameValue{{ generateName }} is invalid: problem validating schema. Check JSON formatting: jsonschema validation failed with 'https://raw.githubusercontent.com/yannh/kubernetes-json-schema/master/master-standalone-strict/statefulset-apps-v1.json#' - at '/spec/template/spec/resourceClaims/0': additional properties 'source' not allowed | Summary: 1 resource found in 1 file - Valid: 0, Invalid: 1, Errors: 0, Skipped: 0"
apps.v1.StatefulSet.after_roundtrip3.yaml,Unknown,SCHEMA_ERROR,,,,,,0,0,0,0,0.0,0.0,0.0,311.69,,,,0,0.0,0.0,,"C:\Users\CAOSD\projects\tool-security-rules\..\scriptJsonToUvl\yamls_agrupation\medium\apps.v1.StatefulSet.after_roundtrip3.yaml - StatefulSet generateNameValue{{ generateName }} is invalid: problem validating schema. Check JSON formatting: jsonschema validation failed with 'https://raw.githubusercontent.com/yannh/kubernetes-json-schema/master/master-standalone-strict/statefulset-apps-v1.json#' - at '/spec/template/spec/resourceClaims/0': additional properties 'source' not allowed | Summary: 1 resource found in 1 file - Valid: 0, Invalid: 1, Errors: 0, Skipped: 0"
apps.v1.StatefulSet.after_roundtrip5.yaml,Unknown,SCHEMA_ERROR,,,,,,0,0,0,0,0.0,0.0,0.0,287.45,,,,0,0.0,0.0,,"C:\Users\CAOSD\projects\tool-security-rules\..\scriptJsonToUvl\yamls_agrupation\medium\apps.v1.StatefulSet.after_roundtrip5.yaml - StatefulSet generateNameValue{{ generateName }} is invalid: problem validating schema. Check JSON formatting: jsonschema validation failed with 'https://raw.githubusercontent.com/yannh/kubernetes-json-schema/master/master-standalone-strict/statefulset-apps-v1.json#' - at '/spec/template/spec/resourceClaims/0': additional properties 'source' not allowed | Summary: 1 resource found in 1 file - Valid: 0, Invalid: 1, Errors: 0, Skipped: 0"
apps.v1.StatefulSet.after_roundtrip6.yaml,Unknown,SCHEMA_ERROR,,,,,,0,0,0,0,0.0,0.0,0.0,321.47,,,,0,0.0,0.0,,"C:\Users\CAOSD\projects\tool-security-rules\..\scriptJsonToUvl\yamls_agrupation\medium\apps.v1.StatefulSet.after_roundtrip6.yaml - StatefulSet generateNameValue{{ generateName }} is invalid: problem validating schema. Check JSON formatting: jsonschema validation failed with 'https://raw.githubusercontent.com/yannh/kubernetes-json-schema/master/master-standalone-strict/statefulset-apps-v1.json#' - at '/spec/template/spec/resourceClaims/0': additional properties 'source' not allowed | Summary: 1 resource found in 1 file - Valid: 0, Invalid: 1, Errors: 0, Skipped: 0"
apps.v1.StatefulSet.after_roundtrip8.yaml,Unknown,SCHEMA_ERROR,,,,,,0,0,0,0,0.0,0.0,0.0,311.54,,,,0,0.0,0.0,,"C:\Users\CAOSD\projects\tool-security-rules\..\scriptJsonToUvl\yamls_agrupation\medium\apps.v1.StatefulSet.after_roundtrip8.yaml - StatefulSet generateNameValue{{ generateName }} is invalid: problem validating schema. Check JSON formatting: jsonschema validation failed with 'https://raw.githubusercontent.com/yannh/kubernetes-json-schema/master/master-standalone-strict/statefulset-apps-v1.json#' - at '/spec/template/spec/resourceClaims/0': additional properties 'source' not allowed | Summary: 1 resource found in 1 file - Valid: 0, Invalid: 1, Errors: 0, Skipped: 0"
apps.v1.StatefulSet.after_roundtrip9.yaml,Unknown,SCHEMA_ERROR,,,,,,0,0,0,0,0.0,0.0,0.0,292.04,,,,0,0.0,0.0,,"C:\Users\CAOSD\projects\tool-security-rules\..\scriptJsonToUvl\yamls_agrupation\medium\apps.v1.StatefulSet.after_roundtrip9.yaml - StatefulSet generateNameValue{{ generateName }} is invalid: problem validating schema. Check JSON formatting: jsonschema validation failed with 'https://raw.githubusercontent.com/yannh/kubernetes-json-schema/master/master-standalone-strict/statefulset-apps-v1.json#' - at '/spec/template/spec/resourceClaims/0': additional properties 'source' not allowed | Summary: 1 resource found in 1 file - Valid: 0, Invalid: 1, Errors: 0, Skipped: 0"
apps.v1.StatefulSet.yaml,Unknown,SCHEMA_ERROR,,,,,,0,0,0,0,0.0,0.0,0.0,343.28,,,,0,0.0,0.0,,"C:\Users\CAOSD\projects\tool-security-rules\..\scriptJsonToUvl\yamls_agrupation\medium\apps.v1.StatefulSet.yaml - StatefulSet generateNameValue{{ generateName }} is invalid: problem validating schema. Check JSON formatting: jsonschema validation failed with 'https://raw.githubusercontent.com/yannh/kubernetes-json-schema/master/master-standalone-strict/statefulset-apps-v1.json#' - at '/spec/template/spec/resourceClaims/0': additional properties 'source' not allowed | Summary: 1 resource found in 1 file - Valid: 0, Invalid: 1, Errors: 0, Skipped: 0"
apps.v1.StatefulSet1.yaml,Unknown,SCHEMA_ERROR,,,,,,0,0,0,0,0.0,0.0,0.0,291.07,,,,0,0.0,0.0,,"C:\Users\CAOSD\projects\tool-security-rules\..\scriptJsonToUvl\yamls_agrupation\medium\apps.v1.StatefulSet1.yaml - StatefulSet generateNameValue{{ generateName }} is invalid: problem validating schema. Check JSON formatting: jsonschema validation failed with 'https://raw.githubusercontent.com/yannh/kubernetes-json-schema/master/master-standalone-strict/statefulset-apps-v1.json#' - at '/spec/template/spec': validation failed   - at '/spec/template/spec/resourceClaims/0': additional properties 'source' not allowed   - at '/spec/template/spec/volumes/0/ephemeral/volumeClaimTemplate/spec/resources': additional properties 'claims' not allowed - at '/spec/volumeClaimTemplates/0': validation failed   - at '/spec/volumeClaimTemplates/0/spec/resources': additional properties 'claims' not allowed   - at '/spec/volumeClaimTemplates/0/status': additional properties 'resizeStatus' not allowed | Summary: 1 resource found in 1 file - Valid: 0, Invalid: 1, Errors: 0, Skipped: 0"
apps.v1.StatefulSet10.yaml,Unknown,SCHEMA_ERROR,,,,,,0,0,0,0,0.0,0.0,0.0,287.62,,,,0,0.0,0.0,,"C:\Users\CAOSD\projects\tool-security-rules\..\scriptJsonToUvl\yamls_agrupation\medium\apps.v1.StatefulSet10.yaml - StatefulSet 3{{ generateName }} is invalid: problem validating schema. Check JSON formatting: jsonschema validation failed with 'https://raw.githubusercontent.com/yannh/kubernetes-json-schema/master/master-standalone-strict/statefulset-apps-v1.json#' - at '/spec/volumeClaimTemplates/0/status': additional properties 'resizeStatus' not allowed | Summary: 1 resource found in 1 file - Valid: 0, Invalid: 1, Errors: 0, Skipped: 0"
apps.v1.StatefulSet11.yaml,Unknown,SCHEMA_ERROR,,,,,,0,0,0,0,0.0,0.0,0.0,302.33,,,,0,0.0,0.0,,"C:\Users\CAOSD\projects\tool-security-rules\..\scriptJsonToUvl\yamls_agrupation\medium\apps.v1.StatefulSet11.yaml - StatefulSet generateNameValue{{ generateName }} is invalid: problem validating schema. Check JSON formatting: jsonschema validation failed with 'https://raw.githubusercontent.com/yannh/kubernetes-json-schema/master/master-standalone-strict/statefulset-apps-v1.json#' - at '/spec/volumeClaimTemplates/0/status': additional properties 'resizeStatus' not allowed | Summary: 1 resource found in 1 file - Valid: 0, Invalid: 1, Errors: 0, Skipped: 0"
apps.v1.StatefulSet12.yaml,Unknown,SCHEMA_ERROR,,,,,,0,0,0,0,0.0,0.0,0.0,288.15,,,,0,0.0,0.0,,"C:\Users\CAOSD\projects\tool-security-rules\..\scriptJsonToUvl\yamls_agrupation\medium\apps.v1.StatefulSet12.yaml - StatefulSet 3{{ generateName }} is invalid: problem validating schema. Check JSON formatting: jsonschema validation failed with 'https://raw.githubusercontent.com/yannh/kubernetes-json-schema/master/master-standalone-strict/statefulset-apps-v1.json#' - at '/metadata': additional properties 'clusterName' not allowed - at '/spec': validation failed   - at '/spec/template/metadata': additional properties 'clusterName' not allowed   - at '/spec/volumeClaimTemplates/0/metadata': additional properties 'clusterName' not allowed | Summary: 1 resource found in 1 file - Valid: 0, Invalid: 1, Errors: 0, Skipped: 0"
apps.v1.StatefulSet14.yaml,Unknown,SCHEMA_ERROR,,,,,,0,0,0,0,0.0,0.0,0.0,307.05,,,,0,0.0,0.0,,"C:\Users\CAOSD\projects\tool-security-rules\..\scriptJsonToUvl\yamls_agrupation\medium\apps.v1.StatefulSet14.yaml - StatefulSet 3{{ generateName }} is invalid: problem validating schema. Check JSON formatting: jsonschema validation failed with 'https://raw.githubusercontent.com/yannh/kubernetes-json-schema/master/master-standalone-strict/statefulset-apps-v1.json#' - at '/metadata': additional properties 'clusterName' not allowed - at '/spec': validation failed   - at '/spec/template/metadata': additional properties 'clusterName' not allowed   - at '/spec/volumeClaimTemplates/0/metadata': additional properties 'clusterName' not allowed | Summary: 1 resource found in 1 file - Valid: 0, Invalid: 1, Errors: 0, Skipped: 0"
apps.v1.StatefulSet15.yaml,Unknown,SCHEMA_ERROR,,,,,,0,0,0,0,0.0,0.0,0.0,287.45,,,,0,0.0,0.0,,"C:\Users\CAOSD\projects\tool-security-rules\..\scriptJsonToUvl\yamls_agrupation\medium\apps.v1.StatefulSet15.yaml - StatefulSet generateNameValue{{ generateName }} is invalid: problem validating schema. Check JSON formatting: jsonschema validation failed with 'https://raw.githubusercontent.com/yannh/kubernetes-json-schema/master/master-standalone-strict/statefulset-apps-v1.json#' - at '/metadata': additional properties 'clusterName' not allowed - at '/spec': validation failed   - at '/spec/volumeClaimTemplates/0': validation failed     - at '/spec/volumeClaimTemplates/0/metadata': additional properties 'clusterName' not allowed     - at '/spec/volumeClaimTemplates/0/status': additional properties 'resizeStatus' not allowed   - at '/spec/template': validation failed     - at '/spec/template/metadata': additional properties 'clusterName' not allowed     - at '/spec/template/spec/volumes/0/ephemeral/volumeClaimTemplate/metadata': additional properties 'clusterName' not allowed | Summary: 1 resource found in 1 file - Valid: 0, Invalid: 1, Errors: 0, Skipped: 0"
apps.v1.StatefulSet16.yaml,Unknown,SCHEMA_ERROR,,,,,,0,0,0,0,0.0,0.0,0.0,360.43,,,,0,0.0,0.0,,"C:\Users\CAOSD\projects\tool-security-rules\..\scriptJsonToUvl\yamls_agrupation\medium\apps.v1.StatefulSet16.yaml - StatefulSet 3{{ generateName }} is invalid: problem validating schema. Check JSON formatting: jsonschema validation failed with 'https://raw.githubusercontent.com/yannh/kubernetes-json-schema/master/master-standalone-strict/statefulset-apps-v1.json#' - at '/metadata': additional properties 'clusterName' not allowed - at '/spec': validation failed   - at '/spec/template': validation failed     - at '/spec/template/spec/volumes/0/ephemeral/volumeClaimTemplate/metadata': additional properties 'clusterName' not allowed     - at '/spec/template/metadata': additional properties 'clusterName' not allowed   - at '/spec/volumeClaimTemplates/0/metadata': additional properties 'clusterName' not allowed | Summary: 1 resource found in 1 file - Valid: 0, Invalid: 1, Errors: 0, Skipped: 0"
apps.v1.StatefulSet17.yaml,Unknown,SCHEMA_ERROR,,,,,,0,0,0,0,0.0,0.0,0.0,532.44,,,,0,0.0,0.0,,"C:\Users\CAOSD\projects\tool-security-rules\..\scriptJsonToUvl\yamls_agrupation\medium\apps.v1.StatefulSet17.yaml - StatefulSet 3{{ generateName }} is invalid: problem validating schema. Check JSON formatting: jsonschema validation failed with 'https://raw.githubusercontent.com/yannh/kubernetes-json-schema/master/master-standalone-strict/statefulset-apps-v1.json#' - at '/metadata': additional properties 'clusterName' not allowed - at '/spec': validation failed   - at '/spec/template': validation failed     - at '/spec/template/metadata': additional properties 'clusterName' not allowed     - at '/spec/template/spec/volumes/0/ephemeral/volumeClaimTemplate/metadata': additional properties 'clusterName' not allowed   - at '/spec/volumeClaimTemplates/0': validation failed     - at '/spec/volumeClaimTemplates/0/metadata': additional properties 'clusterName' not allowed     - at '/spec/volumeClaimTemplates/0/status': additional properties 'resizeStatus' not allowed | Summary: 1 resource found in 1 file - Valid: 0, Invalid: 1, Errors: 0, Skipped: 0"
apps.v1.StatefulSet18.yaml,Unknown,SCHEMA_ERROR,,,,,,0,0,0,0,0.0,0.0,0.0,401.81,,,,0,0.0,0.0,,"C:\Users\CAOSD\projects\tool-security-rules\..\scriptJsonToUvl\yamls_agrupation\medium\apps.v1.StatefulSet18.yaml - StatefulSet generateNameValue{{ generateName }} is invalid: problem validating schema. Check JSON formatting: jsonschema validation failed with 'https://raw.githubusercontent.com/yannh/kubernetes-json-schema/master/master-standalone-strict/statefulset-apps-v1.json#' - at '/spec/template/spec/resourceClaims/0': additional properties 'source' not allowed | Summary: 1 resource found in 1 file - Valid: 0, Invalid: 1, Errors: 0, Skipped: 0"
apps.v1.StatefulSet19.yaml,Unknown,SCHEMA_ERROR,,,,,,0,0,0,0,0.0,0.0,0.0,538.41,,,,0,0.0,0.0,,"C:\Users\CAOSD\projects\tool-security-rules\..\scriptJsonToUvl\yamls_agrupation\medium\apps.v1.StatefulSet19.yaml - StatefulSet generateNameValue{{ generateName }} is invalid: problem validating schema. Check JSON formatting: jsonschema validation failed with 'https://raw.githubusercontent.com/yannh/kubernetes-json-schema/master/master-standalone-strict/statefulset-apps-v1.json#' - at '/spec/template/spec': validation failed   - at '/spec/template/spec/resourceClaims/0': additional properties 'source' not allowed   - at '/spec/template/spec/volumes/0/ephemeral/volumeClaimTemplate/spec/resources': additional properties 'claims' not allowed - at '/spec/volumeClaimTemplates/0/spec/resources': additional properties 'claims' not allowed | Summary: 1 resource found in 1 file - Valid: 0, Invalid: 1, Errors: 0, Skipped: 0"
apps.v1.StatefulSet2.yaml,Unknown,SCHEMA_ERROR,,,,,,0,0,0,0,0.0,0.0,0.0,307.39,,,,0,0.0,0.0,,"C:\Users\CAOSD\projects\tool-security-rules\..\scriptJsonToUvl\yamls_agrupation\medium\apps.v1.StatefulSet2.yaml - StatefulSet generateNameValue{{ generateName }} is invalid: problem validating schema. Check JSON formatting: jsonschema validation failed with 'https://raw.githubusercontent.com/yannh/kubernetes-json-schema/master/master-standalone-strict/statefulset-apps-v1.json#' - at '/spec/volumeClaimTemplates/0/spec/resources': additional properties 'claims' not allowed - at '/spec/template/spec': validation failed   - at '/spec/template/spec/resourceClaims/0': additional properties 'source' not allowed   - at '/spec/template/spec/volumes/0/ephemeral/volumeClaimTemplate/spec/resources': additional properties 'claims' not allowed | Summary: 1 resource found in 1 file - Valid: 0, Invalid: 1, Errors: 0, Skipped: 0"
apps.v1.StatefulSet20.yaml,Unknown,SCHEMA_ERROR,,,,,,0,0,0,0,0.0,0.0,0.0,321.35,,,,0,0.0,0.0,,"C:\Users\CAOSD\projects\tool-security-rules\..\scriptJsonToUvl\yamls_agrupation\medium\apps.v1.StatefulSet20.yaml - StatefulSet generateNameValue{{ generateName }} is invalid: problem validating schema. Check JSON formatting: jsonschema validation failed with 'https://raw.githubusercontent.com/yannh/kubernetes-json-schema/master/master-standalone-strict/statefulset-apps-v1.json#' - at '/spec/template/spec/resourceClaims/0': additional properties 'source' not allowed | Summary: 1 resource found in 1 file - Valid: 0, Invalid: 1, Errors: 0, Skipped: 0"
apps.v1.StatefulSet21.yaml,Unknown,SCHEMA_ERROR,,,,,,0,0,0,0,0.0,0.0,0.0,400.83,,,,0,0.0,0.0,,"C:\Users\CAOSD\projects\tool-security-rules\..\scriptJsonToUvl\yamls_agrupation\medium\apps.v1.StatefulSet21.yaml - StatefulSet generateNameValue{{ generateName }} is invalid: problem validating schema. Check JSON formatting: jsonschema validation failed with 'https://raw.githubusercontent.com/yannh/kubernetes-json-schema/master/master-standalone-strict/statefulset-apps-v1.json#' - at '/spec/template/spec/resourceClaims/0': additional properties 'source' not allowed | Summary: 1 resource found in 1 file - Valid: 0, Invalid: 1, Errors: 0, Skipped: 0"
apps.v1.StatefulSet22.yaml,Unknown,SCHEMA_ERROR,,,,,,0,0,0,0,0.0,0.0,0.0,284.46,,,,0,0.0,0.0,,"C:\Users\CAOSD\projects\tool-security-rules\..\scriptJsonToUvl\yamls_agrupation\medium\apps.v1.StatefulSet22.yaml - StatefulSet generateNameValue{{ generateName }} is invalid: problem validating schema. Check JSON formatting: jsonschema validation failed with 'https://raw.githubusercontent.com/yannh/kubernetes-json-schema/master/master-standalone-strict/statefulset-apps-v1.json#' - at '/spec/volumeClaimTemplates/0/spec/resources': additional properties 'claims' not allowed - at '/spec/template/spec': validation failed   - at '/spec/template/spec/resourceClaims/0': additional properties 'source' not allowed   - at '/spec/template/spec/volumes/0/ephemeral/volumeClaimTemplate/spec/resources': additional properties 'claims' not allowed | Summary: 1 resource found in 1 file - Valid: 0, Invalid: 1, Errors: 0, Skipped: 0"
apps.v1.StatefulSet23.yaml,Unknown,SCHEMA_ERROR,,,,,,0,0,0,0,0.0,0.0,0.0,297.72,,,,0,0.0,0.0,,"C:\Users\CAOSD\projects\tool-security-rules\..\scriptJsonToUvl\yamls_agrupation\medium\apps.v1.StatefulSet23.yaml - StatefulSet generateNameValue{{ generateName }} is invalid: problem validating schema. Check JSON formatting: jsonschema validation failed with 'https://raw.githubusercontent.com/yannh/kubernetes-json-schema/master/master-standalone-strict/statefulset-apps-v1.json#' - at '/spec/template/spec/resourceClaims/0': additional properties 'source' not allowed | Summary: 1 resource found in 1 file - Valid: 0, Invalid: 1, Errors: 0, Skipped: 0"
apps.v1.StatefulSet24.yaml,Unknown,SCHEMA_ERROR,,,,,,0,0,0,0,0.0,0.0,0.0,306.82,,,,0,0.0,0.0,,"C:\Users\CAOSD\projects\tool-security-rules\..\scriptJsonToUvl\yamls_agrupation\medium\apps.v1.StatefulSet24.yaml - StatefulSet 3{{ generateName }} is invalid: problem validating schema. Check JSON formatting: jsonschema validation failed with 'https://raw.githubusercontent.com/yannh/kubernetes-json-schema/master/master-standalone-strict/statefulset-apps-v1.json#' - at '/metadata': additional properties 'clusterName' not allowed - at '/spec': validation failed   - at '/spec/template/metadata': additional properties 'clusterName' not allowed   - at '/spec/volumeClaimTemplates/0/metadata': additional properties 'clusterName' not allowed | Summary: 1 resource found in 1 file - Valid: 0, Invalid: 1, Errors: 0, Skipped: 0"
apps.v1.StatefulSet26.yaml,Unknown,SCHEMA_ERROR,,,,,,0,0,0,0,0.0,0.0,0.0,309.49,,,,0,0.0,0.0,,"C:\Users\CAOSD\projects\tool-security-rules\..\scriptJsonToUvl\yamls_agrupation\medium\apps.v1.StatefulSet26.yaml - StatefulSet 3{{ generateName }} is invalid: problem validating schema. Check JSON formatting: jsonschema validation failed with 'https://raw.githubusercontent.com/yannh/kubernetes-json-schema/master/master-standalone-strict/statefulset-apps-v1.json#' - at '/metadata': additional properties 'clusterName' not allowed - at '/spec': validation failed   - at '/spec/template/metadata': additional properties 'clusterName' not allowed   - at '/spec/volumeClaimTemplates/0/metadata': additional properties 'clusterName' not allowed | Summary: 1 resource found in 1 file - Valid: 0, Invalid: 1, Errors: 0, Skipped: 0"
apps.v1.StatefulSet27.yaml,Unknown,SCHEMA_ERROR,,,,,,0,0,0,0,0.0,0.0,0.0,309.23,,,,0,0.0,0.0,,"C:\Users\CAOSD\projects\tool-security-rules\..\scriptJsonToUvl\yamls_agrupation\medium\apps.v1.StatefulSet27.yaml - StatefulSet generateNameValue{{ generateName }} is invalid: problem validating schema. Check JSON formatting: jsonschema validation failed with 'https://raw.githubusercontent.com/yannh/kubernetes-json-schema/master/master-standalone-strict/statefulset-apps-v1.json#' - at '/metadata': additional properties 'clusterName' not allowed - at '/spec': validation failed   - at '/spec/volumeClaimTemplates/0': validation failed     - at '/spec/volumeClaimTemplates/0/metadata': additional properties 'clusterName' not allowed     - at '/spec/volumeClaimTemplates/0/status': additional properties 'resizeStatus' not allowed   - at '/spec/template': validation failed     - at '/spec/template/spec/volumes/0/ephemeral/volumeClaimTemplate/metadata': additional properties 'clusterName' not allowed     - at '/spec/template/metadata': additional properties 'clusterName' not allowed | Summary: 1 resource found in 1 file - Valid: 0, Invalid: 1, Errors: 0, Skipped: 0"
apps.v1.StatefulSet28.yaml,Unknown,SCHEMA_ERROR,,,,,,0,0,0,0,0.0,0.0,0.0,319.46,,,,0,0.0,0.0,,"C:\Users\CAOSD\projects\tool-security-rules\..\scriptJsonToUvl\yamls_agrupation\medium\apps.v1.StatefulSet28.yaml - StatefulSet 3{{ generateName }} is invalid: problem validating schema. Check JSON formatting: jsonschema validation failed with 'https://raw.githubusercontent.com/yannh/kubernetes-json-schema/master/master-standalone-strict/statefulset-apps-v1.json#' - at '/metadata': additional properties 'clusterName' not allowed - at '/spec': validation failed   - at '/spec/template': validation failed     - at '/spec/template/spec/volumes/0/ephemeral/volumeClaimTemplate/metadata': additional properties 'clusterName' not allowed     - at '/spec/template/metadata': additional properties 'clusterName' not allowed   - at '/spec/volumeClaimTemplates/0/metadata': additional properties 'clusterName' not allowed | Summary: 1 resource found in 1 file - Valid: 0, Invalid: 1, Errors: 0, Skipped: 0"
apps.v1.StatefulSet29.yaml,Unknown,SCHEMA_ERROR,,,,,,0,0,0,0,0.0,0.0,0.0,316.09,,,,0,0.0,0.0,,"C:\Users\CAOSD\projects\tool-security-rules\..\scriptJsonToUvl\yamls_agrupation\medium\apps.v1.StatefulSet29.yaml - StatefulSet 3{{ generateName }} is invalid: problem validating schema. Check JSON formatting: jsonschema validation failed with 'https://raw.githubusercontent.com/yannh/kubernetes-json-schema/master/master-standalone-strict/statefulset-apps-v1.json#' - at '/metadata': additional properties 'clusterName' not allowed - at '/spec': validation failed   - at '/spec/template': validation failed     - at '/spec/template/metadata': additional properties 'clusterName' not allowed     - at '/spec/template/spec/volumes/0/ephemeral/volumeClaimTemplate/metadata': additional properties 'clusterName' not allowed   - at '/spec/volumeClaimTemplates/0': validation failed     - at '/spec/volumeClaimTemplates/0/metadata': additional properties 'clusterName' not allowed     - at '/spec/volumeClaimTemplates/0/status': additional properties 'resizeStatus' not allowed | Summary: 1 resource found in 1 file - Valid: 0, Invalid: 1, Errors: 0, Skipped: 0"
apps.v1.StatefulSet3.yaml,Unknown,SCHEMA_ERROR,,,,,,0,0,0,0,0.0,0.0,0.0,289.8,,,,0,0.0,0.0,,"C:\Users\CAOSD\projects\tool-security-rules\..\scriptJsonToUvl\yamls_agrupation\medium\apps.v1.StatefulSet3.yaml - StatefulSet generateNameValue{{ generateName }} is invalid: problem validating schema. Check JSON formatting: jsonschema validation failed with 'https://raw.githubusercontent.com/yannh/kubernetes-json-schema/master/master-standalone-strict/statefulset-apps-v1.json#' - at '/spec/volumeClaimTemplates/0/status': additional properties 'resizeStatus' not allowed | Summary: 1 resource found in 1 file - Valid: 0, Invalid: 1, Errors: 0, Skipped: 0"
apps.v1.StatefulSet30.yaml,Unknown,SCHEMA_ERROR,,,,,,0,0,0,0,0.0,0.0,0.0,337.1,,,,0,0.0,0.0,,"C:\Users\CAOSD\projects\tool-security-rules\..\scriptJsonToUvl\yamls_agrupation\medium\apps.v1.StatefulSet30.yaml - StatefulSet generateNameValue{{ generateName }} is invalid: problem validating schema. Check JSON formatting: jsonschema validation failed with 'https://raw.githubusercontent.com/yannh/kubernetes-json-schema/master/master-standalone-strict/statefulset-apps-v1.json#' - at '/spec/template/spec/resourceClaims/0': additional properties 'source' not allowed | Summary: 1 resource found in 1 file - Valid: 0, Invalid: 1, Errors: 0, Skipped: 0"
apps.v1.StatefulSet31.yaml,Unknown,SCHEMA_ERROR,,,,,,0,0,0,0,0.0,0.0,0.0,304.89,,,,0,0.0,0.0,,"C:\Users\CAOSD\projects\tool-security-rules\..\scriptJsonToUvl\yamls_agrupation\medium\apps.v1.StatefulSet31.yaml - StatefulSet generateNameValue{{ generateName }} is invalid: problem validating schema. Check JSON formatting: jsonschema validation failed with 'https://raw.githubusercontent.com/yannh/kubernetes-json-schema/master/master-standalone-strict/statefulset-apps-v1.json#' - at '/spec/template/spec': validation failed   - at '/spec/template/spec/resourceClaims/0': additional properties 'source' not allowed   - at '/spec/template/spec/volumes/0/ephemeral/volumeClaimTemplate/spec/resources': additional properties 'claims' not allowed - at '/spec/volumeClaimTemplates/0/spec/resources': additional properties 'claims' not allowed | Summary: 1 resource found in 1 file - Valid: 0, Invalid: 1, Errors: 0, Skipped: 0"
apps.v1.StatefulSet32.yaml,Unknown,SCHEMA_ERROR,,,,,,0,0,0,0,0.0,0.0,0.0,287.41,,,,0,0.0,0.0,,"C:\Users\CAOSD\projects\tool-security-rules\..\scriptJsonToUvl\yamls_agrupation\medium\apps.v1.StatefulSet32.yaml - StatefulSet generateNameValue{{ generateName }} is invalid: problem validating schema. Check JSON formatting: jsonschema validation failed with 'https://raw.githubusercontent.com/yannh/kubernetes-json-schema/master/master-standalone-strict/statefulset-apps-v1.json#' - at '/spec/template/spec/resourceClaims/0': additional properties 'source' not allowed | Summary: 1 resource found in 1 file - Valid: 0, Invalid: 1, Errors: 0, Skipped: 0"
apps.v1.StatefulSet33.yaml,Unknown,SCHEMA_ERROR,,,,,,0,0,0,0,0.0,0.0,0.0,282.14,,,,0,0.0,0.0,,"C:\Users\CAOSD\projects\tool-security-rules\..\scriptJsonToUvl\yamls_agrupation\medium\apps.v1.StatefulSet33.yaml - StatefulSet generateNameValue{{ generateName }} is invalid: problem validating schema. Check JSON formatting: jsonschema validation failed with 'https://raw.githubusercontent.com/yannh/kubernetes-json-schema/master/master-standalone-strict/statefulset-apps-v1.json#' - at '/spec/template/spec/resourceClaims/0': additional properties 'source' not allowed | Summary: 1 resource found in 1 file - Valid: 0, Invalid: 1, Errors: 0, Skipped: 0"
apps.v1.StatefulSet34.yaml,Unknown,SCHEMA_ERROR,,,,,,0,0,0,0,0.0,0.0,0.0,369.86,,,,0,0.0,0.0,,"C:\Users\CAOSD\projects\tool-security-rules\..\scriptJsonToUvl\yamls_agrupation\medium\apps.v1.StatefulSet34.yaml - StatefulSet generateNameValue{{ generateName }} is invalid: problem validating schema. Check JSON formatting: jsonschema validation failed with 'https://raw.githubusercontent.com/yannh/kubernetes-json-schema/master/master-standalone-strict/statefulset-apps-v1.json#' - at '/spec/template/spec': validation failed   - at '/spec/template/spec/resourceClaims/0': additional properties 'source' not allowed   - at '/spec/template/spec/volumes/0/ephemeral/volumeClaimTemplate/spec/resources': additional properties 'claims' not allowed - at '/spec/volumeClaimTemplates/0/spec/resources': additional properties 'claims' not allowed | Summary: 1 resource found in 1 file - Valid: 0, Invalid: 1, Errors: 0, Skipped: 0"
apps.v1.StatefulSet35.yaml,Unknown,SCHEMA_ERROR,,,,,,0,0,0,0,0.0,0.0,0.0,300.85,,,,0,0.0,0.0,,"C:\Users\CAOSD\projects\tool-security-rules\..\scriptJsonToUvl\yamls_agrupation\medium\apps.v1.StatefulSet35.yaml - StatefulSet generateNameValue{{ generateName }} is invalid: problem validating schema. Check JSON formatting: jsonschema validation failed with 'https://raw.githubusercontent.com/yannh/kubernetes-json-schema/master/master-standalone-strict/statefulset-apps-v1.json#' - at '/spec/template/spec/resourceClaims/0': additional properties 'source' not allowed | Summary: 1 resource found in 1 file - Valid: 0, Invalid: 1, Errors: 0, Skipped: 0"
apps.v1.StatefulSet39.yaml,Unknown,SCHEMA_ERROR,,,,,,0,0,0,0,0.0,0.0,0.0,306.59,,,,0,0.0,0.0,,"C:\Users\CAOSD\projects\tool-security-rules\..\scriptJsonToUvl\yamls_agrupation\medium\apps.v1.StatefulSet39.yaml - StatefulSet 3{{ generateName }} is invalid: problem validating schema. Check JSON formatting: jsonschema validation failed with 'https://raw.githubusercontent.com/yannh/kubernetes-json-schema/master/master-standalone-strict/statefulset-apps-v1.json#' - at '/metadata': additional properties 'clusterName' not allowed - at '/spec': validation failed   - at '/spec/volumeClaimTemplates/0/metadata': additional properties 'clusterName' not allowed   - at '/spec/template': validation failed     - at '/spec/template/spec/volumes/0/ephemeral/volumeClaimTemplate/metadata': additional properties 'clusterName' not allowed     - at '/spec/template/metadata': additional properties 'clusterName' not allowed | Summary: 1 resource found in 1 file - Valid: 0, Invalid: 1, Errors: 0, Skipped: 0"
apps.v1.StatefulSet4.yaml,Unknown,SCHEMA_ERROR,,,,,,0,0,0,0,0.0,0.0,0.0,294.22,,,,0,0.0,0.0,,"C:\Users\CAOSD\projects\tool-security-rules\..\scriptJsonToUvl\yamls_agrupation\medium\apps.v1.StatefulSet4.yaml - StatefulSet 3{{ generateName }} is invalid: problem validating schema. Check JSON formatting: jsonschema validation failed with 'https://raw.githubusercontent.com/yannh/kubernetes-json-schema/master/master-standalone-strict/statefulset-apps-v1.json#' - at '/spec/volumeClaimTemplates/0/status': additional properties 'resizeStatus' not allowed | Summary: 1 resource found in 1 file - Valid: 0, Invalid: 1, Errors: 0, Skipped: 0"
apps.v1.StatefulSet40.yaml,Unknown,SCHEMA_ERROR,,,,,,0,0,0,0,0.0,0.0,0.0,303.81,,,,0,0.0,0.0,,"C:\Users\CAOSD\projects\tool-security-rules\..\scriptJsonToUvl\yamls_agrupation\medium\apps.v1.StatefulSet40.yaml - StatefulSet 3{{ generateName }} is invalid: problem validating schema. Check JSON formatting: jsonschema validation failed with 'https://raw.githubusercontent.com/yannh/kubernetes-json-schema/master/master-standalone-strict/statefulset-apps-v1.json#' - at '/metadata': additional properties 'clusterName' not allowed - at '/spec': validation failed   - at '/spec/template': validation failed     - at '/spec/template/spec/volumes/0/ephemeral': validation failed       - at '/spec/template/spec/volumes/0/ephemeral/volumeClaimTemplate/metadata': additional properties 'clusterName' not allowed       - at '/spec/template/spec/volumes/0/ephemeral': additional properties 'readOnly' not allowed     - at '/spec/template/metadata': additional properties 'clusterName' not allowed   - at '/spec/volumeClaimTemplates/0/metadata': additional properties 'clusterName' not allowed | Summary: 1 resource found in 1 file - Valid: 0, Invalid: 1, Errors: 0, Skipped: 0"
apps.v1.StatefulSet41.yaml,Unknown,SCHEMA_ERROR,,,,,,0,0,0,0,0.0,0.0,0.0,289.53,,,,0,0.0,0.0,,"C:\Users\CAOSD\projects\tool-security-rules\..\scriptJsonToUvl\yamls_agrupation\medium\apps.v1.StatefulSet41.yaml - StatefulSet 3{{ generateName }} is invalid: problem validating schema. Check JSON formatting: jsonschema validation failed with 'https://raw.githubusercontent.com/yannh/kubernetes-json-schema/master/master-standalone-strict/statefulset-apps-v1.json#' - at '/metadata': additional properties 'clusterName' not allowed - at '/spec': validation failed   - at '/spec/template': validation failed     - at '/spec/template/spec/volumes/0/ephemeral': validation failed       - at '/spec/template/spec/volumes/0/ephemeral/volumeClaimTemplate/metadata': additional properties 'clusterName' not allowed       - at '/spec/template/spec/volumes/0/ephemeral': additional properties 'readOnly' not allowed     - at '/spec/template/metadata': additional properties 'clusterName' not allowed   - at '/spec/volumeClaimTemplates/0/metadata': additional properties 'clusterName' not allowed | Summary: 1 resource found in 1 file - Valid: 0, Invalid: 1, Errors: 0, Skipped: 0"
apps.v1.StatefulSet42.yaml,Unknown,SCHEMA_ERROR,,,,,,0,0,0,0,0.0,0.0,0.0,302.4,,,,0,0.0,0.0,,"C:\Users\CAOSD\projects\tool-security-rules\..\scriptJsonToUvl\yamls_agrupation\medium\apps.v1.StatefulSet42.yaml - StatefulSet generateNameValue{{ generateName }} is invalid: problem validating schema. Check JSON formatting: jsonschema validation failed with 'https://raw.githubusercontent.com/yannh/kubernetes-json-schema/master/master-standalone-strict/statefulset-apps-v1.json#' - at '/spec/template/spec/resourceClaims/0': additional properties 'source' not allowed | Summary: 1 resource found in 1 file - Valid: 0, Invalid: 1, Errors: 0, Skipped: 0"
apps.v1.StatefulSet43.yaml,Unknown,SCHEMA_ERROR,,,,,,0,0,0,0,0.0,0.0,0.0,396.66,,,,0,0.0,0.0,,"C:\Users\CAOSD\projects\tool-security-rules\..\scriptJsonToUvl\yamls_agrupation\medium\apps.v1.StatefulSet43.yaml - StatefulSet generateNameValue{{ generateName }} is invalid: problem validating schema. Check JSON formatting: jsonschema validation failed with 'https://raw.githubusercontent.com/yannh/kubernetes-json-schema/master/master-standalone-strict/statefulset-apps-v1.json#' - at '/spec/template/spec': validation failed   - at '/spec/template/spec/resourceClaims/0': additional properties 'source' not allowed   - at '/spec/template/spec/volumes/0/ephemeral/volumeClaimTemplate/spec/resources': additional properties 'claims' not allowed - at '/spec/volumeClaimTemplates/0/spec/resources': additional properties 'claims' not allowed | Summary: 1 resource found in 1 file - Valid: 0, Invalid: 1, Errors: 0, Skipped: 0"
apps.v1.StatefulSet44.yaml,Unknown,SCHEMA_ERROR,,,,,,0,0,0,0,0.0,0.0,0.0,311.45,,,,0,0.0,0.0,,"C:\Users\CAOSD\projects\tool-security-rules\..\scriptJsonToUvl\yamls_agrupation\medium\apps.v1.StatefulSet44.yaml - StatefulSet generateNameValue{{ generateName }} is invalid: problem validating schema. Check JSON formatting: jsonschema validation failed with 'https://raw.githubusercontent.com/yannh/kubernetes-json-schema/master/master-standalone-strict/statefulset-apps-v1.json#' - at '/spec/template/spec/resourceClaims/0': additional properties 'source' not allowed | Summary: 1 resource found in 1 file - Valid: 0, Invalid: 1, Errors: 0, Skipped: 0"
apps.v1.StatefulSet45.yaml,Unknown,SCHEMA_ERROR,,,,,,0,0,0,0,0.0,0.0,0.0,306.12,,,,0,0.0,0.0,,"C:\Users\CAOSD\projects\tool-security-rules\..\scriptJsonToUvl\yamls_agrupation\medium\apps.v1.StatefulSet45.yaml - StatefulSet generateNameValue{{ generateName }} is invalid: problem validating schema. Check JSON formatting: jsonschema validation failed with 'https://raw.githubusercontent.com/yannh/kubernetes-json-schema/master/master-standalone-strict/statefulset-apps-v1.json#' - at '/spec/template/spec/resourceClaims/0': additional properties 'source' not allowed | Summary: 1 resource found in 1 file - Valid: 0, Invalid: 1, Errors: 0, Skipped: 0"
apps.v1.StatefulSet46.yaml,Unknown,SCHEMA_ERROR,,,,,,0,0,0,0,0.0,0.0,0.0,320.53,,,,0,0.0,0.0,,"C:\Users\CAOSD\projects\tool-security-rules\..\scriptJsonToUvl\yamls_agrupation\medium\apps.v1.StatefulSet46.yaml - StatefulSet generateNameValue{{ generateName }} is invalid: problem validating schema. Check JSON formatting: jsonschema validation failed with 'https://raw.githubusercontent.com/yannh/kubernetes-json-schema/master/master-standalone-strict/statefulset-apps-v1.json#' - at '/spec/volumeClaimTemplates/0/spec/resources': additional properties 'claims' not allowed - at '/spec/template/spec': validation failed   - at '/spec/template/spec/volumes/0/ephemeral/volumeClaimTemplate/spec/resources': additional properties 'claims' not allowed   - at '/spec/template/spec/resourceClaims/0': additional properties 'source' not allowed | Summary: 1 resource found in 1 file - Valid: 0, Invalid: 1, Errors: 0, Skipped: 0"
apps.v1.StatefulSet47.yaml,Unknown,SCHEMA_ERROR,,,,,,0,0,0,0,0.0,0.0,0.0,305.8,,,,0,0.0,0.0,,"C:\Users\CAOSD\projects\tool-security-rules\..\scriptJsonToUvl\yamls_agrupation\medium\apps.v1.StatefulSet47.yaml - StatefulSet generateNameValue{{ generateName }} is invalid: problem validating schema. Check JSON formatting: jsonschema validation failed with 'https://raw.githubusercontent.com/yannh/kubernetes-json-schema/master/master-standalone-strict/statefulset-apps-v1.json#' - at '/spec/template/spec/resourceClaims/0': additional properties 'source' not allowed | Summary: 1 resource found in 1 file - Valid: 0, Invalid: 1, Errors: 0, Skipped: 0"
apps.v1.StatefulSet48.yaml,Unknown,SCHEMA_ERROR,,,,,,0,0,0,0,0.0,0.0,0.0,322.57,,,,0,0.0,0.0,,"C:\Users\CAOSD\projects\tool-security-rules\..\scriptJsonToUvl\yamls_agrupation\medium\apps.v1.StatefulSet48.yaml - StatefulSet generateNameValue{{ generateName }} is invalid: problem validating schema. Check JSON formatting: jsonschema validation failed with 'https://raw.githubusercontent.com/yannh/kubernetes-json-schema/master/master-standalone-strict/statefulset-apps-v1.json#' - at '/spec/template/spec/resourceClaims/0': additional properties 'source' not allowed | Summary: 1 resource found in 1 file - Valid: 0, Invalid: 1, Errors: 0, Skipped: 0"
apps.v1.StatefulSet49.yaml,Unknown,SCHEMA_ERROR,,,,,,0,0,0,0,0.0,0.0,0.0,303.06,,,,0,0.0,0.0,,"C:\Users\CAOSD\projects\tool-security-rules\..\scriptJsonToUvl\yamls_agrupation\medium\apps.v1.StatefulSet49.yaml - StatefulSet generateNameValue{{ generateName }} is invalid: problem validating schema. Check JSON formatting: jsonschema validation failed with 'https://raw.githubusercontent.com/yannh/kubernetes-json-schema/master/master-standalone-strict/statefulset-apps-v1.json#' - at '/spec/template/spec/resourceClaims/0': additional properties 'source' not allowed | Summary: 1 resource found in 1 file - Valid: 0, Invalid: 1, Errors: 0, Skipped: 0"
apps.v1.StatefulSet5.yaml,Unknown,SCHEMA_ERROR,,,,,,0,0,0,0,0.0,0.0,0.0,300.23,,,,0,0.0,0.0,,"C:\Users\CAOSD\projects\tool-security-rules\..\scriptJsonToUvl\yamls_agrupation\medium\apps.v1.StatefulSet5.yaml - StatefulSet generateNameValue{{ generateName }} is invalid: problem validating schema. Check JSON formatting: jsonschema validation failed with 'https://raw.githubusercontent.com/yannh/kubernetes-json-schema/master/master-standalone-strict/statefulset-apps-v1.json#' - at '/spec/volumeClaimTemplates/0/status': additional properties 'resizeStatus' not allowed | Summary: 1 resource found in 1 file - Valid: 0, Invalid: 1, Errors: 0, Skipped: 0"
apps.v1.StatefulSet50.yaml,Unknown,SCHEMA_ERROR,,,,,,0,0,0,0,0.0,0.0,0.0,323.29,,,,0,0.0,0.0,,"C:\Users\CAOSD\projects\tool-security-rules\..\scriptJsonToUvl\yamls_agrupation\medium\apps.v1.StatefulSet50.yaml - StatefulSet generateNameValue{{ generateName }} is invalid: problem validating schema. Check JSON formatting: jsonschema validation failed with 'https://raw.githubusercontent.com/yannh/kubernetes-json-schema/master/master-standalone-strict/statefulset-apps-v1.json#' - at '/spec/template/spec/resourceClaims/0': additional properties 'source' not allowed | Summary: 1 resource found in 1 file - Valid: 0, Invalid: 1, Errors: 0, Skipped: 0"
apps.v1.StatefulSet51.yaml,Unknown,SCHEMA_ERROR,,,,,,0,0,0,0,0.0,0.0,0.0,319.25,,,,0,0.0,0.0,,"C:\Users\CAOSD\projects\tool-security-rules\..\scriptJsonToUvl\yamls_agrupation\medium\apps.v1.StatefulSet51.yaml - StatefulSet generateNameValue{{ generateName }} is invalid: problem validating schema. Check JSON formatting: jsonschema validation failed with 'https://raw.githubusercontent.com/yannh/kubernetes-json-schema/master/master-standalone-strict/statefulset-apps-v1.json#' - at '/spec/template/spec/resourceClaims/0': additional properties 'source' not allowed | Summary: 1 resource found in 1 file - Valid: 0, Invalid: 1, Errors: 0, Skipped: 0"
apps.v1.StatefulSet52.yaml,Unknown,SCHEMA_ERROR,,,,,,0,0,0,0,0.0,0.0,0.0,291.02,,,,0,0.0,0.0,,"C:\Users\CAOSD\projects\tool-security-rules\..\scriptJsonToUvl\yamls_agrupation\medium\apps.v1.StatefulSet52.yaml - StatefulSet generateNameValue{{ generateName }} is invalid: problem validating schema. Check JSON formatting: jsonschema validation failed with 'https://raw.githubusercontent.com/yannh/kubernetes-json-schema/master/master-standalone-strict/statefulset-apps-v1.json#' - at '/spec/template/spec/resourceClaims/0': additional properties 'source' not allowed | Summary: 1 resource found in 1 file - Valid: 0, Invalid: 1, Errors: 0, Skipped: 0"
apps.v1.StatefulSet53.yaml,Unknown,SCHEMA_ERROR,,,,,,0,0,0,0,0.0,0.0,0.0,328.36,,,,0,0.0,0.0,,"C:\Users\CAOSD\projects\tool-security-rules\..\scriptJsonToUvl\yamls_agrupation\medium\apps.v1.StatefulSet53.yaml - StatefulSet generateNameValue{{ generateName }} is invalid: problem validating schema. Check JSON formatting: jsonschema validation failed with 'https://raw.githubusercontent.com/yannh/kubernetes-json-schema/master/master-standalone-strict/statefulset-apps-v1.json#' - at '/spec/template/spec/resourceClaims/0': additional properties 'source' not allowed | Summary: 1 resource found in 1 file - Valid: 0, Invalid: 1, Errors: 0, Skipped: 0"
apps.v1.StatefulSet54.yaml,Unknown,SCHEMA_ERROR,,,,,,0,0,0,0,0.0,0.0,0.0,321.8,,,,0,0.0,0.0,,"C:\Users\CAOSD\projects\tool-security-rules\..\scriptJsonToUvl\yamls_agrupation\medium\apps.v1.StatefulSet54.yaml - StatefulSet generateNameValue{{ generateName }} is invalid: problem validating schema. Check JSON formatting: jsonschema validation failed with 'https://raw.githubusercontent.com/yannh/kubernetes-json-schema/master/master-standalone-strict/statefulset-apps-v1.json#' - at '/spec/template/spec/resourceClaims/0': additional properties 'source' not allowed | Summary: 1 resource found in 1 file - Valid: 0, Invalid: 1, Errors: 0, Skipped: 0"
apps.v1.StatefulSet55.yaml,Unknown,SCHEMA_ERROR,,,,,,0,0,0,0,0.0,0.0,0.0,543.51,,,,0,0.0,0.0,,"C:\Users\CAOSD\projects\tool-security-rules\..\scriptJsonToUvl\yamls_agrupation\medium\apps.v1.StatefulSet55.yaml - StatefulSet generateNameValue{{ generateName }} is invalid: problem validating schema. Check JSON formatting: jsonschema validation failed with 'https://raw.githubusercontent.com/yannh/kubernetes-json-schema/master/master-standalone-strict/statefulset-apps-v1.json#' - at '/spec/template/spec/resourceClaims/0': additional properties 'source' not allowed | Summary: 1 resource found in 1 file - Valid: 0, Invalid: 1, Errors: 0, Skipped: 0"
apps.v1.StatefulSet56.yaml,Unknown,SCHEMA_ERROR,,,,,,0,0,0,0,0.0,0.0,0.0,333.91,,,,0,0.0,0.0,,"C:\Users\CAOSD\projects\tool-security-rules\..\scriptJsonToUvl\yamls_agrupation\medium\apps.v1.StatefulSet56.yaml - StatefulSet generateNameValue{{ generateName }} is invalid: problem validating schema. Check JSON formatting: jsonschema validation failed with 'https://raw.githubusercontent.com/yannh/kubernetes-json-schema/master/master-standalone-strict/statefulset-apps-v1.json#' - at '/spec/template/spec/resourceClaims/0': additional properties 'source' not allowed | Summary: 1 resource found in 1 file - Valid: 0, Invalid: 1, Errors: 0, Skipped: 0"
apps.v1.StatefulSet6.yaml,Unknown,SCHEMA_ERROR,,,,,,0,0,0,0,0.0,0.0,0.0,286.94,,,,0,0.0,0.0,,"C:\Users\CAOSD\projects\tool-security-rules\..\scriptJsonToUvl\yamls_agrupation\medium\apps.v1.StatefulSet6.yaml - StatefulSet generateNameValue{{ generateName }} is invalid: problem validating schema. Check JSON formatting: jsonschema validation failed with 'https://raw.githubusercontent.com/yannh/kubernetes-json-schema/master/master-standalone-strict/statefulset-apps-v1.json#' - at '/spec/template/spec/resourceClaims/0': additional properties 'source' not allowed | Summary: 1 resource found in 1 file - Valid: 0, Invalid: 1, Errors: 0, Skipped: 0"
apps.v1.StatefulSet7.yaml,Unknown,SCHEMA_ERROR,,,,,,0,0,0,0,0.0,0.0,0.0,361.02,,,,0,0.0,0.0,,"C:\Users\CAOSD\projects\tool-security-rules\..\scriptJsonToUvl\yamls_agrupation\medium\apps.v1.StatefulSet7.yaml - StatefulSet generateNameValue{{ generateName }} is invalid: problem validating schema. Check JSON formatting: jsonschema validation failed with 'https://raw.githubusercontent.com/yannh/kubernetes-json-schema/master/master-standalone-strict/statefulset-apps-v1.json#' - at '/spec/template/spec': validation failed   - at '/spec/template/spec/resourceClaims/0': additional properties 'source' not allowed   - at '/spec/template/spec/volumes/0/ephemeral/volumeClaimTemplate/spec/resources': additional properties 'claims' not allowed - at '/spec/volumeClaimTemplates/0': validation failed   - at '/spec/volumeClaimTemplates/0/status': additional properties 'resizeStatus' not allowed   - at '/spec/volumeClaimTemplates/0/spec/resources': additional properties 'claims' not allowed | Summary: 1 resource found in 1 file - Valid: 0, Invalid: 1, Errors: 0, Skipped: 0"
apps.v1.StatefulSet8.yaml,Unknown,SCHEMA_ERROR,,,,,,0,0,0,0,0.0,0.0,0.0,290.44,,,,0,0.0,0.0,,"C:\Users\CAOSD\projects\tool-security-rules\..\scriptJsonToUvl\yamls_agrupation\medium\apps.v1.StatefulSet8.yaml - StatefulSet generateNameValue{{ generateName }} is invalid: problem validating schema. Check JSON formatting: jsonschema validation failed with 'https://raw.githubusercontent.com/yannh/kubernetes-json-schema/master/master-standalone-strict/statefulset-apps-v1.json#' - at '/spec/volumeClaimTemplates/0/spec/resources': additional properties 'claims' not allowed - at '/spec/template/spec': validation failed   - at '/spec/template/spec/volumes/0/ephemeral/volumeClaimTemplate/spec/resources': additional properties 'claims' not allowed   - at '/spec/template/spec/resourceClaims/0': additional properties 'source' not allowed | Summary: 1 resource found in 1 file - Valid: 0, Invalid: 1, Errors: 0, Skipped: 0"
apps.v1.StatefulSet9.yaml,Unknown,SCHEMA_ERROR,,,,,,0,0,0,0,0.0,0.0,0.0,283.09,,,,0,0.0,0.0,,"C:\Users\CAOSD\projects\tool-security-rules\..\scriptJsonToUvl\yamls_agrupation\medium\apps.v1.StatefulSet9.yaml - StatefulSet generateNameValue{{ generateName }} is invalid: problem validating schema. Check JSON formatting: jsonschema validation failed with 'https://raw.githubusercontent.com/yannh/kubernetes-json-schema/master/master-standalone-strict/statefulset-apps-v1.json#' - at '/spec/volumeClaimTemplates/0/status': additional properties 'resizeStatus' not allowed | Summary: 1 resource found in 1 file - Valid: 0, Invalid: 1, Errors: 0, Skipped: 0"
batch.v1.CronJob.after_roundtrip.yaml,Unknown,SCHEMA_ERROR,,,,,,0,0,0,0,0.0,0.0,0.0,463.33,,,,0,0.0,0.0,,"C:\Users\CAOSD\projects\tool-security-rules\..\scriptJsonToUvl\yamls_agrupation\medium\batch.v1.CronJob.after_roundtrip.yaml - CronJob generateNameValue{{ generateName }} is invalid: problem validating schema. Check JSON formatting: jsonschema validation failed with 'https://raw.githubusercontent.com/yannh/kubernetes-json-schema/master/master-standalone-strict/cronjob-batch-v1.json#' - at '/spec/jobTemplate/spec/template/spec/resourceClaims/0': additional properties 'source' not allowed | Summary: 1 resource found in 1 file - Valid: 0, Invalid: 1, Errors: 0, Skipped: 0"
batch.v1.CronJob.after_roundtrip1.yaml,Unknown,SCHEMA_ERROR,,,,,,0,0,0,0,0.0,0.0,0.0,512.57,,,,0,0.0,0.0,,"C:\Users\CAOSD\projects\tool-security-rules\..\scriptJsonToUvl\yamls_agrupation\medium\batch.v1.CronJob.after_roundtrip1.yaml - CronJob generateNameValue{{ generateName }} is invalid: problem validating schema. Check JSON formatting: jsonschema validation failed with 'https://raw.githubusercontent.com/yannh/kubernetes-json-schema/master/master-standalone-strict/cronjob-batch-v1.json#' - at '/spec/jobTemplate/spec/template/spec/resourceClaims/0': additional properties 'source' not allowed | Summary: 1 resource found in 1 file - Valid: 0, Invalid: 1, Errors: 0, Skipped: 0"
batch.v1.CronJob.after_roundtrip2.yaml,Unknown,SCHEMA_ERROR,,,,,,0,0,0,0,0.0,0.0,0.0,298.82,,,,0,0.0,0.0,,"C:\Users\CAOSD\projects\tool-security-rules\..\scriptJsonToUvl\yamls_agrupation\medium\batch.v1.CronJob.after_roundtrip2.yaml - CronJob generateNameValue{{ generateName }} is invalid: problem validating schema. Check JSON formatting: jsonschema validation failed with 'https://raw.githubusercontent.com/yannh/kubernetes-json-schema/master/master-standalone-strict/cronjob-batch-v1.json#' - at '/spec/jobTemplate/spec/template/spec/resourceClaims/0': additional properties 'source' not allowed | Summary: 1 resource found in 1 file - Valid: 0, Invalid: 1, Errors: 0, Skipped: 0"
batch.v1.CronJob.after_roundtrip3.yaml,Unknown,SCHEMA_ERROR,,,,,,0,0,0,0,0.0,0.0,0.0,369.67,,,,0,0.0,0.0,,"C:\Users\CAOSD\projects\tool-security-rules\..\scriptJsonToUvl\yamls_agrupation\medium\batch.v1.CronJob.after_roundtrip3.yaml - CronJob generateNameValue{{ generateName }} is invalid: problem validating schema. Check JSON formatting: jsonschema validation failed with 'https://raw.githubusercontent.com/yannh/kubernetes-json-schema/master/master-standalone-strict/cronjob-batch-v1.json#' - at '/spec/jobTemplate/spec/template/spec/resourceClaims/0': additional properties 'source' not allowed | Summary: 1 resource found in 1 file - Valid: 0, Invalid: 1, Errors: 0, Skipped: 0"
batch.v1.CronJob.after_roundtrip4.yaml,Unknown,SCHEMA_ERROR,,,,,,0,0,0,0,0.0,0.0,0.0,315.22,,,,0,0.0,0.0,,"C:\Users\CAOSD\projects\tool-security-rules\..\scriptJsonToUvl\yamls_agrupation\medium\batch.v1.CronJob.after_roundtrip4.yaml - CronJob generateNameValue{{ generateName }} is invalid: problem validating schema. Check JSON formatting: jsonschema validation failed with 'https://raw.githubusercontent.com/yannh/kubernetes-json-schema/master/master-standalone-strict/cronjob-batch-v1.json#' - at '/spec/jobTemplate/spec/template/spec/resourceClaims/0': additional properties 'source' not allowed | Summary: 1 resource found in 1 file - Valid: 0, Invalid: 1, Errors: 0, Skipped: 0"
batch.v1.CronJob.after_roundtrip5.yaml,Unknown,SCHEMA_ERROR,,,,,,0,0,0,0,0.0,0.0,0.0,324.64,,,,0,0.0,0.0,,"C:\Users\CAOSD\projects\tool-security-rules\..\scriptJsonToUvl\yamls_agrupation\medium\batch.v1.CronJob.after_roundtrip5.yaml - CronJob generateNameValue{{ generateName }} is invalid: problem validating schema. Check JSON formatting: jsonschema validation failed with 'https://raw.githubusercontent.com/yannh/kubernetes-json-schema/master/master-standalone-strict/cronjob-batch-v1.json#' - at '/spec/jobTemplate/spec/template/spec/resourceClaims/0': additional properties 'source' not allowed | Summary: 1 resource found in 1 file - Valid: 0, Invalid: 1, Errors: 0, Skipped: 0"
batch.v1.CronJob.after_roundtrip6.yaml,Unknown,SCHEMA_ERROR,,,,,,0,0,0,0,0.0,0.0,0.0,300.03,,,,0,0.0,0.0,,"C:\Users\CAOSD\projects\tool-security-rules\..\scriptJsonToUvl\yamls_agrupation\medium\batch.v1.CronJob.after_roundtrip6.yaml - CronJob generateNameValue{{ generateName }} is invalid: problem validating schema. Check JSON formatting: jsonschema validation failed with 'https://raw.githubusercontent.com/yannh/kubernetes-json-schema/master/master-standalone-strict/cronjob-batch-v1.json#' - at '/spec/jobTemplate/spec/template/spec/resourceClaims/0': additional properties 'source' not allowed | Summary: 1 resource found in 1 file - Valid: 0, Invalid: 1, Errors: 0, Skipped: 0"
batch.v1.CronJob.after_roundtrip7.yaml,Unknown,SCHEMA_ERROR,,,,,,0,0,0,0,0.0,0.0,0.0,308.75,,,,0,0.0,0.0,,"C:\Users\CAOSD\projects\tool-security-rules\..\scriptJsonToUvl\yamls_agrupation\medium\batch.v1.CronJob.after_roundtrip7.yaml - CronJob generateNameValue{{ generateName }} is invalid: problem validating schema. Check JSON formatting: jsonschema validation failed with 'https://raw.githubusercontent.com/yannh/kubernetes-json-schema/master/master-standalone-strict/cronjob-batch-v1.json#' - at '/spec/jobTemplate/spec/template/spec/resourceClaims/0': additional properties 'source' not allowed | Summary: 1 resource found in 1 file - Valid: 0, Invalid: 1, Errors: 0, Skipped: 0"
batch.v1.CronJob.after_roundtrip8.yaml,Unknown,SCHEMA_ERROR,,,,,,0,0,0,0,0.0,0.0,0.0,370.17,,,,0,0.0,0.0,,"C:\Users\CAOSD\projects\tool-security-rules\..\scriptJsonToUvl\yamls_agrupation\medium\batch.v1.CronJob.after_roundtrip8.yaml - CronJob generateNameValue{{ generateName }} is invalid: problem validating schema. Check JSON formatting: jsonschema validation failed with 'https://raw.githubusercontent.com/yannh/kubernetes-json-schema/master/master-standalone-strict/cronjob-batch-v1.json#' - at '/spec/jobTemplate/spec/template/spec/resourceClaims/0': additional properties 'source' not allowed | Summary: 1 resource found in 1 file - Valid: 0, Invalid: 1, Errors: 0, Skipped: 0"
batch.v1.CronJob.after_roundtrip9.yaml,Unknown,SCHEMA_ERROR,,,,,,0,0,0,0,0.0,0.0,0.0,322.75,,,,0,0.0,0.0,,"C:\Users\CAOSD\projects\tool-security-rules\..\scriptJsonToUvl\yamls_agrupation\medium\batch.v1.CronJob.after_roundtrip9.yaml - CronJob generateNameValue{{ generateName }} is invalid: problem validating schema. Check JSON formatting: jsonschema validation failed with 'https://raw.githubusercontent.com/yannh/kubernetes-json-schema/master/master-standalone-strict/cronjob-batch-v1.json#' - at '/spec/jobTemplate/spec/template/spec/resourceClaims/0': additional properties 'source' not allowed | Summary: 1 resource found in 1 file - Valid: 0, Invalid: 1, Errors: 0, Skipped: 0"
batch.v1.CronJob.yaml,Unknown,SCHEMA_ERROR,,,,,,0,0,0,0,0.0,0.0,0.0,400.81,,,,0,0.0,0.0,,"C:\Users\CAOSD\projects\tool-security-rules\..\scriptJsonToUvl\yamls_agrupation\medium\batch.v1.CronJob.yaml - CronJob generateNameValue{{ generateName }} is invalid: problem validating schema. Check JSON formatting: jsonschema validation failed with 'https://raw.githubusercontent.com/yannh/kubernetes-json-schema/master/master-standalone-strict/cronjob-batch-v1.json#' - at '/spec/jobTemplate/spec/template/spec/resourceClaims/0': additional properties 'source' not allowed | Summary: 1 resource found in 1 file - Valid: 0, Invalid: 1, Errors: 0, Skipped: 0"
batch.v1.CronJob1.yaml,Unknown,SCHEMA_ERROR,,,,,,0,0,0,0,0.0,0.0,0.0,412.14,,,,0,0.0,0.0,,"C:\Users\CAOSD\projects\tool-security-rules\..\scriptJsonToUvl\yamls_agrupation\medium\batch.v1.CronJob1.yaml - CronJob generateNameValue{{ generateName }} is invalid: problem validating schema. Check JSON formatting: jsonschema validation failed with 'https://raw.githubusercontent.com/yannh/kubernetes-json-schema/master/master-standalone-strict/cronjob-batch-v1.json#' - at '/spec/jobTemplate/spec/template/spec/volumes/0/ephemeral/volumeClaimTemplate/spec/resources': additional properties 'claims' not allowed - at '/spec/jobTemplate/spec/template/spec/resourceClaims/0': additional properties 'source' not allowed | Summary: 1 resource found in 1 file - Valid: 0, Invalid: 1, Errors: 0, Skipped: 0"
batch.v1.CronJob11.yaml,CronJob,30,16,5,21,31.72,0.0,0,1240,420,294,1,23335.76,67154.51,895.19,68049.7,True,False,28,313,83.57,100.0,"{'use_high_gid': 'trivy', 'no_mounted_hostpath': 'trivy', 'kubernetes_no_custom_proc_mask': 'trivy', 'no_host_network': 'trivy', 'no_shared_ipc_namespace': 'trivy', 'kubernetes_no_non_default_capabilities': 'trivy', 'kubernetes_no_host_port_access': 'trivy', 'kubernetes_no_hostprocess_containers': 'trivy', 'kubernetes_no_hostaliases': 'trivy', 'no_auto_mount_service_token': 'trivy', 'kubernetes_no_non_ephemeral_volumes': 'trivy', 'kubernetes_no_self_privesc': 'trivy', 'no_host_pid': 'trivy', 'kubernetes_drop_default_capabilities': 'trivy', 'no_privileged_containers': 'trivy', 'use_high_uid': 'trivy', 'cpuLimitsMissing': 'polaris', 'tagNotSpecified': 'polaris', 'memoryRequestsMissing': 'polaris', 'memoryLimitsMissing': 'polaris', 'cpuRequestsMissing': 'polaris'}","C:\Users\CAOSD\projects\tool-security-rules\resources\evaluation\tmp_remediateds_AST_Complete_V2_medium\rem_batch.v1.CronJob11.yaml - CronJob generateNameValue{{ generateName }} is invalid: problem validating schema. Check JSON formatting: jsonschema validation failed with 'https://raw.githubusercontent.com/yannh/kubernetes-json-schema/master/master-standalone-strict/cronjob-batch-v1.json#' - at '/spec/jobTemplate/spec/template/spec/overhead': got array, want null or object | Summary: 1 resource found in 1 file - Valid: 0, Invalid: 1, Errors: 0, Skipped: 0"
batch.v1.CronJob12.yaml,Unknown,SCHEMA_ERROR,,,,,,0,0,0,0,0.0,0.0,0.0,308.2,,,,0,0.0,0.0,,"C:\Users\CAOSD\projects\tool-security-rules\..\scriptJsonToUvl\yamls_agrupation\medium\batch.v1.CronJob12.yaml - CronJob generateNameValue{{ generateName }} is invalid: problem validating schema. Check JSON formatting: jsonschema validation failed with 'https://raw.githubusercontent.com/yannh/kubernetes-json-schema/master/master-standalone-strict/cronjob-batch-v1.json#' - at '/metadata': additional properties 'clusterName' not allowed - at '/spec/jobTemplate': validation failed   - at '/spec/jobTemplate/metadata': additional properties 'clusterName' not allowed   - at '/spec/jobTemplate/spec/template': validation failed     - at '/spec/jobTemplate/spec/template/metadata': additional properties 'clusterName' not allowed     - at '/spec/jobTemplate/spec/template/spec/volumes/0/ephemeral/volumeClaimTemplate/metadata': additional properties 'clusterName' not allowed | Summary: 1 resource found in 1 file - Valid: 0, Invalid: 1, Errors: 0, Skipped: 0"
batch.v1.CronJob13.yaml,Unknown,SCHEMA_ERROR,,,,,,0,0,0,0,0.0,0.0,0.0,355.37,,,,0,0.0,0.0,,"C:\Users\CAOSD\projects\tool-security-rules\..\scriptJsonToUvl\yamls_agrupation\medium\batch.v1.CronJob13.yaml - CronJob 3{{ generateName }} is invalid: problem validating schema. Check JSON formatting: jsonschema validation failed with 'https://raw.githubusercontent.com/yannh/kubernetes-json-schema/master/master-standalone-strict/cronjob-batch-v1.json#' - at '/spec/jobTemplate': validation failed   - at '/spec/jobTemplate/metadata': additional properties 'clusterName' not allowed   - at '/spec/jobTemplate/spec/template': validation failed     - at '/spec/jobTemplate/spec/template/metadata': additional properties 'clusterName' not allowed     - at '/spec/jobTemplate/spec/template/spec/volumes/0/ephemeral/volumeClaimTemplate/metadata': additional properties 'clusterName' not allowed - at '/metadata': additional properties 'clusterName' not allowed | Summary: 1 resource found in 1 file - Valid: 0, Invalid: 1, Errors: 0, Skipped: 0"
batch.v1.CronJob14.yaml,Unknown,SCHEMA_ERROR,,,,,,0,0,0,0,0.0,0.0,0.0,354.69,,,,0,0.0,0.0,,"C:\Users\CAOSD\projects\tool-security-rules\..\scriptJsonToUvl\yamls_agrupation\medium\batch.v1.CronJob14.yaml - CronJob 3{{ generateName }} is invalid: problem validating schema. Check JSON formatting: jsonschema validation failed with 'https://raw.githubusercontent.com/yannh/kubernetes-json-schema/master/master-standalone-strict/cronjob-batch-v1.json#' - at '/metadata': additional properties 'clusterName' not allowed - at '/spec/jobTemplate': validation failed   - at '/spec/jobTemplate/spec/template': validation failed     - at '/spec/jobTemplate/spec/template/metadata': additional properties 'clusterName' not allowed     - at '/spec/jobTemplate/spec/template/spec/volumes/0/ephemeral/volumeClaimTemplate/metadata': additional properties 'clusterName' not allowed   - at '/spec/jobTemplate/metadata': additional properties 'clusterName' not allowed | Summary: 1 resource found in 1 file - Valid: 0, Invalid: 1, Errors: 0, Skipped: 0"
batch.v1.CronJob15.yaml,Unknown,SCHEMA_ERROR,,,,,,0,0,0,0,0.0,0.0,0.0,366.91,,,,0,0.0,0.0,,"C:\Users\CAOSD\projects\tool-security-rules\..\scriptJsonToUvl\yamls_agrupation\medium\batch.v1.CronJob15.yaml - CronJob generateNameValue{{ generateName }} is invalid: problem validating schema. Check JSON formatting: jsonschema validation failed with 'https://raw.githubusercontent.com/yannh/kubernetes-json-schema/master/master-standalone-strict/cronjob-batch-v1.json#' - at '/spec/jobTemplate/spec/template/spec/resourceClaims/0': additional properties 'source' not allowed | Summary: 1 resource found in 1 file - Valid: 0, Invalid: 1, Errors: 0, Skipped: 0"
batch.v1.CronJob16.yaml,Unknown,SCHEMA_ERROR,,,,,,0,0,0,0,0.0,0.0,0.0,347.2,,,,0,0.0,0.0,,"C:\Users\CAOSD\projects\tool-security-rules\..\scriptJsonToUvl\yamls_agrupation\medium\batch.v1.CronJob16.yaml - CronJob generateNameValue{{ generateName }} is invalid: problem validating schema. Check JSON formatting: jsonschema validation failed with 'https://raw.githubusercontent.com/yannh/kubernetes-json-schema/master/master-standalone-strict/cronjob-batch-v1.json#' - at '/spec/jobTemplate/spec/template/spec/resourceClaims/0': additional properties 'source' not allowed - at '/spec/jobTemplate/spec/template/spec/volumes/0/ephemeral/volumeClaimTemplate/spec/resources': additional properties 'claims' not allowed | Summary: 1 resource found in 1 file - Valid: 0, Invalid: 1, Errors: 0, Skipped: 0"
batch.v1.CronJob17.yaml,Unknown,SCHEMA_ERROR,,,,,,0,0,0,0,0.0,0.0,0.0,329.57,,,,0,0.0,0.0,,"C:\Users\CAOSD\projects\tool-security-rules\..\scriptJsonToUvl\yamls_agrupation\medium\batch.v1.CronJob17.yaml - CronJob generateNameValue{{ generateName }} is invalid: problem validating schema. Check JSON formatting: jsonschema validation failed with 'https://raw.githubusercontent.com/yannh/kubernetes-json-schema/master/master-standalone-strict/cronjob-batch-v1.json#' - at '/spec/jobTemplate/spec/template/spec/resourceClaims/0': additional properties 'source' not allowed | Summary: 1 resource found in 1 file - Valid: 0, Invalid: 1, Errors: 0, Skipped: 0"
batch.v1.CronJob18.yaml,Unknown,SCHEMA_ERROR,,,,,,0,0,0,0,0.0,0.0,0.0,297.29,,,,0,0.0,0.0,,"C:\Users\CAOSD\projects\tool-security-rules\..\scriptJsonToUvl\yamls_agrupation\medium\batch.v1.CronJob18.yaml - CronJob generateNameValue{{ generateName }} is invalid: problem validating schema. Check JSON formatting: jsonschema validation failed with 'https://raw.githubusercontent.com/yannh/kubernetes-json-schema/master/master-standalone-strict/cronjob-batch-v1.json#' - at '/spec/jobTemplate/spec/template/spec/resourceClaims/0': additional properties 'source' not allowed | Summary: 1 resource found in 1 file - Valid: 0, Invalid: 1, Errors: 0, Skipped: 0"
batch.v1.CronJob19.yaml,Unknown,SCHEMA_ERROR,,,,,,0,0,0,0,0.0,0.0,0.0,366.57,,,,0,0.0,0.0,,"C:\Users\CAOSD\projects\tool-security-rules\..\scriptJsonToUvl\yamls_agrupation\medium\batch.v1.CronJob19.yaml - CronJob generateNameValue{{ generateName }} is invalid: problem validating schema. Check JSON formatting: jsonschema validation failed with 'https://raw.githubusercontent.com/yannh/kubernetes-json-schema/master/master-standalone-strict/cronjob-batch-v1.json#' - at '/spec/jobTemplate/spec/template/spec/volumes/0/ephemeral/volumeClaimTemplate/spec/resources': additional properties 'claims' not allowed - at '/spec/jobTemplate/spec/template/spec/resourceClaims/0': additional properties 'source' not allowed | Summary: 1 resource found in 1 file - Valid: 0, Invalid: 1, Errors: 0, Skipped: 0"
batch.v1.CronJob2.yaml,Unknown,SCHEMA_ERROR,,,,,,0,0,0,0,0.0,0.0,0.0,357.93,,,,0,0.0,0.0,,"C:\Users\CAOSD\projects\tool-security-rules\..\scriptJsonToUvl\yamls_agrupation\medium\batch.v1.CronJob2.yaml - CronJob generateNameValue{{ generateName }} is invalid: problem validating schema. Check JSON formatting: jsonschema validation failed with 'https://raw.githubusercontent.com/yannh/kubernetes-json-schema/master/master-standalone-strict/cronjob-batch-v1.json#' - at '/spec/jobTemplate/spec/template/spec/volumes/0/ephemeral/volumeClaimTemplate/spec/resources': additional properties 'claims' not allowed - at '/spec/jobTemplate/spec/template/spec/resourceClaims/0': additional properties 'source' not allowed | Summary: 1 resource found in 1 file - Valid: 0, Invalid: 1, Errors: 0, Skipped: 0"
batch.v1.CronJob20.yaml,Unknown,SCHEMA_ERROR,,,,,,0,0,0,0,0.0,0.0,0.0,333.8,,,,0,0.0,0.0,,"C:\Users\CAOSD\projects\tool-security-rules\..\scriptJsonToUvl\yamls_agrupation\medium\batch.v1.CronJob20.yaml - CronJob generateNameValue{{ generateName }} is invalid: problem validating schema. Check JSON formatting: jsonschema validation failed with 'https://raw.githubusercontent.com/yannh/kubernetes-json-schema/master/master-standalone-strict/cronjob-batch-v1.json#' - at '/spec/jobTemplate/spec/template/spec/resourceClaims/0': additional properties 'source' not allowed | Summary: 1 resource found in 1 file - Valid: 0, Invalid: 1, Errors: 0, Skipped: 0"
batch.v1.CronJob21.yaml,Unknown,SCHEMA_ERROR,,,,,,0,0,0,0,0.0,0.0,0.0,311.17,,,,0,0.0,0.0,,"C:\Users\CAOSD\projects\tool-security-rules\..\scriptJsonToUvl\yamls_agrupation\medium\batch.v1.CronJob21.yaml - CronJob generateNameValue{{ generateName }} is invalid: problem validating schema. Check JSON formatting: jsonschema validation failed with 'https://raw.githubusercontent.com/yannh/kubernetes-json-schema/master/master-standalone-strict/cronjob-batch-v1.json#' - at '/metadata': additional properties 'clusterName' not allowed - at '/spec/jobTemplate': validation failed   - at '/spec/jobTemplate/metadata': additional properties 'clusterName' not allowed   - at '/spec/jobTemplate/spec/template': validation failed     - at '/spec/jobTemplate/spec/template/spec/volumes/0/ephemeral/volumeClaimTemplate/metadata': additional properties 'clusterName' not allowed     - at '/spec/jobTemplate/spec/template/metadata': additional properties 'clusterName' not allowed | Summary: 1 resource found in 1 file - Valid: 0, Invalid: 1, Errors: 0, Skipped: 0"
batch.v1.CronJob22.yaml,Unknown,SCHEMA_ERROR,,,,,,0,0,0,0,0.0,0.0,0.0,291.33,,,,0,0.0,0.0,,"C:\Users\CAOSD\projects\tool-security-rules\..\scriptJsonToUvl\yamls_agrupation\medium\batch.v1.CronJob22.yaml - CronJob 3{{ generateName }} is invalid: problem validating schema. Check JSON formatting: jsonschema validation failed with 'https://raw.githubusercontent.com/yannh/kubernetes-json-schema/master/master-standalone-strict/cronjob-batch-v1.json#' - at '/metadata': additional properties 'clusterName' not allowed - at '/spec/jobTemplate': validation failed   - at '/spec/jobTemplate/metadata': additional properties 'clusterName' not allowed   - at '/spec/jobTemplate/spec/template': validation failed     - at '/spec/jobTemplate/spec/template/metadata': additional properties 'clusterName' not allowed     - at '/spec/jobTemplate/spec/template/spec/volumes/0/ephemeral/volumeClaimTemplate/metadata': additional properties 'clusterName' not allowed | Summary: 1 resource found in 1 file - Valid: 0, Invalid: 1, Errors: 0, Skipped: 0"
batch.v1.CronJob23.yaml,Unknown,SCHEMA_ERROR,,,,,,0,0,0,0,0.0,0.0,0.0,328.96,,,,0,0.0,0.0,,"C:\Users\CAOSD\projects\tool-security-rules\..\scriptJsonToUvl\yamls_agrupation\medium\batch.v1.CronJob23.yaml - CronJob 3{{ generateName }} is invalid: problem validating schema. Check JSON formatting: jsonschema validation failed with 'https://raw.githubusercontent.com/yannh/kubernetes-json-schema/master/master-standalone-strict/cronjob-batch-v1.json#' - at '/metadata': additional properties 'clusterName' not allowed - at '/spec/jobTemplate': validation failed   - at '/spec/jobTemplate/metadata': additional properties 'clusterName' not allowed   - at '/spec/jobTemplate/spec/template': validation failed     - at '/spec/jobTemplate/spec/template/metadata': additional properties 'clusterName' not allowed     - at '/spec/jobTemplate/spec/template/spec/volumes/0/ephemeral/volumeClaimTemplate/metadata': additional properties 'clusterName' not allowed | Summary: 1 resource found in 1 file - Valid: 0, Invalid: 1, Errors: 0, Skipped: 0"
batch.v1.CronJob24.yaml,Unknown,SCHEMA_ERROR,,,,,,0,0,0,0,0.0,0.0,0.0,297.93,,,,0,0.0,0.0,,"C:\Users\CAOSD\projects\tool-security-rules\..\scriptJsonToUvl\yamls_agrupation\medium\batch.v1.CronJob24.yaml - CronJob generateNameValue{{ generateName }} is invalid: problem validating schema. Check JSON formatting: jsonschema validation failed with 'https://raw.githubusercontent.com/yannh/kubernetes-json-schema/master/master-standalone-strict/cronjob-batch-v1.json#' - at '/spec/jobTemplate/spec/template/spec/resourceClaims/0': additional properties 'source' not allowed | Summary: 1 resource found in 1 file - Valid: 0, Invalid: 1, Errors: 0, Skipped: 0"
batch.v1.CronJob25.yaml,Unknown,SCHEMA_ERROR,,,,,,0,0,0,0,0.0,0.0,0.0,316.96,,,,0,0.0,0.0,,"C:\Users\CAOSD\projects\tool-security-rules\..\scriptJsonToUvl\yamls_agrupation\medium\batch.v1.CronJob25.yaml - CronJob generateNameValue{{ generateName }} is invalid: problem validating schema. Check JSON formatting: jsonschema validation failed with 'https://raw.githubusercontent.com/yannh/kubernetes-json-schema/master/master-standalone-strict/cronjob-batch-v1.json#' - at '/spec/jobTemplate/spec/template/spec/resourceClaims/0': additional properties 'source' not allowed - at '/spec/jobTemplate/spec/template/spec/volumes/0/ephemeral/volumeClaimTemplate/spec/resources': additional properties 'claims' not allowed | Summary: 1 resource found in 1 file - Valid: 0, Invalid: 1, Errors: 0, Skipped: 0"
batch.v1.CronJob26.yaml,Unknown,SCHEMA_ERROR,,,,,,0,0,0,0,0.0,0.0,0.0,364.53,,,,0,0.0,0.0,,"C:\Users\CAOSD\projects\tool-security-rules\..\scriptJsonToUvl\yamls_agrupation\medium\batch.v1.CronJob26.yaml - CronJob generateNameValue{{ generateName }} is invalid: problem validating schema. Check JSON formatting: jsonschema validation failed with 'https://raw.githubusercontent.com/yannh/kubernetes-json-schema/master/master-standalone-strict/cronjob-batch-v1.json#' - at '/spec/jobTemplate/spec/template/spec/resourceClaims/0': additional properties 'source' not allowed | Summary: 1 resource found in 1 file - Valid: 0, Invalid: 1, Errors: 0, Skipped: 0"
batch.v1.CronJob27.yaml,Unknown,SCHEMA_ERROR,,,,,,0,0,0,0,0.0,0.0,0.0,302.63,,,,0,0.0,0.0,,"C:\Users\CAOSD\projects\tool-security-rules\..\scriptJsonToUvl\yamls_agrupation\medium\batch.v1.CronJob27.yaml - CronJob generateNameValue{{ generateName }} is invalid: problem validating schema. Check JSON formatting: jsonschema validation failed with 'https://raw.githubusercontent.com/yannh/kubernetes-json-schema/master/master-standalone-strict/cronjob-batch-v1.json#' - at '/spec/jobTemplate/spec/template/spec/resourceClaims/0': additional properties 'source' not allowed | Summary: 1 resource found in 1 file - Valid: 0, Invalid: 1, Errors: 0, Skipped: 0"
batch.v1.CronJob28.yaml,Unknown,SCHEMA_ERROR,,,,,,0,0,0,0,0.0,0.0,0.0,324.47,,,,0,0.0,0.0,,"C:\Users\CAOSD\projects\tool-security-rules\..\scriptJsonToUvl\yamls_agrupation\medium\batch.v1.CronJob28.yaml - CronJob generateNameValue{{ generateName }} is invalid: problem validating schema. Check JSON formatting: jsonschema validation failed with 'https://raw.githubusercontent.com/yannh/kubernetes-json-schema/master/master-standalone-strict/cronjob-batch-v1.json#' - at '/spec/jobTemplate/spec/template/spec/volumes/0/ephemeral/volumeClaimTemplate/spec/resources': additional properties 'claims' not allowed - at '/spec/jobTemplate/spec/template/spec/resourceClaims/0': additional properties 'source' not allowed | Summary: 1 resource found in 1 file - Valid: 0, Invalid: 1, Errors: 0, Skipped: 0"
batch.v1.CronJob29.yaml,Unknown,SCHEMA_ERROR,,,,,,0,0,0,0,0.0,0.0,0.0,308.79,,,,0,0.0,0.0,,"C:\Users\CAOSD\projects\tool-security-rules\..\scriptJsonToUvl\yamls_agrupation\medium\batch.v1.CronJob29.yaml - CronJob generateNameValue{{ generateName }} is invalid: problem validating schema. Check JSON formatting: jsonschema validation failed with 'https://raw.githubusercontent.com/yannh/kubernetes-json-schema/master/master-standalone-strict/cronjob-batch-v1.json#' - at '/spec/jobTemplate/spec/template/spec/resourceClaims/0': additional properties 'source' not allowed | Summary: 1 resource found in 1 file - Valid: 0, Invalid: 1, Errors: 0, Skipped: 0"
batch.v1.CronJob3.yaml,CronJob,30,16,5,21,31.72,0.0,0,1256,420,294,1,508.29,44547.58,655.63,45203.21,True,False,28,313,83.82,100.0,"{'use_high_gid': 'trivy', 'no_mounted_hostpath': 'trivy', 'kubernetes_no_custom_proc_mask': 'trivy', 'no_host_network': 'trivy', 'no_shared_ipc_namespace': 'trivy', 'kubernetes_no_non_default_capabilities': 'trivy', 'kubernetes_no_host_port_access': 'trivy', 'kubernetes_no_hostprocess_containers': 'trivy', 'kubernetes_no_hostaliases': 'trivy', 'no_auto_mount_service_token': 'trivy', 'kubernetes_no_non_ephemeral_volumes': 'trivy', 'kubernetes_no_self_privesc': 'trivy', 'no_host_pid': 'trivy', 'kubernetes_drop_default_capabilities': 'trivy', 'no_privileged_containers': 'trivy', 'use_high_uid': 'trivy', 'cpuLimitsMissing': 'polaris', 'tagNotSpecified': 'polaris', 'memoryRequestsMissing': 'polaris', 'memoryLimitsMissing': 'polaris', 'cpuRequestsMissing': 'polaris'}","C:\Users\CAOSD\projects\tool-security-rules\resources\evaluation\tmp_remediateds_AST_Complete_V2_medium\rem_batch.v1.CronJob3.yaml - CronJob generateNameValue{{ generateName }} is invalid: problem validating schema. Check JSON formatting: jsonschema validation failed with 'https://raw.githubusercontent.com/yannh/kubernetes-json-schema/master/master-standalone-strict/cronjob-batch-v1.json#' - at '/spec/jobTemplate/spec/template/spec/overhead': got array, want null or object | Summary: 1 resource found in 1 file - Valid: 0, Invalid: 1, Errors: 0, Skipped: 0"
batch.v1.CronJob33.yaml,Unknown,SCHEMA_ERROR,,,,,,0,0,0,0,0.0,0.0,0.0,482.68,,,,0,0.0,0.0,,"C:\Users\CAOSD\projects\tool-security-rules\..\scriptJsonToUvl\yamls_agrupation\medium\batch.v1.CronJob33.yaml - CronJob 3{{ generateName }} is invalid: problem validating schema. Check JSON formatting: jsonschema validation failed with 'https://raw.githubusercontent.com/yannh/kubernetes-json-schema/master/master-standalone-strict/cronjob-batch-v1.json#' - at '/metadata': additional properties 'clusterName' not allowed - at '/spec/jobTemplate': validation failed   - at '/spec/jobTemplate/spec/template': validation failed     - at '/spec/jobTemplate/spec/template/metadata': additional properties 'clusterName' not allowed     - at '/spec/jobTemplate/spec/template/spec/volumes/0/ephemeral/volumeClaimTemplate/metadata': additional properties 'clusterName' not allowed   - at '/spec/jobTemplate/metadata': additional properties 'clusterName' not allowed | Summary: 1 resource found in 1 file - Valid: 0, Invalid: 1, Errors: 0, Skipped: 0"
batch.v1.CronJob34.yaml,Unknown,SCHEMA_ERROR,,,,,,0,0,0,0,0.0,0.0,0.0,334.85,,,,0,0.0,0.0,,"C:\Users\CAOSD\projects\tool-security-rules\..\scriptJsonToUvl\yamls_agrupation\medium\batch.v1.CronJob34.yaml - CronJob generateNameValue{{ generateName }} is invalid: problem validating schema. Check JSON formatting: jsonschema validation failed with 'https://raw.githubusercontent.com/yannh/kubernetes-json-schema/master/master-standalone-strict/cronjob-batch-v1.json#' - at '/spec/jobTemplate/spec/template/spec/resourceClaims/0': additional properties 'source' not allowed | Summary: 1 resource found in 1 file - Valid: 0, Invalid: 1, Errors: 0, Skipped: 0"
batch.v1.CronJob35.yaml,Unknown,SCHEMA_ERROR,,,,,,0,0,0,0,0.0,0.0,0.0,314.91,,,,0,0.0,0.0,,"C:\Users\CAOSD\projects\tool-security-rules\..\scriptJsonToUvl\yamls_agrupation\medium\batch.v1.CronJob35.yaml - CronJob generateNameValue{{ generateName }} is invalid: problem validating schema. Check JSON formatting: jsonschema validation failed with 'https://raw.githubusercontent.com/yannh/kubernetes-json-schema/master/master-standalone-strict/cronjob-batch-v1.json#' - at '/spec/jobTemplate/spec/template/spec/volumes/0/ephemeral/volumeClaimTemplate/spec/resources': additional properties 'claims' not allowed - at '/spec/jobTemplate/spec/template/spec/resourceClaims/0': additional properties 'source' not allowed | Summary: 1 resource found in 1 file - Valid: 0, Invalid: 1, Errors: 0, Skipped: 0"
batch.v1.CronJob36.yaml,Unknown,SCHEMA_ERROR,,,,,,0,0,0,0,0.0,0.0,0.0,375.99,,,,0,0.0,0.0,,"C:\Users\CAOSD\projects\tool-security-rules\..\scriptJsonToUvl\yamls_agrupation\medium\batch.v1.CronJob36.yaml - CronJob generateNameValue{{ generateName }} is invalid: problem validating schema. Check JSON formatting: jsonschema validation failed with 'https://raw.githubusercontent.com/yannh/kubernetes-json-schema/master/master-standalone-strict/cronjob-batch-v1.json#' - at '/spec/jobTemplate/spec/template/spec/resourceClaims/0': additional properties 'source' not allowed | Summary: 1 resource found in 1 file - Valid: 0, Invalid: 1, Errors: 0, Skipped: 0"
batch.v1.CronJob37.yaml,Unknown,SCHEMA_ERROR,,,,,,0,0,0,0,0.0,0.0,0.0,469.56,,,,0,0.0,0.0,,"C:\Users\CAOSD\projects\tool-security-rules\..\scriptJsonToUvl\yamls_agrupation\medium\batch.v1.CronJob37.yaml - CronJob generateNameValue{{ generateName }} is invalid: problem validating schema. Check JSON formatting: jsonschema validation failed with 'https://raw.githubusercontent.com/yannh/kubernetes-json-schema/master/master-standalone-strict/cronjob-batch-v1.json#' - at '/spec/jobTemplate/spec/template/spec/resourceClaims/0': additional properties 'source' not allowed | Summary: 1 resource found in 1 file - Valid: 0, Invalid: 1, Errors: 0, Skipped: 0"
batch.v1.CronJob38.yaml,Unknown,SCHEMA_ERROR,,,,,,0,0,0,0,0.0,0.0,0.0,298.07,,,,0,0.0,0.0,,"C:\Users\CAOSD\projects\tool-security-rules\..\scriptJsonToUvl\yamls_agrupation\medium\batch.v1.CronJob38.yaml - CronJob generateNameValue{{ generateName }} is invalid: problem validating schema. Check JSON formatting: jsonschema validation failed with 'https://raw.githubusercontent.com/yannh/kubernetes-json-schema/master/master-standalone-strict/cronjob-batch-v1.json#' - at '/spec/jobTemplate/spec/template/spec/resourceClaims/0': additional properties 'source' not allowed - at '/spec/jobTemplate/spec/template/spec/volumes/0/ephemeral/volumeClaimTemplate/spec/resources': additional properties 'claims' not allowed | Summary: 1 resource found in 1 file - Valid: 0, Invalid: 1, Errors: 0, Skipped: 0"
batch.v1.CronJob39.yaml,Unknown,SCHEMA_ERROR,,,,,,0,0,0,0,0.0,0.0,0.0,285.32,,,,0,0.0,0.0,,"C:\Users\CAOSD\projects\tool-security-rules\..\scriptJsonToUvl\yamls_agrupation\medium\batch.v1.CronJob39.yaml - CronJob generateNameValue{{ generateName }} is invalid: problem validating schema. Check JSON formatting: jsonschema validation failed with 'https://raw.githubusercontent.com/yannh/kubernetes-json-schema/master/master-standalone-strict/cronjob-batch-v1.json#' - at '/spec/jobTemplate/spec/template/spec/resourceClaims/0': additional properties 'source' not allowed | Summary: 1 resource found in 1 file - Valid: 0, Invalid: 1, Errors: 0, Skipped: 0"
batch.v1.CronJob40.yaml,Unknown,SCHEMA_ERROR,,,,,,0,0,0,0,0.0,0.0,0.0,321.22,,,,0,0.0,0.0,,"C:\Users\CAOSD\projects\tool-security-rules\..\scriptJsonToUvl\yamls_agrupation\medium\batch.v1.CronJob40.yaml - CronJob generateNameValue{{ generateName }} is invalid: problem validating schema. Check JSON formatting: jsonschema validation failed with 'https://raw.githubusercontent.com/yannh/kubernetes-json-schema/master/master-standalone-strict/cronjob-batch-v1.json#' - at '/spec/jobTemplate/spec/template/spec/resourceClaims/0': additional properties 'source' not allowed | Summary: 1 resource found in 1 file - Valid: 0, Invalid: 1, Errors: 0, Skipped: 0"
batch.v1.CronJob41.yaml,Unknown,SCHEMA_ERROR,,,,,,0,0,0,0,0.0,0.0,0.0,290.36,,,,0,0.0,0.0,,"C:\Users\CAOSD\projects\tool-security-rules\..\scriptJsonToUvl\yamls_agrupation\medium\batch.v1.CronJob41.yaml - CronJob generateNameValue{{ generateName }} is invalid: problem validating schema. Check JSON formatting: jsonschema validation failed with 'https://raw.githubusercontent.com/yannh/kubernetes-json-schema/master/master-standalone-strict/cronjob-batch-v1.json#' - at '/spec/jobTemplate/spec/template/spec/resourceClaims/0': additional properties 'source' not allowed | Summary: 1 resource found in 1 file - Valid: 0, Invalid: 1, Errors: 0, Skipped: 0"
batch.v1.CronJob42.yaml,Unknown,SCHEMA_ERROR,,,,,,0,0,0,0,0.0,0.0,0.0,326.12,,,,0,0.0,0.0,,"C:\Users\CAOSD\projects\tool-security-rules\..\scriptJsonToUvl\yamls_agrupation\medium\batch.v1.CronJob42.yaml - CronJob generateNameValue{{ generateName }} is invalid: problem validating schema. Check JSON formatting: jsonschema validation failed with 'https://raw.githubusercontent.com/yannh/kubernetes-json-schema/master/master-standalone-strict/cronjob-batch-v1.json#' - at '/spec/jobTemplate/spec/template/spec/resourceClaims/0': additional properties 'source' not allowed | Summary: 1 resource found in 1 file - Valid: 0, Invalid: 1, Errors: 0, Skipped: 0"
batch.v1.CronJob43.yaml,Unknown,SCHEMA_ERROR,,,,,,0,0,0,0,0.0,0.0,0.0,303.23,,,,0,0.0,0.0,,"C:\Users\CAOSD\projects\tool-security-rules\..\scriptJsonToUvl\yamls_agrupation\medium\batch.v1.CronJob43.yaml - CronJob generateNameValue{{ generateName }} is invalid: problem validating schema. Check JSON formatting: jsonschema validation failed with 'https://raw.githubusercontent.com/yannh/kubernetes-json-schema/master/master-standalone-strict/cronjob-batch-v1.json#' - at '/spec/jobTemplate/spec/template/spec/resourceClaims/0': additional properties 'source' not allowed | Summary: 1 resource found in 1 file - Valid: 0, Invalid: 1, Errors: 0, Skipped: 0"
batch.v1.CronJob44.yaml,Unknown,SCHEMA_ERROR,,,,,,0,0,0,0,0.0,0.0,0.0,325.0,,,,0,0.0,0.0,,"C:\Users\CAOSD\projects\tool-security-rules\..\scriptJsonToUvl\yamls_agrupation\medium\batch.v1.CronJob44.yaml - CronJob generateNameValue{{ generateName }} is invalid: problem validating schema. Check JSON formatting: jsonschema validation failed with 'https://raw.githubusercontent.com/yannh/kubernetes-json-schema/master/master-standalone-strict/cronjob-batch-v1.json#' - at '/spec/jobTemplate/spec/template/spec/resourceClaims/0': additional properties 'source' not allowed | Summary: 1 resource found in 1 file - Valid: 0, Invalid: 1, Errors: 0, Skipped: 0"
batch.v1.CronJob45.yaml,Unknown,SCHEMA_ERROR,,,,,,0,0,0,0,0.0,0.0,0.0,304.63,,,,0,0.0,0.0,,"C:\Users\CAOSD\projects\tool-security-rules\..\scriptJsonToUvl\yamls_agrupation\medium\batch.v1.CronJob45.yaml - CronJob generateNameValue{{ generateName }} is invalid: problem validating schema. Check JSON formatting: jsonschema validation failed with 'https://raw.githubusercontent.com/yannh/kubernetes-json-schema/master/master-standalone-strict/cronjob-batch-v1.json#' - at '/spec/jobTemplate/spec/template/spec/resourceClaims/0': additional properties 'source' not allowed | Summary: 1 resource found in 1 file - Valid: 0, Invalid: 1, Errors: 0, Skipped: 0"
batch.v1.CronJob46.yaml,Unknown,SCHEMA_ERROR,,,,,,0,0,0,0,0.0,0.0,0.0,322.0,,,,0,0.0,0.0,,"C:\Users\CAOSD\projects\tool-security-rules\..\scriptJsonToUvl\yamls_agrupation\medium\batch.v1.CronJob46.yaml - CronJob generateNameValue{{ generateName }} is invalid: problem validating schema. Check JSON formatting: jsonschema validation failed with 'https://raw.githubusercontent.com/yannh/kubernetes-json-schema/master/master-standalone-strict/cronjob-batch-v1.json#' - at '/spec/jobTemplate/spec/template/spec/resourceClaims/0': additional properties 'source' not allowed | Summary: 1 resource found in 1 file - Valid: 0, Invalid: 1, Errors: 0, Skipped: 0"
batch.v1.CronJob47.yaml,Unknown,SCHEMA_ERROR,,,,,,0,0,0,0,0.0,0.0,0.0,296.37,,,,0,0.0,0.0,,"C:\Users\CAOSD\projects\tool-security-rules\..\scriptJsonToUvl\yamls_agrupation\medium\batch.v1.CronJob47.yaml - CronJob generateNameValue{{ generateName }} is invalid: problem validating schema. Check JSON formatting: jsonschema validation failed with 'https://raw.githubusercontent.com/yannh/kubernetes-json-schema/master/master-standalone-strict/cronjob-batch-v1.json#' - at '/spec/jobTemplate/spec/template/spec/resourceClaims/0': additional properties 'source' not allowed | Summary: 1 resource found in 1 file - Valid: 0, Invalid: 1, Errors: 0, Skipped: 0"
batch.v1.CronJob48.yaml,Unknown,SCHEMA_ERROR,,,,,,0,0,0,0,0.0,0.0,0.0,306.84,,,,0,0.0,0.0,,"C:\Users\CAOSD\projects\tool-security-rules\..\scriptJsonToUvl\yamls_agrupation\medium\batch.v1.CronJob48.yaml - CronJob generateNameValue{{ generateName }} is invalid: problem validating schema. Check JSON formatting: jsonschema validation failed with 'https://raw.githubusercontent.com/yannh/kubernetes-json-schema/master/master-standalone-strict/cronjob-batch-v1.json#' - at '/spec/jobTemplate/spec/template/spec/resourceClaims/0': additional properties 'source' not allowed | Summary: 1 resource found in 1 file - Valid: 0, Invalid: 1, Errors: 0, Skipped: 0"
batch.v1.CronJob5.yaml,CronJob,30,16,5,21,31.72,0.0,0,1240,420,294,1,203.91,43385.16,645.48,44030.64,True,False,28,313,83.57,100.0,"{'use_high_gid': 'trivy', 'no_mounted_hostpath': 'trivy', 'kubernetes_no_custom_proc_mask': 'trivy', 'no_host_network': 'trivy', 'no_shared_ipc_namespace': 'trivy', 'kubernetes_no_non_default_capabilities': 'trivy', 'kubernetes_no_host_port_access': 'trivy', 'kubernetes_no_hostprocess_containers': 'trivy', 'kubernetes_no_hostaliases': 'trivy', 'no_auto_mount_service_token': 'trivy', 'kubernetes_no_non_ephemeral_volumes': 'trivy', 'kubernetes_no_self_privesc': 'trivy', 'no_host_pid': 'trivy', 'kubernetes_drop_default_capabilities': 'trivy', 'no_privileged_containers': 'trivy', 'use_high_uid': 'trivy', 'cpuLimitsMissing': 'polaris', 'tagNotSpecified': 'polaris', 'memoryRequestsMissing': 'polaris', 'memoryLimitsMissing': 'polaris', 'cpuRequestsMissing': 'polaris'}","C:\Users\CAOSD\projects\tool-security-rules\resources\evaluation\tmp_remediateds_AST_Complete_V2_medium\rem_batch.v1.CronJob5.yaml - CronJob generateNameValue{{ generateName }} is invalid: problem validating schema. Check JSON formatting: jsonschema validation failed with 'https://raw.githubusercontent.com/yannh/kubernetes-json-schema/master/master-standalone-strict/cronjob-batch-v1.json#' - at '/spec/jobTemplate/spec/template/spec/overhead': got array, want null or object | Summary: 1 resource found in 1 file - Valid: 0, Invalid: 1, Errors: 0, Skipped: 0"
batch.v1.CronJob6.yaml,Unknown,SCHEMA_ERROR,,,,,,0,0,0,0,0.0,0.0,0.0,321.44,,,,0,0.0,0.0,,"C:\Users\CAOSD\projects\tool-security-rules\..\scriptJsonToUvl\yamls_agrupation\medium\batch.v1.CronJob6.yaml - CronJob generateNameValue{{ generateName }} is invalid: problem validating schema. Check JSON formatting: jsonschema validation failed with 'https://raw.githubusercontent.com/yannh/kubernetes-json-schema/master/master-standalone-strict/cronjob-batch-v1.json#' - at '/spec/jobTemplate/spec/template/spec/resourceClaims/0': additional properties 'source' not allowed | Summary: 1 resource found in 1 file - Valid: 0, Invalid: 1, Errors: 0, Skipped: 0"
batch.v1.CronJob7.yaml,Unknown,SCHEMA_ERROR,,,,,,0,0,0,0,0.0,0.0,0.0,312.27,,,,0,0.0,0.0,,"C:\Users\CAOSD\projects\tool-security-rules\..\scriptJsonToUvl\yamls_agrupation\medium\batch.v1.CronJob7.yaml - CronJob generateNameValue{{ generateName }} is invalid: problem validating schema. Check JSON formatting: jsonschema validation failed with 'https://raw.githubusercontent.com/yannh/kubernetes-json-schema/master/master-standalone-strict/cronjob-batch-v1.json#' - at '/spec/jobTemplate/spec/template/spec/resourceClaims/0': additional properties 'source' not allowed - at '/spec/jobTemplate/spec/template/spec/volumes/0/ephemeral/volumeClaimTemplate/spec/resources': additional properties 'claims' not allowed | Summary: 1 resource found in 1 file - Valid: 0, Invalid: 1, Errors: 0, Skipped: 0"
batch.v1.CronJob8.yaml,Unknown,SCHEMA_ERROR,,,,,,0,0,0,0,0.0,0.0,0.0,322.15,,,,0,0.0,0.0,,"C:\Users\CAOSD\projects\tool-security-rules\..\scriptJsonToUvl\yamls_agrupation\medium\batch.v1.CronJob8.yaml - CronJob generateNameValue{{ generateName }} is invalid: problem validating schema. Check JSON formatting: jsonschema validation failed with 'https://raw.githubusercontent.com/yannh/kubernetes-json-schema/master/master-standalone-strict/cronjob-batch-v1.json#' - at '/spec/jobTemplate/spec/template/spec/volumes/0/ephemeral/volumeClaimTemplate/spec/resources': additional properties 'claims' not allowed - at '/spec/jobTemplate/spec/template/spec/resourceClaims/0': additional properties 'source' not allowed | Summary: 1 resource found in 1 file - Valid: 0, Invalid: 1, Errors: 0, Skipped: 0"
batch.v1.CronJob9.yaml,CronJob,30,16,5,21,31.72,0.0,0,1256,420,294,1,222.19,45356.04,667.87,46023.91,True,False,28,313,83.82,100.0,"{'use_high_gid': 'trivy', 'no_mounted_hostpath': 'trivy', 'kubernetes_no_custom_proc_mask': 'trivy', 'no_host_network': 'trivy', 'no_shared_ipc_namespace': 'trivy', 'kubernetes_no_non_default_capabilities': 'trivy', 'kubernetes_no_host_port_access': 'trivy', 'kubernetes_no_hostprocess_containers': 'trivy', 'kubernetes_no_hostaliases': 'trivy', 'no_auto_mount_service_token': 'trivy', 'kubernetes_no_non_ephemeral_volumes': 'trivy', 'kubernetes_no_self_privesc': 'trivy', 'no_host_pid': 'trivy', 'kubernetes_drop_default_capabilities': 'trivy', 'no_privileged_containers': 'trivy', 'use_high_uid': 'trivy', 'cpuLimitsMissing': 'polaris', 'tagNotSpecified': 'polaris', 'memoryRequestsMissing': 'polaris', 'memoryLimitsMissing': 'polaris', 'cpuRequestsMissing': 'polaris'}","C:\Users\CAOSD\projects\tool-security-rules\resources\evaluation\tmp_remediateds_AST_Complete_V2_medium\rem_batch.v1.CronJob9.yaml - CronJob generateNameValue{{ generateName }} is invalid: problem validating schema. Check JSON formatting: jsonschema validation failed with 'https://raw.githubusercontent.com/yannh/kubernetes-json-schema/master/master-standalone-strict/cronjob-batch-v1.json#' - at '/spec/jobTemplate/spec/template/spec/overhead': got array, want null or object | Summary: 1 resource found in 1 file - Valid: 0, Invalid: 1, Errors: 0, Skipped: 0"
batch.v1.Job.after_roundtrip.yaml,Unknown,SCHEMA_ERROR,,,,,,0,0,0,0,0.0,0.0,0.0,443.06,,,,0,0.0,0.0,,"C:\Users\CAOSD\projects\tool-security-rules\..\scriptJsonToUvl\yamls_agrupation\medium\batch.v1.Job.after_roundtrip.yaml - Job generateNameValue{{ generateName }} is invalid: problem validating schema. Check JSON formatting: jsonschema validation failed with 'https://raw.githubusercontent.com/yannh/kubernetes-json-schema/master/master-standalone-strict/job-batch-v1.json#' - at '/spec/template/spec/resourceClaims/0': additional properties 'source' not allowed | Summary: 1 resource found in 1 file - Valid: 0, Invalid: 1, Errors: 0, Skipped: 0"
batch.v1.Job.after_roundtrip1.yaml,Unknown,SCHEMA_ERROR,,,,,,0,0,0,0,0.0,0.0,0.0,286.87,,,,0,0.0,0.0,,"C:\Users\CAOSD\projects\tool-security-rules\..\scriptJsonToUvl\yamls_agrupation\medium\batch.v1.Job.after_roundtrip1.yaml - Job generateNameValue{{ generateName }} is invalid: problem validating schema. Check JSON formatting: jsonschema validation failed with 'https://raw.githubusercontent.com/yannh/kubernetes-json-schema/master/master-standalone-strict/job-batch-v1.json#' - at '/spec/template/spec/resourceClaims/0': additional properties 'source' not allowed | Summary: 1 resource found in 1 file - Valid: 0, Invalid: 1, Errors: 0, Skipped: 0"
batch.v1.Job.after_roundtrip10.yaml,Unknown,SCHEMA_ERROR,,,,,,0,0,0,0,0.0,0.0,0.0,301.64,,,,0,0.0,0.0,,"C:\Users\CAOSD\projects\tool-security-rules\..\scriptJsonToUvl\yamls_agrupation\medium\batch.v1.Job.after_roundtrip10.yaml - Job generateNameValue{{ generateName }} is invalid: problem validating schema. Check JSON formatting: jsonschema validation failed with 'https://raw.githubusercontent.com/yannh/kubernetes-json-schema/master/master-standalone-strict/job-batch-v1.json#' - at '/spec/template/spec/resourceClaims/0': additional properties 'source' not allowed | Summary: 1 resource found in 1 file - Valid: 0, Invalid: 1, Errors: 0, Skipped: 0"
batch.v1.Job.after_roundtrip11.yaml,Unknown,SCHEMA_ERROR,,,,,,0,0,0,0,0.0,0.0,0.0,332.58,,,,0,0.0,0.0,,"C:\Users\CAOSD\projects\tool-security-rules\..\scriptJsonToUvl\yamls_agrupation\medium\batch.v1.Job.after_roundtrip11.yaml - Job generateNameValue{{ generateName }} is invalid: problem validating schema. Check JSON formatting: jsonschema validation failed with 'https://raw.githubusercontent.com/yannh/kubernetes-json-schema/master/master-standalone-strict/job-batch-v1.json#' - at '/spec/template/spec/resourceClaims/0': additional properties 'source' not allowed | Summary: 1 resource found in 1 file - Valid: 0, Invalid: 1, Errors: 0, Skipped: 0"
batch.v1.Job.after_roundtrip2.yaml,Unknown,SCHEMA_ERROR,,,,,,0,0,0,0,0.0,0.0,0.0,289.52,,,,0,0.0,0.0,,"C:\Users\CAOSD\projects\tool-security-rules\..\scriptJsonToUvl\yamls_agrupation\medium\batch.v1.Job.after_roundtrip2.yaml - Job generateNameValue{{ generateName }} is invalid: problem validating schema. Check JSON formatting: jsonschema validation failed with 'https://raw.githubusercontent.com/yannh/kubernetes-json-schema/master/master-standalone-strict/job-batch-v1.json#' - at '/spec/template/spec/resourceClaims/0': additional properties 'source' not allowed | Summary: 1 resource found in 1 file - Valid: 0, Invalid: 1, Errors: 0, Skipped: 0"
batch.v1.Job.after_roundtrip3.yaml,Unknown,SCHEMA_ERROR,,,,,,0,0,0,0,0.0,0.0,0.0,278.53,,,,0,0.0,0.0,,"C:\Users\CAOSD\projects\tool-security-rules\..\scriptJsonToUvl\yamls_agrupation\medium\batch.v1.Job.after_roundtrip3.yaml - Job generateNameValue{{ generateName }} is invalid: problem validating schema. Check JSON formatting: jsonschema validation failed with 'https://raw.githubusercontent.com/yannh/kubernetes-json-schema/master/master-standalone-strict/job-batch-v1.json#' - at '/spec/template/spec/resourceClaims/0': additional properties 'source' not allowed | Summary: 1 resource found in 1 file - Valid: 0, Invalid: 1, Errors: 0, Skipped: 0"
batch.v1.Job.after_roundtrip5.yaml,Unknown,SCHEMA_ERROR,,,,,,0,0,0,0,0.0,0.0,0.0,296.65,,,,0,0.0,0.0,,"C:\Users\CAOSD\projects\tool-security-rules\..\scriptJsonToUvl\yamls_agrupation\medium\batch.v1.Job.after_roundtrip5.yaml - Job generateNameValue{{ generateName }} is invalid: problem validating schema. Check JSON formatting: jsonschema validation failed with 'https://raw.githubusercontent.com/yannh/kubernetes-json-schema/master/master-standalone-strict/job-batch-v1.json#' - at '/spec/template/spec/resourceClaims/0': additional properties 'source' not allowed | Summary: 1 resource found in 1 file - Valid: 0, Invalid: 1, Errors: 0, Skipped: 0"
batch.v1.Job.after_roundtrip6.yaml,Unknown,SCHEMA_ERROR,,,,,,0,0,0,0,0.0,0.0,0.0,299.7,,,,0,0.0,0.0,,"C:\Users\CAOSD\projects\tool-security-rules\..\scriptJsonToUvl\yamls_agrupation\medium\batch.v1.Job.after_roundtrip6.yaml - Job generateNameValue{{ generateName }} is invalid: problem validating schema. Check JSON formatting: jsonschema validation failed with 'https://raw.githubusercontent.com/yannh/kubernetes-json-schema/master/master-standalone-strict/job-batch-v1.json#' - at '/spec/template/spec/resourceClaims/0': additional properties 'source' not allowed | Summary: 1 resource found in 1 file - Valid: 0, Invalid: 1, Errors: 0, Skipped: 0"
batch.v1.Job.after_roundtrip8.yaml,Unknown,SCHEMA_ERROR,,,,,,0,0,0,0,0.0,0.0,0.0,281.65,,,,0,0.0,0.0,,"C:\Users\CAOSD\projects\tool-security-rules\..\scriptJsonToUvl\yamls_agrupation\medium\batch.v1.Job.after_roundtrip8.yaml - Job generateNameValue{{ generateName }} is invalid: problem validating schema. Check JSON formatting: jsonschema validation failed with 'https://raw.githubusercontent.com/yannh/kubernetes-json-schema/master/master-standalone-strict/job-batch-v1.json#' - at '/spec/template/spec/resourceClaims/0': additional properties 'source' not allowed | Summary: 1 resource found in 1 file - Valid: 0, Invalid: 1, Errors: 0, Skipped: 0"
batch.v1.Job.after_roundtrip9.yaml,Unknown,SCHEMA_ERROR,,,,,,0,0,0,0,0.0,0.0,0.0,279.63,,,,0,0.0,0.0,,"C:\Users\CAOSD\projects\tool-security-rules\..\scriptJsonToUvl\yamls_agrupation\medium\batch.v1.Job.after_roundtrip9.yaml - Job generateNameValue{{ generateName }} is invalid: problem validating schema. Check JSON formatting: jsonschema validation failed with 'https://raw.githubusercontent.com/yannh/kubernetes-json-schema/master/master-standalone-strict/job-batch-v1.json#' - at '/spec/template/spec/resourceClaims/0': additional properties 'source' not allowed | Summary: 1 resource found in 1 file - Valid: 0, Invalid: 1, Errors: 0, Skipped: 0"
batch.v1.Job.yaml,Unknown,SCHEMA_ERROR,,,,,,0,0,0,0,0.0,0.0,0.0,288.32,,,,0,0.0,0.0,,"C:\Users\CAOSD\projects\tool-security-rules\..\scriptJsonToUvl\yamls_agrupation\medium\batch.v1.Job.yaml - Job generateNameValue{{ generateName }} is invalid: problem validating schema. Check JSON formatting: jsonschema validation failed with 'https://raw.githubusercontent.com/yannh/kubernetes-json-schema/master/master-standalone-strict/job-batch-v1.json#' - at '/spec/template/spec/resourceClaims/0': additional properties 'source' not allowed | Summary: 1 resource found in 1 file - Valid: 0, Invalid: 1, Errors: 0, Skipped: 0"
batch.v1.Job1.yaml,Unknown,SCHEMA_ERROR,,,,,,0,0,0,0,0.0,0.0,0.0,305.31,,,,0,0.0,0.0,,"C:\Users\CAOSD\projects\tool-security-rules\..\scriptJsonToUvl\yamls_agrupation\medium\batch.v1.Job1.yaml - Job generateNameValue{{ generateName }} is invalid: problem validating schema. Check JSON formatting: jsonschema validation failed with 'https://raw.githubusercontent.com/yannh/kubernetes-json-schema/master/master-standalone-strict/job-batch-v1.json#' - at '/spec/template/spec/resourceClaims/0': additional properties 'source' not allowed - at '/spec/template/spec/volumes/0/ephemeral/volumeClaimTemplate/spec/resources': additional properties 'claims' not allowed | Summary: 1 resource found in 1 file - Valid: 0, Invalid: 1, Errors: 0, Skipped: 0"
batch.v1.Job11.yaml,Job,31,16,6,22,30.77,0.0,1,1207,420,294,1,21462.17,60592.92,596.31,61189.23,False,False,28,312,83.1,100.0,"{'use_high_gid': 'trivy', 'no_mounted_hostpath': 'trivy', 'kubernetes_no_custom_proc_mask': 'trivy', 'no_host_network': 'trivy', 'no_shared_ipc_namespace': 'trivy', 'kubernetes_no_non_default_capabilities': 'trivy', 'kubernetes_no_host_port_access': 'trivy', 'kubernetes_no_hostprocess_containers': 'trivy', 'kubernetes_no_hostaliases': 'trivy', 'no_auto_mount_service_token': 'trivy', 'kubernetes_no_non_ephemeral_volumes': 'trivy', 'kubernetes_no_self_privesc': 'trivy', 'no_host_pid': 'trivy', 'kubernetes_drop_default_capabilities': 'trivy', 'no_privileged_containers': 'trivy', 'use_high_uid': 'trivy', 'cpuLimitsMissing': 'polaris', 'Restrict_Jobs': 'kyverno', 'tagNotSpecified': 'polaris', 'memoryRequestsMissing': 'polaris', 'memoryLimitsMissing': 'polaris', 'cpuRequestsMissing': 'polaris'}","C:\Users\CAOSD\projects\tool-security-rules\resources\evaluation\tmp_remediateds_AST_Complete_V2_medium\rem_batch.v1.Job11.yaml - Job generateNameValue{{ generateName }} is invalid: problem validating schema. Check JSON formatting: jsonschema validation failed with 'https://raw.githubusercontent.com/yannh/kubernetes-json-schema/master/master-standalone-strict/job-batch-v1.json#' - at '/spec/template/spec/overhead': got array, want null or object | Summary: 1 resource found in 1 file - Valid: 0, Invalid: 1, Errors: 0, Skipped: 0"
batch.v1.Job12.yaml,Unknown,SCHEMA_ERROR,,,,,,0,0,0,0,0.0,0.0,0.0,279.34,,,,0,0.0,0.0,,"C:\Users\CAOSD\projects\tool-security-rules\..\scriptJsonToUvl\yamls_agrupation\medium\batch.v1.Job12.yaml - Job 3{{ generateName }} is invalid: problem validating schema. Check JSON formatting: jsonschema validation failed with 'https://raw.githubusercontent.com/yannh/kubernetes-json-schema/master/master-standalone-strict/job-batch-v1.json#' - at '/metadata': additional properties 'clusterName' not allowed - at '/spec/template/metadata': additional properties 'clusterName' not allowed | Summary: 1 resource found in 1 file - Valid: 0, Invalid: 1, Errors: 0, Skipped: 0"
batch.v1.Job14.yaml,Unknown,SCHEMA_ERROR,,,,,,0,0,0,0,0.0,0.0,0.0,307.62,,,,0,0.0,0.0,,"C:\Users\CAOSD\projects\tool-security-rules\..\scriptJsonToUvl\yamls_agrupation\medium\batch.v1.Job14.yaml - Job 3{{ generateName }} is invalid: problem validating schema. Check JSON formatting: jsonschema validation failed with 'https://raw.githubusercontent.com/yannh/kubernetes-json-schema/master/master-standalone-strict/job-batch-v1.json#' - at '/spec/template/metadata': additional properties 'clusterName' not allowed - at '/metadata': additional properties 'clusterName' not allowed | Summary: 1 resource found in 1 file - Valid: 0, Invalid: 1, Errors: 0, Skipped: 0"
batch.v1.Job15.yaml,Unknown,SCHEMA_ERROR,,,,,,0,0,0,0,0.0,0.0,0.0,331.37,,,,0,0.0,0.0,,"C:\Users\CAOSD\projects\tool-security-rules\..\scriptJsonToUvl\yamls_agrupation\medium\batch.v1.Job15.yaml - Job generateNameValue{{ generateName }} is invalid: problem validating schema. Check JSON formatting: jsonschema validation failed with 'https://raw.githubusercontent.com/yannh/kubernetes-json-schema/master/master-standalone-strict/job-batch-v1.json#' - at '/metadata': additional properties 'clusterName' not allowed - at '/spec/template': validation failed   - at '/spec/template/metadata': additional properties 'clusterName' not allowed   - at '/spec/template/spec/volumes/0/ephemeral/volumeClaimTemplate/metadata': additional properties 'clusterName' not allowed | Summary: 1 resource found in 1 file - Valid: 0, Invalid: 1, Errors: 0, Skipped: 0"
batch.v1.Job16.yaml,Unknown,SCHEMA_ERROR,,,,,,0,0,0,0,0.0,0.0,0.0,306.18,,,,0,0.0,0.0,,"C:\Users\CAOSD\projects\tool-security-rules\..\scriptJsonToUvl\yamls_agrupation\medium\batch.v1.Job16.yaml - Job 3{{ generateName }} is invalid: problem validating schema. Check JSON formatting: jsonschema validation failed with 'https://raw.githubusercontent.com/yannh/kubernetes-json-schema/master/master-standalone-strict/job-batch-v1.json#' - at '/metadata': additional properties 'clusterName' not allowed - at '/spec/template': validation failed   - at '/spec/template/metadata': additional properties 'clusterName' not allowed   - at '/spec/template/spec/volumes/0/ephemeral/volumeClaimTemplate/metadata': additional properties 'clusterName' not allowed | Summary: 1 resource found in 1 file - Valid: 0, Invalid: 1, Errors: 0, Skipped: 0"
batch.v1.Job17.yaml,Unknown,SCHEMA_ERROR,,,,,,0,0,0,0,0.0,0.0,0.0,289.64,,,,0,0.0,0.0,,"C:\Users\CAOSD\projects\tool-security-rules\..\scriptJsonToUvl\yamls_agrupation\medium\batch.v1.Job17.yaml - Job 3{{ generateName }} is invalid: problem validating schema. Check JSON formatting: jsonschema validation failed with 'https://raw.githubusercontent.com/yannh/kubernetes-json-schema/master/master-standalone-strict/job-batch-v1.json#' - at '/metadata': additional properties 'clusterName' not allowed - at '/spec/template': validation failed   - at '/spec/template/metadata': additional properties 'clusterName' not allowed   - at '/spec/template/spec/volumes/0/ephemeral/volumeClaimTemplate/metadata': additional properties 'clusterName' not allowed | Summary: 1 resource found in 1 file - Valid: 0, Invalid: 1, Errors: 0, Skipped: 0"
batch.v1.Job18.yaml,Unknown,SCHEMA_ERROR,,,,,,0,0,0,0,0.0,0.0,0.0,335.64,,,,0,0.0,0.0,,"C:\Users\CAOSD\projects\tool-security-rules\..\scriptJsonToUvl\yamls_agrupation\medium\batch.v1.Job18.yaml - Job generateNameValue{{ generateName }} is invalid: problem validating schema. Check JSON formatting: jsonschema validation failed with 'https://raw.githubusercontent.com/yannh/kubernetes-json-schema/master/master-standalone-strict/job-batch-v1.json#' - at '/spec/template/spec/resourceClaims/0': additional properties 'source' not allowed | Summary: 1 resource found in 1 file - Valid: 0, Invalid: 1, Errors: 0, Skipped: 0"
batch.v1.Job19.yaml,Unknown,SCHEMA_ERROR,,,,,,0,0,0,0,0.0,0.0,0.0,319.72,,,,0,0.0,0.0,,"C:\Users\CAOSD\projects\tool-security-rules\..\scriptJsonToUvl\yamls_agrupation\medium\batch.v1.Job19.yaml - Job generateNameValue{{ generateName }} is invalid: problem validating schema. Check JSON formatting: jsonschema validation failed with 'https://raw.githubusercontent.com/yannh/kubernetes-json-schema/master/master-standalone-strict/job-batch-v1.json#' - at '/spec/template/spec/resourceClaims/0': additional properties 'source' not allowed - at '/spec/template/spec/volumes/0/ephemeral/volumeClaimTemplate/spec/resources': additional properties 'claims' not allowed | Summary: 1 resource found in 1 file - Valid: 0, Invalid: 1, Errors: 0, Skipped: 0"
batch.v1.Job2.yaml,Unknown,SCHEMA_ERROR,,,,,,0,0,0,0,0.0,0.0,0.0,288.53,,,,0,0.0,0.0,,"C:\Users\CAOSD\projects\tool-security-rules\..\scriptJsonToUvl\yamls_agrupation\medium\batch.v1.Job2.yaml - Job generateNameValue{{ generateName }} is invalid: problem validating schema. Check JSON formatting: jsonschema validation failed with 'https://raw.githubusercontent.com/yannh/kubernetes-json-schema/master/master-standalone-strict/job-batch-v1.json#' - at '/spec/template/spec/volumes/0/ephemeral/volumeClaimTemplate/spec/resources': additional properties 'claims' not allowed - at '/spec/template/spec/resourceClaims/0': additional properties 'source' not allowed | Summary: 1 resource found in 1 file - Valid: 0, Invalid: 1, Errors: 0, Skipped: 0"
batch.v1.Job20.yaml,Unknown,SCHEMA_ERROR,,,,,,0,0,0,0,0.0,0.0,0.0,283.77,,,,0,0.0,0.0,,"C:\Users\CAOSD\projects\tool-security-rules\..\scriptJsonToUvl\yamls_agrupation\medium\batch.v1.Job20.yaml - Job generateNameValue{{ generateName }} is invalid: problem validating schema. Check JSON formatting: jsonschema validation failed with 'https://raw.githubusercontent.com/yannh/kubernetes-json-schema/master/master-standalone-strict/job-batch-v1.json#' - at '/spec/template/spec/resourceClaims/0': additional properties 'source' not allowed | Summary: 1 resource found in 1 file - Valid: 0, Invalid: 1, Errors: 0, Skipped: 0"
batch.v1.Job21.yaml,Unknown,SCHEMA_ERROR,,,,,,0,0,0,0,0.0,0.0,0.0,337.77,,,,0,0.0,0.0,,"C:\Users\CAOSD\projects\tool-security-rules\..\scriptJsonToUvl\yamls_agrupation\medium\batch.v1.Job21.yaml - Job generateNameValue{{ generateName }} is invalid: problem validating schema. Check JSON formatting: jsonschema validation failed with 'https://raw.githubusercontent.com/yannh/kubernetes-json-schema/master/master-standalone-strict/job-batch-v1.json#' - at '/spec/template/spec/resourceClaims/0': additional properties 'source' not allowed | Summary: 1 resource found in 1 file - Valid: 0, Invalid: 1, Errors: 0, Skipped: 0"
batch.v1.Job22.yaml,Unknown,SCHEMA_ERROR,,,,,,0,0,0,0,0.0,0.0,0.0,311.42,,,,0,0.0,0.0,,"C:\Users\CAOSD\projects\tool-security-rules\..\scriptJsonToUvl\yamls_agrupation\medium\batch.v1.Job22.yaml - Job generateNameValue{{ generateName }} is invalid: problem validating schema. Check JSON formatting: jsonschema validation failed with 'https://raw.githubusercontent.com/yannh/kubernetes-json-schema/master/master-standalone-strict/job-batch-v1.json#' - at '/spec/template/spec/volumes/0/ephemeral/volumeClaimTemplate/spec/resources': additional properties 'claims' not allowed - at '/spec/template/spec/resourceClaims/0': additional properties 'source' not allowed | Summary: 1 resource found in 1 file - Valid: 0, Invalid: 1, Errors: 0, Skipped: 0"
batch.v1.Job23.yaml,Unknown,SCHEMA_ERROR,,,,,,0,0,0,0,0.0,0.0,0.0,300.85,,,,0,0.0,0.0,,"C:\Users\CAOSD\projects\tool-security-rules\..\scriptJsonToUvl\yamls_agrupation\medium\batch.v1.Job23.yaml - Job generateNameValue{{ generateName }} is invalid: problem validating schema. Check JSON formatting: jsonschema validation failed with 'https://raw.githubusercontent.com/yannh/kubernetes-json-schema/master/master-standalone-strict/job-batch-v1.json#' - at '/spec/template/spec/resourceClaims/0': additional properties 'source' not allowed | Summary: 1 resource found in 1 file - Valid: 0, Invalid: 1, Errors: 0, Skipped: 0"
batch.v1.Job24.yaml,Unknown,SCHEMA_ERROR,,,,,,0,0,0,0,0.0,0.0,0.0,358.13,,,,0,0.0,0.0,,"C:\Users\CAOSD\projects\tool-security-rules\..\scriptJsonToUvl\yamls_agrupation\medium\batch.v1.Job24.yaml - Job 3{{ generateName }} is invalid: problem validating schema. Check JSON formatting: jsonschema validation failed with 'https://raw.githubusercontent.com/yannh/kubernetes-json-schema/master/master-standalone-strict/job-batch-v1.json#' - at '/metadata': additional properties 'clusterName' not allowed - at '/spec/template/metadata': additional properties 'clusterName' not allowed | Summary: 1 resource found in 1 file - Valid: 0, Invalid: 1, Errors: 0, Skipped: 0"
batch.v1.Job26.yaml,Unknown,SCHEMA_ERROR,,,,,,0,0,0,0,0.0,0.0,0.0,276.9,,,,0,0.0,0.0,,"C:\Users\CAOSD\projects\tool-security-rules\..\scriptJsonToUvl\yamls_agrupation\medium\batch.v1.Job26.yaml - Job 3{{ generateName }} is invalid: problem validating schema. Check JSON formatting: jsonschema validation failed with 'https://raw.githubusercontent.com/yannh/kubernetes-json-schema/master/master-standalone-strict/job-batch-v1.json#' - at '/metadata': additional properties 'clusterName' not allowed - at '/spec/template/metadata': additional properties 'clusterName' not allowed | Summary: 1 resource found in 1 file - Valid: 0, Invalid: 1, Errors: 0, Skipped: 0"
batch.v1.Job27.yaml,Unknown,SCHEMA_ERROR,,,,,,0,0,0,0,0.0,0.0,0.0,292.63,,,,0,0.0,0.0,,"C:\Users\CAOSD\projects\tool-security-rules\..\scriptJsonToUvl\yamls_agrupation\medium\batch.v1.Job27.yaml - Job generateNameValue{{ generateName }} is invalid: problem validating schema. Check JSON formatting: jsonschema validation failed with 'https://raw.githubusercontent.com/yannh/kubernetes-json-schema/master/master-standalone-strict/job-batch-v1.json#' - at '/metadata': additional properties 'clusterName' not allowed - at '/spec/template': validation failed   - at '/spec/template/metadata': additional properties 'clusterName' not allowed   - at '/spec/template/spec/volumes/0/ephemeral/volumeClaimTemplate/metadata': additional properties 'clusterName' not allowed | Summary: 1 resource found in 1 file - Valid: 0, Invalid: 1, Errors: 0, Skipped: 0"
batch.v1.Job28.yaml,Unknown,SCHEMA_ERROR,,,,,,0,0,0,0,0.0,0.0,0.0,310.0,,,,0,0.0,0.0,,"C:\Users\CAOSD\projects\tool-security-rules\..\scriptJsonToUvl\yamls_agrupation\medium\batch.v1.Job28.yaml - Job 3{{ generateName }} is invalid: problem validating schema. Check JSON formatting: jsonschema validation failed with 'https://raw.githubusercontent.com/yannh/kubernetes-json-schema/master/master-standalone-strict/job-batch-v1.json#' - at '/spec/template': validation failed   - at '/spec/template/spec/volumes/0/ephemeral/volumeClaimTemplate/metadata': additional properties 'clusterName' not allowed   - at '/spec/template/metadata': additional properties 'clusterName' not allowed - at '/metadata': additional properties 'clusterName' not allowed | Summary: 1 resource found in 1 file - Valid: 0, Invalid: 1, Errors: 0, Skipped: 0"
batch.v1.Job29.yaml,Unknown,SCHEMA_ERROR,,,,,,0,0,0,0,0.0,0.0,0.0,312.88,,,,0,0.0,0.0,,"C:\Users\CAOSD\projects\tool-security-rules\..\scriptJsonToUvl\yamls_agrupation\medium\batch.v1.Job29.yaml - Job 3{{ generateName }} is invalid: problem validating schema. Check JSON formatting: jsonschema validation failed with 'https://raw.githubusercontent.com/yannh/kubernetes-json-schema/master/master-standalone-strict/job-batch-v1.json#' - at '/metadata': additional properties 'clusterName' not allowed - at '/spec/template': validation failed   - at '/spec/template/metadata': additional properties 'clusterName' not allowed   - at '/spec/template/spec/volumes/0/ephemeral/volumeClaimTemplate/metadata': additional properties 'clusterName' not allowed | Summary: 1 resource found in 1 file - Valid: 0, Invalid: 1, Errors: 0, Skipped: 0"
batch.v1.Job3.yaml,Job,31,16,6,22,30.77,0.0,1,1223,420,294,1,528.94,42016.33,603.49,42619.82,False,False,28,312,83.37,100.0,"{'use_high_gid': 'trivy', 'no_mounted_hostpath': 'trivy', 'kubernetes_no_custom_proc_mask': 'trivy', 'no_host_network': 'trivy', 'no_shared_ipc_namespace': 'trivy', 'kubernetes_no_non_default_capabilities': 'trivy', 'kubernetes_no_host_port_access': 'trivy', 'kubernetes_no_hostprocess_containers': 'trivy', 'kubernetes_no_hostaliases': 'trivy', 'no_auto_mount_service_token': 'trivy', 'kubernetes_no_non_ephemeral_volumes': 'trivy', 'kubernetes_no_self_privesc': 'trivy', 'no_host_pid': 'trivy', 'kubernetes_drop_default_capabilities': 'trivy', 'no_privileged_containers': 'trivy', 'use_high_uid': 'trivy', 'cpuLimitsMissing': 'polaris', 'Restrict_Jobs': 'kyverno', 'tagNotSpecified': 'polaris', 'memoryRequestsMissing': 'polaris', 'memoryLimitsMissing': 'polaris', 'cpuRequestsMissing': 'polaris'}","C:\Users\CAOSD\projects\tool-security-rules\resources\evaluation\tmp_remediateds_AST_Complete_V2_medium\rem_batch.v1.Job3.yaml - Job generateNameValue{{ generateName }} is invalid: problem validating schema. Check JSON formatting: jsonschema validation failed with 'https://raw.githubusercontent.com/yannh/kubernetes-json-schema/master/master-standalone-strict/job-batch-v1.json#' - at '/spec/template/spec/overhead': got array, want null or object | Summary: 1 resource found in 1 file - Valid: 0, Invalid: 1, Errors: 0, Skipped: 0"
batch.v1.Job30.yaml,Unknown,SCHEMA_ERROR,,,,,,0,0,0,0,0.0,0.0,0.0,365.69,,,,0,0.0,0.0,,"C:\Users\CAOSD\projects\tool-security-rules\..\scriptJsonToUvl\yamls_agrupation\medium\batch.v1.Job30.yaml - Job generateNameValue{{ generateName }} is invalid: problem validating schema. Check JSON formatting: jsonschema validation failed with 'https://raw.githubusercontent.com/yannh/kubernetes-json-schema/master/master-standalone-strict/job-batch-v1.json#' - at '/spec/template/spec/resourceClaims/0': additional properties 'source' not allowed | Summary: 1 resource found in 1 file - Valid: 0, Invalid: 1, Errors: 0, Skipped: 0"
batch.v1.Job31.yaml,Unknown,SCHEMA_ERROR,,,,,,0,0,0,0,0.0,0.0,0.0,292.17,,,,0,0.0,0.0,,"C:\Users\CAOSD\projects\tool-security-rules\..\scriptJsonToUvl\yamls_agrupation\medium\batch.v1.Job31.yaml - Job generateNameValue{{ generateName }} is invalid: problem validating schema. Check JSON formatting: jsonschema validation failed with 'https://raw.githubusercontent.com/yannh/kubernetes-json-schema/master/master-standalone-strict/job-batch-v1.json#' - at '/spec/template/spec/resourceClaims/0': additional properties 'source' not allowed - at '/spec/template/spec/volumes/0/ephemeral/volumeClaimTemplate/spec/resources': additional properties 'claims' not allowed | Summary: 1 resource found in 1 file - Valid: 0, Invalid: 1, Errors: 0, Skipped: 0"
batch.v1.Job32.yaml,Unknown,SCHEMA_ERROR,,,,,,0,0,0,0,0.0,0.0,0.0,313.47,,,,0,0.0,0.0,,"C:\Users\CAOSD\projects\tool-security-rules\..\scriptJsonToUvl\yamls_agrupation\medium\batch.v1.Job32.yaml - Job generateNameValue{{ generateName }} is invalid: problem validating schema. Check JSON formatting: jsonschema validation failed with 'https://raw.githubusercontent.com/yannh/kubernetes-json-schema/master/master-standalone-strict/job-batch-v1.json#' - at '/spec/template/spec/resourceClaims/0': additional properties 'source' not allowed | Summary: 1 resource found in 1 file - Valid: 0, Invalid: 1, Errors: 0, Skipped: 0"
batch.v1.Job33.yaml,Unknown,SCHEMA_ERROR,,,,,,0,0,0,0,0.0,0.0,0.0,281.25,,,,0,0.0,0.0,,"C:\Users\CAOSD\projects\tool-security-rules\..\scriptJsonToUvl\yamls_agrupation\medium\batch.v1.Job33.yaml - Job generateNameValue{{ generateName }} is invalid: problem validating schema. Check JSON formatting: jsonschema validation failed with 'https://raw.githubusercontent.com/yannh/kubernetes-json-schema/master/master-standalone-strict/job-batch-v1.json#' - at '/spec/template/spec/resourceClaims/0': additional properties 'source' not allowed | Summary: 1 resource found in 1 file - Valid: 0, Invalid: 1, Errors: 0, Skipped: 0"
batch.v1.Job34.yaml,Unknown,SCHEMA_ERROR,,,,,,0,0,0,0,0.0,0.0,0.0,297.97,,,,0,0.0,0.0,,"C:\Users\CAOSD\projects\tool-security-rules\..\scriptJsonToUvl\yamls_agrupation\medium\batch.v1.Job34.yaml - Job generateNameValue{{ generateName }} is invalid: problem validating schema. Check JSON formatting: jsonschema validation failed with 'https://raw.githubusercontent.com/yannh/kubernetes-json-schema/master/master-standalone-strict/job-batch-v1.json#' - at '/spec/template/spec/volumes/0/ephemeral/volumeClaimTemplate/spec/resources': additional properties 'claims' not allowed - at '/spec/template/spec/resourceClaims/0': additional properties 'source' not allowed | Summary: 1 resource found in 1 file - Valid: 0, Invalid: 1, Errors: 0, Skipped: 0"
batch.v1.Job35.yaml,Unknown,SCHEMA_ERROR,,,,,,0,0,0,0,0.0,0.0,0.0,286.84,,,,0,0.0,0.0,,"C:\Users\CAOSD\projects\tool-security-rules\..\scriptJsonToUvl\yamls_agrupation\medium\batch.v1.Job35.yaml - Job generateNameValue{{ generateName }} is invalid: problem validating schema. Check JSON formatting: jsonschema validation failed with 'https://raw.githubusercontent.com/yannh/kubernetes-json-schema/master/master-standalone-strict/job-batch-v1.json#' - at '/spec/template/spec/resourceClaims/0': additional properties 'source' not allowed | Summary: 1 resource found in 1 file - Valid: 0, Invalid: 1, Errors: 0, Skipped: 0"
batch.v1.Job39.yaml,Unknown,SCHEMA_ERROR,,,,,,0,0,0,0,0.0,0.0,0.0,444.71,,,,0,0.0,0.0,,"C:\Users\CAOSD\projects\tool-security-rules\..\scriptJsonToUvl\yamls_agrupation\medium\batch.v1.Job39.yaml - Job 3{{ generateName }} is invalid: problem validating schema. Check JSON formatting: jsonschema validation failed with 'https://raw.githubusercontent.com/yannh/kubernetes-json-schema/master/master-standalone-strict/job-batch-v1.json#' - at '/metadata': additional properties 'clusterName' not allowed - at '/spec/template': validation failed   - at '/spec/template/metadata': additional properties 'clusterName' not allowed   - at '/spec/template/spec/volumes/0/ephemeral/volumeClaimTemplate/metadata': additional properties 'clusterName' not allowed | Summary: 1 resource found in 1 file - Valid: 0, Invalid: 1, Errors: 0, Skipped: 0"
batch.v1.Job40.yaml,Unknown,SCHEMA_ERROR,,,,,,0,0,0,0,0.0,0.0,0.0,305.01,,,,0,0.0,0.0,,"C:\Users\CAOSD\projects\tool-security-rules\..\scriptJsonToUvl\yamls_agrupation\medium\batch.v1.Job40.yaml - Job 3{{ generateName }} is invalid: problem validating schema. Check JSON formatting: jsonschema validation failed with 'https://raw.githubusercontent.com/yannh/kubernetes-json-schema/master/master-standalone-strict/job-batch-v1.json#' - at '/metadata': additional properties 'clusterName' not allowed - at '/spec/template': validation failed   - at '/spec/template/metadata': additional properties 'clusterName' not allowed   - at '/spec/template/spec/volumes/0/ephemeral/volumeClaimTemplate/metadata': additional properties 'clusterName' not allowed | Summary: 1 resource found in 1 file - Valid: 0, Invalid: 1, Errors: 0, Skipped: 0"
batch.v1.Job41.yaml,Unknown,SCHEMA_ERROR,,,,,,0,0,0,0,0.0,0.0,0.0,278.52,,,,0,0.0,0.0,,"C:\Users\CAOSD\projects\tool-security-rules\..\scriptJsonToUvl\yamls_agrupation\medium\batch.v1.Job41.yaml - Job 3{{ generateName }} is invalid: problem validating schema. Check JSON formatting: jsonschema validation failed with 'https://raw.githubusercontent.com/yannh/kubernetes-json-schema/master/master-standalone-strict/job-batch-v1.json#' - at '/metadata': additional properties 'clusterName' not allowed - at '/spec/template': validation failed   - at '/spec/template/metadata': additional properties 'clusterName' not allowed   - at '/spec/template/spec/volumes/0/ephemeral/volumeClaimTemplate/metadata': additional properties 'clusterName' not allowed | Summary: 1 resource found in 1 file - Valid: 0, Invalid: 1, Errors: 0, Skipped: 0"
batch.v1.Job42.yaml,Unknown,SCHEMA_ERROR,,,,,,0,0,0,0,0.0,0.0,0.0,308.03,,,,0,0.0,0.0,,"C:\Users\CAOSD\projects\tool-security-rules\..\scriptJsonToUvl\yamls_agrupation\medium\batch.v1.Job42.yaml - Job generateNameValue{{ generateName }} is invalid: problem validating schema. Check JSON formatting: jsonschema validation failed with 'https://raw.githubusercontent.com/yannh/kubernetes-json-schema/master/master-standalone-strict/job-batch-v1.json#' - at '/spec/template/spec/resourceClaims/0': additional properties 'source' not allowed | Summary: 1 resource found in 1 file - Valid: 0, Invalid: 1, Errors: 0, Skipped: 0"
batch.v1.Job43.yaml,Unknown,SCHEMA_ERROR,,,,,,0,0,0,0,0.0,0.0,0.0,294.24,,,,0,0.0,0.0,,"C:\Users\CAOSD\projects\tool-security-rules\..\scriptJsonToUvl\yamls_agrupation\medium\batch.v1.Job43.yaml - Job generateNameValue{{ generateName }} is invalid: problem validating schema. Check JSON formatting: jsonschema validation failed with 'https://raw.githubusercontent.com/yannh/kubernetes-json-schema/master/master-standalone-strict/job-batch-v1.json#' - at '/spec/template/spec/volumes/0/ephemeral/volumeClaimTemplate/spec/resources': additional properties 'claims' not allowed - at '/spec/template/spec/resourceClaims/0': additional properties 'source' not allowed | Summary: 1 resource found in 1 file - Valid: 0, Invalid: 1, Errors: 0, Skipped: 0"
batch.v1.Job44.yaml,Unknown,SCHEMA_ERROR,,,,,,0,0,0,0,0.0,0.0,0.0,275.83,,,,0,0.0,0.0,,"C:\Users\CAOSD\projects\tool-security-rules\..\scriptJsonToUvl\yamls_agrupation\medium\batch.v1.Job44.yaml - Job generateNameValue{{ generateName }} is invalid: problem validating schema. Check JSON formatting: jsonschema validation failed with 'https://raw.githubusercontent.com/yannh/kubernetes-json-schema/master/master-standalone-strict/job-batch-v1.json#' - at '/spec/template/spec/resourceClaims/0': additional properties 'source' not allowed | Summary: 1 resource found in 1 file - Valid: 0, Invalid: 1, Errors: 0, Skipped: 0"
batch.v1.Job45.yaml,Unknown,SCHEMA_ERROR,,,,,,0,0,0,0,0.0,0.0,0.0,280.45,,,,0,0.0,0.0,,"C:\Users\CAOSD\projects\tool-security-rules\..\scriptJsonToUvl\yamls_agrupation\medium\batch.v1.Job45.yaml - Job generateNameValue{{ generateName }} is invalid: problem validating schema. Check JSON formatting: jsonschema validation failed with 'https://raw.githubusercontent.com/yannh/kubernetes-json-schema/master/master-standalone-strict/job-batch-v1.json#' - at '/spec/template/spec/resourceClaims/0': additional properties 'source' not allowed | Summary: 1 resource found in 1 file - Valid: 0, Invalid: 1, Errors: 0, Skipped: 0"
batch.v1.Job46.yaml,Unknown,SCHEMA_ERROR,,,,,,0,0,0,0,0.0,0.0,0.0,311.1,,,,0,0.0,0.0,,"C:\Users\CAOSD\projects\tool-security-rules\..\scriptJsonToUvl\yamls_agrupation\medium\batch.v1.Job46.yaml - Job generateNameValue{{ generateName }} is invalid: problem validating schema. Check JSON formatting: jsonschema validation failed with 'https://raw.githubusercontent.com/yannh/kubernetes-json-schema/master/master-standalone-strict/job-batch-v1.json#' - at '/spec/template/spec/resourceClaims/0': additional properties 'source' not allowed - at '/spec/template/spec/volumes/0/ephemeral/volumeClaimTemplate/spec/resources': additional properties 'claims' not allowed | Summary: 1 resource found in 1 file - Valid: 0, Invalid: 1, Errors: 0, Skipped: 0"
batch.v1.Job47.yaml,Unknown,SCHEMA_ERROR,,,,,,0,0,0,0,0.0,0.0,0.0,318.59,,,,0,0.0,0.0,,"C:\Users\CAOSD\projects\tool-security-rules\..\scriptJsonToUvl\yamls_agrupation\medium\batch.v1.Job47.yaml - Job generateNameValue{{ generateName }} is invalid: problem validating schema. Check JSON formatting: jsonschema validation failed with 'https://raw.githubusercontent.com/yannh/kubernetes-json-schema/master/master-standalone-strict/job-batch-v1.json#' - at '/spec/template/spec/resourceClaims/0': additional properties 'source' not allowed | Summary: 1 resource found in 1 file - Valid: 0, Invalid: 1, Errors: 0, Skipped: 0"
batch.v1.Job48.yaml,Unknown,SCHEMA_ERROR,,,,,,0,0,0,0,0.0,0.0,0.0,298.89,,,,0,0.0,0.0,,"C:\Users\CAOSD\projects\tool-security-rules\..\scriptJsonToUvl\yamls_agrupation\medium\batch.v1.Job48.yaml - Job generateNameValue{{ generateName }} is invalid: problem validating schema. Check JSON formatting: jsonschema validation failed with 'https://raw.githubusercontent.com/yannh/kubernetes-json-schema/master/master-standalone-strict/job-batch-v1.json#' - at '/spec/template/spec/resourceClaims/0': additional properties 'source' not allowed | Summary: 1 resource found in 1 file - Valid: 0, Invalid: 1, Errors: 0, Skipped: 0"
batch.v1.Job49.yaml,Unknown,SCHEMA_ERROR,,,,,,0,0,0,0,0.0,0.0,0.0,283.52,,,,0,0.0,0.0,,"C:\Users\CAOSD\projects\tool-security-rules\..\scriptJsonToUvl\yamls_agrupation\medium\batch.v1.Job49.yaml - Job generateNameValue{{ generateName }} is invalid: problem validating schema. Check JSON formatting: jsonschema validation failed with 'https://raw.githubusercontent.com/yannh/kubernetes-json-schema/master/master-standalone-strict/job-batch-v1.json#' - at '/spec/template/spec/resourceClaims/0': additional properties 'source' not allowed | Summary: 1 resource found in 1 file - Valid: 0, Invalid: 1, Errors: 0, Skipped: 0"
batch.v1.Job5.yaml,Job,31,16,6,22,30.77,0.0,1,1207,420,294,1,216.66,40491.94,596.37,41088.31,False,False,28,312,83.1,100.0,"{'use_high_gid': 'trivy', 'no_mounted_hostpath': 'trivy', 'kubernetes_no_custom_proc_mask': 'trivy', 'no_host_network': 'trivy', 'no_shared_ipc_namespace': 'trivy', 'kubernetes_no_non_default_capabilities': 'trivy', 'kubernetes_no_host_port_access': 'trivy', 'kubernetes_no_hostprocess_containers': 'trivy', 'kubernetes_no_hostaliases': 'trivy', 'no_auto_mount_service_token': 'trivy', 'kubernetes_no_non_ephemeral_volumes': 'trivy', 'kubernetes_no_self_privesc': 'trivy', 'no_host_pid': 'trivy', 'kubernetes_drop_default_capabilities': 'trivy', 'no_privileged_containers': 'trivy', 'use_high_uid': 'trivy', 'cpuLimitsMissing': 'polaris', 'Restrict_Jobs': 'kyverno', 'tagNotSpecified': 'polaris', 'memoryRequestsMissing': 'polaris', 'memoryLimitsMissing': 'polaris', 'cpuRequestsMissing': 'polaris'}","C:\Users\CAOSD\projects\tool-security-rules\resources\evaluation\tmp_remediateds_AST_Complete_V2_medium\rem_batch.v1.Job5.yaml - Job generateNameValue{{ generateName }} is invalid: problem validating schema. Check JSON formatting: jsonschema validation failed with 'https://raw.githubusercontent.com/yannh/kubernetes-json-schema/master/master-standalone-strict/job-batch-v1.json#' - at '/spec/template/spec/overhead': got array, want null or object | Summary: 1 resource found in 1 file - Valid: 0, Invalid: 1, Errors: 0, Skipped: 0"
batch.v1.Job50.yaml,Unknown,SCHEMA_ERROR,,,,,,0,0,0,0,0.0,0.0,0.0,450.59,,,,0,0.0,0.0,,"C:\Users\CAOSD\projects\tool-security-rules\..\scriptJsonToUvl\yamls_agrupation\medium\batch.v1.Job50.yaml - Job generateNameValue{{ generateName }} is invalid: problem validating schema. Check JSON formatting: jsonschema validation failed with 'https://raw.githubusercontent.com/yannh/kubernetes-json-schema/master/master-standalone-strict/job-batch-v1.json#' - at '/spec/template/spec/resourceClaims/0': additional properties 'source' not allowed | Summary: 1 resource found in 1 file - Valid: 0, Invalid: 1, Errors: 0, Skipped: 0"
batch.v1.Job51.yaml,Unknown,SCHEMA_ERROR,,,,,,0,0,0,0,0.0,0.0,0.0,302.55,,,,0,0.0,0.0,,"C:\Users\CAOSD\projects\tool-security-rules\..\scriptJsonToUvl\yamls_agrupation\medium\batch.v1.Job51.yaml - Job generateNameValue{{ generateName }} is invalid: problem validating schema. Check JSON formatting: jsonschema validation failed with 'https://raw.githubusercontent.com/yannh/kubernetes-json-schema/master/master-standalone-strict/job-batch-v1.json#' - at '/spec/template/spec/resourceClaims/0': additional properties 'source' not allowed | Summary: 1 resource found in 1 file - Valid: 0, Invalid: 1, Errors: 0, Skipped: 0"
batch.v1.Job52.yaml,Unknown,SCHEMA_ERROR,,,,,,0,0,0,0,0.0,0.0,0.0,283.65,,,,0,0.0,0.0,,"C:\Users\CAOSD\projects\tool-security-rules\..\scriptJsonToUvl\yamls_agrupation\medium\batch.v1.Job52.yaml - Job generateNameValue{{ generateName }} is invalid: problem validating schema. Check JSON formatting: jsonschema validation failed with 'https://raw.githubusercontent.com/yannh/kubernetes-json-schema/master/master-standalone-strict/job-batch-v1.json#' - at '/spec/template/spec/resourceClaims/0': additional properties 'source' not allowed | Summary: 1 resource found in 1 file - Valid: 0, Invalid: 1, Errors: 0, Skipped: 0"
batch.v1.Job53.yaml,Unknown,SCHEMA_ERROR,,,,,,0,0,0,0,0.0,0.0,0.0,312.71,,,,0,0.0,0.0,,"C:\Users\CAOSD\projects\tool-security-rules\..\scriptJsonToUvl\yamls_agrupation\medium\batch.v1.Job53.yaml - Job generateNameValue{{ generateName }} is invalid: problem validating schema. Check JSON formatting: jsonschema validation failed with 'https://raw.githubusercontent.com/yannh/kubernetes-json-schema/master/master-standalone-strict/job-batch-v1.json#' - at '/spec/template/spec/resourceClaims/0': additional properties 'source' not allowed | Summary: 1 resource found in 1 file - Valid: 0, Invalid: 1, Errors: 0, Skipped: 0"
batch.v1.Job54.yaml,Unknown,SCHEMA_ERROR,,,,,,0,0,0,0,0.0,0.0,0.0,337.65,,,,0,0.0,0.0,,"C:\Users\CAOSD\projects\tool-security-rules\..\scriptJsonToUvl\yamls_agrupation\medium\batch.v1.Job54.yaml - Job generateNameValue{{ generateName }} is invalid: problem validating schema. Check JSON formatting: jsonschema validation failed with 'https://raw.githubusercontent.com/yannh/kubernetes-json-schema/master/master-standalone-strict/job-batch-v1.json#' - at '/spec/template/spec/resourceClaims/0': additional properties 'source' not allowed | Summary: 1 resource found in 1 file - Valid: 0, Invalid: 1, Errors: 0, Skipped: 0"
batch.v1.Job55.yaml,Unknown,SCHEMA_ERROR,,,,,,0,0,0,0,0.0,0.0,0.0,292.83,,,,0,0.0,0.0,,"C:\Users\CAOSD\projects\tool-security-rules\..\scriptJsonToUvl\yamls_agrupation\medium\batch.v1.Job55.yaml - Job generateNameValue{{ generateName }} is invalid: problem validating schema. Check JSON formatting: jsonschema validation failed with 'https://raw.githubusercontent.com/yannh/kubernetes-json-schema/master/master-standalone-strict/job-batch-v1.json#' - at '/spec/template/spec/resourceClaims/0': additional properties 'source' not allowed | Summary: 1 resource found in 1 file - Valid: 0, Invalid: 1, Errors: 0, Skipped: 0"
batch.v1.Job56.yaml,Unknown,SCHEMA_ERROR,,,,,,0,0,0,0,0.0,0.0,0.0,360.65,,,,0,0.0,0.0,,"C:\Users\CAOSD\projects\tool-security-rules\..\scriptJsonToUvl\yamls_agrupation\medium\batch.v1.Job56.yaml - Job generateNameValue{{ generateName }} is invalid: problem validating schema. Check JSON formatting: jsonschema validation failed with 'https://raw.githubusercontent.com/yannh/kubernetes-json-schema/master/master-standalone-strict/job-batch-v1.json#' - at '/spec/template/spec/resourceClaims/0': additional properties 'source' not allowed | Summary: 1 resource found in 1 file - Valid: 0, Invalid: 1, Errors: 0, Skipped: 0"
batch.v1.Job6.yaml,Unknown,SCHEMA_ERROR,,,,,,0,0,0,0,0.0,0.0,0.0,277.35,,,,0,0.0,0.0,,"C:\Users\CAOSD\projects\tool-security-rules\..\scriptJsonToUvl\yamls_agrupation\medium\batch.v1.Job6.yaml - Job generateNameValue{{ generateName }} is invalid: problem validating schema. Check JSON formatting: jsonschema validation failed with 'https://raw.githubusercontent.com/yannh/kubernetes-json-schema/master/master-standalone-strict/job-batch-v1.json#' - at '/spec/template/spec/resourceClaims/0': additional properties 'source' not allowed | Summary: 1 resource found in 1 file - Valid: 0, Invalid: 1, Errors: 0, Skipped: 0"
batch.v1.Job7.yaml,Unknown,SCHEMA_ERROR,,,,,,0,0,0,0,0.0,0.0,0.0,317.65,,,,0,0.0,0.0,,"C:\Users\CAOSD\projects\tool-security-rules\..\scriptJsonToUvl\yamls_agrupation\medium\batch.v1.Job7.yaml - Job generateNameValue{{ generateName }} is invalid: problem validating schema. Check JSON formatting: jsonschema validation failed with 'https://raw.githubusercontent.com/yannh/kubernetes-json-schema/master/master-standalone-strict/job-batch-v1.json#' - at '/spec/template/spec/volumes/0/ephemeral/volumeClaimTemplate/spec/resources': additional properties 'claims' not allowed - at '/spec/template/spec/resourceClaims/0': additional properties 'source' not allowed | Summary: 1 resource found in 1 file - Valid: 0, Invalid: 1, Errors: 0, Skipped: 0"
batch.v1.Job8.yaml,Unknown,SCHEMA_ERROR,,,,,,0,0,0,0,0.0,0.0,0.0,288.45,,,,0,0.0,0.0,,"C:\Users\CAOSD\projects\tool-security-rules\..\scriptJsonToUvl\yamls_agrupation\medium\batch.v1.Job8.yaml - Job generateNameValue{{ generateName }} is invalid: problem validating schema. Check JSON formatting: jsonschema validation failed with 'https://raw.githubusercontent.com/yannh/kubernetes-json-schema/master/master-standalone-strict/job-batch-v1.json#' - at '/spec/template/spec/resourceClaims/0': additional properties 'source' not allowed - at '/spec/template/spec/volumes/0/ephemeral/volumeClaimTemplate/spec/resources': additional properties 'claims' not allowed | Summary: 1 resource found in 1 file - Valid: 0, Invalid: 1, Errors: 0, Skipped: 0"
batch.v1.Job9.yaml,Job,31,16,6,22,30.77,0.0,1,1223,420,294,1,214.02,41556.36,602.75,42159.11,False,False,28,312,83.37,100.0,"{'use_high_gid': 'trivy', 'no_mounted_hostpath': 'trivy', 'kubernetes_no_custom_proc_mask': 'trivy', 'no_host_network': 'trivy', 'no_shared_ipc_namespace': 'trivy', 'kubernetes_no_non_default_capabilities': 'trivy', 'kubernetes_no_host_port_access': 'trivy', 'kubernetes_no_hostprocess_containers': 'trivy', 'kubernetes_no_hostaliases': 'trivy', 'no_auto_mount_service_token': 'trivy', 'kubernetes_no_non_ephemeral_volumes': 'trivy', 'kubernetes_no_self_privesc': 'trivy', 'no_host_pid': 'trivy', 'kubernetes_drop_default_capabilities': 'trivy', 'no_privileged_containers': 'trivy', 'use_high_uid': 'trivy', 'cpuLimitsMissing': 'polaris', 'Restrict_Jobs': 'kyverno', 'tagNotSpecified': 'polaris', 'memoryRequestsMissing': 'polaris', 'memoryLimitsMissing': 'polaris', 'cpuRequestsMissing': 'polaris'}","C:\Users\CAOSD\projects\tool-security-rules\resources\evaluation\tmp_remediateds_AST_Complete_V2_medium\rem_batch.v1.Job9.yaml - Job generateNameValue{{ generateName }} is invalid: problem validating schema. Check JSON formatting: jsonschema validation failed with 'https://raw.githubusercontent.com/yannh/kubernetes-json-schema/master/master-standalone-strict/job-batch-v1.json#' - at '/spec/template/spec/overhead': got array, want null or object | Summary: 1 resource found in 1 file - Valid: 0, Invalid: 1, Errors: 0, Skipped: 0"
core.v1.Pod.after_roundtrip.yaml,Unknown,SCHEMA_ERROR,,,,,,0,0,0,0,0.0,0.0,0.0,558.27,,,,0,0.0,0.0,,"C:\Users\CAOSD\projects\tool-security-rules\..\scriptJsonToUvl\yamls_agrupation\medium\core.v1.Pod.after_roundtrip.yaml - Pod generateNameValue{{ generateName }} is invalid: problem validating schema. Check JSON formatting: jsonschema validation failed with 'https://raw.githubusercontent.com/yannh/kubernetes-json-schema/master/master-standalone-strict/pod-v1.json#' - at '/spec/resourceClaims/0': additional properties 'source' not allowed | Summary: 1 resource found in 1 file - Valid: 0, Invalid: 1, Errors: 0, Skipped: 0"
core.v1.Pod.after_roundtrip1.yaml,Unknown,SCHEMA_ERROR,,,,,,0,0,0,0,0.0,0.0,0.0,327.26,,,,0,0.0,0.0,,"C:\Users\CAOSD\projects\tool-security-rules\..\scriptJsonToUvl\yamls_agrupation\medium\core.v1.Pod.after_roundtrip1.yaml - Pod generateNameValue{{ generateName }} is invalid: problem validating schema. Check JSON formatting: jsonschema validation failed with 'https://raw.githubusercontent.com/yannh/kubernetes-json-schema/master/master-standalone-strict/pod-v1.json#' - at '/spec/resourceClaims/0': additional properties 'source' not allowed | Summary: 1 resource found in 1 file - Valid: 0, Invalid: 1, Errors: 0, Skipped: 0"
core.v1.Pod.after_roundtrip10.yaml,Unknown,SCHEMA_ERROR,,,,,,0,0,0,0,0.0,0.0,0.0,453.61,,,,0,0.0,0.0,,"C:\Users\CAOSD\projects\tool-security-rules\..\scriptJsonToUvl\yamls_agrupation\medium\core.v1.Pod.after_roundtrip10.yaml - Pod generateNameValue{{ generateName }} is invalid: problem validating schema. Check JSON formatting: jsonschema validation failed with 'https://raw.githubusercontent.com/yannh/kubernetes-json-schema/master/master-standalone-strict/pod-v1.json#' - at '/spec/resourceClaims/0': additional properties 'source' not allowed | Summary: 1 resource found in 1 file - Valid: 0, Invalid: 1, Errors: 0, Skipped: 0"
core.v1.Pod.after_roundtrip11.yaml,Unknown,SCHEMA_ERROR,,,,,,0,0,0,0,0.0,0.0,0.0,304.49,,,,0,0.0,0.0,,"C:\Users\CAOSD\projects\tool-security-rules\..\scriptJsonToUvl\yamls_agrupation\medium\core.v1.Pod.after_roundtrip11.yaml - Pod generateNameValue{{ generateName }} is invalid: problem validating schema. Check JSON formatting: jsonschema validation failed with 'https://raw.githubusercontent.com/yannh/kubernetes-json-schema/master/master-standalone-strict/pod-v1.json#' - at '/spec/resourceClaims/0': additional properties 'source' not allowed | Summary: 1 resource found in 1 file - Valid: 0, Invalid: 1, Errors: 0, Skipped: 0"
core.v1.Pod.after_roundtrip2.yaml,Unknown,SCHEMA_ERROR,,,,,,0,0,0,0,0.0,0.0,0.0,307.89,,,,0,0.0,0.0,,"C:\Users\CAOSD\projects\tool-security-rules\..\scriptJsonToUvl\yamls_agrupation\medium\core.v1.Pod.after_roundtrip2.yaml - Pod generateNameValue{{ generateName }} is invalid: problem validating schema. Check JSON formatting: jsonschema validation failed with 'https://raw.githubusercontent.com/yannh/kubernetes-json-schema/master/master-standalone-strict/pod-v1.json#' - at '/spec/resourceClaims/0': additional properties 'source' not allowed | Summary: 1 resource found in 1 file - Valid: 0, Invalid: 1, Errors: 0, Skipped: 0"
core.v1.Pod.after_roundtrip3.yaml,Unknown,SCHEMA_ERROR,,,,,,0,0,0,0,0.0,0.0,0.0,295.94,,,,0,0.0,0.0,,"C:\Users\CAOSD\projects\tool-security-rules\..\scriptJsonToUvl\yamls_agrupation\medium\core.v1.Pod.after_roundtrip3.yaml - Pod generateNameValue{{ generateName }} is invalid: problem validating schema. Check JSON formatting: jsonschema validation failed with 'https://raw.githubusercontent.com/yannh/kubernetes-json-schema/master/master-standalone-strict/pod-v1.json#' - at '/spec/resourceClaims/0': additional properties 'source' not allowed | Summary: 1 resource found in 1 file - Valid: 0, Invalid: 1, Errors: 0, Skipped: 0"
core.v1.Pod.after_roundtrip5.yaml,Unknown,SCHEMA_ERROR,,,,,,0,0,0,0,0.0,0.0,0.0,298.01,,,,0,0.0,0.0,,"C:\Users\CAOSD\projects\tool-security-rules\..\scriptJsonToUvl\yamls_agrupation\medium\core.v1.Pod.after_roundtrip5.yaml - Pod generateNameValue{{ generateName }} is invalid: problem validating schema. Check JSON formatting: jsonschema validation failed with 'https://raw.githubusercontent.com/yannh/kubernetes-json-schema/master/master-standalone-strict/pod-v1.json#' - at '/spec/resourceClaims/0': additional properties 'source' not allowed | Summary: 1 resource found in 1 file - Valid: 0, Invalid: 1, Errors: 0, Skipped: 0"
core.v1.Pod.after_roundtrip6.yaml,Unknown,SCHEMA_ERROR,,,,,,0,0,0,0,0.0,0.0,0.0,290.15,,,,0,0.0,0.0,,"C:\Users\CAOSD\projects\tool-security-rules\..\scriptJsonToUvl\yamls_agrupation\medium\core.v1.Pod.after_roundtrip6.yaml - Pod generateNameValue{{ generateName }} is invalid: problem validating schema. Check JSON formatting: jsonschema validation failed with 'https://raw.githubusercontent.com/yannh/kubernetes-json-schema/master/master-standalone-strict/pod-v1.json#' - at '/spec/resourceClaims/0': additional properties 'source' not allowed | Summary: 1 resource found in 1 file - Valid: 0, Invalid: 1, Errors: 0, Skipped: 0"
core.v1.Pod.after_roundtrip8.yaml,Unknown,SCHEMA_ERROR,,,,,,0,0,0,0,0.0,0.0,0.0,313.63,,,,0,0.0,0.0,,"C:\Users\CAOSD\projects\tool-security-rules\..\scriptJsonToUvl\yamls_agrupation\medium\core.v1.Pod.after_roundtrip8.yaml - Pod generateNameValue{{ generateName }} is invalid: problem validating schema. Check JSON formatting: jsonschema validation failed with 'https://raw.githubusercontent.com/yannh/kubernetes-json-schema/master/master-standalone-strict/pod-v1.json#' - at '/spec/resourceClaims/0': additional properties 'source' not allowed | Summary: 1 resource found in 1 file - Valid: 0, Invalid: 1, Errors: 0, Skipped: 0"
core.v1.Pod.after_roundtrip9.yaml,Unknown,SCHEMA_ERROR,,,,,,0,0,0,0,0.0,0.0,0.0,300.01,,,,0,0.0,0.0,,"C:\Users\CAOSD\projects\tool-security-rules\..\scriptJsonToUvl\yamls_agrupation\medium\core.v1.Pod.after_roundtrip9.yaml - Pod generateNameValue{{ generateName }} is invalid: problem validating schema. Check JSON formatting: jsonschema validation failed with 'https://raw.githubusercontent.com/yannh/kubernetes-json-schema/master/master-standalone-strict/pod-v1.json#' - at '/spec/resourceClaims/0': additional properties 'source' not allowed | Summary: 1 resource found in 1 file - Valid: 0, Invalid: 1, Errors: 0, Skipped: 0"
core.v1.Pod.yaml,Unknown,SCHEMA_ERROR,,,,,,0,0,0,0,0.0,0.0,0.0,328.49,,,,0,0.0,0.0,,"C:\Users\CAOSD\projects\tool-security-rules\..\scriptJsonToUvl\yamls_agrupation\medium\core.v1.Pod.yaml - Pod generateNameValue{{ generateName }} is invalid: problem validating schema. Check JSON formatting: jsonschema validation failed with 'https://raw.githubusercontent.com/yannh/kubernetes-json-schema/master/master-standalone-strict/pod-v1.json#' - at '/spec/resourceClaims/0': additional properties 'source' not allowed | Summary: 1 resource found in 1 file - Valid: 0, Invalid: 1, Errors: 0, Skipped: 0"
core.v1.Pod1.yaml,Unknown,SCHEMA_ERROR,,,,,,0,0,0,0,0.0,0.0,0.0,285.36,,,,0,0.0,0.0,,"C:\Users\CAOSD\projects\tool-security-rules\..\scriptJsonToUvl\yamls_agrupation\medium\core.v1.Pod1.yaml - Pod generateNameValue{{ generateName }} is invalid: problem validating schema. Check JSON formatting: jsonschema validation failed with 'https://raw.githubusercontent.com/yannh/kubernetes-json-schema/master/master-standalone-strict/pod-v1.json#' - at '/spec/volumes/0/ephemeral/volumeClaimTemplate/spec/resources': additional properties 'claims' not allowed - at '/spec/resourceClaims/0': additional properties 'source' not allowed | Summary: 1 resource found in 1 file - Valid: 0, Invalid: 1, Errors: 0, Skipped: 0"
core.v1.Pod11.yaml,Pod,61,29,8,37,42.21,0.0,9,1261,481,311,1,22802.1,69219.13,526.51,69745.64,False,False,227,701,52.02,100.0,"{'Disallow_hostProcess': 'kyverno', 'use_high_gid': 'trivy', 'no_mounted_hostpath': 'trivy', 'kubernetes_no_custom_proc_mask': 'trivy', 'Disallow_hostPath': 'kyverno', 'Disallow_Privilege_Escalation': 'kyverno', 'Block_Ephemeral_Containers': 'kyverno', 'Disallow_Host_Namespaces': 'kyverno', 'Disallow_Secrets_from_Env_Vars': 'kyverno', 'Validate_User_ID_Group_ID_and_FS_Group': 'kyverno', 'Require_imagePullPolicy_Always': 'kyverno', 'Disallow_hostPorts': 'kyverno', 'kubernetes_no_non_default_capabilities': 'trivy', 'no_privileged_containers': 'trivy', 'kubernetes_no_host_port_access': 'trivy', 'kubernetes_no_hostprocess_containers': 'trivy', 'Restrict_Auto_Mount_of_Service_Account_Tokens': 'kyverno', 'Restrict_Node_Affinity': 'kyverno', 'Disallow_all_Secrets': 'kyverno', 'Disallow_procMount': 'kyverno', 'kubernetes_no_hostaliases': 'trivy', 'no_auto_mount_service_token': 'trivy', 'Disallow_Privileged_Containers': 'kyverno', 'kubernetes_no_self_privesc': 'trivy', 'Check_supplementalGroups': 'kyverno', 'kubernetes_drop_default_capabilities': 'trivy', 'kubernetes_no_non_ephemeral_volumes': 'trivy', 'use_high_uid': 'trivy', 'Restrict_node_selection': 'kyverno', 'cpuLimitsMissing': 'polaris', 'tagNotSpecified': 'polaris', 'Restrict_Image_Registries': 'kyverno', 'memoryRequestsMissing': 'polaris', 'Require_Images_Use_Checksums': 'kyverno', 'memoryLimitsMissing': 'polaris', 'Require_Run_As_ContainerUser_Windows': 'kyverno', 'cpuRequestsMissing': 'polaris'}","C:\Users\CAOSD\projects\tool-security-rules\resources\evaluation\tmp_remediateds_AST_Complete_V2_medium\rem_core.v1.Pod11.yaml - Pod generateNameValue{{ generateName }} is invalid: problem validating schema. Check JSON formatting: jsonschema validation failed with 'https://raw.githubusercontent.com/yannh/kubernetes-json-schema/master/master-standalone-strict/pod-v1.json#' - at '/spec/ephemeralContainers/0': validation failed   - at '/spec/ephemeralContainers/0': missing property 'name'   - at '/spec/ephemeralContainers/0/securityContext/procMount': got object, want null or string - at '/spec/overhead': got array, want null or object | Summary: 1 resource found in 1 file - Valid: 0, Invalid: 1, Errors: 0, Skipped: 0"
core.v1.Pod12.yaml,Unknown,SCHEMA_ERROR,,,,,,0,0,0,0,0.0,0.0,0.0,459.33,,,,0,0.0,0.0,,"C:\Users\CAOSD\projects\tool-security-rules\..\scriptJsonToUvl\yamls_agrupation\medium\core.v1.Pod12.yaml - Pod 3{{ generateName }} is invalid: problem validating schema. Check JSON formatting: jsonschema validation failed with 'https://raw.githubusercontent.com/yannh/kubernetes-json-schema/master/master-standalone-strict/pod-v1.json#' - at '/metadata': additional properties 'clusterName' not allowed | Summary: 1 resource found in 1 file - Valid: 0, Invalid: 1, Errors: 0, Skipped: 0"
core.v1.Pod14.yaml,Unknown,SCHEMA_ERROR,,,,,,0,0,0,0,0.0,0.0,0.0,624.25,,,,0,0.0,0.0,,"C:\Users\CAOSD\projects\tool-security-rules\..\scriptJsonToUvl\yamls_agrupation\medium\core.v1.Pod14.yaml - Pod 3{{ generateName }} is invalid: problem validating schema. Check JSON formatting: jsonschema validation failed with 'https://raw.githubusercontent.com/yannh/kubernetes-json-schema/master/master-standalone-strict/pod-v1.json#' - at '/metadata': additional properties 'clusterName' not allowed | Summary: 1 resource found in 1 file - Valid: 0, Invalid: 1, Errors: 0, Skipped: 0"
core.v1.Pod15.yaml,Unknown,SCHEMA_ERROR,,,,,,0,0,0,0,0.0,0.0,0.0,312.71,,,,0,0.0,0.0,,"C:\Users\CAOSD\projects\tool-security-rules\..\scriptJsonToUvl\yamls_agrupation\medium\core.v1.Pod15.yaml - Pod generateNameValue{{ generateName }} is invalid: problem validating schema. Check JSON formatting: jsonschema validation failed with 'https://raw.githubusercontent.com/yannh/kubernetes-json-schema/master/master-standalone-strict/pod-v1.json#' - at '/metadata': additional properties 'clusterName' not allowed - at '/spec/volumes/0/ephemeral/volumeClaimTemplate/metadata': additional properties 'clusterName' not allowed | Summary: 1 resource found in 1 file - Valid: 0, Invalid: 1, Errors: 0, Skipped: 0"
core.v1.Pod16.yaml,Unknown,SCHEMA_ERROR,,,,,,0,0,0,0,0.0,0.0,0.0,270.94,,,,0,0.0,0.0,,"C:\Users\CAOSD\projects\tool-security-rules\..\scriptJsonToUvl\yamls_agrupation\medium\core.v1.Pod16.yaml - Pod 3{{ generateName }} is invalid: problem validating schema. Check JSON formatting: jsonschema validation failed with 'https://raw.githubusercontent.com/yannh/kubernetes-json-schema/master/master-standalone-strict/pod-v1.json#' - at '/metadata': additional properties 'clusterName' not allowed - at '/spec/volumes/0/ephemeral/volumeClaimTemplate/metadata': additional properties 'clusterName' not allowed | Summary: 1 resource found in 1 file - Valid: 0, Invalid: 1, Errors: 0, Skipped: 0"
core.v1.Pod17.yaml,Unknown,SCHEMA_ERROR,,,,,,0,0,0,0,0.0,0.0,0.0,290.02,,,,0,0.0,0.0,,"C:\Users\CAOSD\projects\tool-security-rules\..\scriptJsonToUvl\yamls_agrupation\medium\core.v1.Pod17.yaml - Pod 3{{ generateName }} is invalid: problem validating schema. Check JSON formatting: jsonschema validation failed with 'https://raw.githubusercontent.com/yannh/kubernetes-json-schema/master/master-standalone-strict/pod-v1.json#' - at '/metadata': additional properties 'clusterName' not allowed - at '/spec/volumes/0/ephemeral/volumeClaimTemplate/metadata': additional properties 'clusterName' not allowed | Summary: 1 resource found in 1 file - Valid: 0, Invalid: 1, Errors: 0, Skipped: 0"
core.v1.Pod18.yaml,Unknown,SCHEMA_ERROR,,,,,,0,0,0,0,0.0,0.0,0.0,291.63,,,,0,0.0,0.0,,"C:\Users\CAOSD\projects\tool-security-rules\..\scriptJsonToUvl\yamls_agrupation\medium\core.v1.Pod18.yaml - Pod generateNameValue{{ generateName }} is invalid: problem validating schema. Check JSON formatting: jsonschema validation failed with 'https://raw.githubusercontent.com/yannh/kubernetes-json-schema/master/master-standalone-strict/pod-v1.json#' - at '/spec/resourceClaims/0': additional properties 'source' not allowed | Summary: 1 resource found in 1 file - Valid: 0, Invalid: 1, Errors: 0, Skipped: 0"
core.v1.Pod19.yaml,Unknown,SCHEMA_ERROR,,,,,,0,0,0,0,0.0,0.0,0.0,302.97,,,,0,0.0,0.0,,"C:\Users\CAOSD\projects\tool-security-rules\..\scriptJsonToUvl\yamls_agrupation\medium\core.v1.Pod19.yaml - Pod generateNameValue{{ generateName }} is invalid: problem validating schema. Check JSON formatting: jsonschema validation failed with 'https://raw.githubusercontent.com/yannh/kubernetes-json-schema/master/master-standalone-strict/pod-v1.json#' - at '/spec/volumes/0/ephemeral/volumeClaimTemplate/spec/resources': additional properties 'claims' not allowed - at '/spec/resourceClaims/0': additional properties 'source' not allowed | Summary: 1 resource found in 1 file - Valid: 0, Invalid: 1, Errors: 0, Skipped: 0"
core.v1.Pod2.yaml,Unknown,SCHEMA_ERROR,,,,,,0,0,0,0,0.0,0.0,0.0,312.71,,,,0,0.0,0.0,,"C:\Users\CAOSD\projects\tool-security-rules\..\scriptJsonToUvl\yamls_agrupation\medium\core.v1.Pod2.yaml - Pod generateNameValue{{ generateName }} is invalid: problem validating schema. Check JSON formatting: jsonschema validation failed with 'https://raw.githubusercontent.com/yannh/kubernetes-json-schema/master/master-standalone-strict/pod-v1.json#' - at '/spec/resourceClaims/0': additional properties 'source' not allowed - at '/spec/volumes/0/ephemeral/volumeClaimTemplate/spec/resources': additional properties 'claims' not allowed | Summary: 1 resource found in 1 file - Valid: 0, Invalid: 1, Errors: 0, Skipped: 0"
core.v1.Pod20.yaml,Unknown,SCHEMA_ERROR,,,,,,0,0,0,0,0.0,0.0,0.0,296.98,,,,0,0.0,0.0,,"C:\Users\CAOSD\projects\tool-security-rules\..\scriptJsonToUvl\yamls_agrupation\medium\core.v1.Pod20.yaml - Pod generateNameValue{{ generateName }} is invalid: problem validating schema. Check JSON formatting: jsonschema validation failed with 'https://raw.githubusercontent.com/yannh/kubernetes-json-schema/master/master-standalone-strict/pod-v1.json#' - at '/spec/resourceClaims/0': additional properties 'source' not allowed | Summary: 1 resource found in 1 file - Valid: 0, Invalid: 1, Errors: 0, Skipped: 0"
core.v1.Pod21.yaml,Unknown,SCHEMA_ERROR,,,,,,0,0,0,0,0.0,0.0,0.0,282.44,,,,0,0.0,0.0,,"C:\Users\CAOSD\projects\tool-security-rules\..\scriptJsonToUvl\yamls_agrupation\medium\core.v1.Pod21.yaml - Pod generateNameValue{{ generateName }} is invalid: problem validating schema. Check JSON formatting: jsonschema validation failed with 'https://raw.githubusercontent.com/yannh/kubernetes-json-schema/master/master-standalone-strict/pod-v1.json#' - at '/spec/resourceClaims/0': additional properties 'source' not allowed | Summary: 1 resource found in 1 file - Valid: 0, Invalid: 1, Errors: 0, Skipped: 0"
core.v1.Pod22.yaml,Unknown,SCHEMA_ERROR,,,,,,0,0,0,0,0.0,0.0,0.0,288.81,,,,0,0.0,0.0,,"C:\Users\CAOSD\projects\tool-security-rules\..\scriptJsonToUvl\yamls_agrupation\medium\core.v1.Pod22.yaml - Pod generateNameValue{{ generateName }} is invalid: problem validating schema. Check JSON formatting: jsonschema validation failed with 'https://raw.githubusercontent.com/yannh/kubernetes-json-schema/master/master-standalone-strict/pod-v1.json#' - at '/spec/resourceClaims/0': additional properties 'source' not allowed - at '/spec/volumes/0/ephemeral/volumeClaimTemplate/spec/resources': additional properties 'claims' not allowed | Summary: 1 resource found in 1 file - Valid: 0, Invalid: 1, Errors: 0, Skipped: 0"
core.v1.Pod23.yaml,Unknown,SCHEMA_ERROR,,,,,,0,0,0,0,0.0,0.0,0.0,292.85,,,,0,0.0,0.0,,"C:\Users\CAOSD\projects\tool-security-rules\..\scriptJsonToUvl\yamls_agrupation\medium\core.v1.Pod23.yaml - Pod generateNameValue{{ generateName }} is invalid: problem validating schema. Check JSON formatting: jsonschema validation failed with 'https://raw.githubusercontent.com/yannh/kubernetes-json-schema/master/master-standalone-strict/pod-v1.json#' - at '/spec/resourceClaims/0': additional properties 'source' not allowed | Summary: 1 resource found in 1 file - Valid: 0, Invalid: 1, Errors: 0, Skipped: 0"
core.v1.Pod24.yaml,Unknown,SCHEMA_ERROR,,,,,,0,0,0,0,0.0,0.0,0.0,421.66,,,,0,0.0,0.0,,"C:\Users\CAOSD\projects\tool-security-rules\..\scriptJsonToUvl\yamls_agrupation\medium\core.v1.Pod24.yaml - Pod 3{{ generateName }} is invalid: problem validating schema. Check JSON formatting: jsonschema validation failed with 'https://raw.githubusercontent.com/yannh/kubernetes-json-schema/master/master-standalone-strict/pod-v1.json#' - at '/metadata': additional properties 'clusterName' not allowed | Summary: 1 resource found in 1 file - Valid: 0, Invalid: 1, Errors: 0, Skipped: 0"
core.v1.Pod26.yaml,Unknown,SCHEMA_ERROR,,,,,,0,0,0,0,0.0,0.0,0.0,326.14,,,,0,0.0,0.0,,"C:\Users\CAOSD\projects\tool-security-rules\..\scriptJsonToUvl\yamls_agrupation\medium\core.v1.Pod26.yaml - Pod 3{{ generateName }} is invalid: problem validating schema. Check JSON formatting: jsonschema validation failed with 'https://raw.githubusercontent.com/yannh/kubernetes-json-schema/master/master-standalone-strict/pod-v1.json#' - at '/metadata': additional properties 'clusterName' not allowed | Summary: 1 resource found in 1 file - Valid: 0, Invalid: 1, Errors: 0, Skipped: 0"
core.v1.Pod27.yaml,Unknown,SCHEMA_ERROR,,,,,,0,0,0,0,0.0,0.0,0.0,291.64,,,,0,0.0,0.0,,"C:\Users\CAOSD\projects\tool-security-rules\..\scriptJsonToUvl\yamls_agrupation\medium\core.v1.Pod27.yaml - Pod generateNameValue{{ generateName }} is invalid: problem validating schema. Check JSON formatting: jsonschema validation failed with 'https://raw.githubusercontent.com/yannh/kubernetes-json-schema/master/master-standalone-strict/pod-v1.json#' - at '/metadata': additional properties 'clusterName' not allowed - at '/spec/volumes/0/ephemeral/volumeClaimTemplate/metadata': additional properties 'clusterName' not allowed | Summary: 1 resource found in 1 file - Valid: 0, Invalid: 1, Errors: 0, Skipped: 0"
core.v1.Pod28.yaml,Unknown,SCHEMA_ERROR,,,,,,0,0,0,0,0.0,0.0,0.0,445.19,,,,0,0.0,0.0,,"C:\Users\CAOSD\projects\tool-security-rules\..\scriptJsonToUvl\yamls_agrupation\medium\core.v1.Pod28.yaml - Pod 3{{ generateName }} is invalid: problem validating schema. Check JSON formatting: jsonschema validation failed with 'https://raw.githubusercontent.com/yannh/kubernetes-json-schema/master/master-standalone-strict/pod-v1.json#' - at '/metadata': additional properties 'clusterName' not allowed - at '/spec/volumes/0/ephemeral/volumeClaimTemplate/metadata': additional properties 'clusterName' not allowed | Summary: 1 resource found in 1 file - Valid: 0, Invalid: 1, Errors: 0, Skipped: 0"
core.v1.Pod29.yaml,Unknown,SCHEMA_ERROR,,,,,,0,0,0,0,0.0,0.0,0.0,286.97,,,,0,0.0,0.0,,"C:\Users\CAOSD\projects\tool-security-rules\..\scriptJsonToUvl\yamls_agrupation\medium\core.v1.Pod29.yaml - Pod 3{{ generateName }} is invalid: problem validating schema. Check JSON formatting: jsonschema validation failed with 'https://raw.githubusercontent.com/yannh/kubernetes-json-schema/master/master-standalone-strict/pod-v1.json#' - at '/metadata': additional properties 'clusterName' not allowed - at '/spec/volumes/0/ephemeral/volumeClaimTemplate/metadata': additional properties 'clusterName' not allowed | Summary: 1 resource found in 1 file - Valid: 0, Invalid: 1, Errors: 0, Skipped: 0"
core.v1.Pod3.yaml,Pod,61,29,8,37,42.21,0.0,9,1266,481,311,1,434.63,47446.1,528.69,47974.79,False,False,228,702,52.16,100.0,"{'Disallow_hostProcess': 'kyverno', 'use_high_gid': 'trivy', 'no_mounted_hostpath': 'trivy', 'kubernetes_no_custom_proc_mask': 'trivy', 'Disallow_hostPath': 'kyverno', 'Disallow_Privilege_Escalation': 'kyverno', 'Block_Ephemeral_Containers': 'kyverno', 'Disallow_Host_Namespaces': 'kyverno', 'Disallow_Secrets_from_Env_Vars': 'kyverno', 'Validate_User_ID_Group_ID_and_FS_Group': 'kyverno', 'Require_imagePullPolicy_Always': 'kyverno', 'Disallow_hostPorts': 'kyverno', 'kubernetes_no_non_default_capabilities': 'trivy', 'no_privileged_containers': 'trivy', 'kubernetes_no_host_port_access': 'trivy', 'kubernetes_no_hostprocess_containers': 'trivy', 'Restrict_Auto_Mount_of_Service_Account_Tokens': 'kyverno', 'Restrict_Node_Affinity': 'kyverno', 'Disallow_all_Secrets': 'kyverno', 'Disallow_procMount': 'kyverno', 'kubernetes_no_hostaliases': 'trivy', 'no_auto_mount_service_token': 'trivy', 'Disallow_Privileged_Containers': 'kyverno', 'kubernetes_no_self_privesc': 'trivy', 'Check_supplementalGroups': 'kyverno', 'kubernetes_drop_default_capabilities': 'trivy', 'kubernetes_no_non_ephemeral_volumes': 'trivy', 'use_high_uid': 'trivy', 'Restrict_node_selection': 'kyverno', 'cpuLimitsMissing': 'polaris', 'tagNotSpecified': 'polaris', 'Restrict_Image_Registries': 'kyverno', 'memoryRequestsMissing': 'polaris', 'Require_Images_Use_Checksums': 'kyverno', 'memoryLimitsMissing': 'polaris', 'Require_Run_As_ContainerUser_Windows': 'kyverno', 'cpuRequestsMissing': 'polaris'}","C:\Users\CAOSD\projects\tool-security-rules\resources\evaluation\tmp_remediateds_AST_Complete_V2_medium\rem_core.v1.Pod3.yaml - Pod generateNameValue{{ generateName }} is invalid: problem validating schema. Check JSON formatting: jsonschema validation failed with 'https://raw.githubusercontent.com/yannh/kubernetes-json-schema/master/master-standalone-strict/pod-v1.json#' - at '/spec/overhead': got array, want null or object - at '/spec/ephemeralContainers/0': validation failed   - at '/spec/ephemeralContainers/0': missing property 'name'   - at '/spec/ephemeralContainers/0/securityContext/procMount': got object, want null or string | Summary: 1 resource found in 1 file - Valid: 0, Invalid: 1, Errors: 0, Skipped: 0"
core.v1.Pod30.yaml,Unknown,SCHEMA_ERROR,,,,,,0,0,0,0,0.0,0.0,0.0,288.58,,,,0,0.0,0.0,,"C:\Users\CAOSD\projects\tool-security-rules\..\scriptJsonToUvl\yamls_agrupation\medium\core.v1.Pod30.yaml - Pod generateNameValue{{ generateName }} is invalid: problem validating schema. Check JSON formatting: jsonschema validation failed with 'https://raw.githubusercontent.com/yannh/kubernetes-json-schema/master/master-standalone-strict/pod-v1.json#' - at '/spec/resourceClaims/0': additional properties 'source' not allowed | Summary: 1 resource found in 1 file - Valid: 0, Invalid: 1, Errors: 0, Skipped: 0"
core.v1.Pod31.yaml,Unknown,SCHEMA_ERROR,,,,,,0,0,0,0,0.0,0.0,0.0,288.14,,,,0,0.0,0.0,,"C:\Users\CAOSD\projects\tool-security-rules\..\scriptJsonToUvl\yamls_agrupation\medium\core.v1.Pod31.yaml - Pod generateNameValue{{ generateName }} is invalid: problem validating schema. Check JSON formatting: jsonschema validation failed with 'https://raw.githubusercontent.com/yannh/kubernetes-json-schema/master/master-standalone-strict/pod-v1.json#' - at '/spec/volumes/0/ephemeral/volumeClaimTemplate/spec/resources': additional properties 'claims' not allowed - at '/spec/resourceClaims/0': additional properties 'source' not allowed | Summary: 1 resource found in 1 file - Valid: 0, Invalid: 1, Errors: 0, Skipped: 0"
core.v1.Pod32.yaml,Unknown,SCHEMA_ERROR,,,,,,0,0,0,0,0.0,0.0,0.0,316.58,,,,0,0.0,0.0,,"C:\Users\CAOSD\projects\tool-security-rules\..\scriptJsonToUvl\yamls_agrupation\medium\core.v1.Pod32.yaml - Pod generateNameValue{{ generateName }} is invalid: problem validating schema. Check JSON formatting: jsonschema validation failed with 'https://raw.githubusercontent.com/yannh/kubernetes-json-schema/master/master-standalone-strict/pod-v1.json#' - at '/spec/resourceClaims/0': additional properties 'source' not allowed | Summary: 1 resource found in 1 file - Valid: 0, Invalid: 1, Errors: 0, Skipped: 0"
core.v1.Pod33.yaml,Unknown,SCHEMA_ERROR,,,,,,0,0,0,0,0.0,0.0,0.0,302.89,,,,0,0.0,0.0,,"C:\Users\CAOSD\projects\tool-security-rules\..\scriptJsonToUvl\yamls_agrupation\medium\core.v1.Pod33.yaml - Pod generateNameValue{{ generateName }} is invalid: problem validating schema. Check JSON formatting: jsonschema validation failed with 'https://raw.githubusercontent.com/yannh/kubernetes-json-schema/master/master-standalone-strict/pod-v1.json#' - at '/spec/resourceClaims/0': additional properties 'source' not allowed | Summary: 1 resource found in 1 file - Valid: 0, Invalid: 1, Errors: 0, Skipped: 0"
core.v1.Pod34.yaml,Unknown,SCHEMA_ERROR,,,,,,0,0,0,0,0.0,0.0,0.0,304.78,,,,0,0.0,0.0,,"C:\Users\CAOSD\projects\tool-security-rules\..\scriptJsonToUvl\yamls_agrupation\medium\core.v1.Pod34.yaml - Pod generateNameValue{{ generateName }} is invalid: problem validating schema. Check JSON formatting: jsonschema validation failed with 'https://raw.githubusercontent.com/yannh/kubernetes-json-schema/master/master-standalone-strict/pod-v1.json#' - at '/spec/resourceClaims/0': additional properties 'source' not allowed - at '/spec/volumes/0/ephemeral/volumeClaimTemplate/spec/resources': additional properties 'claims' not allowed | Summary: 1 resource found in 1 file - Valid: 0, Invalid: 1, Errors: 0, Skipped: 0"
core.v1.Pod35.yaml,Unknown,SCHEMA_ERROR,,,,,,0,0,0,0,0.0,0.0,0.0,301.1,,,,0,0.0,0.0,,"C:\Users\CAOSD\projects\tool-security-rules\..\scriptJsonToUvl\yamls_agrupation\medium\core.v1.Pod35.yaml - Pod generateNameValue{{ generateName }} is invalid: problem validating schema. Check JSON formatting: jsonschema validation failed with 'https://raw.githubusercontent.com/yannh/kubernetes-json-schema/master/master-standalone-strict/pod-v1.json#' - at '/spec/resourceClaims/0': additional properties 'source' not allowed | Summary: 1 resource found in 1 file - Valid: 0, Invalid: 1, Errors: 0, Skipped: 0"
core.v1.Pod39.yaml,Unknown,SCHEMA_ERROR,,,,,,0,0,0,0,0.0,0.0,0.0,326.73,,,,0,0.0,0.0,,"C:\Users\CAOSD\projects\tool-security-rules\..\scriptJsonToUvl\yamls_agrupation\medium\core.v1.Pod39.yaml - Pod 3{{ generateName }} is invalid: problem validating schema. Check JSON formatting: jsonschema validation failed with 'https://raw.githubusercontent.com/yannh/kubernetes-json-schema/master/master-standalone-strict/pod-v1.json#' - at '/spec/volumes/0/ephemeral/volumeClaimTemplate/metadata': additional properties 'clusterName' not allowed - at '/metadata': additional properties 'clusterName' not allowed | Summary: 1 resource found in 1 file - Valid: 0, Invalid: 1, Errors: 0, Skipped: 0"
core.v1.Pod40.yaml,Unknown,SCHEMA_ERROR,,,,,,0,0,0,0,0.0,0.0,0.0,291.14,,,,0,0.0,0.0,,"C:\Users\CAOSD\projects\tool-security-rules\..\scriptJsonToUvl\yamls_agrupation\medium\core.v1.Pod40.yaml - Pod 3{{ generateName }} is invalid: problem validating schema. Check JSON formatting: jsonschema validation failed with 'https://raw.githubusercontent.com/yannh/kubernetes-json-schema/master/master-standalone-strict/pod-v1.json#' - at '/spec/volumes/0/ephemeral/volumeClaimTemplate/metadata': additional properties 'clusterName' not allowed - at '/metadata': additional properties 'clusterName' not allowed | Summary: 1 resource found in 1 file - Valid: 0, Invalid: 1, Errors: 0, Skipped: 0"
core.v1.Pod41.yaml,Unknown,SCHEMA_ERROR,,,,,,0,0,0,0,0.0,0.0,0.0,462.61,,,,0,0.0,0.0,,"C:\Users\CAOSD\projects\tool-security-rules\..\scriptJsonToUvl\yamls_agrupation\medium\core.v1.Pod41.yaml - Pod 3{{ generateName }} is invalid: problem validating schema. Check JSON formatting: jsonschema validation failed with 'https://raw.githubusercontent.com/yannh/kubernetes-json-schema/master/master-standalone-strict/pod-v1.json#' - at '/metadata': additional properties 'clusterName' not allowed - at '/spec/volumes/0/ephemeral/volumeClaimTemplate/metadata': additional properties 'clusterName' not allowed | Summary: 1 resource found in 1 file - Valid: 0, Invalid: 1, Errors: 0, Skipped: 0"
core.v1.Pod42.yaml,Unknown,SCHEMA_ERROR,,,,,,0,0,0,0,0.0,0.0,0.0,280.3,,,,0,0.0,0.0,,"C:\Users\CAOSD\projects\tool-security-rules\..\scriptJsonToUvl\yamls_agrupation\medium\core.v1.Pod42.yaml - Pod generateNameValue{{ generateName }} is invalid: problem validating schema. Check JSON formatting: jsonschema validation failed with 'https://raw.githubusercontent.com/yannh/kubernetes-json-schema/master/master-standalone-strict/pod-v1.json#' - at '/spec/resourceClaims/0': additional properties 'source' not allowed | Summary: 1 resource found in 1 file - Valid: 0, Invalid: 1, Errors: 0, Skipped: 0"
core.v1.Pod43.yaml,Unknown,SCHEMA_ERROR,,,,,,0,0,0,0,0.0,0.0,0.0,307.85,,,,0,0.0,0.0,,"C:\Users\CAOSD\projects\tool-security-rules\..\scriptJsonToUvl\yamls_agrupation\medium\core.v1.Pod43.yaml - Pod generateNameValue{{ generateName }} is invalid: problem validating schema. Check JSON formatting: jsonschema validation failed with 'https://raw.githubusercontent.com/yannh/kubernetes-json-schema/master/master-standalone-strict/pod-v1.json#' - at '/spec/volumes/0/ephemeral/volumeClaimTemplate/spec/resources': additional properties 'claims' not allowed - at '/spec/resourceClaims/0': additional properties 'source' not allowed | Summary: 1 resource found in 1 file - Valid: 0, Invalid: 1, Errors: 0, Skipped: 0"
core.v1.Pod44.yaml,Unknown,SCHEMA_ERROR,,,,,,0,0,0,0,0.0,0.0,0.0,375.19,,,,0,0.0,0.0,,"C:\Users\CAOSD\projects\tool-security-rules\..\scriptJsonToUvl\yamls_agrupation\medium\core.v1.Pod44.yaml - Pod generateNameValue{{ generateName }} is invalid: problem validating schema. Check JSON formatting: jsonschema validation failed with 'https://raw.githubusercontent.com/yannh/kubernetes-json-schema/master/master-standalone-strict/pod-v1.json#' - at '/spec/resourceClaims/0': additional properties 'source' not allowed | Summary: 1 resource found in 1 file - Valid: 0, Invalid: 1, Errors: 0, Skipped: 0"
core.v1.Pod45.yaml,Unknown,SCHEMA_ERROR,,,,,,0,0,0,0,0.0,0.0,0.0,319.31,,,,0,0.0,0.0,,"C:\Users\CAOSD\projects\tool-security-rules\..\scriptJsonToUvl\yamls_agrupation\medium\core.v1.Pod45.yaml - Pod generateNameValue{{ generateName }} is invalid: problem validating schema. Check JSON formatting: jsonschema validation failed with 'https://raw.githubusercontent.com/yannh/kubernetes-json-schema/master/master-standalone-strict/pod-v1.json#' - at '/spec/resourceClaims/0': additional properties 'source' not allowed | Summary: 1 resource found in 1 file - Valid: 0, Invalid: 1, Errors: 0, Skipped: 0"
core.v1.Pod46.yaml,Unknown,SCHEMA_ERROR,,,,,,0,0,0,0,0.0,0.0,0.0,289.37,,,,0,0.0,0.0,,"C:\Users\CAOSD\projects\tool-security-rules\..\scriptJsonToUvl\yamls_agrupation\medium\core.v1.Pod46.yaml - Pod generateNameValue{{ generateName }} is invalid: problem validating schema. Check JSON formatting: jsonschema validation failed with 'https://raw.githubusercontent.com/yannh/kubernetes-json-schema/master/master-standalone-strict/pod-v1.json#' - at '/spec/volumes/0/ephemeral/volumeClaimTemplate/spec/resources': additional properties 'claims' not allowed - at '/spec/resourceClaims/0': additional properties 'source' not allowed | Summary: 1 resource found in 1 file - Valid: 0, Invalid: 1, Errors: 0, Skipped: 0"
core.v1.Pod47.yaml,Unknown,SCHEMA_ERROR,,,,,,0,0,0,0,0.0,0.0,0.0,279.45,,,,0,0.0,0.0,,"C:\Users\CAOSD\projects\tool-security-rules\..\scriptJsonToUvl\yamls_agrupation\medium\core.v1.Pod47.yaml - Pod generateNameValue{{ generateName }} is invalid: problem validating schema. Check JSON formatting: jsonschema validation failed with 'https://raw.githubusercontent.com/yannh/kubernetes-json-schema/master/master-standalone-strict/pod-v1.json#' - at '/spec/resourceClaims/0': additional properties 'source' not allowed | Summary: 1 resource found in 1 file - Valid: 0, Invalid: 1, Errors: 0, Skipped: 0"
core.v1.Pod48.yaml,Unknown,SCHEMA_ERROR,,,,,,0,0,0,0,0.0,0.0,0.0,292.76,,,,0,0.0,0.0,,"C:\Users\CAOSD\projects\tool-security-rules\..\scriptJsonToUvl\yamls_agrupation\medium\core.v1.Pod48.yaml - Pod generateNameValue{{ generateName }} is invalid: problem validating schema. Check JSON formatting: jsonschema validation failed with 'https://raw.githubusercontent.com/yannh/kubernetes-json-schema/master/master-standalone-strict/pod-v1.json#' - at '/spec/resourceClaims/0': additional properties 'source' not allowed | Summary: 1 resource found in 1 file - Valid: 0, Invalid: 1, Errors: 0, Skipped: 0"
core.v1.Pod49.yaml,Unknown,SCHEMA_ERROR,,,,,,0,0,0,0,0.0,0.0,0.0,285.49,,,,0,0.0,0.0,,"C:\Users\CAOSD\projects\tool-security-rules\..\scriptJsonToUvl\yamls_agrupation\medium\core.v1.Pod49.yaml - Pod generateNameValue{{ generateName }} is invalid: problem validating schema. Check JSON formatting: jsonschema validation failed with 'https://raw.githubusercontent.com/yannh/kubernetes-json-schema/master/master-standalone-strict/pod-v1.json#' - at '/spec/resourceClaims/0': additional properties 'source' not allowed | Summary: 1 resource found in 1 file - Valid: 0, Invalid: 1, Errors: 0, Skipped: 0"
core.v1.Pod5.yaml,Pod,61,29,8,37,42.21,0.0,9,1261,481,311,1,362.44,45736.25,789.66,46525.91,False,False,227,701,52.02,100.0,"{'Disallow_hostProcess': 'kyverno', 'use_high_gid': 'trivy', 'no_mounted_hostpath': 'trivy', 'kubernetes_no_custom_proc_mask': 'trivy', 'Disallow_hostPath': 'kyverno', 'Disallow_Privilege_Escalation': 'kyverno', 'Block_Ephemeral_Containers': 'kyverno', 'Disallow_Host_Namespaces': 'kyverno', 'Disallow_Secrets_from_Env_Vars': 'kyverno', 'Validate_User_ID_Group_ID_and_FS_Group': 'kyverno', 'Require_imagePullPolicy_Always': 'kyverno', 'Disallow_hostPorts': 'kyverno', 'kubernetes_no_non_default_capabilities': 'trivy', 'no_privileged_containers': 'trivy', 'kubernetes_no_host_port_access': 'trivy', 'kubernetes_no_hostprocess_containers': 'trivy', 'Restrict_Auto_Mount_of_Service_Account_Tokens': 'kyverno', 'Restrict_Node_Affinity': 'kyverno', 'Disallow_all_Secrets': 'kyverno', 'Disallow_procMount': 'kyverno', 'kubernetes_no_hostaliases': 'trivy', 'no_auto_mount_service_token': 'trivy', 'Disallow_Privileged_Containers': 'kyverno', 'kubernetes_no_self_privesc': 'trivy', 'Check_supplementalGroups': 'kyverno', 'kubernetes_drop_default_capabilities': 'trivy', 'kubernetes_no_non_ephemeral_volumes': 'trivy', 'use_high_uid': 'trivy', 'Restrict_node_selection': 'kyverno', 'cpuLimitsMissing': 'polaris', 'tagNotSpecified': 'polaris', 'Restrict_Image_Registries': 'kyverno', 'memoryRequestsMissing': 'polaris', 'Require_Images_Use_Checksums': 'kyverno', 'memoryLimitsMissing': 'polaris', 'Require_Run_As_ContainerUser_Windows': 'kyverno', 'cpuRequestsMissing': 'polaris'}","C:\Users\CAOSD\projects\tool-security-rules\resources\evaluation\tmp_remediateds_AST_Complete_V2_medium\rem_core.v1.Pod5.yaml - Pod generateNameValue{{ generateName }} is invalid: problem validating schema. Check JSON formatting: jsonschema validation failed with 'https://raw.githubusercontent.com/yannh/kubernetes-json-schema/master/master-standalone-strict/pod-v1.json#' - at '/spec/ephemeralContainers/0': validation failed   - at '/spec/ephemeralContainers/0': missing property 'name'   - at '/spec/ephemeralContainers/0/securityContext/procMount': got object, want null or string - at '/spec/overhead': got array, want null or object | Summary: 1 resource found in 1 file - Valid: 0, Invalid: 1, Errors: 0, Skipped: 0"
core.v1.Pod50.yaml,Unknown,SCHEMA_ERROR,,,,,,0,0,0,0,0.0,0.0,0.0,304.28,,,,0,0.0,0.0,,"C:\Users\CAOSD\projects\tool-security-rules\..\scriptJsonToUvl\yamls_agrupation\medium\core.v1.Pod50.yaml - Pod generateNameValue{{ generateName }} is invalid: problem validating schema. Check JSON formatting: jsonschema validation failed with 'https://raw.githubusercontent.com/yannh/kubernetes-json-schema/master/master-standalone-strict/pod-v1.json#' - at '/spec/resourceClaims/0': additional properties 'source' not allowed | Summary: 1 resource found in 1 file - Valid: 0, Invalid: 1, Errors: 0, Skipped: 0"
core.v1.Pod51.yaml,Unknown,SCHEMA_ERROR,,,,,,0,0,0,0,0.0,0.0,0.0,303.18,,,,0,0.0,0.0,,"C:\Users\CAOSD\projects\tool-security-rules\..\scriptJsonToUvl\yamls_agrupation\medium\core.v1.Pod51.yaml - Pod generateNameValue{{ generateName }} is invalid: problem validating schema. Check JSON formatting: jsonschema validation failed with 'https://raw.githubusercontent.com/yannh/kubernetes-json-schema/master/master-standalone-strict/pod-v1.json#' - at '/spec/resourceClaims/0': additional properties 'source' not allowed | Summary: 1 resource found in 1 file - Valid: 0, Invalid: 1, Errors: 0, Skipped: 0"
core.v1.Pod52.yaml,Unknown,SCHEMA_ERROR,,,,,,0,0,0,0,0.0,0.0,0.0,303.14,,,,0,0.0,0.0,,"C:\Users\CAOSD\projects\tool-security-rules\..\scriptJsonToUvl\yamls_agrupation\medium\core.v1.Pod52.yaml - Pod generateNameValue{{ generateName }} is invalid: problem validating schema. Check JSON formatting: jsonschema validation failed with 'https://raw.githubusercontent.com/yannh/kubernetes-json-schema/master/master-standalone-strict/pod-v1.json#' - at '/spec/resourceClaims/0': additional properties 'source' not allowed | Summary: 1 resource found in 1 file - Valid: 0, Invalid: 1, Errors: 0, Skipped: 0"
core.v1.Pod53.yaml,Unknown,SCHEMA_ERROR,,,,,,0,0,0,0,0.0,0.0,0.0,328.59,,,,0,0.0,0.0,,"C:\Users\CAOSD\projects\tool-security-rules\..\scriptJsonToUvl\yamls_agrupation\medium\core.v1.Pod53.yaml - Pod generateNameValue{{ generateName }} is invalid: problem validating schema. Check JSON formatting: jsonschema validation failed with 'https://raw.githubusercontent.com/yannh/kubernetes-json-schema/master/master-standalone-strict/pod-v1.json#' - at '/spec/resourceClaims/0': additional properties 'source' not allowed | Summary: 1 resource found in 1 file - Valid: 0, Invalid: 1, Errors: 0, Skipped: 0"
core.v1.Pod54.yaml,Unknown,SCHEMA_ERROR,,,,,,0,0,0,0,0.0,0.0,0.0,288.21,,,,0,0.0,0.0,,"C:\Users\CAOSD\projects\tool-security-rules\..\scriptJsonToUvl\yamls_agrupation\medium\core.v1.Pod54.yaml - Pod generateNameValue{{ generateName }} is invalid: problem validating schema. Check JSON formatting: jsonschema validation failed with 'https://raw.githubusercontent.com/yannh/kubernetes-json-schema/master/master-standalone-strict/pod-v1.json#' - at '/spec/resourceClaims/0': additional properties 'source' not allowed | Summary: 1 resource found in 1 file - Valid: 0, Invalid: 1, Errors: 0, Skipped: 0"
core.v1.Pod55.yaml,Unknown,SCHEMA_ERROR,,,,,,0,0,0,0,0.0,0.0,0.0,323.26,,,,0,0.0,0.0,,"C:\Users\CAOSD\projects\tool-security-rules\..\scriptJsonToUvl\yamls_agrupation\medium\core.v1.Pod55.yaml - Pod generateNameValue{{ generateName }} is invalid: problem validating schema. Check JSON formatting: jsonschema validation failed with 'https://raw.githubusercontent.com/yannh/kubernetes-json-schema/master/master-standalone-strict/pod-v1.json#' - at '/spec/resourceClaims/0': additional properties 'source' not allowed | Summary: 1 resource found in 1 file - Valid: 0, Invalid: 1, Errors: 0, Skipped: 0"
core.v1.Pod56.yaml,Unknown,SCHEMA_ERROR,,,,,,0,0,0,0,0.0,0.0,0.0,282.3,,,,0,0.0,0.0,,"C:\Users\CAOSD\projects\tool-security-rules\..\scriptJsonToUvl\yamls_agrupation\medium\core.v1.Pod56.yaml - Pod generateNameValue{{ generateName }} is invalid: problem validating schema. Check JSON formatting: jsonschema validation failed with 'https://raw.githubusercontent.com/yannh/kubernetes-json-schema/master/master-standalone-strict/pod-v1.json#' - at '/spec/resourceClaims/0': additional properties 'source' not allowed | Summary: 1 resource found in 1 file - Valid: 0, Invalid: 1, Errors: 0, Skipped: 0"
core.v1.Pod6.yaml,Unknown,SCHEMA_ERROR,,,,,,0,0,0,0,0.0,0.0,0.0,294.49,,,,0,0.0,0.0,,"C:\Users\CAOSD\projects\tool-security-rules\..\scriptJsonToUvl\yamls_agrupation\medium\core.v1.Pod6.yaml - Pod generateNameValue{{ generateName }} is invalid: problem validating schema. Check JSON formatting: jsonschema validation failed with 'https://raw.githubusercontent.com/yannh/kubernetes-json-schema/master/master-standalone-strict/pod-v1.json#' - at '/spec/resourceClaims/0': additional properties 'source' not allowed | Summary: 1 resource found in 1 file - Valid: 0, Invalid: 1, Errors: 0, Skipped: 0"
core.v1.Pod7.yaml,Unknown,SCHEMA_ERROR,,,,,,0,0,0,0,0.0,0.0,0.0,293.67,,,,0,0.0,0.0,,"C:\Users\CAOSD\projects\tool-security-rules\..\scriptJsonToUvl\yamls_agrupation\medium\core.v1.Pod7.yaml - Pod generateNameValue{{ generateName }} is invalid: problem validating schema. Check JSON formatting: jsonschema validation failed with 'https://raw.githubusercontent.com/yannh/kubernetes-json-schema/master/master-standalone-strict/pod-v1.json#' - at '/spec/resourceClaims/0': additional properties 'source' not allowed - at '/spec/volumes/0/ephemeral/volumeClaimTemplate/spec/resources': additional properties 'claims' not allowed | Summary: 1 resource found in 1 file - Valid: 0, Invalid: 1, Errors: 0, Skipped: 0"
core.v1.Pod8.yaml,Unknown,SCHEMA_ERROR,,,,,,0,0,0,0,0.0,0.0,0.0,299.3,,,,0,0.0,0.0,,"C:\Users\CAOSD\projects\tool-security-rules\..\scriptJsonToUvl\yamls_agrupation\medium\core.v1.Pod8.yaml - Pod generateNameValue{{ generateName }} is invalid: problem validating schema. Check JSON formatting: jsonschema validation failed with 'https://raw.githubusercontent.com/yannh/kubernetes-json-schema/master/master-standalone-strict/pod-v1.json#' - at '/spec/resourceClaims/0': additional properties 'source' not allowed - at '/spec/volumes/0/ephemeral/volumeClaimTemplate/spec/resources': additional properties 'claims' not allowed | Summary: 1 resource found in 1 file - Valid: 0, Invalid: 1, Errors: 0, Skipped: 0"
core.v1.Pod9.yaml,Pod,61,29,8,37,42.21,0.0,9,1266,481,311,1,358.12,46420.04,532.13,46952.17,False,False,228,702,52.16,100.0,"{'Disallow_hostProcess': 'kyverno', 'use_high_gid': 'trivy', 'no_mounted_hostpath': 'trivy', 'kubernetes_no_custom_proc_mask': 'trivy', 'Disallow_hostPath': 'kyverno', 'Disallow_Privilege_Escalation': 'kyverno', 'Block_Ephemeral_Containers': 'kyverno', 'Disallow_Host_Namespaces': 'kyverno', 'Disallow_Secrets_from_Env_Vars': 'kyverno', 'Validate_User_ID_Group_ID_and_FS_Group': 'kyverno', 'Require_imagePullPolicy_Always': 'kyverno', 'Disallow_hostPorts': 'kyverno', 'kubernetes_no_non_default_capabilities': 'trivy', 'no_privileged_containers': 'trivy', 'kubernetes_no_host_port_access': 'trivy', 'kubernetes_no_hostprocess_containers': 'trivy', 'Restrict_Auto_Mount_of_Service_Account_Tokens': 'kyverno', 'Restrict_Node_Affinity': 'kyverno', 'Disallow_all_Secrets': 'kyverno', 'Disallow_procMount': 'kyverno', 'kubernetes_no_hostaliases': 'trivy', 'no_auto_mount_service_token': 'trivy', 'Disallow_Privileged_Containers': 'kyverno', 'kubernetes_no_self_privesc': 'trivy', 'Check_supplementalGroups': 'kyverno', 'kubernetes_drop_default_capabilities': 'trivy', 'kubernetes_no_non_ephemeral_volumes': 'trivy', 'use_high_uid': 'trivy', 'Restrict_node_selection': 'kyverno', 'cpuLimitsMissing': 'polaris', 'tagNotSpecified': 'polaris', 'Restrict_Image_Registries': 'kyverno', 'memoryRequestsMissing': 'polaris', 'Require_Images_Use_Checksums': 'kyverno', 'memoryLimitsMissing': 'polaris', 'Require_Run_As_ContainerUser_Windows': 'kyverno', 'cpuRequestsMissing': 'polaris'}","C:\Users\CAOSD\projects\tool-security-rules\resources\evaluation\tmp_remediateds_AST_Complete_V2_medium\rem_core.v1.Pod9.yaml - Pod generateNameValue{{ generateName }} is invalid: problem validating schema. Check JSON formatting: jsonschema validation failed with 'https://raw.githubusercontent.com/yannh/kubernetes-json-schema/master/master-standalone-strict/pod-v1.json#' - at '/spec/overhead': got array, want null or object - at '/spec/ephemeralContainers/0': validation failed   - at '/spec/ephemeralContainers/0': missing property 'name'   - at '/spec/ephemeralContainers/0/securityContext/procMount': got object, want null or string | Summary: 1 resource found in 1 file - Valid: 0, Invalid: 1, Errors: 0, Skipped: 0"
core.v1.PodTemplate.after_roundtrip.yaml,Unknown,SCHEMA_ERROR,,,,,,0,0,0,0,0.0,0.0,0.0,598.88,,,,0,0.0,0.0,,"C:\Users\CAOSD\projects\tool-security-rules\..\scriptJsonToUvl\yamls_agrupation\medium\core.v1.PodTemplate.after_roundtrip.yaml - PodTemplate generateNameValue{{ generateName }} is invalid: problem validating schema. Check JSON formatting: jsonschema validation failed with 'https://raw.githubusercontent.com/yannh/kubernetes-json-schema/master/master-standalone-strict/podtemplate-v1.json#' - at '/template/spec/resourceClaims/0': additional properties 'source' not allowed | Summary: 1 resource found in 1 file - Valid: 0, Invalid: 1, Errors: 0, Skipped: 0"
core.v1.PodTemplate.after_roundtrip1.yaml,Unknown,SCHEMA_ERROR,,,,,,0,0,0,0,0.0,0.0,0.0,474.57,,,,0,0.0,0.0,,"C:\Users\CAOSD\projects\tool-security-rules\..\scriptJsonToUvl\yamls_agrupation\medium\core.v1.PodTemplate.after_roundtrip1.yaml - PodTemplate generateNameValue{{ generateName }} is invalid: problem validating schema. Check JSON formatting: jsonschema validation failed with 'https://raw.githubusercontent.com/yannh/kubernetes-json-schema/master/master-standalone-strict/podtemplate-v1.json#' - at '/template/spec/resourceClaims/0': additional properties 'source' not allowed | Summary: 1 resource found in 1 file - Valid: 0, Invalid: 1, Errors: 0, Skipped: 0"
core.v1.PodTemplate.after_roundtrip10.yaml,Unknown,SCHEMA_ERROR,,,,,,0,0,0,0,0.0,0.0,0.0,339.65,,,,0,0.0,0.0,,"C:\Users\CAOSD\projects\tool-security-rules\..\scriptJsonToUvl\yamls_agrupation\medium\core.v1.PodTemplate.after_roundtrip10.yaml - PodTemplate generateNameValue{{ generateName }} is invalid: problem validating schema. Check JSON formatting: jsonschema validation failed with 'https://raw.githubusercontent.com/yannh/kubernetes-json-schema/master/master-standalone-strict/podtemplate-v1.json#' - at '/template/spec/resourceClaims/0': additional properties 'source' not allowed | Summary: 1 resource found in 1 file - Valid: 0, Invalid: 1, Errors: 0, Skipped: 0"
core.v1.PodTemplate.after_roundtrip11.yaml,Unknown,SCHEMA_ERROR,,,,,,0,0,0,0,0.0,0.0,0.0,296.3,,,,0,0.0,0.0,,"C:\Users\CAOSD\projects\tool-security-rules\..\scriptJsonToUvl\yamls_agrupation\medium\core.v1.PodTemplate.after_roundtrip11.yaml - PodTemplate generateNameValue{{ generateName }} is invalid: problem validating schema. Check JSON formatting: jsonschema validation failed with 'https://raw.githubusercontent.com/yannh/kubernetes-json-schema/master/master-standalone-strict/podtemplate-v1.json#' - at '/template/spec/resourceClaims/0': additional properties 'source' not allowed | Summary: 1 resource found in 1 file - Valid: 0, Invalid: 1, Errors: 0, Skipped: 0"
core.v1.PodTemplate.after_roundtrip2.yaml,Unknown,SCHEMA_ERROR,,,,,,0,0,0,0,0.0,0.0,0.0,268.89,,,,0,0.0,0.0,,"C:\Users\CAOSD\projects\tool-security-rules\..\scriptJsonToUvl\yamls_agrupation\medium\core.v1.PodTemplate.after_roundtrip2.yaml - PodTemplate generateNameValue{{ generateName }} is invalid: problem validating schema. Check JSON formatting: jsonschema validation failed with 'https://raw.githubusercontent.com/yannh/kubernetes-json-schema/master/master-standalone-strict/podtemplate-v1.json#' - at '/template/spec/resourceClaims/0': additional properties 'source' not allowed | Summary: 1 resource found in 1 file - Valid: 0, Invalid: 1, Errors: 0, Skipped: 0"
core.v1.PodTemplate.after_roundtrip3.yaml,Unknown,SCHEMA_ERROR,,,,,,0,0,0,0,0.0,0.0,0.0,288.89,,,,0,0.0,0.0,,"C:\Users\CAOSD\projects\tool-security-rules\..\scriptJsonToUvl\yamls_agrupation\medium\core.v1.PodTemplate.after_roundtrip3.yaml - PodTemplate generateNameValue{{ generateName }} is invalid: problem validating schema. Check JSON formatting: jsonschema validation failed with 'https://raw.githubusercontent.com/yannh/kubernetes-json-schema/master/master-standalone-strict/podtemplate-v1.json#' - at '/template/spec/resourceClaims/0': additional properties 'source' not allowed | Summary: 1 resource found in 1 file - Valid: 0, Invalid: 1, Errors: 0, Skipped: 0"
core.v1.PodTemplate.after_roundtrip5.yaml,Unknown,SCHEMA_ERROR,,,,,,0,0,0,0,0.0,0.0,0.0,258.56,,,,0,0.0,0.0,,"C:\Users\CAOSD\projects\tool-security-rules\..\scriptJsonToUvl\yamls_agrupation\medium\core.v1.PodTemplate.after_roundtrip5.yaml - PodTemplate generateNameValue{{ generateName }} is invalid: problem validating schema. Check JSON formatting: jsonschema validation failed with 'https://raw.githubusercontent.com/yannh/kubernetes-json-schema/master/master-standalone-strict/podtemplate-v1.json#' - at '/template/spec/resourceClaims/0': additional properties 'source' not allowed | Summary: 1 resource found in 1 file - Valid: 0, Invalid: 1, Errors: 0, Skipped: 0"
core.v1.PodTemplate.after_roundtrip6.yaml,Unknown,SCHEMA_ERROR,,,,,,0,0,0,0,0.0,0.0,0.0,281.38,,,,0,0.0,0.0,,"C:\Users\CAOSD\projects\tool-security-rules\..\scriptJsonToUvl\yamls_agrupation\medium\core.v1.PodTemplate.after_roundtrip6.yaml - PodTemplate generateNameValue{{ generateName }} is invalid: problem validating schema. Check JSON formatting: jsonschema validation failed with 'https://raw.githubusercontent.com/yannh/kubernetes-json-schema/master/master-standalone-strict/podtemplate-v1.json#' - at '/template/spec/resourceClaims/0': additional properties 'source' not allowed | Summary: 1 resource found in 1 file - Valid: 0, Invalid: 1, Errors: 0, Skipped: 0"
core.v1.PodTemplate.after_roundtrip8.yaml,Unknown,SCHEMA_ERROR,,,,,,0,0,0,0,0.0,0.0,0.0,296.84,,,,0,0.0,0.0,,"C:\Users\CAOSD\projects\tool-security-rules\..\scriptJsonToUvl\yamls_agrupation\medium\core.v1.PodTemplate.after_roundtrip8.yaml - PodTemplate generateNameValue{{ generateName }} is invalid: problem validating schema. Check JSON formatting: jsonschema validation failed with 'https://raw.githubusercontent.com/yannh/kubernetes-json-schema/master/master-standalone-strict/podtemplate-v1.json#' - at '/template/spec/resourceClaims/0': additional properties 'source' not allowed | Summary: 1 resource found in 1 file - Valid: 0, Invalid: 1, Errors: 0, Skipped: 0"
core.v1.PodTemplate.after_roundtrip9.yaml,Unknown,SCHEMA_ERROR,,,,,,0,0,0,0,0.0,0.0,0.0,605.22,,,,0,0.0,0.0,,"C:\Users\CAOSD\projects\tool-security-rules\..\scriptJsonToUvl\yamls_agrupation\medium\core.v1.PodTemplate.after_roundtrip9.yaml - PodTemplate generateNameValue{{ generateName }} is invalid: problem validating schema. Check JSON formatting: jsonschema validation failed with 'https://raw.githubusercontent.com/yannh/kubernetes-json-schema/master/master-standalone-strict/podtemplate-v1.json#' - at '/template/spec/resourceClaims/0': additional properties 'source' not allowed | Summary: 1 resource found in 1 file - Valid: 0, Invalid: 1, Errors: 0, Skipped: 0"
core.v1.PodTemplate.yaml,Unknown,SCHEMA_ERROR,,,,,,0,0,0,0,0.0,0.0,0.0,325.75,,,,0,0.0,0.0,,"C:\Users\CAOSD\projects\tool-security-rules\..\scriptJsonToUvl\yamls_agrupation\medium\core.v1.PodTemplate.yaml - PodTemplate generateNameValue{{ generateName }} is invalid: problem validating schema. Check JSON formatting: jsonschema validation failed with 'https://raw.githubusercontent.com/yannh/kubernetes-json-schema/master/master-standalone-strict/podtemplate-v1.json#' - at '/template/spec/resourceClaims/0': additional properties 'source' not allowed | Summary: 1 resource found in 1 file - Valid: 0, Invalid: 1, Errors: 0, Skipped: 0"
core.v1.PodTemplate1.yaml,Unknown,SCHEMA_ERROR,,,,,,0,0,0,0,0.0,0.0,0.0,260.91,,,,0,0.0,0.0,,"C:\Users\CAOSD\projects\tool-security-rules\..\scriptJsonToUvl\yamls_agrupation\medium\core.v1.PodTemplate1.yaml - PodTemplate generateNameValue{{ generateName }} is invalid: problem validating schema. Check JSON formatting: jsonschema validation failed with 'https://raw.githubusercontent.com/yannh/kubernetes-json-schema/master/master-standalone-strict/podtemplate-v1.json#' - at '/template/spec/resourceClaims/0': additional properties 'source' not allowed - at '/template/spec/volumes/0/ephemeral/volumeClaimTemplate/spec/resources': additional properties 'claims' not allowed | Summary: 1 resource found in 1 file - Valid: 0, Invalid: 1, Errors: 0, Skipped: 0"
core.v1.PodTemplate15.yaml,Unknown,SCHEMA_ERROR,,,,,,0,0,0,0,0.0,0.0,0.0,284.29,,,,0,0.0,0.0,,"C:\Users\CAOSD\projects\tool-security-rules\..\scriptJsonToUvl\yamls_agrupation\medium\core.v1.PodTemplate15.yaml - PodTemplate generateNameValue{{ generateName }} is invalid: problem validating schema. Check JSON formatting: jsonschema validation failed with 'https://raw.githubusercontent.com/yannh/kubernetes-json-schema/master/master-standalone-strict/podtemplate-v1.json#' - at '/metadata': additional properties 'clusterName' not allowed - at '/template': validation failed   - at '/template/metadata': additional properties 'clusterName' not allowed   - at '/template/spec/volumes/0/ephemeral/volumeClaimTemplate/metadata': additional properties 'clusterName' not allowed | Summary: 1 resource found in 1 file - Valid: 0, Invalid: 1, Errors: 0, Skipped: 0"
core.v1.PodTemplate16.yaml,Unknown,SCHEMA_ERROR,,,,,,0,0,0,0,0.0,0.0,0.0,312.52,,,,0,0.0,0.0,,"C:\Users\CAOSD\projects\tool-security-rules\..\scriptJsonToUvl\yamls_agrupation\medium\core.v1.PodTemplate16.yaml - PodTemplate 3{{ generateName }} is invalid: problem validating schema. Check JSON formatting: jsonschema validation failed with 'https://raw.githubusercontent.com/yannh/kubernetes-json-schema/master/master-standalone-strict/podtemplate-v1.json#' - at '/metadata': additional properties 'clusterName' not allowed - at '/template': validation failed   - at '/template/metadata': additional properties 'clusterName' not allowed   - at '/template/spec/volumes/0/ephemeral/volumeClaimTemplate/metadata': additional properties 'clusterName' not allowed | Summary: 1 resource found in 1 file - Valid: 0, Invalid: 1, Errors: 0, Skipped: 0"
core.v1.PodTemplate17.yaml,Unknown,SCHEMA_ERROR,,,,,,0,0,0,0,0.0,0.0,0.0,319.78,,,,0,0.0,0.0,,"C:\Users\CAOSD\projects\tool-security-rules\..\scriptJsonToUvl\yamls_agrupation\medium\core.v1.PodTemplate17.yaml - PodTemplate 3{{ generateName }} is invalid: problem validating schema. Check JSON formatting: jsonschema validation failed with 'https://raw.githubusercontent.com/yannh/kubernetes-json-schema/master/master-standalone-strict/podtemplate-v1.json#' - at '/metadata': additional properties 'clusterName' not allowed - at '/template': validation failed   - at '/template/metadata': additional properties 'clusterName' not allowed   - at '/template/spec/volumes/0/ephemeral/volumeClaimTemplate/metadata': additional properties 'clusterName' not allowed | Summary: 1 resource found in 1 file - Valid: 0, Invalid: 1, Errors: 0, Skipped: 0"
core.v1.PodTemplate18.yaml,Unknown,SCHEMA_ERROR,,,,,,0,0,0,0,0.0,0.0,0.0,277.51,,,,0,0.0,0.0,,"C:\Users\CAOSD\projects\tool-security-rules\..\scriptJsonToUvl\yamls_agrupation\medium\core.v1.PodTemplate18.yaml - PodTemplate generateNameValue{{ generateName }} is invalid: problem validating schema. Check JSON formatting: jsonschema validation failed with 'https://raw.githubusercontent.com/yannh/kubernetes-json-schema/master/master-standalone-strict/podtemplate-v1.json#' - at '/template/spec/resourceClaims/0': additional properties 'source' not allowed | Summary: 1 resource found in 1 file - Valid: 0, Invalid: 1, Errors: 0, Skipped: 0"
core.v1.PodTemplate19.yaml,Unknown,SCHEMA_ERROR,,,,,,0,0,0,0,0.0,0.0,0.0,342.32,,,,0,0.0,0.0,,"C:\Users\CAOSD\projects\tool-security-rules\..\scriptJsonToUvl\yamls_agrupation\medium\core.v1.PodTemplate19.yaml - PodTemplate generateNameValue{{ generateName }} is invalid: problem validating schema. Check JSON formatting: jsonschema validation failed with 'https://raw.githubusercontent.com/yannh/kubernetes-json-schema/master/master-standalone-strict/podtemplate-v1.json#' - at '/template/spec/volumes/0/ephemeral/volumeClaimTemplate/spec/resources': additional properties 'claims' not allowed - at '/template/spec/resourceClaims/0': additional properties 'source' not allowed | Summary: 1 resource found in 1 file - Valid: 0, Invalid: 1, Errors: 0, Skipped: 0"
core.v1.PodTemplate2.yaml,Unknown,SCHEMA_ERROR,,,,,,0,0,0,0,0.0,0.0,0.0,353.62,,,,0,0.0,0.0,,"C:\Users\CAOSD\projects\tool-security-rules\..\scriptJsonToUvl\yamls_agrupation\medium\core.v1.PodTemplate2.yaml - PodTemplate generateNameValue{{ generateName }} is invalid: problem validating schema. Check JSON formatting: jsonschema validation failed with 'https://raw.githubusercontent.com/yannh/kubernetes-json-schema/master/master-standalone-strict/podtemplate-v1.json#' - at '/template/spec/volumes/0/ephemeral/volumeClaimTemplate/spec/resources': additional properties 'claims' not allowed - at '/template/spec/resourceClaims/0': additional properties 'source' not allowed | Summary: 1 resource found in 1 file - Valid: 0, Invalid: 1, Errors: 0, Skipped: 0"
core.v1.PodTemplate20.yaml,Unknown,SCHEMA_ERROR,,,,,,0,0,0,0,0.0,0.0,0.0,281.55,,,,0,0.0,0.0,,"C:\Users\CAOSD\projects\tool-security-rules\..\scriptJsonToUvl\yamls_agrupation\medium\core.v1.PodTemplate20.yaml - PodTemplate generateNameValue{{ generateName }} is invalid: problem validating schema. Check JSON formatting: jsonschema validation failed with 'https://raw.githubusercontent.com/yannh/kubernetes-json-schema/master/master-standalone-strict/podtemplate-v1.json#' - at '/template/spec/resourceClaims/0': additional properties 'source' not allowed | Summary: 1 resource found in 1 file - Valid: 0, Invalid: 1, Errors: 0, Skipped: 0"
core.v1.PodTemplate21.yaml,Unknown,SCHEMA_ERROR,,,,,,0,0,0,0,0.0,0.0,0.0,281.14,,,,0,0.0,0.0,,"C:\Users\CAOSD\projects\tool-security-rules\..\scriptJsonToUvl\yamls_agrupation\medium\core.v1.PodTemplate21.yaml - PodTemplate generateNameValue{{ generateName }} is invalid: problem validating schema. Check JSON formatting: jsonschema validation failed with 'https://raw.githubusercontent.com/yannh/kubernetes-json-schema/master/master-standalone-strict/podtemplate-v1.json#' - at '/template/spec/resourceClaims/0': additional properties 'source' not allowed | Summary: 1 resource found in 1 file - Valid: 0, Invalid: 1, Errors: 0, Skipped: 0"
core.v1.PodTemplate22.yaml,Unknown,SCHEMA_ERROR,,,,,,0,0,0,0,0.0,0.0,0.0,291.42,,,,0,0.0,0.0,,"C:\Users\CAOSD\projects\tool-security-rules\..\scriptJsonToUvl\yamls_agrupation\medium\core.v1.PodTemplate22.yaml - PodTemplate generateNameValue{{ generateName }} is invalid: problem validating schema. Check JSON formatting: jsonschema validation failed with 'https://raw.githubusercontent.com/yannh/kubernetes-json-schema/master/master-standalone-strict/podtemplate-v1.json#' - at '/template/spec/resourceClaims/0': additional properties 'source' not allowed - at '/template/spec/volumes/0/ephemeral/volumeClaimTemplate/spec/resources': additional properties 'claims' not allowed | Summary: 1 resource found in 1 file - Valid: 0, Invalid: 1, Errors: 0, Skipped: 0"
core.v1.PodTemplate23.yaml,Unknown,SCHEMA_ERROR,,,,,,0,0,0,0,0.0,0.0,0.0,281.17,,,,0,0.0,0.0,,"C:\Users\CAOSD\projects\tool-security-rules\..\scriptJsonToUvl\yamls_agrupation\medium\core.v1.PodTemplate23.yaml - PodTemplate generateNameValue{{ generateName }} is invalid: problem validating schema. Check JSON formatting: jsonschema validation failed with 'https://raw.githubusercontent.com/yannh/kubernetes-json-schema/master/master-standalone-strict/podtemplate-v1.json#' - at '/template/spec/resourceClaims/0': additional properties 'source' not allowed | Summary: 1 resource found in 1 file - Valid: 0, Invalid: 1, Errors: 0, Skipped: 0"
core.v1.PodTemplate27.yaml,Unknown,SCHEMA_ERROR,,,,,,0,0,0,0,0.0,0.0,0.0,290.05,,,,0,0.0,0.0,,"C:\Users\CAOSD\projects\tool-security-rules\..\scriptJsonToUvl\yamls_agrupation\medium\core.v1.PodTemplate27.yaml - PodTemplate generateNameValue{{ generateName }} is invalid: problem validating schema. Check JSON formatting: jsonschema validation failed with 'https://raw.githubusercontent.com/yannh/kubernetes-json-schema/master/master-standalone-strict/podtemplate-v1.json#' - at '/metadata': additional properties 'clusterName' not allowed - at '/template': validation failed   - at '/template/metadata': additional properties 'clusterName' not allowed   - at '/template/spec/volumes/0/ephemeral/volumeClaimTemplate/metadata': additional properties 'clusterName' not allowed | Summary: 1 resource found in 1 file - Valid: 0, Invalid: 1, Errors: 0, Skipped: 0"
core.v1.PodTemplate28.yaml,Unknown,SCHEMA_ERROR,,,,,,0,0,0,0,0.0,0.0,0.0,269.35,,,,0,0.0,0.0,,"C:\Users\CAOSD\projects\tool-security-rules\..\scriptJsonToUvl\yamls_agrupation\medium\core.v1.PodTemplate28.yaml - PodTemplate 3{{ generateName }} is invalid: problem validating schema. Check JSON formatting: jsonschema validation failed with 'https://raw.githubusercontent.com/yannh/kubernetes-json-schema/master/master-standalone-strict/podtemplate-v1.json#' - at '/metadata': additional properties 'clusterName' not allowed - at '/template': validation failed   - at '/template/metadata': additional properties 'clusterName' not allowed   - at '/template/spec/volumes/0/ephemeral/volumeClaimTemplate/metadata': additional properties 'clusterName' not allowed | Summary: 1 resource found in 1 file - Valid: 0, Invalid: 1, Errors: 0, Skipped: 0"
core.v1.PodTemplate29.yaml,Unknown,SCHEMA_ERROR,,,,,,0,0,0,0,0.0,0.0,0.0,270.31,,,,0,0.0,0.0,,"C:\Users\CAOSD\projects\tool-security-rules\..\scriptJsonToUvl\yamls_agrupation\medium\core.v1.PodTemplate29.yaml - PodTemplate 3{{ generateName }} is invalid: problem validating schema. Check JSON formatting: jsonschema validation failed with 'https://raw.githubusercontent.com/yannh/kubernetes-json-schema/master/master-standalone-strict/podtemplate-v1.json#' - at '/metadata': additional properties 'clusterName' not allowed - at '/template': validation failed   - at '/template/spec/volumes/0/ephemeral/volumeClaimTemplate/metadata': additional properties 'clusterName' not allowed   - at '/template/metadata': additional properties 'clusterName' not allowed | Summary: 1 resource found in 1 file - Valid: 0, Invalid: 1, Errors: 0, Skipped: 0"
core.v1.PodTemplate30.yaml,Unknown,SCHEMA_ERROR,,,,,,0,0,0,0,0.0,0.0,0.0,286.65,,,,0,0.0,0.0,,"C:\Users\CAOSD\projects\tool-security-rules\..\scriptJsonToUvl\yamls_agrupation\medium\core.v1.PodTemplate30.yaml - PodTemplate generateNameValue{{ generateName }} is invalid: problem validating schema. Check JSON formatting: jsonschema validation failed with 'https://raw.githubusercontent.com/yannh/kubernetes-json-schema/master/master-standalone-strict/podtemplate-v1.json#' - at '/template/spec/resourceClaims/0': additional properties 'source' not allowed | Summary: 1 resource found in 1 file - Valid: 0, Invalid: 1, Errors: 0, Skipped: 0"
core.v1.PodTemplate31.yaml,Unknown,SCHEMA_ERROR,,,,,,0,0,0,0,0.0,0.0,0.0,285.4,,,,0,0.0,0.0,,"C:\Users\CAOSD\projects\tool-security-rules\..\scriptJsonToUvl\yamls_agrupation\medium\core.v1.PodTemplate31.yaml - PodTemplate generateNameValue{{ generateName }} is invalid: problem validating schema. Check JSON formatting: jsonschema validation failed with 'https://raw.githubusercontent.com/yannh/kubernetes-json-schema/master/master-standalone-strict/podtemplate-v1.json#' - at '/template/spec/resourceClaims/0': additional properties 'source' not allowed - at '/template/spec/volumes/0/ephemeral/volumeClaimTemplate/spec/resources': additional properties 'claims' not allowed | Summary: 1 resource found in 1 file - Valid: 0, Invalid: 1, Errors: 0, Skipped: 0"
core.v1.PodTemplate32.yaml,Unknown,SCHEMA_ERROR,,,,,,0,0,0,0,0.0,0.0,0.0,303.13,,,,0,0.0,0.0,,"C:\Users\CAOSD\projects\tool-security-rules\..\scriptJsonToUvl\yamls_agrupation\medium\core.v1.PodTemplate32.yaml - PodTemplate generateNameValue{{ generateName }} is invalid: problem validating schema. Check JSON formatting: jsonschema validation failed with 'https://raw.githubusercontent.com/yannh/kubernetes-json-schema/master/master-standalone-strict/podtemplate-v1.json#' - at '/template/spec/resourceClaims/0': additional properties 'source' not allowed | Summary: 1 resource found in 1 file - Valid: 0, Invalid: 1, Errors: 0, Skipped: 0"
core.v1.PodTemplate33.yaml,Unknown,SCHEMA_ERROR,,,,,,0,0,0,0,0.0,0.0,0.0,299.13,,,,0,0.0,0.0,,"C:\Users\CAOSD\projects\tool-security-rules\..\scriptJsonToUvl\yamls_agrupation\medium\core.v1.PodTemplate33.yaml - PodTemplate generateNameValue{{ generateName }} is invalid: problem validating schema. Check JSON formatting: jsonschema validation failed with 'https://raw.githubusercontent.com/yannh/kubernetes-json-schema/master/master-standalone-strict/podtemplate-v1.json#' - at '/template/spec/resourceClaims/0': additional properties 'source' not allowed | Summary: 1 resource found in 1 file - Valid: 0, Invalid: 1, Errors: 0, Skipped: 0"
core.v1.PodTemplate34.yaml,Unknown,SCHEMA_ERROR,,,,,,0,0,0,0,0.0,0.0,0.0,340.65,,,,0,0.0,0.0,,"C:\Users\CAOSD\projects\tool-security-rules\..\scriptJsonToUvl\yamls_agrupation\medium\core.v1.PodTemplate34.yaml - PodTemplate generateNameValue{{ generateName }} is invalid: problem validating schema. Check JSON formatting: jsonschema validation failed with 'https://raw.githubusercontent.com/yannh/kubernetes-json-schema/master/master-standalone-strict/podtemplate-v1.json#' - at '/template/spec/volumes/0/ephemeral/volumeClaimTemplate/spec/resources': additional properties 'claims' not allowed - at '/template/spec/resourceClaims/0': additional properties 'source' not allowed | Summary: 1 resource found in 1 file - Valid: 0, Invalid: 1, Errors: 0, Skipped: 0"
core.v1.PodTemplate35.yaml,Unknown,SCHEMA_ERROR,,,,,,0,0,0,0,0.0,0.0,0.0,268.87,,,,0,0.0,0.0,,"C:\Users\CAOSD\projects\tool-security-rules\..\scriptJsonToUvl\yamls_agrupation\medium\core.v1.PodTemplate35.yaml - PodTemplate generateNameValue{{ generateName }} is invalid: problem validating schema. Check JSON formatting: jsonschema validation failed with 'https://raw.githubusercontent.com/yannh/kubernetes-json-schema/master/master-standalone-strict/podtemplate-v1.json#' - at '/template/spec/resourceClaims/0': additional properties 'source' not allowed | Summary: 1 resource found in 1 file - Valid: 0, Invalid: 1, Errors: 0, Skipped: 0"
core.v1.PodTemplate39.yaml,Unknown,SCHEMA_ERROR,,,,,,0,0,0,0,0.0,0.0,0.0,302.19,,,,0,0.0,0.0,,"C:\Users\CAOSD\projects\tool-security-rules\..\scriptJsonToUvl\yamls_agrupation\medium\core.v1.PodTemplate39.yaml - PodTemplate 3{{ generateName }} is invalid: problem validating schema. Check JSON formatting: jsonschema validation failed with 'https://raw.githubusercontent.com/yannh/kubernetes-json-schema/master/master-standalone-strict/podtemplate-v1.json#' - at '/metadata': additional properties 'clusterName' not allowed - at '/template': validation failed   - at '/template/metadata': additional properties 'clusterName' not allowed   - at '/template/spec/volumes/0/ephemeral/volumeClaimTemplate/metadata': additional properties 'clusterName' not allowed | Summary: 1 resource found in 1 file - Valid: 0, Invalid: 1, Errors: 0, Skipped: 0"
core.v1.PodTemplate40.yaml,Unknown,SCHEMA_ERROR,,,,,,0,0,0,0,0.0,0.0,0.0,281.59,,,,0,0.0,0.0,,"C:\Users\CAOSD\projects\tool-security-rules\..\scriptJsonToUvl\yamls_agrupation\medium\core.v1.PodTemplate40.yaml - PodTemplate 3{{ generateName }} is invalid: problem validating schema. Check JSON formatting: jsonschema validation failed with 'https://raw.githubusercontent.com/yannh/kubernetes-json-schema/master/master-standalone-strict/podtemplate-v1.json#' - at '/metadata': additional properties 'clusterName' not allowed - at '/template': validation failed   - at '/template/metadata': additional properties 'clusterName' not allowed   - at '/template/spec/volumes/0/ephemeral/volumeClaimTemplate/metadata': additional properties 'clusterName' not allowed | Summary: 1 resource found in 1 file - Valid: 0, Invalid: 1, Errors: 0, Skipped: 0"
core.v1.PodTemplate41.yaml,Unknown,SCHEMA_ERROR,,,,,,0,0,0,0,0.0,0.0,0.0,281.31,,,,0,0.0,0.0,,"C:\Users\CAOSD\projects\tool-security-rules\..\scriptJsonToUvl\yamls_agrupation\medium\core.v1.PodTemplate41.yaml - PodTemplate 3{{ generateName }} is invalid: problem validating schema. Check JSON formatting: jsonschema validation failed with 'https://raw.githubusercontent.com/yannh/kubernetes-json-schema/master/master-standalone-strict/podtemplate-v1.json#' - at '/metadata': additional properties 'clusterName' not allowed - at '/template': validation failed   - at '/template/metadata': additional properties 'clusterName' not allowed   - at '/template/spec/volumes/0/ephemeral/volumeClaimTemplate/metadata': additional properties 'clusterName' not allowed | Summary: 1 resource found in 1 file - Valid: 0, Invalid: 1, Errors: 0, Skipped: 0"
core.v1.PodTemplate42.yaml,Unknown,SCHEMA_ERROR,,,,,,0,0,0,0,0.0,0.0,0.0,324.24,,,,0,0.0,0.0,,"C:\Users\CAOSD\projects\tool-security-rules\..\scriptJsonToUvl\yamls_agrupation\medium\core.v1.PodTemplate42.yaml - PodTemplate generateNameValue{{ generateName }} is invalid: problem validating schema. Check JSON formatting: jsonschema validation failed with 'https://raw.githubusercontent.com/yannh/kubernetes-json-schema/master/master-standalone-strict/podtemplate-v1.json#' - at '/template/spec/resourceClaims/0': additional properties 'source' not allowed | Summary: 1 resource found in 1 file - Valid: 0, Invalid: 1, Errors: 0, Skipped: 0"
core.v1.PodTemplate43.yaml,Unknown,SCHEMA_ERROR,,,,,,0,0,0,0,0.0,0.0,0.0,271.28,,,,0,0.0,0.0,,"C:\Users\CAOSD\projects\tool-security-rules\..\scriptJsonToUvl\yamls_agrupation\medium\core.v1.PodTemplate43.yaml - PodTemplate generateNameValue{{ generateName }} is invalid: problem validating schema. Check JSON formatting: jsonschema validation failed with 'https://raw.githubusercontent.com/yannh/kubernetes-json-schema/master/master-standalone-strict/podtemplate-v1.json#' - at '/template/spec/resourceClaims/0': additional properties 'source' not allowed - at '/template/spec/volumes/0/ephemeral/volumeClaimTemplate/spec/resources': additional properties 'claims' not allowed | Summary: 1 resource found in 1 file - Valid: 0, Invalid: 1, Errors: 0, Skipped: 0"
core.v1.PodTemplate44.yaml,Unknown,SCHEMA_ERROR,,,,,,0,0,0,0,0.0,0.0,0.0,336.39,,,,0,0.0,0.0,,"C:\Users\CAOSD\projects\tool-security-rules\..\scriptJsonToUvl\yamls_agrupation\medium\core.v1.PodTemplate44.yaml - PodTemplate generateNameValue{{ generateName }} is invalid: problem validating schema. Check JSON formatting: jsonschema validation failed with 'https://raw.githubusercontent.com/yannh/kubernetes-json-schema/master/master-standalone-strict/podtemplate-v1.json#' - at '/template/spec/resourceClaims/0': additional properties 'source' not allowed | Summary: 1 resource found in 1 file - Valid: 0, Invalid: 1, Errors: 0, Skipped: 0"
core.v1.PodTemplate45.yaml,Unknown,SCHEMA_ERROR,,,,,,0,0,0,0,0.0,0.0,0.0,271.9,,,,0,0.0,0.0,,"C:\Users\CAOSD\projects\tool-security-rules\..\scriptJsonToUvl\yamls_agrupation\medium\core.v1.PodTemplate45.yaml - PodTemplate generateNameValue{{ generateName }} is invalid: problem validating schema. Check JSON formatting: jsonschema validation failed with 'https://raw.githubusercontent.com/yannh/kubernetes-json-schema/master/master-standalone-strict/podtemplate-v1.json#' - at '/template/spec/resourceClaims/0': additional properties 'source' not allowed | Summary: 1 resource found in 1 file - Valid: 0, Invalid: 1, Errors: 0, Skipped: 0"
core.v1.PodTemplate46.yaml,Unknown,SCHEMA_ERROR,,,,,,0,0,0,0,0.0,0.0,0.0,261.77,,,,0,0.0,0.0,,"C:\Users\CAOSD\projects\tool-security-rules\..\scriptJsonToUvl\yamls_agrupation\medium\core.v1.PodTemplate46.yaml - PodTemplate generateNameValue{{ generateName }} is invalid: problem validating schema. Check JSON formatting: jsonschema validation failed with 'https://raw.githubusercontent.com/yannh/kubernetes-json-schema/master/master-standalone-strict/podtemplate-v1.json#' - at '/template/spec/resourceClaims/0': additional properties 'source' not allowed - at '/template/spec/volumes/0/ephemeral/volumeClaimTemplate/spec/resources': additional properties 'claims' not allowed | Summary: 1 resource found in 1 file - Valid: 0, Invalid: 1, Errors: 0, Skipped: 0"
core.v1.PodTemplate47.yaml,Unknown,SCHEMA_ERROR,,,,,,0,0,0,0,0.0,0.0,0.0,354.92,,,,0,0.0,0.0,,"C:\Users\CAOSD\projects\tool-security-rules\..\scriptJsonToUvl\yamls_agrupation\medium\core.v1.PodTemplate47.yaml - PodTemplate generateNameValue{{ generateName }} is invalid: problem validating schema. Check JSON formatting: jsonschema validation failed with 'https://raw.githubusercontent.com/yannh/kubernetes-json-schema/master/master-standalone-strict/podtemplate-v1.json#' - at '/template/spec/resourceClaims/0': additional properties 'source' not allowed | Summary: 1 resource found in 1 file - Valid: 0, Invalid: 1, Errors: 0, Skipped: 0"
core.v1.PodTemplate48.yaml,Unknown,SCHEMA_ERROR,,,,,,0,0,0,0,0.0,0.0,0.0,330.73,,,,0,0.0,0.0,,"C:\Users\CAOSD\projects\tool-security-rules\..\scriptJsonToUvl\yamls_agrupation\medium\core.v1.PodTemplate48.yaml - PodTemplate generateNameValue{{ generateName }} is invalid: problem validating schema. Check JSON formatting: jsonschema validation failed with 'https://raw.githubusercontent.com/yannh/kubernetes-json-schema/master/master-standalone-strict/podtemplate-v1.json#' - at '/template/spec/resourceClaims/0': additional properties 'source' not allowed | Summary: 1 resource found in 1 file - Valid: 0, Invalid: 1, Errors: 0, Skipped: 0"
core.v1.PodTemplate49.yaml,Unknown,SCHEMA_ERROR,,,,,,0,0,0,0,0.0,0.0,0.0,277.58,,,,0,0.0,0.0,,"C:\Users\CAOSD\projects\tool-security-rules\..\scriptJsonToUvl\yamls_agrupation\medium\core.v1.PodTemplate49.yaml - PodTemplate generateNameValue{{ generateName }} is invalid: problem validating schema. Check JSON formatting: jsonschema validation failed with 'https://raw.githubusercontent.com/yannh/kubernetes-json-schema/master/master-standalone-strict/podtemplate-v1.json#' - at '/template/spec/resourceClaims/0': additional properties 'source' not allowed | Summary: 1 resource found in 1 file - Valid: 0, Invalid: 1, Errors: 0, Skipped: 0"
core.v1.PodTemplate50.yaml,Unknown,SCHEMA_ERROR,,,,,,0,0,0,0,0.0,0.0,0.0,270.62,,,,0,0.0,0.0,,"C:\Users\CAOSD\projects\tool-security-rules\..\scriptJsonToUvl\yamls_agrupation\medium\core.v1.PodTemplate50.yaml - PodTemplate generateNameValue{{ generateName }} is invalid: problem validating schema. Check JSON formatting: jsonschema validation failed with 'https://raw.githubusercontent.com/yannh/kubernetes-json-schema/master/master-standalone-strict/podtemplate-v1.json#' - at '/template/spec/resourceClaims/0': additional properties 'source' not allowed | Summary: 1 resource found in 1 file - Valid: 0, Invalid: 1, Errors: 0, Skipped: 0"
core.v1.PodTemplate51.yaml,Unknown,SCHEMA_ERROR,,,,,,0,0,0,0,0.0,0.0,0.0,274.17,,,,0,0.0,0.0,,"C:\Users\CAOSD\projects\tool-security-rules\..\scriptJsonToUvl\yamls_agrupation\medium\core.v1.PodTemplate51.yaml - PodTemplate generateNameValue{{ generateName }} is invalid: problem validating schema. Check JSON formatting: jsonschema validation failed with 'https://raw.githubusercontent.com/yannh/kubernetes-json-schema/master/master-standalone-strict/podtemplate-v1.json#' - at '/template/spec/resourceClaims/0': additional properties 'source' not allowed | Summary: 1 resource found in 1 file - Valid: 0, Invalid: 1, Errors: 0, Skipped: 0"
core.v1.PodTemplate52.yaml,Unknown,SCHEMA_ERROR,,,,,,0,0,0,0,0.0,0.0,0.0,282.43,,,,0,0.0,0.0,,"C:\Users\CAOSD\projects\tool-security-rules\..\scriptJsonToUvl\yamls_agrupation\medium\core.v1.PodTemplate52.yaml - PodTemplate generateNameValue{{ generateName }} is invalid: problem validating schema. Check JSON formatting: jsonschema validation failed with 'https://raw.githubusercontent.com/yannh/kubernetes-json-schema/master/master-standalone-strict/podtemplate-v1.json#' - at '/template/spec/resourceClaims/0': additional properties 'source' not allowed | Summary: 1 resource found in 1 file - Valid: 0, Invalid: 1, Errors: 0, Skipped: 0"
core.v1.PodTemplate53.yaml,Unknown,SCHEMA_ERROR,,,,,,0,0,0,0,0.0,0.0,0.0,288.55,,,,0,0.0,0.0,,"C:\Users\CAOSD\projects\tool-security-rules\..\scriptJsonToUvl\yamls_agrupation\medium\core.v1.PodTemplate53.yaml - PodTemplate generateNameValue{{ generateName }} is invalid: problem validating schema. Check JSON formatting: jsonschema validation failed with 'https://raw.githubusercontent.com/yannh/kubernetes-json-schema/master/master-standalone-strict/podtemplate-v1.json#' - at '/template/spec/resourceClaims/0': additional properties 'source' not allowed | Summary: 1 resource found in 1 file - Valid: 0, Invalid: 1, Errors: 0, Skipped: 0"
core.v1.PodTemplate54.yaml,Unknown,SCHEMA_ERROR,,,,,,0,0,0,0,0.0,0.0,0.0,265.14,,,,0,0.0,0.0,,"C:\Users\CAOSD\projects\tool-security-rules\..\scriptJsonToUvl\yamls_agrupation\medium\core.v1.PodTemplate54.yaml - PodTemplate generateNameValue{{ generateName }} is invalid: problem validating schema. Check JSON formatting: jsonschema validation failed with 'https://raw.githubusercontent.com/yannh/kubernetes-json-schema/master/master-standalone-strict/podtemplate-v1.json#' - at '/template/spec/resourceClaims/0': additional properties 'source' not allowed | Summary: 1 resource found in 1 file - Valid: 0, Invalid: 1, Errors: 0, Skipped: 0"
core.v1.PodTemplate55.yaml,Unknown,SCHEMA_ERROR,,,,,,0,0,0,0,0.0,0.0,0.0,305.7,,,,0,0.0,0.0,,"C:\Users\CAOSD\projects\tool-security-rules\..\scriptJsonToUvl\yamls_agrupation\medium\core.v1.PodTemplate55.yaml - PodTemplate generateNameValue{{ generateName }} is invalid: problem validating schema. Check JSON formatting: jsonschema validation failed with 'https://raw.githubusercontent.com/yannh/kubernetes-json-schema/master/master-standalone-strict/podtemplate-v1.json#' - at '/template/spec/resourceClaims/0': additional properties 'source' not allowed | Summary: 1 resource found in 1 file - Valid: 0, Invalid: 1, Errors: 0, Skipped: 0"
core.v1.PodTemplate56.yaml,Unknown,SCHEMA_ERROR,,,,,,0,0,0,0,0.0,0.0,0.0,330.6,,,,0,0.0,0.0,,"C:\Users\CAOSD\projects\tool-security-rules\..\scriptJsonToUvl\yamls_agrupation\medium\core.v1.PodTemplate56.yaml - PodTemplate generateNameValue{{ generateName }} is invalid: problem validating schema. Check JSON formatting: jsonschema validation failed with 'https://raw.githubusercontent.com/yannh/kubernetes-json-schema/master/master-standalone-strict/podtemplate-v1.json#' - at '/template/spec/resourceClaims/0': additional properties 'source' not allowed | Summary: 1 resource found in 1 file - Valid: 0, Invalid: 1, Errors: 0, Skipped: 0"
core.v1.PodTemplate6.yaml,Unknown,SCHEMA_ERROR,,,,,,0,0,0,0,0.0,0.0,0.0,285.44,,,,0,0.0,0.0,,"C:\Users\CAOSD\projects\tool-security-rules\..\scriptJsonToUvl\yamls_agrupation\medium\core.v1.PodTemplate6.yaml - PodTemplate generateNameValue{{ generateName }} is invalid: problem validating schema. Check JSON formatting: jsonschema validation failed with 'https://raw.githubusercontent.com/yannh/kubernetes-json-schema/master/master-standalone-strict/podtemplate-v1.json#' - at '/template/spec/resourceClaims/0': additional properties 'source' not allowed | Summary: 1 resource found in 1 file - Valid: 0, Invalid: 1, Errors: 0, Skipped: 0"
core.v1.PodTemplate7.yaml,Unknown,SCHEMA_ERROR,,,,,,0,0,0,0,0.0,0.0,0.0,272.92,,,,0,0.0,0.0,,"C:\Users\CAOSD\projects\tool-security-rules\..\scriptJsonToUvl\yamls_agrupation\medium\core.v1.PodTemplate7.yaml - PodTemplate generateNameValue{{ generateName }} is invalid: problem validating schema. Check JSON formatting: jsonschema validation failed with 'https://raw.githubusercontent.com/yannh/kubernetes-json-schema/master/master-standalone-strict/podtemplate-v1.json#' - at '/template/spec/volumes/0/ephemeral/volumeClaimTemplate/spec/resources': additional properties 'claims' not allowed - at '/template/spec/resourceClaims/0': additional properties 'source' not allowed | Summary: 1 resource found in 1 file - Valid: 0, Invalid: 1, Errors: 0, Skipped: 0"
core.v1.PodTemplate8.yaml,Unknown,SCHEMA_ERROR,,,,,,0,0,0,0,0.0,0.0,0.0,272.65,,,,0,0.0,0.0,,"C:\Users\CAOSD\projects\tool-security-rules\..\scriptJsonToUvl\yamls_agrupation\medium\core.v1.PodTemplate8.yaml - PodTemplate generateNameValue{{ generateName }} is invalid: problem validating schema. Check JSON formatting: jsonschema validation failed with 'https://raw.githubusercontent.com/yannh/kubernetes-json-schema/master/master-standalone-strict/podtemplate-v1.json#' - at '/template/spec/resourceClaims/0': additional properties 'source' not allowed - at '/template/spec/volumes/0/ephemeral/volumeClaimTemplate/spec/resources': additional properties 'claims' not allowed | Summary: 1 resource found in 1 file - Valid: 0, Invalid: 1, Errors: 0, Skipped: 0"
core.v1.ReplicationController.after_roundtrip.yaml,Unknown,SCHEMA_ERROR,,,,,,0,0,0,0,0.0,0.0,0.0,724.69,,,,0,0.0,0.0,,"C:\Users\CAOSD\projects\tool-security-rules\..\scriptJsonToUvl\yamls_agrupation\medium\core.v1.ReplicationController.after_roundtrip.yaml - ReplicationController generateNameValue{{ generateName }} is invalid: problem validating schema. Check JSON formatting: jsonschema validation failed with 'https://raw.githubusercontent.com/yannh/kubernetes-json-schema/master/master-standalone-strict/replicationcontroller-v1.json#' - at '/spec/template/spec/resourceClaims/0': additional properties 'source' not allowed | Summary: 1 resource found in 1 file - Valid: 0, Invalid: 1, Errors: 0, Skipped: 0"
core.v1.ReplicationController.after_roundtrip1.yaml,Unknown,SCHEMA_ERROR,,,,,,0,0,0,0,0.0,0.0,0.0,302.7,,,,0,0.0,0.0,,"C:\Users\CAOSD\projects\tool-security-rules\..\scriptJsonToUvl\yamls_agrupation\medium\core.v1.ReplicationController.after_roundtrip1.yaml - ReplicationController generateNameValue{{ generateName }} is invalid: problem validating schema. Check JSON formatting: jsonschema validation failed with 'https://raw.githubusercontent.com/yannh/kubernetes-json-schema/master/master-standalone-strict/replicationcontroller-v1.json#' - at '/spec/template/spec/resourceClaims/0': additional properties 'source' not allowed | Summary: 1 resource found in 1 file - Valid: 0, Invalid: 1, Errors: 0, Skipped: 0"
core.v1.ReplicationController.after_roundtrip10.yaml,Unknown,SCHEMA_ERROR,,,,,,0,0,0,0,0.0,0.0,0.0,516.21,,,,0,0.0,0.0,,"C:\Users\CAOSD\projects\tool-security-rules\..\scriptJsonToUvl\yamls_agrupation\medium\core.v1.ReplicationController.after_roundtrip10.yaml - ReplicationController generateNameValue{{ generateName }} is invalid: problem validating schema. Check JSON formatting: jsonschema validation failed with 'https://raw.githubusercontent.com/yannh/kubernetes-json-schema/master/master-standalone-strict/replicationcontroller-v1.json#' - at '/spec/template/spec/resourceClaims/0': additional properties 'source' not allowed | Summary: 1 resource found in 1 file - Valid: 0, Invalid: 1, Errors: 0, Skipped: 0"
core.v1.ReplicationController.after_roundtrip11.yaml,Unknown,SCHEMA_ERROR,,,,,,0,0,0,0,0.0,0.0,0.0,297.05,,,,0,0.0,0.0,,"C:\Users\CAOSD\projects\tool-security-rules\..\scriptJsonToUvl\yamls_agrupation\medium\core.v1.ReplicationController.after_roundtrip11.yaml - ReplicationController generateNameValue{{ generateName }} is invalid: problem validating schema. Check JSON formatting: jsonschema validation failed with 'https://raw.githubusercontent.com/yannh/kubernetes-json-schema/master/master-standalone-strict/replicationcontroller-v1.json#' - at '/spec/template/spec/resourceClaims/0': additional properties 'source' not allowed | Summary: 1 resource found in 1 file - Valid: 0, Invalid: 1, Errors: 0, Skipped: 0"
core.v1.ReplicationController.after_roundtrip2.yaml,Unknown,SCHEMA_ERROR,,,,,,0,0,0,0,0.0,0.0,0.0,420.54,,,,0,0.0,0.0,,"C:\Users\CAOSD\projects\tool-security-rules\..\scriptJsonToUvl\yamls_agrupation\medium\core.v1.ReplicationController.after_roundtrip2.yaml - ReplicationController generateNameValue{{ generateName }} is invalid: problem validating schema. Check JSON formatting: jsonschema validation failed with 'https://raw.githubusercontent.com/yannh/kubernetes-json-schema/master/master-standalone-strict/replicationcontroller-v1.json#' - at '/spec/template/spec/resourceClaims/0': additional properties 'source' not allowed | Summary: 1 resource found in 1 file - Valid: 0, Invalid: 1, Errors: 0, Skipped: 0"
core.v1.ReplicationController.after_roundtrip3.yaml,Unknown,SCHEMA_ERROR,,,,,,0,0,0,0,0.0,0.0,0.0,333.14,,,,0,0.0,0.0,,"C:\Users\CAOSD\projects\tool-security-rules\..\scriptJsonToUvl\yamls_agrupation\medium\core.v1.ReplicationController.after_roundtrip3.yaml - ReplicationController generateNameValue{{ generateName }} is invalid: problem validating schema. Check JSON formatting: jsonschema validation failed with 'https://raw.githubusercontent.com/yannh/kubernetes-json-schema/master/master-standalone-strict/replicationcontroller-v1.json#' - at '/spec/template/spec/resourceClaims/0': additional properties 'source' not allowed | Summary: 1 resource found in 1 file - Valid: 0, Invalid: 1, Errors: 0, Skipped: 0"
core.v1.ReplicationController.after_roundtrip5.yaml,Unknown,SCHEMA_ERROR,,,,,,0,0,0,0,0.0,0.0,0.0,294.66,,,,0,0.0,0.0,,"C:\Users\CAOSD\projects\tool-security-rules\..\scriptJsonToUvl\yamls_agrupation\medium\core.v1.ReplicationController.after_roundtrip5.yaml - ReplicationController generateNameValue{{ generateName }} is invalid: problem validating schema. Check JSON formatting: jsonschema validation failed with 'https://raw.githubusercontent.com/yannh/kubernetes-json-schema/master/master-standalone-strict/replicationcontroller-v1.json#' - at '/spec/template/spec/resourceClaims/0': additional properties 'source' not allowed | Summary: 1 resource found in 1 file - Valid: 0, Invalid: 1, Errors: 0, Skipped: 0"
core.v1.ReplicationController.after_roundtrip6.yaml,Unknown,SCHEMA_ERROR,,,,,,0,0,0,0,0.0,0.0,0.0,283.06,,,,0,0.0,0.0,,"C:\Users\CAOSD\projects\tool-security-rules\..\scriptJsonToUvl\yamls_agrupation\medium\core.v1.ReplicationController.after_roundtrip6.yaml - ReplicationController generateNameValue{{ generateName }} is invalid: problem validating schema. Check JSON formatting: jsonschema validation failed with 'https://raw.githubusercontent.com/yannh/kubernetes-json-schema/master/master-standalone-strict/replicationcontroller-v1.json#' - at '/spec/template/spec/resourceClaims/0': additional properties 'source' not allowed | Summary: 1 resource found in 1 file - Valid: 0, Invalid: 1, Errors: 0, Skipped: 0"
core.v1.ReplicationController.after_roundtrip8.yaml,Unknown,SCHEMA_ERROR,,,,,,0,0,0,0,0.0,0.0,0.0,280.56,,,,0,0.0,0.0,,"C:\Users\CAOSD\projects\tool-security-rules\..\scriptJsonToUvl\yamls_agrupation\medium\core.v1.ReplicationController.after_roundtrip8.yaml - ReplicationController generateNameValue{{ generateName }} is invalid: problem validating schema. Check JSON formatting: jsonschema validation failed with 'https://raw.githubusercontent.com/yannh/kubernetes-json-schema/master/master-standalone-strict/replicationcontroller-v1.json#' - at '/spec/template/spec/resourceClaims/0': additional properties 'source' not allowed | Summary: 1 resource found in 1 file - Valid: 0, Invalid: 1, Errors: 0, Skipped: 0"
core.v1.ReplicationController.after_roundtrip9.yaml,Unknown,SCHEMA_ERROR,,,,,,0,0,0,0,0.0,0.0,0.0,305.32,,,,0,0.0,0.0,,"C:\Users\CAOSD\projects\tool-security-rules\..\scriptJsonToUvl\yamls_agrupation\medium\core.v1.ReplicationController.after_roundtrip9.yaml - ReplicationController generateNameValue{{ generateName }} is invalid: problem validating schema. Check JSON formatting: jsonschema validation failed with 'https://raw.githubusercontent.com/yannh/kubernetes-json-schema/master/master-standalone-strict/replicationcontroller-v1.json#' - at '/spec/template/spec/resourceClaims/0': additional properties 'source' not allowed | Summary: 1 resource found in 1 file - Valid: 0, Invalid: 1, Errors: 0, Skipped: 0"
core.v1.ReplicationController.yaml,Unknown,SCHEMA_ERROR,,,,,,0,0,0,0,0.0,0.0,0.0,275.57,,,,0,0.0,0.0,,"C:\Users\CAOSD\projects\tool-security-rules\..\scriptJsonToUvl\yamls_agrupation\medium\core.v1.ReplicationController.yaml - ReplicationController generateNameValue{{ generateName }} is invalid: problem validating schema. Check JSON formatting: jsonschema validation failed with 'https://raw.githubusercontent.com/yannh/kubernetes-json-schema/master/master-standalone-strict/replicationcontroller-v1.json#' - at '/spec/template/spec/resourceClaims/0': additional properties 'source' not allowed | Summary: 1 resource found in 1 file - Valid: 0, Invalid: 1, Errors: 0, Skipped: 0"
core.v1.ReplicationController1.yaml,Unknown,SCHEMA_ERROR,,,,,,0,0,0,0,0.0,0.0,0.0,279.92,,,,0,0.0,0.0,,"C:\Users\CAOSD\projects\tool-security-rules\..\scriptJsonToUvl\yamls_agrupation\medium\core.v1.ReplicationController1.yaml - ReplicationController generateNameValue{{ generateName }} is invalid: problem validating schema. Check JSON formatting: jsonschema validation failed with 'https://raw.githubusercontent.com/yannh/kubernetes-json-schema/master/master-standalone-strict/replicationcontroller-v1.json#' - at '/spec/template/spec/volumes/0/ephemeral/volumeClaimTemplate/spec/resources': additional properties 'claims' not allowed - at '/spec/template/spec/resourceClaims/0': additional properties 'source' not allowed | Summary: 1 resource found in 1 file - Valid: 0, Invalid: 1, Errors: 0, Skipped: 0"
core.v1.ReplicationController11.yaml,ReplicationController,25,16,0,16,38.1,0.0,0,1186,420,294,1,22904.12,59571.53,580.67,60152.2,True,False,21,309,83.23,100.0,"{'use_high_gid': 'trivy', 'no_mounted_hostpath': 'trivy', 'kubernetes_no_custom_proc_mask': 'trivy', 'no_host_network': 'trivy', 'no_shared_ipc_namespace': 'trivy', 'kubernetes_no_non_default_capabilities': 'trivy', 'kubernetes_no_host_port_access': 'trivy', 'kubernetes_no_hostprocess_containers': 'trivy', 'kubernetes_no_hostaliases': 'trivy', 'no_auto_mount_service_token': 'trivy', 'kubernetes_no_non_ephemeral_volumes': 'trivy', 'kubernetes_no_self_privesc': 'trivy', 'no_host_pid': 'trivy', 'kubernetes_drop_default_capabilities': 'trivy', 'no_privileged_containers': 'trivy', 'use_high_uid': 'trivy'}","C:\Users\CAOSD\projects\tool-security-rules\resources\evaluation\tmp_remediateds_AST_Complete_V2_medium\rem_core.v1.ReplicationController11.yaml - ReplicationController generateNameValue{{ generateName }} is invalid: problem validating schema. Check JSON formatting: jsonschema validation failed with 'https://raw.githubusercontent.com/yannh/kubernetes-json-schema/master/master-standalone-strict/replicationcontroller-v1.json#' - at '/spec/template/spec/overhead': got array, want null or object | Summary: 1 resource found in 1 file - Valid: 0, Invalid: 1, Errors: 0, Skipped: 0"
core.v1.ReplicationController12.yaml,Unknown,SCHEMA_ERROR,,,,,,0,0,0,0,0.0,0.0,0.0,293.36,,,,0,0.0,0.0,,"C:\Users\CAOSD\projects\tool-security-rules\..\scriptJsonToUvl\yamls_agrupation\medium\core.v1.ReplicationController12.yaml - ReplicationController 3{{ generateName }} is invalid: problem validating schema. Check JSON formatting: jsonschema validation failed with 'https://raw.githubusercontent.com/yannh/kubernetes-json-schema/master/master-standalone-strict/replicationcontroller-v1.json#' - at '/metadata': additional properties 'clusterName' not allowed - at '/spec/template/metadata': additional properties 'clusterName' not allowed | Summary: 1 resource found in 1 file - Valid: 0, Invalid: 1, Errors: 0, Skipped: 0"
core.v1.ReplicationController14.yaml,Unknown,SCHEMA_ERROR,,,,,,0,0,0,0,0.0,0.0,0.0,299.23,,,,0,0.0,0.0,,"C:\Users\CAOSD\projects\tool-security-rules\..\scriptJsonToUvl\yamls_agrupation\medium\core.v1.ReplicationController14.yaml - ReplicationController 3{{ generateName }} is invalid: problem validating schema. Check JSON formatting: jsonschema validation failed with 'https://raw.githubusercontent.com/yannh/kubernetes-json-schema/master/master-standalone-strict/replicationcontroller-v1.json#' - at '/metadata': additional properties 'clusterName' not allowed - at '/spec/template/metadata': additional properties 'clusterName' not allowed | Summary: 1 resource found in 1 file - Valid: 0, Invalid: 1, Errors: 0, Skipped: 0"
core.v1.ReplicationController15.yaml,Unknown,SCHEMA_ERROR,,,,,,0,0,0,0,0.0,0.0,0.0,278.02,,,,0,0.0,0.0,,"C:\Users\CAOSD\projects\tool-security-rules\..\scriptJsonToUvl\yamls_agrupation\medium\core.v1.ReplicationController15.yaml - ReplicationController generateNameValue{{ generateName }} is invalid: problem validating schema. Check JSON formatting: jsonschema validation failed with 'https://raw.githubusercontent.com/yannh/kubernetes-json-schema/master/master-standalone-strict/replicationcontroller-v1.json#' - at '/spec/template': validation failed   - at '/spec/template/spec/volumes/0/ephemeral/volumeClaimTemplate/metadata': additional properties 'clusterName' not allowed   - at '/spec/template/metadata': additional properties 'clusterName' not allowed - at '/metadata': additional properties 'clusterName' not allowed | Summary: 1 resource found in 1 file - Valid: 0, Invalid: 1, Errors: 0, Skipped: 0"
core.v1.ReplicationController16.yaml,Unknown,SCHEMA_ERROR,,,,,,0,0,0,0,0.0,0.0,0.0,287.01,,,,0,0.0,0.0,,"C:\Users\CAOSD\projects\tool-security-rules\..\scriptJsonToUvl\yamls_agrupation\medium\core.v1.ReplicationController16.yaml - ReplicationController 3{{ generateName }} is invalid: problem validating schema. Check JSON formatting: jsonschema validation failed with 'https://raw.githubusercontent.com/yannh/kubernetes-json-schema/master/master-standalone-strict/replicationcontroller-v1.json#' - at '/metadata': additional properties 'clusterName' not allowed - at '/spec/template': validation failed   - at '/spec/template/metadata': additional properties 'clusterName' not allowed   - at '/spec/template/spec/volumes/0/ephemeral/volumeClaimTemplate/metadata': additional properties 'clusterName' not allowed | Summary: 1 resource found in 1 file - Valid: 0, Invalid: 1, Errors: 0, Skipped: 0"
core.v1.ReplicationController17.yaml,Unknown,SCHEMA_ERROR,,,,,,0,0,0,0,0.0,0.0,0.0,370.33,,,,0,0.0,0.0,,"C:\Users\CAOSD\projects\tool-security-rules\..\scriptJsonToUvl\yamls_agrupation\medium\core.v1.ReplicationController17.yaml - ReplicationController 3{{ generateName }} is invalid: problem validating schema. Check JSON formatting: jsonschema validation failed with 'https://raw.githubusercontent.com/yannh/kubernetes-json-schema/master/master-standalone-strict/replicationcontroller-v1.json#' - at '/metadata': additional properties 'clusterName' not allowed - at '/spec/template': validation failed   - at '/spec/template/metadata': additional properties 'clusterName' not allowed   - at '/spec/template/spec/volumes/0/ephemeral/volumeClaimTemplate/metadata': additional properties 'clusterName' not allowed | Summary: 1 resource found in 1 file - Valid: 0, Invalid: 1, Errors: 0, Skipped: 0"
core.v1.ReplicationController18.yaml,Unknown,SCHEMA_ERROR,,,,,,0,0,0,0,0.0,0.0,0.0,320.51,,,,0,0.0,0.0,,"C:\Users\CAOSD\projects\tool-security-rules\..\scriptJsonToUvl\yamls_agrupation\medium\core.v1.ReplicationController18.yaml - ReplicationController generateNameValue{{ generateName }} is invalid: problem validating schema. Check JSON formatting: jsonschema validation failed with 'https://raw.githubusercontent.com/yannh/kubernetes-json-schema/master/master-standalone-strict/replicationcontroller-v1.json#' - at '/spec/template/spec/resourceClaims/0': additional properties 'source' not allowed | Summary: 1 resource found in 1 file - Valid: 0, Invalid: 1, Errors: 0, Skipped: 0"
core.v1.ReplicationController19.yaml,Unknown,SCHEMA_ERROR,,,,,,0,0,0,0,0.0,0.0,0.0,319.45,,,,0,0.0,0.0,,"C:\Users\CAOSD\projects\tool-security-rules\..\scriptJsonToUvl\yamls_agrupation\medium\core.v1.ReplicationController19.yaml - ReplicationController generateNameValue{{ generateName }} is invalid: problem validating schema. Check JSON formatting: jsonschema validation failed with 'https://raw.githubusercontent.com/yannh/kubernetes-json-schema/master/master-standalone-strict/replicationcontroller-v1.json#' - at '/spec/template/spec/volumes/0/ephemeral/volumeClaimTemplate/spec/resources': additional properties 'claims' not allowed - at '/spec/template/spec/resourceClaims/0': additional properties 'source' not allowed | Summary: 1 resource found in 1 file - Valid: 0, Invalid: 1, Errors: 0, Skipped: 0"
core.v1.ReplicationController2.yaml,Unknown,SCHEMA_ERROR,,,,,,0,0,0,0,0.0,0.0,0.0,264.55,,,,0,0.0,0.0,,"C:\Users\CAOSD\projects\tool-security-rules\..\scriptJsonToUvl\yamls_agrupation\medium\core.v1.ReplicationController2.yaml - ReplicationController generateNameValue{{ generateName }} is invalid: problem validating schema. Check JSON formatting: jsonschema validation failed with 'https://raw.githubusercontent.com/yannh/kubernetes-json-schema/master/master-standalone-strict/replicationcontroller-v1.json#' - at '/spec/template/spec/resourceClaims/0': additional properties 'source' not allowed - at '/spec/template/spec/volumes/0/ephemeral/volumeClaimTemplate/spec/resources': additional properties 'claims' not allowed | Summary: 1 resource found in 1 file - Valid: 0, Invalid: 1, Errors: 0, Skipped: 0"
core.v1.ReplicationController20.yaml,Unknown,SCHEMA_ERROR,,,,,,0,0,0,0,0.0,0.0,0.0,313.91,,,,0,0.0,0.0,,"C:\Users\CAOSD\projects\tool-security-rules\..\scriptJsonToUvl\yamls_agrupation\medium\core.v1.ReplicationController20.yaml - ReplicationController generateNameValue{{ generateName }} is invalid: problem validating schema. Check JSON formatting: jsonschema validation failed with 'https://raw.githubusercontent.com/yannh/kubernetes-json-schema/master/master-standalone-strict/replicationcontroller-v1.json#' - at '/spec/template/spec/resourceClaims/0': additional properties 'source' not allowed | Summary: 1 resource found in 1 file - Valid: 0, Invalid: 1, Errors: 0, Skipped: 0"
core.v1.ReplicationController21.yaml,Unknown,SCHEMA_ERROR,,,,,,0,0,0,0,0.0,0.0,0.0,291.78,,,,0,0.0,0.0,,"C:\Users\CAOSD\projects\tool-security-rules\..\scriptJsonToUvl\yamls_agrupation\medium\core.v1.ReplicationController21.yaml - ReplicationController generateNameValue{{ generateName }} is invalid: problem validating schema. Check JSON formatting: jsonschema validation failed with 'https://raw.githubusercontent.com/yannh/kubernetes-json-schema/master/master-standalone-strict/replicationcontroller-v1.json#' - at '/spec/template/spec/resourceClaims/0': additional properties 'source' not allowed | Summary: 1 resource found in 1 file - Valid: 0, Invalid: 1, Errors: 0, Skipped: 0"
core.v1.ReplicationController22.yaml,Unknown,SCHEMA_ERROR,,,,,,0,0,0,0,0.0,0.0,0.0,321.97,,,,0,0.0,0.0,,"C:\Users\CAOSD\projects\tool-security-rules\..\scriptJsonToUvl\yamls_agrupation\medium\core.v1.ReplicationController22.yaml - ReplicationController generateNameValue{{ generateName }} is invalid: problem validating schema. Check JSON formatting: jsonschema validation failed with 'https://raw.githubusercontent.com/yannh/kubernetes-json-schema/master/master-standalone-strict/replicationcontroller-v1.json#' - at '/spec/template/spec/resourceClaims/0': additional properties 'source' not allowed - at '/spec/template/spec/volumes/0/ephemeral/volumeClaimTemplate/spec/resources': additional properties 'claims' not allowed | Summary: 1 resource found in 1 file - Valid: 0, Invalid: 1, Errors: 0, Skipped: 0"
core.v1.ReplicationController23.yaml,Unknown,SCHEMA_ERROR,,,,,,0,0,0,0,0.0,0.0,0.0,280.71,,,,0,0.0,0.0,,"C:\Users\CAOSD\projects\tool-security-rules\..\scriptJsonToUvl\yamls_agrupation\medium\core.v1.ReplicationController23.yaml - ReplicationController generateNameValue{{ generateName }} is invalid: problem validating schema. Check JSON formatting: jsonschema validation failed with 'https://raw.githubusercontent.com/yannh/kubernetes-json-schema/master/master-standalone-strict/replicationcontroller-v1.json#' - at '/spec/template/spec/resourceClaims/0': additional properties 'source' not allowed | Summary: 1 resource found in 1 file - Valid: 0, Invalid: 1, Errors: 0, Skipped: 0"
core.v1.ReplicationController24.yaml,Unknown,SCHEMA_ERROR,,,,,,0,0,0,0,0.0,0.0,0.0,282.04,,,,0,0.0,0.0,,"C:\Users\CAOSD\projects\tool-security-rules\..\scriptJsonToUvl\yamls_agrupation\medium\core.v1.ReplicationController24.yaml - ReplicationController 3{{ generateName }} is invalid: problem validating schema. Check JSON formatting: jsonschema validation failed with 'https://raw.githubusercontent.com/yannh/kubernetes-json-schema/master/master-standalone-strict/replicationcontroller-v1.json#' - at '/spec/template/metadata': additional properties 'clusterName' not allowed - at '/metadata': additional properties 'clusterName' not allowed | Summary: 1 resource found in 1 file - Valid: 0, Invalid: 1, Errors: 0, Skipped: 0"
core.v1.ReplicationController26.yaml,Unknown,SCHEMA_ERROR,,,,,,0,0,0,0,0.0,0.0,0.0,274.91,,,,0,0.0,0.0,,"C:\Users\CAOSD\projects\tool-security-rules\..\scriptJsonToUvl\yamls_agrupation\medium\core.v1.ReplicationController26.yaml - ReplicationController 3{{ generateName }} is invalid: problem validating schema. Check JSON formatting: jsonschema validation failed with 'https://raw.githubusercontent.com/yannh/kubernetes-json-schema/master/master-standalone-strict/replicationcontroller-v1.json#' - at '/metadata': additional properties 'clusterName' not allowed - at '/spec/template/metadata': additional properties 'clusterName' not allowed | Summary: 1 resource found in 1 file - Valid: 0, Invalid: 1, Errors: 0, Skipped: 0"
core.v1.ReplicationController27.yaml,Unknown,SCHEMA_ERROR,,,,,,0,0,0,0,0.0,0.0,0.0,317.13,,,,0,0.0,0.0,,"C:\Users\CAOSD\projects\tool-security-rules\..\scriptJsonToUvl\yamls_agrupation\medium\core.v1.ReplicationController27.yaml - ReplicationController generateNameValue{{ generateName }} is invalid: problem validating schema. Check JSON formatting: jsonschema validation failed with 'https://raw.githubusercontent.com/yannh/kubernetes-json-schema/master/master-standalone-strict/replicationcontroller-v1.json#' - at '/metadata': additional properties 'clusterName' not allowed - at '/spec/template': validation failed   - at '/spec/template/metadata': additional properties 'clusterName' not allowed   - at '/spec/template/spec/volumes/0/ephemeral/volumeClaimTemplate/metadata': additional properties 'clusterName' not allowed | Summary: 1 resource found in 1 file - Valid: 0, Invalid: 1, Errors: 0, Skipped: 0"
core.v1.ReplicationController28.yaml,Unknown,SCHEMA_ERROR,,,,,,0,0,0,0,0.0,0.0,0.0,316.91,,,,0,0.0,0.0,,"C:\Users\CAOSD\projects\tool-security-rules\..\scriptJsonToUvl\yamls_agrupation\medium\core.v1.ReplicationController28.yaml - ReplicationController 3{{ generateName }} is invalid: problem validating schema. Check JSON formatting: jsonschema validation failed with 'https://raw.githubusercontent.com/yannh/kubernetes-json-schema/master/master-standalone-strict/replicationcontroller-v1.json#' - at '/metadata': additional properties 'clusterName' not allowed - at '/spec/template': validation failed   - at '/spec/template/metadata': additional properties 'clusterName' not allowed   - at '/spec/template/spec/volumes/0/ephemeral/volumeClaimTemplate/metadata': additional properties 'clusterName' not allowed | Summary: 1 resource found in 1 file - Valid: 0, Invalid: 1, Errors: 0, Skipped: 0"
core.v1.ReplicationController29.yaml,Unknown,SCHEMA_ERROR,,,,,,0,0,0,0,0.0,0.0,0.0,285.92,,,,0,0.0,0.0,,"C:\Users\CAOSD\projects\tool-security-rules\..\scriptJsonToUvl\yamls_agrupation\medium\core.v1.ReplicationController29.yaml - ReplicationController 3{{ generateName }} is invalid: problem validating schema. Check JSON formatting: jsonschema validation failed with 'https://raw.githubusercontent.com/yannh/kubernetes-json-schema/master/master-standalone-strict/replicationcontroller-v1.json#' - at '/metadata': additional properties 'clusterName' not allowed - at '/spec/template': validation failed   - at '/spec/template/spec/volumes/0/ephemeral/volumeClaimTemplate/metadata': additional properties 'clusterName' not allowed   - at '/spec/template/metadata': additional properties 'clusterName' not allowed | Summary: 1 resource found in 1 file - Valid: 0, Invalid: 1, Errors: 0, Skipped: 0"
core.v1.ReplicationController3.yaml,ReplicationController,25,16,0,16,38.1,0.0,0,1191,420,294,1,303.21,36682.99,590.05,37273.04,True,False,21,309,83.32,100.0,"{'use_high_gid': 'trivy', 'no_mounted_hostpath': 'trivy', 'kubernetes_no_custom_proc_mask': 'trivy', 'no_host_network': 'trivy', 'no_shared_ipc_namespace': 'trivy', 'kubernetes_no_non_default_capabilities': 'trivy', 'kubernetes_no_host_port_access': 'trivy', 'kubernetes_no_hostprocess_containers': 'trivy', 'kubernetes_no_hostaliases': 'trivy', 'no_auto_mount_service_token': 'trivy', 'kubernetes_no_non_ephemeral_volumes': 'trivy', 'kubernetes_no_self_privesc': 'trivy', 'no_host_pid': 'trivy', 'kubernetes_drop_default_capabilities': 'trivy', 'no_privileged_containers': 'trivy', 'use_high_uid': 'trivy'}","C:\Users\CAOSD\projects\tool-security-rules\resources\evaluation\tmp_remediateds_AST_Complete_V2_medium\rem_core.v1.ReplicationController3.yaml - ReplicationController generateNameValue{{ generateName }} is invalid: problem validating schema. Check JSON formatting: jsonschema validation failed with 'https://raw.githubusercontent.com/yannh/kubernetes-json-schema/master/master-standalone-strict/replicationcontroller-v1.json#' - at '/spec/template/spec/overhead': got array, want null or object | Summary: 1 resource found in 1 file - Valid: 0, Invalid: 1, Errors: 0, Skipped: 0"
core.v1.ReplicationController30.yaml,Unknown,SCHEMA_ERROR,,,,,,0,0,0,0,0.0,0.0,0.0,291.55,,,,0,0.0,0.0,,"C:\Users\CAOSD\projects\tool-security-rules\..\scriptJsonToUvl\yamls_agrupation\medium\core.v1.ReplicationController30.yaml - ReplicationController generateNameValue{{ generateName }} is invalid: problem validating schema. Check JSON formatting: jsonschema validation failed with 'https://raw.githubusercontent.com/yannh/kubernetes-json-schema/master/master-standalone-strict/replicationcontroller-v1.json#' - at '/spec/template/spec/resourceClaims/0': additional properties 'source' not allowed | Summary: 1 resource found in 1 file - Valid: 0, Invalid: 1, Errors: 0, Skipped: 0"
core.v1.ReplicationController31.yaml,Unknown,SCHEMA_ERROR,,,,,,0,0,0,0,0.0,0.0,0.0,277.51,,,,0,0.0,0.0,,"C:\Users\CAOSD\projects\tool-security-rules\..\scriptJsonToUvl\yamls_agrupation\medium\core.v1.ReplicationController31.yaml - ReplicationController generateNameValue{{ generateName }} is invalid: problem validating schema. Check JSON formatting: jsonschema validation failed with 'https://raw.githubusercontent.com/yannh/kubernetes-json-schema/master/master-standalone-strict/replicationcontroller-v1.json#' - at '/spec/template/spec/resourceClaims/0': additional properties 'source' not allowed - at '/spec/template/spec/volumes/0/ephemeral/volumeClaimTemplate/spec/resources': additional properties 'claims' not allowed | Summary: 1 resource found in 1 file - Valid: 0, Invalid: 1, Errors: 0, Skipped: 0"
core.v1.ReplicationController32.yaml,Unknown,SCHEMA_ERROR,,,,,,0,0,0,0,0.0,0.0,0.0,345.36,,,,0,0.0,0.0,,"C:\Users\CAOSD\projects\tool-security-rules\..\scriptJsonToUvl\yamls_agrupation\medium\core.v1.ReplicationController32.yaml - ReplicationController generateNameValue{{ generateName }} is invalid: problem validating schema. Check JSON formatting: jsonschema validation failed with 'https://raw.githubusercontent.com/yannh/kubernetes-json-schema/master/master-standalone-strict/replicationcontroller-v1.json#' - at '/spec/template/spec/resourceClaims/0': additional properties 'source' not allowed | Summary: 1 resource found in 1 file - Valid: 0, Invalid: 1, Errors: 0, Skipped: 0"
core.v1.ReplicationController33.yaml,Unknown,SCHEMA_ERROR,,,,,,0,0,0,0,0.0,0.0,0.0,321.8,,,,0,0.0,0.0,,"C:\Users\CAOSD\projects\tool-security-rules\..\scriptJsonToUvl\yamls_agrupation\medium\core.v1.ReplicationController33.yaml - ReplicationController generateNameValue{{ generateName }} is invalid: problem validating schema. Check JSON formatting: jsonschema validation failed with 'https://raw.githubusercontent.com/yannh/kubernetes-json-schema/master/master-standalone-strict/replicationcontroller-v1.json#' - at '/spec/template/spec/resourceClaims/0': additional properties 'source' not allowed | Summary: 1 resource found in 1 file - Valid: 0, Invalid: 1, Errors: 0, Skipped: 0"
core.v1.ReplicationController34.yaml,Unknown,SCHEMA_ERROR,,,,,,0,0,0,0,0.0,0.0,0.0,351.87,,,,0,0.0,0.0,,"C:\Users\CAOSD\projects\tool-security-rules\..\scriptJsonToUvl\yamls_agrupation\medium\core.v1.ReplicationController34.yaml - ReplicationController generateNameValue{{ generateName }} is invalid: problem validating schema. Check JSON formatting: jsonschema validation failed with 'https://raw.githubusercontent.com/yannh/kubernetes-json-schema/master/master-standalone-strict/replicationcontroller-v1.json#' - at '/spec/template/spec/volumes/0/ephemeral/volumeClaimTemplate/spec/resources': additional properties 'claims' not allowed - at '/spec/template/spec/resourceClaims/0': additional properties 'source' not allowed | Summary: 1 resource found in 1 file - Valid: 0, Invalid: 1, Errors: 0, Skipped: 0"
core.v1.ReplicationController35.yaml,Unknown,SCHEMA_ERROR,,,,,,0,0,0,0,0.0,0.0,0.0,297.38,,,,0,0.0,0.0,,"C:\Users\CAOSD\projects\tool-security-rules\..\scriptJsonToUvl\yamls_agrupation\medium\core.v1.ReplicationController35.yaml - ReplicationController generateNameValue{{ generateName }} is invalid: problem validating schema. Check JSON formatting: jsonschema validation failed with 'https://raw.githubusercontent.com/yannh/kubernetes-json-schema/master/master-standalone-strict/replicationcontroller-v1.json#' - at '/spec/template/spec/resourceClaims/0': additional properties 'source' not allowed | Summary: 1 resource found in 1 file - Valid: 0, Invalid: 1, Errors: 0, Skipped: 0"
core.v1.ReplicationController39.yaml,Unknown,SCHEMA_ERROR,,,,,,0,0,0,0,0.0,0.0,0.0,280.24,,,,0,0.0,0.0,,"C:\Users\CAOSD\projects\tool-security-rules\..\scriptJsonToUvl\yamls_agrupation\medium\core.v1.ReplicationController39.yaml - ReplicationController 3{{ generateName }} is invalid: problem validating schema. Check JSON formatting: jsonschema validation failed with 'https://raw.githubusercontent.com/yannh/kubernetes-json-schema/master/master-standalone-strict/replicationcontroller-v1.json#' - at '/metadata': additional properties 'clusterName' not allowed - at '/spec/template': validation failed   - at '/spec/template/metadata': additional properties 'clusterName' not allowed   - at '/spec/template/spec/volumes/0/ephemeral/volumeClaimTemplate/metadata': additional properties 'clusterName' not allowed | Summary: 1 resource found in 1 file - Valid: 0, Invalid: 1, Errors: 0, Skipped: 0"
core.v1.ReplicationController40.yaml,Unknown,SCHEMA_ERROR,,,,,,0,0,0,0,0.0,0.0,0.0,292.37,,,,0,0.0,0.0,,"C:\Users\CAOSD\projects\tool-security-rules\..\scriptJsonToUvl\yamls_agrupation\medium\core.v1.ReplicationController40.yaml - ReplicationController 3{{ generateName }} is invalid: problem validating schema. Check JSON formatting: jsonschema validation failed with 'https://raw.githubusercontent.com/yannh/kubernetes-json-schema/master/master-standalone-strict/replicationcontroller-v1.json#' - at '/metadata': additional properties 'clusterName' not allowed - at '/spec/template': validation failed   - at '/spec/template/metadata': additional properties 'clusterName' not allowed   - at '/spec/template/spec/volumes/0/ephemeral/volumeClaimTemplate/metadata': additional properties 'clusterName' not allowed | Summary: 1 resource found in 1 file - Valid: 0, Invalid: 1, Errors: 0, Skipped: 0"
core.v1.ReplicationController41.yaml,Unknown,SCHEMA_ERROR,,,,,,0,0,0,0,0.0,0.0,0.0,297.15,,,,0,0.0,0.0,,"C:\Users\CAOSD\projects\tool-security-rules\..\scriptJsonToUvl\yamls_agrupation\medium\core.v1.ReplicationController41.yaml - ReplicationController 3{{ generateName }} is invalid: problem validating schema. Check JSON formatting: jsonschema validation failed with 'https://raw.githubusercontent.com/yannh/kubernetes-json-schema/master/master-standalone-strict/replicationcontroller-v1.json#' - at '/metadata': additional properties 'clusterName' not allowed - at '/spec/template': validation failed   - at '/spec/template/metadata': additional properties 'clusterName' not allowed   - at '/spec/template/spec/volumes/0/ephemeral/volumeClaimTemplate/metadata': additional properties 'clusterName' not allowed | Summary: 1 resource found in 1 file - Valid: 0, Invalid: 1, Errors: 0, Skipped: 0"
core.v1.ReplicationController42.yaml,Unknown,SCHEMA_ERROR,,,,,,0,0,0,0,0.0,0.0,0.0,387.4,,,,0,0.0,0.0,,"C:\Users\CAOSD\projects\tool-security-rules\..\scriptJsonToUvl\yamls_agrupation\medium\core.v1.ReplicationController42.yaml - ReplicationController generateNameValue{{ generateName }} is invalid: problem validating schema. Check JSON formatting: jsonschema validation failed with 'https://raw.githubusercontent.com/yannh/kubernetes-json-schema/master/master-standalone-strict/replicationcontroller-v1.json#' - at '/spec/template/spec/resourceClaims/0': additional properties 'source' not allowed | Summary: 1 resource found in 1 file - Valid: 0, Invalid: 1, Errors: 0, Skipped: 0"
core.v1.ReplicationController43.yaml,Unknown,SCHEMA_ERROR,,,,,,0,0,0,0,0.0,0.0,0.0,378.75,,,,0,0.0,0.0,,"C:\Users\CAOSD\projects\tool-security-rules\..\scriptJsonToUvl\yamls_agrupation\medium\core.v1.ReplicationController43.yaml - ReplicationController generateNameValue{{ generateName }} is invalid: problem validating schema. Check JSON formatting: jsonschema validation failed with 'https://raw.githubusercontent.com/yannh/kubernetes-json-schema/master/master-standalone-strict/replicationcontroller-v1.json#' - at '/spec/template/spec/resourceClaims/0': additional properties 'source' not allowed - at '/spec/template/spec/volumes/0/ephemeral/volumeClaimTemplate/spec/resources': additional properties 'claims' not allowed | Summary: 1 resource found in 1 file - Valid: 0, Invalid: 1, Errors: 0, Skipped: 0"
core.v1.ReplicationController44.yaml,Unknown,SCHEMA_ERROR,,,,,,0,0,0,0,0.0,0.0,0.0,289.14,,,,0,0.0,0.0,,"C:\Users\CAOSD\projects\tool-security-rules\..\scriptJsonToUvl\yamls_agrupation\medium\core.v1.ReplicationController44.yaml - ReplicationController generateNameValue{{ generateName }} is invalid: problem validating schema. Check JSON formatting: jsonschema validation failed with 'https://raw.githubusercontent.com/yannh/kubernetes-json-schema/master/master-standalone-strict/replicationcontroller-v1.json#' - at '/spec/template/spec/resourceClaims/0': additional properties 'source' not allowed | Summary: 1 resource found in 1 file - Valid: 0, Invalid: 1, Errors: 0, Skipped: 0"
core.v1.ReplicationController45.yaml,Unknown,SCHEMA_ERROR,,,,,,0,0,0,0,0.0,0.0,0.0,332.04,,,,0,0.0,0.0,,"C:\Users\CAOSD\projects\tool-security-rules\..\scriptJsonToUvl\yamls_agrupation\medium\core.v1.ReplicationController45.yaml - ReplicationController generateNameValue{{ generateName }} is invalid: problem validating schema. Check JSON formatting: jsonschema validation failed with 'https://raw.githubusercontent.com/yannh/kubernetes-json-schema/master/master-standalone-strict/replicationcontroller-v1.json#' - at '/spec/template/spec/resourceClaims/0': additional properties 'source' not allowed | Summary: 1 resource found in 1 file - Valid: 0, Invalid: 1, Errors: 0, Skipped: 0"
core.v1.ReplicationController46.yaml,Unknown,SCHEMA_ERROR,,,,,,0,0,0,0,0.0,0.0,0.0,292.24,,,,0,0.0,0.0,,"C:\Users\CAOSD\projects\tool-security-rules\..\scriptJsonToUvl\yamls_agrupation\medium\core.v1.ReplicationController46.yaml - ReplicationController generateNameValue{{ generateName }} is invalid: problem validating schema. Check JSON formatting: jsonschema validation failed with 'https://raw.githubusercontent.com/yannh/kubernetes-json-schema/master/master-standalone-strict/replicationcontroller-v1.json#' - at '/spec/template/spec/volumes/0/ephemeral/volumeClaimTemplate/spec/resources': additional properties 'claims' not allowed - at '/spec/template/spec/resourceClaims/0': additional properties 'source' not allowed | Summary: 1 resource found in 1 file - Valid: 0, Invalid: 1, Errors: 0, Skipped: 0"
core.v1.ReplicationController47.yaml,Unknown,SCHEMA_ERROR,,,,,,0,0,0,0,0.0,0.0,0.0,307.94,,,,0,0.0,0.0,,"C:\Users\CAOSD\projects\tool-security-rules\..\scriptJsonToUvl\yamls_agrupation\medium\core.v1.ReplicationController47.yaml - ReplicationController generateNameValue{{ generateName }} is invalid: problem validating schema. Check JSON formatting: jsonschema validation failed with 'https://raw.githubusercontent.com/yannh/kubernetes-json-schema/master/master-standalone-strict/replicationcontroller-v1.json#' - at '/spec/template/spec/resourceClaims/0': additional properties 'source' not allowed | Summary: 1 resource found in 1 file - Valid: 0, Invalid: 1, Errors: 0, Skipped: 0"
core.v1.ReplicationController48.yaml,Unknown,SCHEMA_ERROR,,,,,,0,0,0,0,0.0,0.0,0.0,295.87,,,,0,0.0,0.0,,"C:\Users\CAOSD\projects\tool-security-rules\..\scriptJsonToUvl\yamls_agrupation\medium\core.v1.ReplicationController48.yaml - ReplicationController generateNameValue{{ generateName }} is invalid: problem validating schema. Check JSON formatting: jsonschema validation failed with 'https://raw.githubusercontent.com/yannh/kubernetes-json-schema/master/master-standalone-strict/replicationcontroller-v1.json#' - at '/spec/template/spec/resourceClaims/0': additional properties 'source' not allowed | Summary: 1 resource found in 1 file - Valid: 0, Invalid: 1, Errors: 0, Skipped: 0"
core.v1.ReplicationController49.yaml,Unknown,SCHEMA_ERROR,,,,,,0,0,0,0,0.0,0.0,0.0,268.42,,,,0,0.0,0.0,,"C:\Users\CAOSD\projects\tool-security-rules\..\scriptJsonToUvl\yamls_agrupation\medium\core.v1.ReplicationController49.yaml - ReplicationController generateNameValue{{ generateName }} is invalid: problem validating schema. Check JSON formatting: jsonschema validation failed with 'https://raw.githubusercontent.com/yannh/kubernetes-json-schema/master/master-standalone-strict/replicationcontroller-v1.json#' - at '/spec/template/spec/resourceClaims/0': additional properties 'source' not allowed | Summary: 1 resource found in 1 file - Valid: 0, Invalid: 1, Errors: 0, Skipped: 0"
core.v1.ReplicationController5.yaml,ReplicationController,25,16,0,16,38.1,0.0,0,1186,420,294,1,222.45,36433.88,580.2,37014.08,True,False,21,309,83.23,100.0,"{'use_high_gid': 'trivy', 'no_mounted_hostpath': 'trivy', 'kubernetes_no_custom_proc_mask': 'trivy', 'no_host_network': 'trivy', 'no_shared_ipc_namespace': 'trivy', 'kubernetes_no_non_default_capabilities': 'trivy', 'kubernetes_no_host_port_access': 'trivy', 'kubernetes_no_hostprocess_containers': 'trivy', 'kubernetes_no_hostaliases': 'trivy', 'no_auto_mount_service_token': 'trivy', 'kubernetes_no_non_ephemeral_volumes': 'trivy', 'kubernetes_no_self_privesc': 'trivy', 'no_host_pid': 'trivy', 'kubernetes_drop_default_capabilities': 'trivy', 'no_privileged_containers': 'trivy', 'use_high_uid': 'trivy'}","C:\Users\CAOSD\projects\tool-security-rules\resources\evaluation\tmp_remediateds_AST_Complete_V2_medium\rem_core.v1.ReplicationController5.yaml - ReplicationController generateNameValue{{ generateName }} is invalid: problem validating schema. Check JSON formatting: jsonschema validation failed with 'https://raw.githubusercontent.com/yannh/kubernetes-json-schema/master/master-standalone-strict/replicationcontroller-v1.json#' - at '/spec/template/spec/overhead': got array, want null or object | Summary: 1 resource found in 1 file - Valid: 0, Invalid: 1, Errors: 0, Skipped: 0"
core.v1.ReplicationController50.yaml,Unknown,SCHEMA_ERROR,,,,,,0,0,0,0,0.0,0.0,0.0,275.64,,,,0,0.0,0.0,,"C:\Users\CAOSD\projects\tool-security-rules\..\scriptJsonToUvl\yamls_agrupation\medium\core.v1.ReplicationController50.yaml - ReplicationController generateNameValue{{ generateName }} is invalid: problem validating schema. Check JSON formatting: jsonschema validation failed with 'https://raw.githubusercontent.com/yannh/kubernetes-json-schema/master/master-standalone-strict/replicationcontroller-v1.json#' - at '/spec/template/spec/resourceClaims/0': additional properties 'source' not allowed | Summary: 1 resource found in 1 file - Valid: 0, Invalid: 1, Errors: 0, Skipped: 0"
core.v1.ReplicationController51.yaml,Unknown,SCHEMA_ERROR,,,,,,0,0,0,0,0.0,0.0,0.0,283.54,,,,0,0.0,0.0,,"C:\Users\CAOSD\projects\tool-security-rules\..\scriptJsonToUvl\yamls_agrupation\medium\core.v1.ReplicationController51.yaml - ReplicationController generateNameValue{{ generateName }} is invalid: problem validating schema. Check JSON formatting: jsonschema validation failed with 'https://raw.githubusercontent.com/yannh/kubernetes-json-schema/master/master-standalone-strict/replicationcontroller-v1.json#' - at '/spec/template/spec/resourceClaims/0': additional properties 'source' not allowed | Summary: 1 resource found in 1 file - Valid: 0, Invalid: 1, Errors: 0, Skipped: 0"
core.v1.ReplicationController52.yaml,Unknown,SCHEMA_ERROR,,,,,,0,0,0,0,0.0,0.0,0.0,310.79,,,,0,0.0,0.0,,"C:\Users\CAOSD\projects\tool-security-rules\..\scriptJsonToUvl\yamls_agrupation\medium\core.v1.ReplicationController52.yaml - ReplicationController generateNameValue{{ generateName }} is invalid: problem validating schema. Check JSON formatting: jsonschema validation failed with 'https://raw.githubusercontent.com/yannh/kubernetes-json-schema/master/master-standalone-strict/replicationcontroller-v1.json#' - at '/spec/template/spec/resourceClaims/0': additional properties 'source' not allowed | Summary: 1 resource found in 1 file - Valid: 0, Invalid: 1, Errors: 0, Skipped: 0"
core.v1.ReplicationController53.yaml,Unknown,SCHEMA_ERROR,,,,,,0,0,0,0,0.0,0.0,0.0,293.64,,,,0,0.0,0.0,,"C:\Users\CAOSD\projects\tool-security-rules\..\scriptJsonToUvl\yamls_agrupation\medium\core.v1.ReplicationController53.yaml - ReplicationController generateNameValue{{ generateName }} is invalid: problem validating schema. Check JSON formatting: jsonschema validation failed with 'https://raw.githubusercontent.com/yannh/kubernetes-json-schema/master/master-standalone-strict/replicationcontroller-v1.json#' - at '/spec/template/spec/resourceClaims/0': additional properties 'source' not allowed | Summary: 1 resource found in 1 file - Valid: 0, Invalid: 1, Errors: 0, Skipped: 0"
core.v1.ReplicationController54.yaml,Unknown,SCHEMA_ERROR,,,,,,0,0,0,0,0.0,0.0,0.0,307.5,,,,0,0.0,0.0,,"C:\Users\CAOSD\projects\tool-security-rules\..\scriptJsonToUvl\yamls_agrupation\medium\core.v1.ReplicationController54.yaml - ReplicationController generateNameValue{{ generateName }} is invalid: problem validating schema. Check JSON formatting: jsonschema validation failed with 'https://raw.githubusercontent.com/yannh/kubernetes-json-schema/master/master-standalone-strict/replicationcontroller-v1.json#' - at '/spec/template/spec/resourceClaims/0': additional properties 'source' not allowed | Summary: 1 resource found in 1 file - Valid: 0, Invalid: 1, Errors: 0, Skipped: 0"
core.v1.ReplicationController55.yaml,Unknown,SCHEMA_ERROR,,,,,,0,0,0,0,0.0,0.0,0.0,300.18,,,,0,0.0,0.0,,"C:\Users\CAOSD\projects\tool-security-rules\..\scriptJsonToUvl\yamls_agrupation\medium\core.v1.ReplicationController55.yaml - ReplicationController generateNameValue{{ generateName }} is invalid: problem validating schema. Check JSON formatting: jsonschema validation failed with 'https://raw.githubusercontent.com/yannh/kubernetes-json-schema/master/master-standalone-strict/replicationcontroller-v1.json#' - at '/spec/template/spec/resourceClaims/0': additional properties 'source' not allowed | Summary: 1 resource found in 1 file - Valid: 0, Invalid: 1, Errors: 0, Skipped: 0"
core.v1.ReplicationController56.yaml,Unknown,SCHEMA_ERROR,,,,,,0,0,0,0,0.0,0.0,0.0,365.06,,,,0,0.0,0.0,,"C:\Users\CAOSD\projects\tool-security-rules\..\scriptJsonToUvl\yamls_agrupation\medium\core.v1.ReplicationController56.yaml - ReplicationController generateNameValue{{ generateName }} is invalid: problem validating schema. Check JSON formatting: jsonschema validation failed with 'https://raw.githubusercontent.com/yannh/kubernetes-json-schema/master/master-standalone-strict/replicationcontroller-v1.json#' - at '/spec/template/spec/resourceClaims/0': additional properties 'source' not allowed | Summary: 1 resource found in 1 file - Valid: 0, Invalid: 1, Errors: 0, Skipped: 0"
core.v1.ReplicationController6.yaml,Unknown,SCHEMA_ERROR,,,,,,0,0,0,0,0.0,0.0,0.0,306.44,,,,0,0.0,0.0,,"C:\Users\CAOSD\projects\tool-security-rules\..\scriptJsonToUvl\yamls_agrupation\medium\core.v1.ReplicationController6.yaml - ReplicationController generateNameValue{{ generateName }} is invalid: problem validating schema. Check JSON formatting: jsonschema validation failed with 'https://raw.githubusercontent.com/yannh/kubernetes-json-schema/master/master-standalone-strict/replicationcontroller-v1.json#' - at '/spec/template/spec/resourceClaims/0': additional properties 'source' not allowed | Summary: 1 resource found in 1 file - Valid: 0, Invalid: 1, Errors: 0, Skipped: 0"
core.v1.ReplicationController7.yaml,Unknown,SCHEMA_ERROR,,,,,,0,0,0,0,0.0,0.0,0.0,272.07,,,,0,0.0,0.0,,"C:\Users\CAOSD\projects\tool-security-rules\..\scriptJsonToUvl\yamls_agrupation\medium\core.v1.ReplicationController7.yaml - ReplicationController generateNameValue{{ generateName }} is invalid: problem validating schema. Check JSON formatting: jsonschema validation failed with 'https://raw.githubusercontent.com/yannh/kubernetes-json-schema/master/master-standalone-strict/replicationcontroller-v1.json#' - at '/spec/template/spec/volumes/0/ephemeral/volumeClaimTemplate/spec/resources': additional properties 'claims' not allowed - at '/spec/template/spec/resourceClaims/0': additional properties 'source' not allowed | Summary: 1 resource found in 1 file - Valid: 0, Invalid: 1, Errors: 0, Skipped: 0"
core.v1.ReplicationController8.yaml,Unknown,SCHEMA_ERROR,,,,,,0,0,0,0,0.0,0.0,0.0,283.26,,,,0,0.0,0.0,,"C:\Users\CAOSD\projects\tool-security-rules\..\scriptJsonToUvl\yamls_agrupation\medium\core.v1.ReplicationController8.yaml - ReplicationController generateNameValue{{ generateName }} is invalid: problem validating schema. Check JSON formatting: jsonschema validation failed with 'https://raw.githubusercontent.com/yannh/kubernetes-json-schema/master/master-standalone-strict/replicationcontroller-v1.json#' - at '/spec/template/spec/volumes/0/ephemeral/volumeClaimTemplate/spec/resources': additional properties 'claims' not allowed - at '/spec/template/spec/resourceClaims/0': additional properties 'source' not allowed | Summary: 1 resource found in 1 file - Valid: 0, Invalid: 1, Errors: 0, Skipped: 0"
core.v1.ReplicationController9.yaml,ReplicationController,25,16,0,16,38.1,0.0,0,1191,420,294,1,200.85,38256.16,597.14,38853.3,True,False,21,309,83.32,100.0,"{'use_high_gid': 'trivy', 'no_mounted_hostpath': 'trivy', 'kubernetes_no_custom_proc_mask': 'trivy', 'no_host_network': 'trivy', 'no_shared_ipc_namespace': 'trivy', 'kubernetes_no_non_default_capabilities': 'trivy', 'kubernetes_no_host_port_access': 'trivy', 'kubernetes_no_hostprocess_containers': 'trivy', 'kubernetes_no_hostaliases': 'trivy', 'no_auto_mount_service_token': 'trivy', 'kubernetes_no_non_ephemeral_volumes': 'trivy', 'kubernetes_no_self_privesc': 'trivy', 'no_host_pid': 'trivy', 'kubernetes_drop_default_capabilities': 'trivy', 'no_privileged_containers': 'trivy', 'use_high_uid': 'trivy'}","C:\Users\CAOSD\projects\tool-security-rules\resources\evaluation\tmp_remediateds_AST_Complete_V2_medium\rem_core.v1.ReplicationController9.yaml - ReplicationController generateNameValue{{ generateName }} is invalid: problem validating schema. Check JSON formatting: jsonschema validation failed with 'https://raw.githubusercontent.com/yannh/kubernetes-json-schema/master/master-standalone-strict/replicationcontroller-v1.json#' - at '/spec/template/spec/overhead': got array, want null or object | Summary: 1 resource found in 1 file - Valid: 0, Invalid: 1, Errors: 0, Skipped: 0"
ingress1754.yaml,Ingress,3,1,0,1,70.83,89.5,0,19,4,2,221,561.58,609.87,120.84,730.71,True,True,98,94,88.5,100.0,{'tlsSettingsMissing': 'polaris'},
secret.podinfo-helm.yaml,Secret,4,0,0,0,100.0,100.0,0,14,14,0,5,595.62,612.47,0.0,0.0,True,True,0,0,100.0,100.0,{},
secret.podinfo-helm1.yaml,Secret,4,0,0,0,100.0,100.0,0,14,14,0,5,35.33,49.93,0.0,0.0,True,True,0,0,100.0,100.0,{},
