Filename,Kind,Policies_Evaluated,Orig_Z3_Alerts,Orig_AST_Alerts,Orig_Regex_Alerts,Total_Initial_Alerts,Rem_Alerts,N_Features,N_Features_in_Policies_Complete,N_Features_in_Policies_Failed,N_Configurations,T_Detection_ms,T_AST_Remed_ms,T_Total_Pipeline_ms,Is_Fully_Secure,Is_AST_100%_Accurate,Is_K8s_Rem_Valid,AST_Lines_Added,AST_Lines_Removed,Patch_Similarity_%,Comments_Retention_%,Kubeconform_Error
.cmp_2.yaml,Unknown,SCHEMA_ERROR,,,,,,0,0,0,0,448.32,0.0,448.32,,,,0,0,0.0,0.0,"C:\Users\CAOSD\projects\tool-security-rules\resources\dataset_yamls\original_yamls_10k\.cmp_2.yaml - Deployment argocd-repo-server is invalid: problem validating schema. Check JSON formatting: jsonschema validation failed with 'https://raw.githubusercontent.com/yannh/kubernetes-json-schema/master/master-standalone-strict/deployment-apps-v1.json#' - at '/spec': missing property 'selector' | Summary: 1 resource found in 1 file - Valid: 0, Invalid: 1, Errors: 0, Skipped: 0"
.delete-hook.yaml,Job,31,7,7,6,13,1,24,420,176,2,104706.54,29.66,104736.2,False,True,True,34,19,44.21,100.0,
.rc-template.yaml,ReplicationController,25,7,7,0,7,0,19,420,176,4,102100.68,20.32,102121.0,True,True,True,10,2,81.25,100.0,
.rs-template.yaml,ReplicaSet,30,7,7,5,12,0,23,420,176,4,102500.44,38.58,102539.02,True,True,True,17,2,81.19,100.0,
.serviceaccount.yaml,ServiceAccount,3,0,0,0,0,0,7,7,0,1,8510.93,0.0,8510.93,True,True,True,0,0,100.0,
.template.yaml,Deployment,31,7,7,5,12,0,23,422,176,4,106347.16,26.9,106374.06,True,True,True,18,3,74.7,100.0,
0-cluster-autoscaler.yaml,ServiceAccount,3,0,0,0,0,0,11,7,0,2,7838.05,0.0,7838.05,True,True,True,0,0,100.0,
0-cluster-autoscaler1.yaml,ServiceAccount,3,0,0,0,0,0,11,7,0,2,7638.59,0.0,7638.59,True,True,True,0,0,100.0,
0-cluster-autoscaler1_3.yaml,ClusterRoleBinding,4,0,0,0,0,0,16,12,0,2,8598.07,0.0,8598.07,True,True,True,0,0,100.0,
0-cluster-autoscaler1_4.yaml,RoleBinding,4,0,0,0,0,0,17,12,0,2,8944.18,0.0,8944.18,True,True,True,0,0,100.0,
0-cluster-autoscaler1_5.yaml,Deployment,31,9,9,0,9,0,44,422,187,36,107180.24,32.72,107212.96,True,True,True,9,5,86.27,100.0,
0-cluster-autoscaler_3.yaml,ClusterRoleBinding,4,0,0,0,0,0,16,12,0,2,7719.6,0.0,7719.6,True,True,True,0,0,100.0,
0-cluster-autoscaler_4.yaml,RoleBinding,4,0,0,0,0,0,17,12,0,2,8039.74,0.0,8039.74,True,True,True,0,0,100.0,
0-cluster-autoscaler_5.yaml,Deployment,31,9,9,0,9,0,44,422,187,36,106115.44,32.59,106148.03,True,True,True,9,5,86.27,100.0,
0-cluster-role.yaml,ClusterRoleBinding,4,1,1,0,1,0,13,12,4,1,23181.68,9.89,23191.57,True,True,True,4,5,64.0,100.0,
0-cluster-role1.yaml,ClusterRoleBinding,4,1,1,0,1,0,13,12,4,1,22683.69,10.56,22694.25,True,True,True,4,5,64.0,100.0,
0-cronjob.yaml,CronJob,30,7,7,4,11,0,17,420,176,2,104737.33,23.16,104760.49,True,True,True,18,4,56.0,100.0,
0-cronjob1.yaml,CronJob,30,7,7,5,12,0,23,420,176,3,103049.36,26.7,103076.06,True,True,True,16,1,72.13,100.0,
0-cronjob2.yaml,CronJob,30,7,7,4,11,0,17,420,176,2,100958.47,22.93,100981.4,True,True,True,18,4,56.0,100.0,
0-dashboard1_1.yaml,ServiceAccount,3,0,0,0,0,0,8,7,0,1,7591.76,0.0,7591.76,True,True,True,0,0,100.0,
0-dashboard1_10.yaml,ClusterRoleBinding,4,0,0,0,0,0,13,12,0,1,8019.67,0.0,8019.67,True,True,True,0,0,100.0,
0-dashboard1_11.yaml,Deployment,31,6,6,4,10,0,61,422,152,8,105214.13,47.66,105261.79,True,True,False,14,4,85.48,100.0,Timeout_Exceeded
0-dashboard1_12.yaml,Service,6,1,1,0,1,0,16,13,2,1,30970.26,10.55,30980.81,True,True,True,1,1,92.31,100.0,
0-dashboard1_13.yaml,Deployment,31,6,6,4,10,0,58,422,152,1,105563.08,44.11,105607.19,True,True,True,14,4,83.64,100.0,
0-dashboard1_2.yaml,Service,6,1,1,0,1,0,16,13,2,1,29923.02,10.62,29933.64,True,True,True,1,1,92.31,100.0,
0-dashboard1_3.yaml,Secret,4,0,0,0,0,0,9,14,0,1,8680.79,0.0,8680.79,True,True,True,0,0,100.0,
0-dashboard1_4.yaml,Secret,4,0,0,0,0,0,11,14,0,1,7932.08,0.0,7932.08,True,True,True,0,0,100.0,
0-dashboard1_5.yaml,Secret,4,0,0,0,0,0,9,14,0,1,7677.3,0.0,7677.3,True,True,True,0,0,100.0,
0-dashboard1_9.yaml,RoleBinding,4,0,0,0,0,0,17,12,0,1,7871.05,0.0,7871.05,True,True,True,0,0,100.0,
0-dashboard_1.yaml,ServiceAccount,3,0,0,0,0,0,8,7,0,1,7695.74,0.0,7695.74,True,True,True,0,0,100.0,
0-dashboard_10.yaml,ClusterRoleBinding,4,0,0,0,0,0,13,12,0,1,7814.39,0.0,7814.39,True,True,True,0,0,100.0,
0-dashboard_11.yaml,Deployment,31,6,6,4,10,0,61,422,152,8,103929.7,47.27,103976.97,True,True,True,14,4,85.48,100.0,
0-dashboard_12.yaml,Service,6,1,1,0,1,0,16,13,2,1,29839.47,11.2,29850.67,True,True,True,1,1,92.31,100.0,
0-dashboard_13.yaml,Deployment,31,6,6,4,10,0,58,422,152,1,103295.96,44.77,103340.73,True,True,True,14,4,83.64,100.0,
0-dashboard_2.yaml,Service,6,1,1,0,1,0,16,13,2,1,30468.47,10.33,30478.8,True,True,True,1,1,92.31,100.0,
0-dashboard_3.yaml,Secret,4,0,0,0,0,0,9,14,0,1,7671.37,0.0,7671.37,True,True,True,0,0,100.0,
0-dashboard_4.yaml,Secret,4,0,0,0,0,0,11,14,0,1,7668.77,0.0,7668.77,True,True,True,0,0,100.0,
0-dashboard_5.yaml,Secret,4,0,0,0,0,0,9,14,0,1,7780.46,0.0,7780.46,True,True,True,0,0,100.0,
0-dashboard_9.yaml,RoleBinding,4,0,0,0,0,0,17,12,0,1,7581.46,0.0,7581.46,True,True,True,0,0,100.0,
0-demo.pv.yaml,PersistentVolume,1,0,0,1,1,0,12,0,0,1,418.88,9.4,428.28,True,True,True,1,1,91.67,100.0,
0-dep-vn.yaml,Deployment,31,7,7,2,9,0,30,422,176,24,105869.18,31.11,105900.29,True,True,True,13,2,80.52,100.0,
0-dep-vn1.yaml,Deployment,31,7,7,2,9,0,30,422,176,24,106103.03,31.18,106134.21,True,True,True,13,2,80.52,100.0,
0-deployment.yaml,Deployment,31,9,9,4,13,0,22,422,188,1,102770.25,24.19,102794.44,True,True,True,17,2,65.45,100.0,
0-deployment1.yaml,Deployment,31,9,9,4,13,0,22,422,188,1,104540.13,24.01,104564.14,True,True,True,17,2,65.45,100.0,
0-deployment10.yaml,Deployment,31,9,9,0,9,0,27,422,188,8,105576.92,27.51,105604.43,True,True,True,24,16,41.18,100.0,
0-deployment11.yaml,Deployment,31,9,9,4,13,0,23,422,188,1,105607.02,25.52,105632.54,True,True,True,22,8,48.28,100.0,
0-deployment12.yaml,Deployment,31,9,9,4,13,0,23,422,188,1,104228.12,24.1,104252.22,True,True,True,23,8,47.46,100.0,
0-deployment13.yaml,Deployment,31,7,7,4,11,0,21,422,176,1,105125.36,23.21,105148.57,True,True,True,19,5,55.56,100.0,
0-deployment14.yaml,Deployment,31,7,7,4,11,0,30,422,176,1,105140.52,28.22,105168.74,True,True,True,24,10,51.43,100.0,
0-deployment15.yaml,Deployment,31,8,8,1,9,0,27,422,178,4,107523.71,26.07,107549.78,True,True,True,10,2,81.25,100.0,
0-deployment16.yaml,Deployment,31,8,8,5,13,0,27,422,178,7,103831.84,39.38,103871.22,True,True,True,18,3,79.61,100.0,
0-deployment17.yaml,Deployment,31,9,9,4,13,0,22,422,188,1,102561.21,24.94,102586.15,True,True,True,17,2,65.45,100.0,
0-deployment18.yaml,Deployment,31,9,9,4,13,0,22,422,188,1,101997.23,24.2,102021.43,True,True,True,17,2,65.45,100.0,
0-deployment19.yaml,Deployment,31,8,8,1,9,0,27,422,178,4,102519.15,37.86,102557.01,True,True,True,10,2,81.25,100.0,
0-deployment2.yaml,Deployment,31,8,8,1,9,0,27,422,178,4,102422.01,36.39,102458.4,True,True,True,10,2,81.25,100.0,
0-deployment20.yaml,Deployment,31,9,9,0,9,0,29,422,188,8,101524.16,24.36,101548.52,True,True,True,23,16,41.79,100.0,
0-deployment21.yaml,Deployment,31,7,7,4,11,0,34,422,176,1,103089.75,30.66,103120.41,True,True,True,15,1,79.49,100.0,
0-deployment22.yaml,Deployment,31,8,8,0,8,0,40,422,178,4,103135.13,33.05,103168.18,True,True,True,30,23,36.14,100.0,
0-deployment23.yaml,Deployment,31,9,9,4,13,0,22,422,188,1,102062.03,24.51,102086.54,True,True,True,21,7,50.0,100.0,
0-deployment24.yaml,Deployment,31,7,7,2,9,0,27,422,176,2,102864.21,25.56,102889.77,True,True,True,19,9,54.84,100.0,
0-deployment25.yaml,Deployment,31,9,9,4,13,0,25,422,188,1,107849.23,26.51,107875.74,True,True,True,24,10,45.16,100.0,
0-deployment26.yaml,Deployment,31,9,9,0,9,0,27,422,188,4,105795.0,26.44,105821.44,True,True,True,22,14,43.75,100.0,
0-deployment27.yaml,Deployment,31,9,9,0,9,0,27,422,188,8,106239.92,28.01,106267.93,True,True,True,24,16,41.18,100.0,
0-deployment28.yaml,Deployment,31,9,9,4,13,0,23,422,188,1,106297.08,25.17,106322.25,True,True,True,22,8,48.28,100.0,
0-deployment29.yaml,Deployment,31,9,9,4,13,0,23,422,188,1,106237.22,23.88,106261.1,True,True,True,23,8,47.46,100.0,
0-deployment3.yaml,Deployment,31,9,9,0,9,0,29,422,188,8,104778.75,25.95,104804.7,True,True,True,23,16,41.79,100.0,
0-deployment30.yaml,Deployment,31,7,7,4,11,0,21,422,176,1,106509.26,23.53,106532.79,True,True,True,19,5,55.56,100.0,
0-deployment31.yaml,Deployment,31,7,7,4,11,0,30,422,176,1,105446.74,28.46,105475.2,True,True,True,24,10,51.43,100.0,
0-deployment32.yaml,Deployment,31,8,8,4,12,0,24,422,178,1,105028.33,25.41,105053.74,True,True,True,20,6,55.17,100.0,
0-deployment33.yaml,Deployment,31,8,8,4,12,0,31,422,178,1,105673.53,30.24,105703.77,True,True,True,26,12,47.22,100.0,
0-deployment34.yaml,Deployment,31,8,8,4,12,0,34,422,178,1,107229.97,30.13,107260.1,True,True,True,25,11,52.63,100.0,
0-deployment35.yaml,Deployment,31,8,8,4,12,0,31,422,178,1,105382.34,29.94,105412.28,True,True,True,26,12,45.71,100.0,
0-deployment36.yaml,Deployment,31,7,7,4,11,0,24,422,176,1,105029.99,25.3,105055.29,True,True,True,19,5,58.62,100.0,
0-deployment37.yaml,Deployment,31,8,8,4,12,0,24,422,178,1,103939.8,25.32,103965.12,True,True,True,20,6,55.17,100.0,
0-deployment38.yaml,Deployment,31,8,8,4,12,0,24,422,178,4,101663.85,26.59,101690.44,True,True,True,20,6,58.06,100.0,
0-deployment39.yaml,Deployment,31,8,8,4,12,0,24,422,178,4,101188.39,26.05,101214.44,True,True,True,20,6,58.06,100.0,
0-deployment4.yaml,Deployment,31,7,7,4,11,0,34,422,176,1,101239.31,30.46,101269.77,True,True,True,15,1,79.49,100.0,
0-deployment40.yaml,Deployment,31,8,8,4,12,0,25,422,178,1,101315.61,25.54,101341.15,True,True,True,21,7,53.33,100.0,
0-deployment41.yaml,Deployment,31,7,7,4,11,0,21,422,176,1,100965.82,23.99,100989.81,True,True,True,19,5,55.56,100.0,
0-deployment42.yaml,Deployment,31,8,8,4,12,0,24,422,178,1,101277.89,24.75,101302.64,True,True,True,20,6,55.17,100.0,
0-deployment43.yaml,Deployment,31,8,8,4,12,0,25,422,178,1,101106.76,31.87,101138.63,True,True,True,21,7,53.33,100.0,
0-deployment44.yaml,Deployment,31,8,8,4,12,0,24,422,178,1,101042.97,25.17,101068.14,True,True,True,20,6,55.17,100.0,
0-deployment5.yaml,Deployment,31,8,8,0,8,0,40,422,178,4,101615.44,32.1,101647.54,True,True,True,30,23,36.14,100.0,
0-deployment6.yaml,Deployment,31,9,9,4,13,0,22,422,188,1,104036.26,24.38,104060.64,True,True,True,21,7,50.0,100.0,
0-deployment7.yaml,Deployment,31,7,7,2,9,0,27,422,176,2,104550.6,25.77,104576.37,True,True,True,19,9,54.84,100.0,
0-deployment8.yaml,Deployment,31,9,9,4,13,0,25,422,188,1,98024.42,26.09,98050.51,True,True,True,24,10,45.16,100.0,
0-deployment9.yaml,Deployment,31,9,9,0,9,0,27,422,188,4,97522.45,25.58,97548.03,True,True,True,22,14,43.75,100.0,
0-go-client-deployment.yaml,Job,31,8,8,1,9,1,36,420,186,20,95231.46,30.06,95261.52,False,True,True,31,24,35.29,100.0,
0-go-client-deployment1.yaml,Job,31,8,8,1,9,1,36,420,186,20,94563.38,29.1,94592.48,False,True,True,31,24,35.29,100.0,
0-go-client-deployment2.yaml,Job,31,8,8,1,9,1,36,420,186,20,94350.95,29.19,94380.14,False,True,True,31,24,35.29,100.0,
0-go-client-deployment3.yaml,Job,31,8,8,1,9,1,36,420,186,20,94179.07,28.93,94208.0,False,True,True,31,24,35.29,100.0,
0-job.yaml,Job,31,8,8,5,13,1,16,420,186,3,93939.34,20.69,93960.03,False,True,True,19,10,40.82,100.0,
0-job1.yaml,Job,31,8,8,5,13,1,16,420,186,3,93739.55,20.28,93759.83,False,True,True,19,10,40.82,100.0,
0-linkerd-deployment.yaml,Deployment,31,9,9,0,9,0,40,422,188,20,97311.68,34.41,97346.09,True,True,True,26,19,50.55,100.0,
0-linkerd-deployment1.yaml,Deployment,31,9,9,0,9,0,40,422,188,20,97233.7,34.97,97268.67,True,True,True,26,19,50.55,100.0,
0-linkerd-job.yaml,Job,31,8,8,5,13,1,25,420,186,35,93976.94,28.26,94005.2,False,True,True,22,8,54.55,100.0,
0-linkerd-job1.yaml,Job,31,8,8,5,13,1,25,420,186,35,93834.79,28.62,93863.41,False,True,True,22,9,53.73,100.0,
0-linkerd-job2.yaml,Job,31,8,8,5,13,1,25,420,186,35,93883.41,28.46,93911.87,False,True,True,22,8,54.55,100.0,
0-linkerd-job3.yaml,Job,31,8,8,5,13,1,25,420,186,35,93887.19,28.41,93915.6,False,True,True,22,9,53.73,100.0,
0-metric-server.yaml,ServiceAccount,3,0,0,0,0,0,8,7,0,1,7104.28,0.0,7104.28,True,True,True,0,0,100.0,
0-metric-server_3.yaml,RoleBinding,4,0,0,0,0,0,17,12,0,1,7320.05,0.0,7320.05,True,True,True,0,0,100.0,
0-metric-server_4.yaml,ClusterRoleBinding,4,0,0,0,0,0,16,12,0,1,7133.32,0.0,7133.32,True,True,True,0,0,100.0,
0-metric-server_5.yaml,ClusterRoleBinding,4,0,0,0,0,0,16,12,0,1,7049.71,0.0,7049.71,True,True,True,0,0,100.0,
0-metric-server_6.yaml,Service,6,1,1,0,1,0,19,13,2,1,28202.49,12.16,28214.65,True,True,True,1,1,93.33,100.0,
0-metric-server_7.yaml,Deployment,31,6,6,2,8,0,69,422,128,12,98608.25,60.76,98669.01,True,True,True,10,3,90.78,100.0,
0-metrics-server.yaml,ServiceAccount,3,0,0,0,0,0,8,7,0,1,7090.42,0.0,7090.42,True,True,True,0,0,100.0,
0-metrics-server1.yaml,ServiceAccount,3,0,0,0,0,0,8,7,0,1,7302.1,0.0,7302.1,True,True,True,0,0,100.0,
0-metrics-server1_3.yaml,RoleBinding,4,0,0,0,0,0,17,12,0,1,7066.05,0.0,7066.05,True,True,True,0,0,100.0,
0-metrics-server1_4.yaml,ClusterRoleBinding,4,0,0,0,0,0,16,12,0,1,7074.99,0.0,7074.99,True,True,True,0,0,100.0,
0-metrics-server1_5.yaml,ClusterRoleBinding,4,0,0,0,0,0,16,12,0,1,7381.02,0.0,7381.02,True,True,True,0,0,100.0,
0-metrics-server1_6.yaml,Service,6,1,1,0,1,0,19,13,2,1,27764.69,11.86,27776.55,True,True,True,1,1,93.33,100.0,
0-metrics-server1_7.yaml,Deployment,31,6,6,2,8,0,69,422,128,10,98319.7,49.4,98369.1,True,True,True,10,3,90.65,100.0,
0-metrics-server_3.yaml,RoleBinding,4,0,0,0,0,0,17,12,0,1,7040.09,0.0,7040.09,True,True,True,0,0,100.0,
0-metrics-server_4.yaml,ClusterRoleBinding,4,0,0,0,0,0,16,12,0,1,7305.57,0.0,7305.57,True,True,True,0,0,100.0,
0-metrics-server_5.yaml,ClusterRoleBinding,4,0,0,0,0,0,16,12,0,1,7063.06,0.0,7063.06,True,True,True,0,0,100.0,
0-metrics-server_6.yaml,Service,6,1,1,0,1,0,19,13,2,1,27956.51,11.75,27968.26,True,True,True,1,1,93.33,100.0,
0-metrics-server_7.yaml,Deployment,31,6,6,2,8,0,69,422,128,10,98015.81,49.43,98065.24,True,True,True,10,3,90.65,100.0,
0-mongo-secret-sts.yaml,Secret,4,0,0,0,0,0,7,14,0,2,7055.87,0.0,7055.87,True,True,True,0,0,100.0,
0-mongo-secret-sts_1.yaml,StatefulSet,31,7,7,5,12,0,45,424,176,2,99554.59,43.4,99597.99,True,True,True,16,1,84.68,100.0,
0-mongo-secret-sts_2.yaml,Service,6,1,1,0,1,0,15,13,2,1,27827.6,9.63,27837.23,True,True,True,1,1,91.67,100.0,
0-mongo-secret.yaml,Secret,4,0,0,0,0,0,7,14,0,2,7394.95,0.0,7394.95,True,True,True,0,0,100.0,
0-mongo-sts.yaml,StatefulSet,31,7,7,5,12,0,38,424,176,2,97709.36,35.43,97744.79,True,True,True,35,20,38.2,100.0,
0-mysql-secret.yaml,Secret,4,0,0,0,0,0,7,14,0,1,7058.94,0.0,7058.94,True,True,True,0,0,100.0,
0-mysql-secret1.yaml,Secret,4,0,0,0,0,0,7,14,0,1,7319.72,0.0,7319.72,True,True,True,0,0,100.0,
0-mysql-secret2.yaml,Secret,4,0,0,0,0,0,7,14,0,1,7086.64,0.0,7086.64,True,True,True,0,0,100.0,
0-mysql-secret3.yaml,Secret,4,0,0,0,0,0,7,14,0,1,7143.01,0.0,7143.01,True,True,True,0,0,100.0,
0-nginx.pod.yaml,Pod,61,13,13,7,20,0,11,481,187,1,179510.67,20.67,179531.34,True,True,True,23,1,42.86,100.0,
0-nginx.serviceaccount.yaml,Pod,61,13,13,7,20,0,9,481,187,1,177750.38,20.09,177770.47,True,True,True,24,2,35.0,100.0,
0-node-selector.yaml,Deployment,31,8,8,4,12,0,23,422,178,1,97446.11,24.85,97470.96,True,True,True,16,2,68.97,100.0,
0-node-selector1.yaml,Deployment,31,8,8,4,12,0,23,422,178,1,97424.33,24.76,97449.09,True,True,True,16,2,68.97,100.0,
0-pod.yaml,Pod,61,13,13,6,19,0,10,481,187,1,178203.12,20.56,178223.68,True,True,True,26,5,27.91,100.0,
0-pod1.yaml,Pod,61,13,13,6,19,0,10,481,187,2,177944.6,32.13,177976.73,True,True,True,44,7,19.05,100.0,
0-pod10.yaml,Pod,61,13,13,6,19,0,10,481,187,1,178139.16,20.26,178159.42,True,True,True,26,5,27.91,100.0,
0-pod2.yaml,Pod,61,13,13,6,19,0,13,481,187,1,178228.11,26.35,178254.46,True,True,True,36,7,24.56,100.0,
0-pod3.yaml,Pod,61,13,13,6,19,0,18,481,187,1,178149.49,37.34,178186.83,True,True,True,23,1,57.14,100.0,
0-pod3_1.yaml,Pod,61,13,13,6,19,0,18,481,187,1,178484.47,25.81,178510.28,True,True,True,23,1,57.14,100.0,
0-pod3_2.yaml,Pod,61,13,13,6,19,0,18,481,187,1,178581.81,26.13,178607.94,True,True,True,23,1,57.14,100.0,
0-pod3_3.yaml,Pod,61,13,13,6,19,0,18,481,187,1,178596.52,25.86,178622.38,True,True,True,23,1,57.14,100.0,
0-pod3_4.yaml,Pod,61,13,13,6,19,0,18,481,187,1,178130.06,26.3,178156.36,True,True,True,23,1,57.14,100.0,
0-pod4.yaml,Pod,61,13,13,6,19,0,10,481,187,4,178461.19,20.35,178481.54,True,True,True,25,4,29.27,100.0,
0-pod5.yaml,Pod,61,13,13,6,19,0,10,481,187,1,177988.49,20.64,178009.13,True,True,True,26,5,27.91,100.0,
0-pod6.yaml,Pod,61,13,13,6,19,0,10,481,187,2,178286.5,32.2,178318.7,True,True,True,44,7,19.05,100.0,
0-pod7.yaml,Pod,61,13,13,6,19,0,13,481,187,1,178693.92,26.38,178720.3,True,True,True,36,7,24.56,100.0,
0-pod8.yaml,Pod,61,13,13,6,19,0,18,481,187,1,178624.55,25.76,178650.31,True,True,True,23,1,57.14,100.0,
0-pod8_1.yaml,Pod,61,13,13,6,19,0,18,481,187,1,178365.41,26.02,178391.43,True,True,True,23,1,57.14,100.0,
0-pod8_2.yaml,Pod,61,13,13,6,19,0,18,481,187,1,178412.01,25.9,178437.91,True,True,True,23,1,57.14,100.0,
0-pod8_3.yaml,Pod,61,13,13,6,19,0,18,481,187,1,178369.91,26.4,178396.31,True,True,True,23,1,57.14,100.0,
0-pod8_4.yaml,Pod,61,13,13,6,19,0,18,481,187,1,178980.44,25.87,179006.31,True,True,True,23,1,57.14,100.0,
0-pod9.yaml,Pod,61,13,13,6,19,0,10,481,187,4,178628.18,20.24,178648.42,True,True,True,25,4,29.27,100.0,
0-pv-for-pg-ha.yaml,PersistentVolume,1,0,0,0,0,0,14,0,0,1,153.85,0.0,153.85,True,True,True,0,0,100.0,
0-pv-hostpath.yaml,PersistentVolume,1,0,0,1,1,0,15,0,0,1,123.68,10.87,134.55,True,True,True,2,2,85.71,100.0,
0-pvc.yaml,PersistentVolumeClaim,2,1,1,0,1,0,12,7,3,1,14464.52,9.29,14473.81,True,True,True,1,2,88.0,100.0,
0-pvc1.yaml,PersistentVolumeClaim,2,1,1,0,1,0,12,7,3,1,13593.54,9.41,13602.95,True,True,True,1,2,88.0,100.0,
0-rbac1.yaml,ServiceAccount,3,0,0,0,0,0,8,7,0,3,7379.71,0.0,7379.71,True,True,True,0,0,100.0,
0-rbac10.yaml,ServiceAccount,3,0,0,0,0,0,8,7,0,1,7082.96,0.0,7082.96,True,True,True,0,0,100.0,
0-rbac10_1.yaml,ClusterRoleBinding,4,0,0,0,0,0,16,12,0,1,7128.17,0.0,7128.17,True,True,True,0,0,100.0,
0-rbac10_2.yaml,ClusterRoleBinding,4,0,0,0,0,0,16,12,0,1,7377.89,0.0,7377.89,True,True,True,0,0,100.0,
0-rbac10_4.yaml,RoleBinding,4,0,0,0,0,0,17,12,0,1,7100.74,0.0,7100.74,True,True,True,0,0,100.0,
0-rbac11_1.yaml,ClusterRoleBinding,4,0,0,0,0,0,16,12,0,1,7362.96,0.0,7362.96,True,True,True,0,0,100.0,
0-rbac12_1.yaml,ClusterRoleBinding,4,0,0,0,0,0,16,12,0,1,7101.21,0.0,7101.21,True,True,True,0,0,100.0,
0-rbac13.yaml,ServiceAccount,3,0,0,0,0,0,5,7,0,1,7070.75,0.0,7070.75,True,True,True,0,0,100.0,
0-rbac13_2.yaml,ClusterRoleBinding,4,0,0,0,0,0,13,12,0,1,7377.96,0.0,7377.96,True,True,True,0,0,100.0,
0-rbac15.yaml,ServiceAccount,3,0,0,0,0,0,8,7,0,3,7226.08,0.0,7226.08,True,True,True,0,0,100.0,
0-rbac15_2.yaml,ClusterRoleBinding,4,0,0,0,0,0,16,12,0,3,7122.82,0.0,7122.82,True,True,True,0,0,100.0,
0-rbac16.yaml,ServiceAccount,3,0,0,0,0,0,5,7,0,1,7381.55,0.0,7381.55,True,True,True,0,0,100.0,
0-rbac16_2.yaml,ClusterRoleBinding,4,0,0,0,0,0,13,12,0,1,7051.3,0.0,7051.3,True,True,True,0,0,100.0,
0-rbac17.yaml,ServiceAccount,3,0,0,0,0,0,8,7,0,1,7087.43,0.0,7087.43,True,True,True,0,0,100.0,
0-rbac17_1.yaml,ClusterRoleBinding,4,0,0,0,0,0,16,12,0,1,7347.57,0.0,7347.57,True,True,True,0,0,100.0,
0-rbac17_2.yaml,ClusterRoleBinding,4,0,0,0,0,0,16,12,0,1,7078.92,0.0,7078.92,True,True,True,0,0,100.0,
0-rbac17_4.yaml,RoleBinding,4,0,0,0,0,0,17,12,0,1,7071.84,0.0,7071.84,True,True,True,0,0,100.0,
0-rbac18_1.yaml,ClusterRoleBinding,4,0,0,0,0,0,16,12,0,1,7348.09,0.0,7348.09,True,True,True,0,0,100.0,
0-rbac19_1.yaml,ClusterRoleBinding,4,0,0,0,0,0,16,12,0,1,7112.76,0.0,7112.76,True,True,True,0,0,100.0,
0-rbac1_2.yaml,ClusterRoleBinding,4,0,0,0,0,0,16,12,0,3,7327.27,0.0,7327.27,True,True,True,0,0,100.0,
0-rbac2.yaml,ServiceAccount,3,0,0,0,0,0,5,7,0,1,7116.15,0.0,7116.15,True,True,True,0,0,100.0,
0-rbac20.yaml,ServiceAccount,3,0,0,0,0,0,5,7,0,1,7014.32,0.0,7014.32,True,True,True,0,0,100.0,
0-rbac20_2.yaml,ClusterRoleBinding,4,0,0,0,0,0,13,12,0,1,7362.57,0.0,7362.57,True,True,True,0,0,100.0,
0-rbac2_2.yaml,ClusterRoleBinding,4,0,0,0,0,0,13,12,0,1,7086.26,0.0,7086.26,True,True,True,0,0,100.0,
0-rbac3.yaml,ServiceAccount,3,0,0,0,0,0,8,7,0,1,7093.51,0.0,7093.51,True,True,True,0,0,100.0,
0-rbac3_1.yaml,ClusterRoleBinding,4,0,0,0,0,0,16,12,0,1,7341.21,0.0,7341.21,True,True,True,0,0,100.0,
0-rbac3_2.yaml,ClusterRoleBinding,4,0,0,0,0,0,16,12,0,1,7050.27,0.0,7050.27,True,True,True,0,0,100.0,
0-rbac3_4.yaml,RoleBinding,4,0,0,0,0,0,17,12,0,1,7374.8,0.0,7374.8,True,True,True,0,0,100.0,
0-rbac4_1.yaml,ClusterRoleBinding,4,0,0,0,0,0,16,12,0,1,7093.77,0.0,7093.77,True,True,True,0,0,100.0,
0-rbac5_1.yaml,ClusterRoleBinding,4,0,0,0,0,0,16,12,0,1,7106.77,0.0,7106.77,True,True,True,0,0,100.0,
0-rbac6.yaml,ServiceAccount,3,0,0,0,0,0,5,7,0,1,7331.75,0.0,7331.75,True,True,True,0,0,100.0,
0-rbac6_2.yaml,ClusterRoleBinding,4,0,0,0,0,0,13,12,0,1,7066.3,0.0,7066.3,True,True,True,0,0,100.0,
0-rbac8.yaml,ServiceAccount,3,0,0,0,0,0,8,7,0,3,7055.42,0.0,7055.42,True,True,True,0,0,100.0,
0-rbac8_2.yaml,ClusterRoleBinding,4,0,0,0,0,0,16,12,0,3,7365.49,0.0,7365.49,True,True,True,0,0,100.0,
0-rbac9.yaml,ServiceAccount,3,0,0,0,0,0,5,7,0,1,7088.28,0.0,7088.28,True,True,True,0,0,100.0,
0-rbac9_2.yaml,ClusterRoleBinding,4,0,0,0,0,0,13,12,0,1,7354.28,0.0,7354.28,True,True,True,0,0,100.0,
0-req-limits.yaml,Pod,61,13,13,2,15,0,13,481,187,4,178644.27,31.92,178676.19,True,True,True,16,2,60.87,100.0,
0-req-limits1.yaml,Pod,61,13,13,2,15,0,13,481,187,4,178848.58,20.47,178869.05,True,True,True,16,2,60.87,100.0,
0-role-binding.yaml,RoleBinding,4,1,1,0,1,0,14,12,4,1,21003.84,10.93,21014.77,True,True,True,4,5,66.67,100.0,
0-role-binding1.yaml,RoleBinding,4,1,1,0,1,0,14,12,4,1,20877.12,10.69,20887.81,True,True,True,4,5,66.67,100.0,
0-secret.yaml,Secret,4,0,0,0,0,0,8,14,0,2,7334.8,0.0,7334.8,True,True,True,0,0,100.0,
0-secret1.yaml,Secret,4,0,0,0,0,0,8,14,0,2,7063.71,0.0,7063.71,True,True,True,0,0,100.0,
0-secret2.yaml,Secret,4,0,0,0,0,0,8,14,0,2,7098.05,0.0,7098.05,True,True,True,0,0,100.0,
0-secret3.yaml,Secret,4,0,0,0,0,0,8,14,0,2,7346.26,0.0,7346.26,True,True,True,0,0,100.0,
0-secret4.yaml,Secret,4,0,0,0,0,0,8,14,0,2,7091.06,0.0,7091.06,True,True,True,0,0,100.0,
0-secret5.yaml,Secret,4,0,0,0,0,0,8,14,0,2,7019.75,0.0,7019.75,True,True,True,0,0,100.0,
0-secret6.yaml,Secret,4,0,0,0,0,0,8,14,0,2,7358.72,0.0,7358.72,True,True,True,0,0,100.0,
0-sercret.yaml,Secret,4,0,0,0,0,0,7,14,0,2,7053.61,0.0,7053.61,True,True,True,0,0,100.0,
0-service-a-linkerd.yaml,Deployment,31,9,9,0,9,0,43,422,188,20,97748.95,36.78,97785.73,True,True,True,29,22,47.42,100.0,
0-service-a-linkerd1.yaml,Deployment,31,9,9,0,9,0,43,422,188,20,97421.8,36.8,97458.6,True,True,True,29,22,47.42,100.0,
0-service-account.yaml,ServiceAccount,3,0,0,0,0,0,5,7,0,1,7351.11,0.0,7351.11,True,True,True,0,0,100.0,
0-service-account1.yaml,ServiceAccount,3,0,0,0,0,0,8,7,0,1,7103.09,0.0,7103.09,True,True,True,0,0,100.0,
0-service-account10.yaml,ServiceAccount,3,0,0,0,0,0,8,7,0,1,7074.12,0.0,7074.12,True,True,True,0,0,100.0,
0-service-account11.yaml,ServiceAccount,3,0,0,0,0,0,5,7,0,1,7341.23,0.0,7341.23,True,True,True,0,0,100.0,
0-service-account12.yaml,ServiceAccount,3,0,0,0,0,0,5,7,0,1,7087.98,0.0,7087.98,True,True,True,0,0,100.0,
0-service-account13.yaml,ServiceAccount,3,0,0,0,0,0,9,7,0,3,7083.25,0.0,7083.25,True,True,True,0,0,100.0,
0-service-account14.yaml,ServiceAccount,3,0,0,0,0,0,5,7,0,1,7431.07,0.0,7431.07,True,True,True,0,0,100.0,
0-service-account15.yaml,ServiceAccount,3,0,0,0,0,0,5,7,0,1,7078.79,0.0,7078.79,True,True,True,0,0,100.0,
0-service-account16.yaml,ServiceAccount,3,0,0,0,0,0,9,7,0,3,7344.32,0.0,7344.32,True,True,True,0,0,100.0,
0-service-account17.yaml,ServiceAccount,3,0,0,0,0,0,5,7,0,1,7097.34,0.0,7097.34,True,True,True,0,0,100.0,
0-service-account18.yaml,ServiceAccount,3,0,0,0,0,0,5,7,0,1,7081.3,0.0,7081.3,True,True,True,0,0,100.0,
0-service-account19.yaml,ServiceAccount,3,0,0,0,0,0,9,7,0,3,7384.79,0.0,7384.79,True,True,True,0,0,100.0,
0-service-account2.yaml,ServiceAccount,3,0,0,0,0,0,5,7,0,1,7075.34,0.0,7075.34,True,True,True,0,0,100.0,
0-service-account20.yaml,ServiceAccount,3,0,0,0,0,0,5,7,0,1,7087.41,0.0,7087.41,True,True,True,0,0,100.0,
0-service-account21.yaml,ServiceAccount,3,0,0,0,0,0,5,7,0,1,7344.2,0.0,7344.2,True,True,True,0,0,100.0,
0-service-account22.yaml,ServiceAccount,3,0,0,0,0,0,9,7,0,3,7093.11,0.0,7093.11,True,True,True,0,0,100.0,
0-service-account23.yaml,ServiceAccount,3,0,0,0,0,0,5,7,0,1,7094.52,0.0,7094.52,True,True,True,0,0,100.0,
0-service-account24.yaml,ServiceAccount,3,0,0,0,0,0,9,7,0,3,7324.17,0.0,7324.17,True,True,True,0,0,100.0,
0-service-account25.yaml,ServiceAccount,3,0,0,0,0,0,5,7,0,1,7261.66,0.0,7261.66,True,True,True,0,0,100.0,
0-service-account26.yaml,ServiceAccount,3,0,0,0,0,0,9,7,0,3,7082.59,0.0,7082.59,True,True,True,0,0,100.0,
0-service-account27.yaml,ServiceAccount,3,0,0,0,0,0,5,7,0,1,7374.18,0.0,7374.18,True,True,True,0,0,100.0,
0-service-account28.yaml,ServiceAccount,3,0,0,0,0,0,5,7,0,1,7105.51,0.0,7105.51,True,True,True,0,0,100.0,
0-service-account29.yaml,ServiceAccount,3,0,0,0,0,0,9,7,0,3,7306.4,0.0,7306.4,True,True,True,0,0,100.0,
0-service-account3.yaml,ServiceAccount,3,0,0,0,0,0,5,7,0,1,7088.62,0.0,7088.62,True,True,True,0,0,100.0,
0-service-account30.yaml,ServiceAccount,3,0,0,0,0,0,8,7,0,1,7066.36,0.0,7066.36,True,True,True,0,0,100.0,
0-service-account31.yaml,ServiceAccount,3,0,0,0,0,0,9,7,0,3,7340.89,0.0,7340.89,True,True,True,0,0,100.0,
0-service-account32.yaml,ServiceAccount,3,0,0,0,0,0,5,7,0,1,7109.43,0.0,7109.43,True,True,True,0,0,100.0,
0-service-account33.yaml,ServiceAccount,3,0,0,0,0,0,9,7,0,3,7079.08,0.0,7079.08,True,True,True,0,0,100.0,
0-service-account34.yaml,ServiceAccount,3,0,0,0,0,0,5,7,0,1,7363.47,0.0,7363.47,True,True,True,0,0,100.0,
0-service-account35.yaml,ServiceAccount,3,0,0,0,0,0,5,7,0,1,7081.9,0.0,7081.9,True,True,True,0,0,100.0,
0-service-account36.yaml,ServiceAccount,3,0,0,0,0,0,9,7,0,3,7065.87,0.0,7065.87,True,True,True,0,0,100.0,
0-service-account37.yaml,ServiceAccount,3,0,0,0,0,0,5,7,0,1,7410.76,0.0,7410.76,True,True,True,0,0,100.0,
0-service-account38.yaml,ServiceAccount,3,0,0,0,0,0,5,7,0,1,7085.63,0.0,7085.63,True,True,True,0,0,100.0,
0-service-account39.yaml,ServiceAccount,3,0,0,0,0,0,5,7,0,1,7079.26,0.0,7079.26,True,True,True,0,0,100.0,
0-service-account4.yaml,ServiceAccount,3,0,0,0,0,0,5,7,0,1,7366.72,0.0,7366.72,True,True,True,0,0,100.0,
0-service-account40.yaml,ServiceAccount,3,0,0,0,0,0,8,7,0,1,7057.23,0.0,7057.23,True,True,True,0,0,100.0,
0-service-account41.yaml,ServiceAccount,3,0,0,0,0,0,9,7,0,3,7361.0,0.0,7361.0,True,True,True,0,0,100.0,
0-service-account42.yaml,ServiceAccount,3,0,0,0,0,0,8,7,0,1,7068.31,0.0,7068.31,True,True,True,0,0,100.0,
0-service-account43.yaml,ServiceAccount,3,0,0,0,0,0,5,7,0,1,7088.58,0.0,7088.58,True,True,True,0,0,100.0,
0-service-account44.yaml,ServiceAccount,3,0,0,0,0,0,5,7,0,1,7321.4,0.0,7321.4,True,True,True,0,0,100.0,
0-service-account45.yaml,ServiceAccount,3,0,0,0,0,0,5,7,0,1,7058.91,0.0,7058.91,True,True,True,0,0,100.0,
0-service-account46.yaml,ServiceAccount,3,0,0,0,0,0,5,7,0,1,7079.87,0.0,7079.87,True,True,True,0,0,100.0,
0-service-account47.yaml,ServiceAccount,3,0,0,0,0,0,8,7,0,1,7352.09,0.0,7352.09,True,True,True,0,0,100.0,
0-service-account48.yaml,ServiceAccount,3,0,0,0,0,0,5,7,0,1,7015.71,0.0,7015.71,True,True,True,0,0,100.0,
0-service-account49.yaml,ServiceAccount,3,0,0,0,0,0,5,7,0,1,7354.64,0.0,7354.64,True,True,True,0,0,100.0,
0-service-account5.yaml,ServiceAccount,3,0,0,0,0,0,5,7,0,1,7080.29,0.0,7080.29,True,True,True,0,0,100.0,
0-service-account50.yaml,ServiceAccount,3,0,0,0,0,0,8,7,0,1,7137.72,0.0,7137.72,True,True,True,0,0,100.0,
0-service-account51.yaml,ServiceAccount,3,0,0,0,0,0,8,7,0,1,7368.8,0.0,7368.8,True,True,True,0,0,100.0,
0-service-account52.yaml,ServiceAccount,3,0,0,0,0,0,5,7,0,1,7085.35,0.0,7085.35,True,True,True,0,0,100.0,
0-service-account53.yaml,ServiceAccount,3,0,0,0,0,0,5,7,0,1,7080.44,0.0,7080.44,True,True,True,0,0,100.0,
0-service-account54.yaml,ServiceAccount,3,0,0,0,0,0,9,7,0,3,7330.46,0.0,7330.46,True,True,True,0,0,100.0,
0-service-account55.yaml,ServiceAccount,3,0,0,0,0,0,5,7,0,1,7073.4,0.0,7073.4,True,True,True,0,0,100.0,
0-service-account56.yaml,ServiceAccount,3,0,0,0,0,0,5,7,0,1,7363.1,0.0,7363.1,True,True,True,0,0,100.0,
0-service-account57.yaml,ServiceAccount,3,0,0,0,0,0,9,7,0,3,7067.5,0.0,7067.5,True,True,True,0,0,100.0,
0-service-account58.yaml,ServiceAccount,3,0,0,0,0,0,5,7,0,1,7100.61,0.0,7100.61,True,True,True,0,0,100.0,
0-service-account59.yaml,ServiceAccount,3,0,0,0,0,0,5,7,0,1,7393.29,0.0,7393.29,True,True,True,0,0,100.0,
0-service-account6.yaml,ServiceAccount,3,0,0,0,0,0,8,7,0,1,7112.82,0.0,7112.82,True,True,True,0,0,100.0,
0-service-account60.yaml,ServiceAccount,3,0,0,0,0,0,9,7,0,3,7058.9,0.0,7058.9,True,True,True,0,0,100.0,
0-service-account61.yaml,ServiceAccount,3,0,0,0,0,0,5,7,0,1,7324.9,0.0,7324.9,True,True,True,0,0,100.0,
0-service-account62.yaml,ServiceAccount,3,0,0,0,0,0,5,7,0,1,7125.46,0.0,7125.46,True,True,True,0,0,100.0,
0-service-account63.yaml,ServiceAccount,3,0,0,0,0,0,9,7,0,3,7094.99,0.0,7094.99,True,True,True,0,0,100.0,
0-service-account64.yaml,ServiceAccount,3,0,0,0,0,0,5,7,0,1,7366.58,0.0,7366.58,True,True,True,0,0,100.0,
0-service-account65.yaml,ServiceAccount,3,0,0,0,0,0,9,7,0,3,7043.71,0.0,7043.71,True,True,True,0,0,100.0,
0-service-account66.yaml,ServiceAccount,3,0,0,0,0,0,5,7,0,1,7116.59,0.0,7116.59,True,True,True,0,0,100.0,
0-service-account67.yaml,ServiceAccount,3,0,0,0,0,0,9,7,0,3,7344.0,0.0,7344.0,True,True,True,0,0,100.0,
0-service-account68.yaml,ServiceAccount,3,0,0,0,0,0,5,7,0,1,7065.91,0.0,7065.91,True,True,True,0,0,100.0,
0-service-account69.yaml,ServiceAccount,3,0,0,0,0,0,5,7,0,1,7333.15,0.0,7333.15,True,True,True,0,0,100.0,
0-service-account7.yaml,ServiceAccount,3,0,0,0,0,0,5,7,0,1,7058.28,0.0,7058.28,True,True,True,0,0,100.0,
0-service-account70.yaml,ServiceAccount,3,0,0,0,0,0,9,7,0,3,7043.02,0.0,7043.02,True,True,True,0,0,100.0,
0-service-account71.yaml,ServiceAccount,3,0,0,0,0,0,8,7,0,1,7319.17,0.0,7319.17,True,True,True,0,0,100.0,
0-service-account72.yaml,ServiceAccount,3,0,0,0,0,0,9,7,0,3,7072.11,0.0,7072.11,True,True,True,0,0,100.0,
0-service-account73.yaml,ServiceAccount,3,0,0,0,0,0,5,7,0,1,7074.27,0.0,7074.27,True,True,True,0,0,100.0,
0-service-account74.yaml,ServiceAccount,3,0,0,0,0,0,9,7,0,3,7368.55,0.0,7368.55,True,True,True,0,0,100.0,
0-service-account75.yaml,ServiceAccount,3,0,0,0,0,0,5,7,0,1,7064.22,0.0,7064.22,True,True,True,0,0,100.0,
0-service-account76.yaml,ServiceAccount,3,0,0,0,0,0,5,7,0,1,7099.06,0.0,7099.06,True,True,True,0,0,100.0,
0-service-account77.yaml,ServiceAccount,3,0,0,0,0,0,9,7,0,3,7353.47,0.0,7353.47,True,True,True,0,0,100.0,
0-service-account78.yaml,ServiceAccount,3,0,0,0,0,0,5,7,0,1,7082.91,0.0,7082.91,True,True,True,0,0,100.0,
0-service-account79.yaml,ServiceAccount,3,0,0,0,0,0,5,7,0,1,7071.5,0.0,7071.5,True,True,True,0,0,100.0,
0-service-account8.yaml,ServiceAccount,3,0,0,0,0,0,5,7,0,1,7334.26,0.0,7334.26,True,True,True,0,0,100.0,
0-service-account80.yaml,ServiceAccount,3,0,0,0,0,0,5,7,0,1,7080.74,0.0,7080.74,True,True,True,0,0,100.0,
0-service-account81.yaml,ServiceAccount,3,0,0,0,0,0,8,7,0,1,7315.18,0.0,7315.18,True,True,True,0,0,100.0,
0-service-account82.yaml,ServiceAccount,3,0,0,0,0,0,5,7,0,1,7197.47,0.0,7197.47,True,True,True,0,0,100.0,
0-service-account83.yaml,ServiceAccount,3,0,0,0,0,0,5,7,0,1,7076.84,0.0,7076.84,True,True,True,0,0,100.0,
0-service-account84.yaml,ServiceAccount,3,0,0,0,0,0,9,7,0,3,7303.92,0.0,7303.92,True,True,True,0,0,100.0,
0-service-account9.yaml,ServiceAccount,3,0,0,0,0,0,8,7,0,1,7050.07,0.0,7050.07,True,True,True,0,0,100.0,
0-serviceaccount.yaml,ServiceAccount,3,0,0,0,0,0,4,7,0,1,7059.45,0.0,7059.45,True,True,True,0,0,100.0,
0-serviceaccount1.yaml,ServiceAccount,3,0,0,0,0,0,5,7,0,1,7328.56,0.0,7328.56,True,True,True,0,0,100.0,
0-statefulset.yaml,StatefulSet,31,8,8,4,12,0,38,424,186,1,97989.64,34.51,98024.15,True,True,True,32,18,41.86,100.0,
0-statefulset1.yaml,StatefulSet,31,7,7,5,12,0,35,424,176,1,98203.17,32.6,98235.77,True,True,True,30,16,42.5,100.0,
0-statefulset2.yaml,StatefulSet,31,7,7,4,11,0,35,424,176,1,97964.67,31.89,97996.56,True,True,True,30,16,42.5,100.0,
0-statefulset3.yaml,StatefulSet,31,8,8,4,12,0,38,424,186,1,98000.03,34.84,98034.87,True,True,True,32,18,41.86,100.0,
0-statefulset4.yaml,StatefulSet,31,7,7,5,12,0,35,424,176,1,98209.75,32.18,98241.93,True,True,True,30,16,42.5,100.0,
0-statefulset5.yaml,StatefulSet,31,7,7,4,11,0,35,424,176,1,98160.57,32.31,98192.88,True,True,True,30,16,42.5,100.0,
0-storage.kafka.yaml,StorageClass,1,1,1,0,1,0,6,3,3,1,10677.08,6.61,10683.69,True,True,True,1,0,92.31,100.0,
0-storage.kafka_1.yaml,PersistentVolume,1,0,0,0,0,0,24,0,0,1,352.32,0.0,352.32,True,True,True,0,0,100.0,
0-storage.kafka_2.yaml,PersistentVolumeClaim,2,1,1,0,1,0,12,7,3,1,13771.77,9.15,13780.92,True,True,True,1,1,91.67,100.0,
0-storageclass.yaml,StorageClass,1,1,1,0,1,0,8,3,3,1,10158.87,7.46,10166.33,True,True,True,1,1,88.89,100.0,
0-storageclass1.yaml,StorageClass,1,1,1,0,1,0,8,3,3,1,10291.12,7.46,10298.58,True,True,True,1,1,88.89,100.0,
0-toleration.yaml,Deployment,31,8,8,4,12,0,28,422,178,1,97656.03,26.75,97682.78,True,True,True,16,2,75.0,100.0,
0-toleration1.yaml,Deployment,31,8,8,4,12,0,28,422,178,1,97776.63,27.63,97804.26,True,True,True,16,2,75.0,100.0,
0-volumes.yaml,PersistentVolume,1,0,0,1,1,0,11,0,0,1,45.03,8.47,53.5,True,True,True,1,1,90.91,100.0,
0-volumes_1.yaml,PersistentVolumeClaim,2,1,1,0,1,0,14,7,3,1,13933.79,9.56,13943.35,True,True,True,1,1,92.31,100.0,
0-volumes_2.yaml,PersistentVolume,1,0,0,1,1,0,14,0,0,1,47.17,10.22,57.39,True,True,True,1,1,92.31,100.0,
0-volumes_3.yaml,PersistentVolumeClaim,2,1,1,0,1,0,11,7,3,1,13598.58,8.42,13607.0,True,True,True,1,1,90.91,100.0,
00-assert1.yaml,Unknown,SCHEMA_ERROR,,,,,,0,0,0,0,463.15,0.0,463.15,,,,0,0,0.0,0.0,"C:\Users\CAOSD\projects\tool-security-rules\resources\dataset_yamls\original_yamls_10k\00-assert1.yaml - StatefulSet caddy is invalid: problem validating schema. Check JSON formatting: jsonschema validation failed with 'https://raw.githubusercontent.com/yannh/kubernetes-json-schema/master/master-standalone-strict/statefulset-apps-v1.json#' - at '': missing property 'spec' | Summary: 1 resource found in 1 file - Valid: 0, Invalid: 1, Errors: 0, Skipped: 0"
00-assert10.yaml,Unknown,SCHEMA_ERROR,,,,,,0,0,0,0,396.91,0.0,396.91,,,,0,0,0.0,0.0,"C:\Users\CAOSD\projects\tool-security-rules\resources\dataset_yamls\original_yamls_10k\00-assert10.yaml - Deployment  is invalid: problem validating schema. Check JSON formatting: jsonschema validation failed with 'https://raw.githubusercontent.com/yannh/kubernetes-json-schema/master/master-standalone-strict/deployment-apps-v1.json#' - at '': missing property 'spec' | Summary: 1 resource found in 1 file - Valid: 0, Invalid: 1, Errors: 0, Skipped: 0"
00-assert10_1.yaml,Secret,4,0,0,0,0,0,11,14,0,1,7411.54,0.0,7411.54,True,True,True,0,0,100.0,
00-assert10_2.yaml,Unknown,SCHEMA_ERROR,,,,,,0,0,0,0,276.86,0.0,276.86,,,,0,0,0.0,0.0,"C:\Users\CAOSD\projects\tool-security-rules\resources\dataset_yamls\original_yamls_10k\00-assert10_2.yaml - Deployment  is invalid: problem validating schema. Check JSON formatting: jsonschema validation failed with 'https://raw.githubusercontent.com/yannh/kubernetes-json-schema/master/master-standalone-strict/deployment-apps-v1.json#' - at '/spec': missing property 'selector' - at '/spec/template/spec': missing property 'containers' | Summary: 1 resource found in 1 file - Valid: 0, Invalid: 1, Errors: 0, Skipped: 0"
00-assert11.yaml,Unknown,SCHEMA_ERROR,,,,,,0,0,0,0,494.71,0.0,494.71,,,,0,0,0.0,0.0,"C:\Users\CAOSD\projects\tool-security-rules\resources\dataset_yamls\original_yamls_10k\00-assert11.yaml - StatefulSet weaviate is invalid: problem validating schema. Check JSON formatting: jsonschema validation failed with 'https://raw.githubusercontent.com/yannh/kubernetes-json-schema/master/master-standalone-strict/statefulset-apps-v1.json#' - at '': missing property 'spec' - at '/status': missing property 'replicas' | Summary: 1 resource found in 1 file - Valid: 0, Invalid: 1, Errors: 0, Skipped: 0"
00-assert11_1.yaml,Secret,4,0,0,0,0,0,9,14,0,1,7039.25,0.0,7039.25,True,True,True,0,0,100.0,
00-assert11_2.yaml,Unknown,SCHEMA_ERROR,,,,,,0,0,0,0,269.04,0.0,269.04,,,,0,0,0.0,0.0,"C:\Users\CAOSD\projects\tool-security-rules\resources\dataset_yamls\original_yamls_10k\00-assert11_2.yaml - StatefulSet weaviate is invalid: problem validating schema. Check JSON formatting: jsonschema validation failed with 'https://raw.githubusercontent.com/yannh/kubernetes-json-schema/master/master-standalone-strict/statefulset-apps-v1.json#' - at '/spec': missing property 'selector' - at '/spec/template/spec': missing property 'containers' | Summary: 1 resource found in 1 file - Valid: 0, Invalid: 1, Errors: 0, Skipped: 0"
00-assert12.yaml,Unknown,SCHEMA_ERROR,,,,,,0,0,0,0,269.56,0.0,269.56,,,,0,0,0.0,0.0,"C:\Users\CAOSD\projects\tool-security-rules\resources\dataset_yamls\original_yamls_10k\00-assert12.yaml - Deployment  is invalid: problem validating schema. Check JSON formatting: jsonschema validation failed with 'https://raw.githubusercontent.com/yannh/kubernetes-json-schema/master/master-standalone-strict/deployment-apps-v1.json#' - at '': missing property 'spec' | Summary: 1 resource found in 1 file - Valid: 0, Invalid: 1, Errors: 0, Skipped: 0"
00-assert12_1.yaml,Secret,4,0,0,0,0,0,11,14,0,1,7079.84,0.0,7079.84,True,True,True,0,0,100.0,
00-assert12_2.yaml,Unknown,SCHEMA_ERROR,,,,,,0,0,0,0,279.49,0.0,279.49,,,,0,0,0.0,0.0,"C:\Users\CAOSD\projects\tool-security-rules\resources\dataset_yamls\original_yamls_10k\00-assert12_2.yaml - Deployment  is invalid: problem validating schema. Check JSON formatting: jsonschema validation failed with 'https://raw.githubusercontent.com/yannh/kubernetes-json-schema/master/master-standalone-strict/deployment-apps-v1.json#' - at '/spec': missing property 'selector' - at '/spec/template/spec': missing property 'containers' | Summary: 1 resource found in 1 file - Valid: 0, Invalid: 1, Errors: 0, Skipped: 0"
00-assert1_1.yaml,Pod,61,6,6,0,6,6,6,481,18,1,180168.23,5.89,180174.12,False,True,True,0,0,100.0,100.0,
00-assert21_1.yaml,Unknown,SCHEMA_ERROR,,,,,,0,0,0,0,394.97,0.0,394.97,,,,0,0,0.0,0.0,"C:\Users\CAOSD\projects\tool-security-rules\resources\dataset_yamls\original_yamls_10k\00-assert21_1.yaml - Deployment confluent-rest-proxy is invalid: problem validating schema. Check JSON formatting: jsonschema validation failed with 'https://raw.githubusercontent.com/yannh/kubernetes-json-schema/master/master-standalone-strict/deployment-apps-v1.json#' - at '/spec': missing property 'selector' | Summary: 1 resource found in 1 file - Valid: 0, Invalid: 1, Errors: 0, Skipped: 0"
00-assert22_1.yaml,Unknown,SCHEMA_ERROR,,,,,,0,0,0,0,333.41,0.0,333.41,,,,0,0,0.0,0.0,"C:\Users\CAOSD\projects\tool-security-rules\resources\dataset_yamls\original_yamls_10k\00-assert22_1.yaml - Deployment confluent-schema-registry is invalid: problem validating schema. Check JSON formatting: jsonschema validation failed with 'https://raw.githubusercontent.com/yannh/kubernetes-json-schema/master/master-standalone-strict/deployment-apps-v1.json#' - at '/spec': missing property 'selector' | Summary: 1 resource found in 1 file - Valid: 0, Invalid: 1, Errors: 0, Skipped: 0"
00-assert23_1.yaml,Unknown,SCHEMA_ERROR,,,,,,0,0,0,0,304.01,0.0,304.01,,,,0,0,0.0,0.0,"C:\Users\CAOSD\projects\tool-security-rules\resources\dataset_yamls\original_yamls_10k\00-assert23_1.yaml - StatefulSet zk-zookeeper is invalid: problem validating schema. Check JSON formatting: jsonschema validation failed with 'https://raw.githubusercontent.com/yannh/kubernetes-json-schema/master/master-standalone-strict/statefulset-apps-v1.json#' - at '/spec': missing property 'selector' - at '/status': missing property 'replicas' | Summary: 1 resource found in 1 file - Valid: 0, Invalid: 1, Errors: 0, Skipped: 0"
00-assert24.yaml,Pod,61,6,6,0,6,6,7,481,18,1,179640.46,6.82,179647.28,False,True,True,0,0,100.0,100.0,
00-assert25_1.yaml,Unknown,SCHEMA_ERROR,,,,,,0,0,0,0,387.59,0.0,387.59,,,,0,0,0.0,0.0,"C:\Users\CAOSD\projects\tool-security-rules\resources\dataset_yamls\original_yamls_10k\00-assert25_1.yaml - StatefulSet zk-zookeeper is invalid: problem validating schema. Check JSON formatting: jsonschema validation failed with 'https://raw.githubusercontent.com/yannh/kubernetes-json-schema/master/master-standalone-strict/statefulset-apps-v1.json#' - at '/spec': missing property 'selector' - at '/status': missing property 'replicas' | Summary: 1 resource found in 1 file - Valid: 0, Invalid: 1, Errors: 0, Skipped: 0"
00-assert3.yaml,Unknown,SCHEMA_ERROR,,,,,,0,0,0,0,427.96,0.0,427.96,,,,0,0,0.0,0.0,"C:\Users\CAOSD\projects\tool-security-rules\resources\dataset_yamls\original_yamls_10k\00-assert3.yaml - StatefulSet caddy is invalid: problem validating schema. Check JSON formatting: jsonschema validation failed with 'https://raw.githubusercontent.com/yannh/kubernetes-json-schema/master/master-standalone-strict/statefulset-apps-v1.json#' - at '': missing property 'spec' | Summary: 1 resource found in 1 file - Valid: 0, Invalid: 1, Errors: 0, Skipped: 0"
00-assert3_1.yaml,Pod,61,6,6,0,6,6,6,481,18,1,179715.75,5.96,179721.71,False,True,True,0,0,100.0,100.0,
00-assert4.yaml,Unknown,SCHEMA_ERROR,,,,,,0,0,0,0,276.88,0.0,276.88,,,,0,0,0.0,0.0,"C:\Users\CAOSD\projects\tool-security-rules\resources\dataset_yamls\original_yamls_10k\00-assert4.yaml - Deployment servicebinding-controller-manager is invalid: problem validating schema. Check JSON formatting: jsonschema validation failed with 'https://raw.githubusercontent.com/yannh/kubernetes-json-schema/master/master-standalone-strict/deployment-apps-v1.json#' - at '/spec': missing properties 'selector', 'template' | Summary: 1 resource found in 1 file - Valid: 0, Invalid: 1, Errors: 0, Skipped: 0"
00-assert4_1.yaml,Secret,4,0,0,0,0,0,11,14,0,1,7346.73,0.0,7346.73,True,True,True,0,0,100.0,
00-assert4_2.yaml,Unknown,SCHEMA_ERROR,,,,,,0,0,0,0,260.46,0.0,260.46,,,,0,0,0.0,0.0,"C:\Users\CAOSD\projects\tool-security-rules\resources\dataset_yamls\original_yamls_10k\00-assert4_2.yaml - Deployment  is invalid: problem validating schema. Check JSON formatting: jsonschema validation failed with 'https://raw.githubusercontent.com/yannh/kubernetes-json-schema/master/master-standalone-strict/deployment-apps-v1.json#' - at '/spec': missing property 'selector' - at '/spec/template/spec': missing property 'containers' | Summary: 1 resource found in 1 file - Valid: 0, Invalid: 1, Errors: 0, Skipped: 0"
00-assert5.yaml,Unknown,SCHEMA_ERROR,,,,,,0,0,0,0,281.01,0.0,281.01,,,,0,0,0.0,0.0,"C:\Users\CAOSD\projects\tool-security-rules\resources\dataset_yamls\original_yamls_10k\00-assert5.yaml - Deployment dapr-operator is invalid: problem validating schema. Check JSON formatting: jsonschema validation failed with 'https://raw.githubusercontent.com/yannh/kubernetes-json-schema/master/master-standalone-strict/deployment-apps-v1.json#' - at '': missing property 'spec' | Summary: 1 resource found in 1 file - Valid: 0, Invalid: 1, Errors: 0, Skipped: 0"
00-assert5_1.yaml,Unknown,SCHEMA_ERROR,,,,,,0,0,0,0,389.26,0.0,389.26,,,,0,0,0.0,0.0,"C:\Users\CAOSD\projects\tool-security-rules\resources\dataset_yamls\original_yamls_10k\00-assert5_1.yaml - Deployment dapr-sentry is invalid: problem validating schema. Check JSON formatting: jsonschema validation failed with 'https://raw.githubusercontent.com/yannh/kubernetes-json-schema/master/master-standalone-strict/deployment-apps-v1.json#' - at '': missing property 'spec' | Summary: 1 resource found in 1 file - Valid: 0, Invalid: 1, Errors: 0, Skipped: 0"
00-assert5_2.yaml,Unknown,SCHEMA_ERROR,,,,,,0,0,0,0,258.23,0.0,258.23,,,,0,0,0.0,0.0,"C:\Users\CAOSD\projects\tool-security-rules\resources\dataset_yamls\original_yamls_10k\00-assert5_2.yaml - Deployment dapr-sidecar-injector is invalid: problem validating schema. Check JSON formatting: jsonschema validation failed with 'https://raw.githubusercontent.com/yannh/kubernetes-json-schema/master/master-standalone-strict/deployment-apps-v1.json#' - at '': missing property 'spec' | Summary: 1 resource found in 1 file - Valid: 0, Invalid: 1, Errors: 0, Skipped: 0"
00-assert5_3.yaml,Unknown,SCHEMA_ERROR,,,,,,0,0,0,0,306.55,0.0,306.55,,,,0,0,0.0,0.0,"C:\Users\CAOSD\projects\tool-security-rules\resources\dataset_yamls\original_yamls_10k\00-assert5_3.yaml - StatefulSet dapr-placement-server is invalid: problem validating schema. Check JSON formatting: jsonschema validation failed with 'https://raw.githubusercontent.com/yannh/kubernetes-json-schema/master/master-standalone-strict/statefulset-apps-v1.json#' - at '': missing property 'spec' - at '/status': missing property 'replicas' | Summary: 1 resource found in 1 file - Valid: 0, Invalid: 1, Errors: 0, Skipped: 0"
00-assert5_4.yaml,Secret,4,0,0,0,0,0,11,14,0,1,7092.9,0.0,7092.9,True,True,True,0,0,100.0,
00-assert5_5.yaml,Unknown,SCHEMA_ERROR,,,,,,0,0,0,0,282.5,0.0,282.5,,,,0,0,0.0,0.0,"C:\Users\CAOSD\projects\tool-security-rules\resources\dataset_yamls\original_yamls_10k\00-assert5_5.yaml - Deployment dapr-operator is invalid: problem validating schema. Check JSON formatting: jsonschema validation failed with 'https://raw.githubusercontent.com/yannh/kubernetes-json-schema/master/master-standalone-strict/deployment-apps-v1.json#' - at '/spec': missing property 'selector' - at '/spec/template/spec': missing property 'containers' | Summary: 1 resource found in 1 file - Valid: 0, Invalid: 1, Errors: 0, Skipped: 0"
00-assert5_6.yaml,Unknown,SCHEMA_ERROR,,,,,,0,0,0,0,274.98,0.0,274.98,,,,0,0,0.0,0.0,"C:\Users\CAOSD\projects\tool-security-rules\resources\dataset_yamls\original_yamls_10k\00-assert5_6.yaml - Deployment dapr-sentry is invalid: problem validating schema. Check JSON formatting: jsonschema validation failed with 'https://raw.githubusercontent.com/yannh/kubernetes-json-schema/master/master-standalone-strict/deployment-apps-v1.json#' - at '/spec': missing property 'selector' - at '/spec/template/spec': missing property 'containers' | Summary: 1 resource found in 1 file - Valid: 0, Invalid: 1, Errors: 0, Skipped: 0"
00-assert5_7.yaml,Unknown,SCHEMA_ERROR,,,,,,0,0,0,0,254.84,0.0,254.84,,,,0,0,0.0,0.0,"C:\Users\CAOSD\projects\tool-security-rules\resources\dataset_yamls\original_yamls_10k\00-assert5_7.yaml - Deployment dapr-sidecar-injector is invalid: problem validating schema. Check JSON formatting: jsonschema validation failed with 'https://raw.githubusercontent.com/yannh/kubernetes-json-schema/master/master-standalone-strict/deployment-apps-v1.json#' - at '/spec': missing property 'selector' - at '/spec/template/spec': missing property 'containers' | Summary: 1 resource found in 1 file - Valid: 0, Invalid: 1, Errors: 0, Skipped: 0"
00-assert5_8.yaml,Unknown,SCHEMA_ERROR,,,,,,0,0,0,0,262.42,0.0,262.42,,,,0,0,0.0,0.0,"C:\Users\CAOSD\projects\tool-security-rules\resources\dataset_yamls\original_yamls_10k\00-assert5_8.yaml - StatefulSet dapr-placement-server is invalid: problem validating schema. Check JSON formatting: jsonschema validation failed with 'https://raw.githubusercontent.com/yannh/kubernetes-json-schema/master/master-standalone-strict/statefulset-apps-v1.json#' - at '/spec': missing property 'selector' - at '/spec/template/spec': missing property 'containers' | Summary: 1 resource found in 1 file - Valid: 0, Invalid: 1, Errors: 0, Skipped: 0"
00-busybox.yaml,Pod,61,15,15,6,21,0,15,481,198,2,178294.9,22.84,178317.74,True,True,True,26,5,39.22,100.0,
00-caddy1_1.yaml,Secret,4,0,0,0,0,0,7,14,0,1,7449.84,0.0,7449.84,True,True,True,0,0,100.0,
00-caddy1_2.yaml,StatefulSet,31,7,7,2,9,0,57,424,176,2,99133.21,46.17,99179.38,True,True,True,11,0,90.6,100.0,
00-caddy1_3.yaml,Service,6,1,1,0,1,0,15,13,2,1,28004.43,9.61,28014.04,True,True,True,1,1,91.67,100.0,
00-caddy1_4.yaml,Pod,61,13,13,5,18,0,15,481,187,6,178390.86,21.97,178412.83,True,True,True,20,6,53.57,100.0,
00-caddy_1.yaml,Secret,4,0,0,0,0,0,7,14,0,1,7349.99,0.0,7349.99,True,True,True,0,0,100.0,
00-caddy_2.yaml,StatefulSet,31,7,7,2,9,0,57,424,176,2,97977.55,46.24,98023.79,True,True,True,11,0,90.6,100.0,
00-caddy_3.yaml,Service,6,1,1,0,1,0,15,13,2,1,27863.7,10.0,27873.7,True,True,True,1,1,91.67,100.0,
00-caddy_4.yaml,Pod,61,13,13,5,18,0,15,481,187,6,178638.68,21.43,178660.11,True,True,True,20,6,53.57,100.0,
00-common1_1.yaml,ServiceAccount,3,0,0,0,0,0,5,7,0,1,7146.96,0.0,7146.96,True,True,True,0,0,100.0,
00-common_1.yaml,ServiceAccount,3,0,0,0,0,0,5,7,0,1,7080.68,0.0,7080.68,True,True,True,0,0,100.0,
00-common_2.yaml,ServiceAccount,3,0,0,0,0,0,5,7,0,1,7312.03,0.0,7312.03,True,True,True,0,0,100.0,
00-db-secret.yaml,Secret,4,0,0,0,0,0,8,14,0,3,7147.98,0.0,7147.98,True,True,True,0,0,100.0,
00-db_1.yaml,Service,6,1,1,0,1,0,13,13,2,1,27883.23,8.96,27892.19,True,True,True,1,1,90.91,100.0,
00-db_2.yaml,PersistentVolumeClaim,2,1,1,0,1,0,10,7,3,1,13799.2,7.85,13807.05,True,True,True,1,1,90.0,100.0,
00-db_3.yaml,Deployment,31,8,8,2,10,0,46,422,178,8,98164.34,51.04,98215.38,True,True,True,12,1,90.08,100.0,
00-deployment.yaml,Deployment,31,7,7,1,8,0,65,422,176,44,98525.18,88.17,98613.35,True,True,True,76,68,46.67,100.0,
00-DeplyExternalDNS.yaml,ServiceAccount,3,0,0,0,0,0,7,7,0,1,7360.55,0.0,7360.55,True,True,True,0,0,100.0,
00-DeplyExternalDNS_2.yaml,ClusterRoleBinding,4,0,0,0,0,0,13,12,0,1,7108.71,0.0,7108.71,True,True,True,0,0,100.0,
00-DeplyExternalDNS_3.yaml,Deployment,31,8,8,4,12,0,27,422,178,6,98017.3,26.92,98044.22,True,True,True,16,0,77.78,100.0,
00-EFS-StorageClass.yaml,StorageClass,1,1,1,0,1,0,7,3,3,3,10271.25,8.12,10279.37,True,True,True,2,1,84.21,100.0,
00-exporter.yaml,Service,6,2,2,0,2,0,19,13,4,1,27821.02,23.52,27844.54,True,True,True,2,2,86.67,100.0,
00-exporter_1.yaml,Deployment,31,8,8,0,8,0,65,422,201,32,98015.84,49.83,98065.67,True,True,True,8,1,93.53,100.0,
00-filestore-storage-class.yaml,StorageClass,1,1,1,0,1,0,9,3,3,2,10369.27,9.2,10378.47,True,True,True,2,1,85.71,100.0,
00-filestore-storage-class1.yaml,StorageClass,1,1,1,0,1,0,9,3,3,2,10045.08,9.05,10054.13,True,True,True,2,1,85.71,100.0,
00-filestore-storage-class2.yaml,StorageClass,1,1,1,0,1,0,9,3,3,2,10296.63,9.25,10305.88,True,True,True,2,1,85.71,100.0,
00-filestore-storage-class3.yaml,StorageClass,1,1,1,0,1,0,9,3,3,2,10049.47,9.08,10058.55,True,True,True,2,1,85.71,100.0,
00-helloworld.yaml,Deployment,31,7,7,5,12,0,27,422,176,1,98066.59,26.75,98093.34,True,True,True,16,1,72.13,100.0,
00-helloworld1.yaml,Deployment,31,7,7,5,12,0,27,422,176,1,97755.12,26.28,97781.4,True,True,True,16,1,72.13,100.0,
00-helloworld2.yaml,Deployment,31,7,7,5,12,0,27,422,176,1,98065.62,26.87,98092.49,True,True,True,16,1,72.13,100.0,
00-mi-nginx.yaml,Deployment,31,9,9,4,13,0,25,422,188,8,97704.26,27.75,97732.01,True,True,True,21,6,58.46,100.0,
00-minio-deployment1_1.yaml,Deployment,31,8,8,5,13,0,39,422,178,24,97511.92,37.08,97549.0,True,True,True,17,3,80.0,100.0,
00-minio-deployment1_2.yaml,Service,6,1,1,0,1,0,20,13,2,1,27883.92,11.67,27895.59,True,True,True,1,1,93.33,100.0,
00-minio-deployment1_3.yaml,Job,31,7,7,6,13,1,27,420,176,3,95067.23,26.3,95093.53,False,True,True,17,4,69.57,100.0,
00-minio-deployment2_1.yaml,Deployment,31,8,8,5,13,0,39,422,178,24,97760.03,37.64,97797.67,True,True,True,17,3,80.0,100.0,
00-minio-deployment2_2.yaml,Service,6,1,1,0,1,0,20,13,2,1,27908.72,11.79,27920.51,True,True,True,1,1,93.33,100.0,
00-minio-deployment2_3.yaml,Job,31,7,7,6,13,1,27,420,176,3,94534.92,26.27,94561.19,False,True,True,17,4,69.57,100.0,
00-minio-deployment3.yaml,Deployment,31,8,8,5,13,0,39,422,178,24,97819.71,37.56,97857.27,True,True,True,17,3,80.0,100.0,
00-minio-deployment3_1.yaml,Service,6,1,1,0,1,0,20,13,2,1,28042.36,11.74,28054.1,True,True,True,1,1,93.33,100.0,
00-minio-deployment3_2.yaml,Job,31,7,7,6,13,1,27,420,176,3,94455.56,27.18,94482.74,False,True,True,17,4,69.57,100.0,
00-minio-deployment_1.yaml,Deployment,31,8,8,5,13,0,39,422,178,24,97975.74,36.87,98012.61,True,True,True,17,3,80.0,100.0,
00-minio-deployment_2.yaml,Service,6,1,1,0,1,0,20,13,2,1,27876.92,11.94,27888.86,True,True,True,1,1,93.33,100.0,
00-minio-deployment_3.yaml,Job,31,7,7,6,13,1,27,420,176,3,94329.6,26.57,94356.17,False,True,True,17,4,69.57,100.0,
00-persistent-volume.yaml,PersistentVolume,1,0,0,0,0,0,17,0,0,1,190.32,0.0,190.32,True,True,True,0,0,100.0,
00-persistent-volume1.yaml,PersistentVolume,1,0,0,0,0,0,17,0,0,1,47.21,0.0,47.21,True,True,True,0,0,100.0,
00-persistent-volume2.yaml,PersistentVolume,1,0,0,0,0,0,17,0,0,1,48.92,0.0,48.92,True,True,True,0,0,100.0,
00-persistent-volume3.yaml,PersistentVolume,1,0,0,0,0,0,17,0,0,1,47.87,0.0,47.87,True,True,True,0,0,100.0,
00-persistent-volume4.yaml,PersistentVolume,1,0,0,0,0,0,17,0,0,1,47.61,0.0,47.61,True,True,True,0,0,100.0,
00-pod.yaml,Pod,61,13,13,6,19,0,11,481,187,3,178018.13,22.92,178041.05,True,True,True,24,3,42.55,100.0,
00-pod1.yaml,Pod,61,13,13,6,19,0,11,481,187,3,178529.63,23.0,178552.63,True,True,True,24,3,42.55,100.0,
00-pod2.yaml,Pod,61,13,13,6,19,0,11,481,187,4,178672.35,24.59,178696.94,True,True,True,24,3,44.9,100.0,
00-pod3.yaml,Pod,61,12,12,6,18,0,16,481,185,3,178913.15,24.66,178937.81,True,True,True,25,5,44.44,100.0,
00-pod4.yaml,Pod,61,12,12,6,18,0,14,481,185,3,178577.74,23.91,178601.65,True,True,True,24,4,44.0,100.0,
00-pod5.yaml,Pod,61,12,12,6,18,0,15,481,185,3,178704.99,24.43,178729.42,True,True,True,24,4,46.15,100.0,
00-prepare_1.yaml,Secret,4,0,0,0,0,0,7,14,0,4,7053.32,0.0,7053.32,True,True,True,0,0,100.0,
00-prereqs.yaml,ServiceAccount,3,0,0,0,0,0,5,7,0,1,7356.87,0.0,7356.87,True,True,True,0,0,100.0,
00-prereqs1.yaml,ServiceAccount,3,0,0,0,0,0,5,7,0,1,7072.9,0.0,7072.9,True,True,True,0,0,100.0,
00-prereqs1_1.yaml,ClusterRoleBinding,4,0,0,0,0,0,13,12,0,1,7341.28,0.0,7341.28,True,True,True,0,0,100.0,
00-prereqs1_3.yaml,ServiceAccount,3,0,0,0,0,0,5,7,0,1,7089.9,0.0,7089.9,True,True,True,0,0,100.0,
00-prereqs1_5.yaml,ClusterRoleBinding,4,0,0,0,0,0,13,12,0,1,7094.14,0.0,7094.14,True,True,True,0,0,100.0,
00-prereqs2.yaml,ServiceAccount,3,0,0,0,0,0,5,7,0,1,7330.71,0.0,7330.71,True,True,True,0,0,100.0,
00-prereqs2_1.yaml,ClusterRoleBinding,4,0,0,0,0,0,13,12,0,1,7068.55,0.0,7068.55,True,True,True,0,0,100.0,
00-prereqs2_3.yaml,ServiceAccount,3,0,0,0,0,0,5,7,0,1,7094.66,0.0,7094.66,True,True,True,0,0,100.0,
00-prereqs2_5.yaml,ClusterRoleBinding,4,0,0,0,0,0,13,12,0,1,7335.19,0.0,7335.19,True,True,True,0,0,100.0,
00-prereqs3.yaml,ServiceAccount,3,0,0,0,0,0,5,7,0,1,7083.55,0.0,7083.55,True,True,True,0,0,100.0,
00-prereqs3_1.yaml,ClusterRoleBinding,4,0,0,0,0,0,13,12,0,1,7349.76,0.0,7349.76,True,True,True,0,0,100.0,
00-prereqs3_3.yaml,ServiceAccount,3,0,0,0,0,0,5,7,0,1,7103.39,0.0,7103.39,True,True,True,0,0,100.0,
00-prereqs3_5.yaml,ClusterRoleBinding,4,0,0,0,0,0,13,12,0,1,7087.01,0.0,7087.01,True,True,True,0,0,100.0,
00-prereqs4.yaml,ServiceAccount,3,0,0,0,0,0,5,7,0,1,7331.8,0.0,7331.8,True,True,True,0,0,100.0,
00-prereqs4_1.yaml,ClusterRoleBinding,4,0,0,0,0,0,13,12,0,1,7019.97,0.0,7019.97,True,True,True,0,0,100.0,
00-prereqs4_3.yaml,ServiceAccount,3,0,0,0,0,0,5,7,0,1,7082.78,0.0,7082.78,True,True,True,0,0,100.0,
00-prereqs4_5.yaml,ClusterRoleBinding,4,0,0,0,0,0,13,12,0,1,7343.28,0.0,7343.28,True,True,True,0,0,100.0,
00-prereqs_1.yaml,ClusterRoleBinding,4,0,0,0,0,0,13,12,0,1,7075.15,0.0,7075.15,True,True,True,0,0,100.0,
00-prereqs_3.yaml,ServiceAccount,3,0,0,0,0,0,5,7,0,1,7334.47,0.0,7334.47,True,True,True,0,0,100.0,
00-prereqs_5.yaml,ClusterRoleBinding,4,0,0,0,0,0,13,12,0,1,7081.26,0.0,7081.26,True,True,True,0,0,100.0,
00-pv.yaml,PersistentVolume,1,0,0,0,0,0,29,0,0,8,178.5,0.0,178.5,True,True,True,0,0,100.0,
00-pv1.yaml,PersistentVolume,1,0,0,0,0,0,27,0,0,4,52.88,0.0,52.88,True,True,True,0,0,100.0,
00-pv1_1.yaml,PersistentVolume,1,0,0,0,0,0,27,0,0,4,52.77,0.0,52.77,True,True,True,0,0,100.0,
00-pv2.yaml,PersistentVolume,1,0,0,0,0,0,27,0,0,4,51.36,0.0,51.36,True,True,True,0,0,100.0,
00-pv2_1.yaml,PersistentVolume,1,0,0,0,0,0,27,0,0,4,51.98,0.0,51.98,True,True,True,0,0,100.0,
00-secret.yaml,Secret,4,0,0,0,0,0,9,14,0,1,7159.23,0.0,7159.23,True,True,True,0,0,100.0,
00-serviceaccount1_1.yaml,ServiceAccount,3,0,0,0,0,0,5,7,0,1,7330.99,0.0,7330.99,True,True,True,0,0,100.0,
00-serviceaccount1_2.yaml,Secret,4,0,0,0,0,0,9,14,0,1,7258.83,0.0,7258.83,True,True,True,0,0,100.0,
00-serviceaccount_1.yaml,ServiceAccount,3,0,0,0,0,0,5,7,0,1,7107.24,0.0,7107.24,True,True,True,0,0,100.0,
00-serviceaccount_2.yaml,Secret,4,0,0,0,0,0,9,14,0,1,7360.12,0.0,7360.12,True,True,True,0,0,100.0,
00-storage-class.yaml,StorageClass,1,1,1,0,1,0,10,3,3,1,10078.43,8.65,10087.08,True,True,True,4,4,73.33,100.0,
00-storage-class1.yaml,StorageClass,1,1,1,0,1,0,8,3,3,2,10308.19,8.99,10317.18,True,True,True,3,2,91.8,100.0,
00-storage-class10.yaml,StorageClass,1,1,1,0,1,0,10,3,3,1,9979.5,8.35,9987.85,True,True,True,4,4,73.33,100.0,
00-storage-class2.yaml,StorageClass,1,1,1,0,1,0,10,3,3,1,10292.11,8.7,10300.81,True,True,True,4,4,73.33,100.0,
00-storage-class3.yaml,StorageClass,1,1,1,0,1,0,8,3,3,2,10037.12,8.69,10045.81,True,True,True,3,2,91.8,100.0,
00-storage-class4.yaml,StorageClass,1,1,1,0,1,0,10,3,3,1,10310.68,8.36,10319.04,True,True,True,4,4,73.33,100.0,
00-storage-class5.yaml,StorageClass,1,1,1,0,1,0,8,3,3,2,10075.44,8.64,10084.08,True,True,True,3,2,91.8,100.0,
00-storage-class6.yaml,StorageClass,1,1,1,0,1,0,10,3,3,1,10309.75,8.34,10318.09,True,True,True,4,4,73.33,100.0,
00-storage-class7.yaml,StorageClass,1,1,1,0,1,0,8,3,3,2,10312.28,9.04,10321.32,True,True,True,3,2,91.8,100.0,
00-storage-class8.yaml,StorageClass,1,1,1,0,1,0,10,3,3,1,10118.76,8.35,10127.11,True,True,True,4,4,73.33,100.0,
00-storage-class9.yaml,StorageClass,1,1,1,0,1,0,8,3,3,2,10302.45,8.78,10311.23,True,True,True,3,2,91.8,100.0,
00-StorageClass.yaml,StorageClass,1,1,1,0,1,0,7,3,3,1,10004.88,6.68,10011.56,True,True,True,2,1,80.0,100.0,
00-testing-pod.yaml,ServiceAccount,3,1,1,0,1,0,6,7,2,1,17429.52,6.14,17435.66,True,True,True,1,1,83.33,100.0,
00-testing-pod1.yaml,Pod,61,14,14,2,16,0,33,481,190,12,179056.61,29.78,179086.39,True,True,True,17,7,71.43,100.0,
00-testing-pod1_1.yaml,Service,6,2,2,0,2,0,19,13,4,1,27813.27,12.0,27825.27,True,True,True,2,2,86.67,100.0,
00-testing-pod_1.yaml,Pod,61,14,14,2,16,0,35,481,190,24,179075.29,31.55,179106.84,True,True,True,17,8,72.53,100.0,
00-testing-pod_2.yaml,Service,6,2,2,0,2,0,19,13,4,1,27592.52,12.0,27604.52,True,True,True,2,2,86.67,100.0,
00-traefik-service-account.yaml,ServiceAccount,3,0,0,0,0,0,5,7,0,1,7409.41,0.0,7409.41,True,True,True,0,0,100.0,
001-pod.yaml,Pod,61,13,13,6,19,0,10,481,187,1,178958.27,21.02,178979.29,True,True,True,23,1,42.86,100.0,
001-pod_1.yaml,Pod,61,13,13,7,20,0,10,481,187,1,179124.45,20.78,179145.23,True,True,True,23,1,42.86,100.0,
001-rbac_2.yaml,ClusterRoleBinding,4,0,0,0,0,0,13,12,0,1,7401.73,0.0,7401.73,True,True,True,0,0,100.0,
001-rbac_3.yaml,ClusterRoleBinding,4,0,0,0,0,0,13,12,0,1,7083.57,0.0,7083.57,True,True,True,0,0,100.0,
001_1.yaml,ServiceAccount,3,0,0,0,0,0,5,7,0,1,7336.41,0.0,7336.41,True,True,True,0,0,100.0,
001_3.yaml,ClusterRoleBinding,4,0,0,0,0,0,13,12,0,1,7074.51,0.0,7074.51,True,True,True,0,0,100.0,
001_5.yaml,RoleBinding,4,0,0,0,0,0,14,12,0,1,7088.83,0.0,7088.83,True,True,True,0,0,100.0,
001_6.yaml,StorageClass,1,1,1,0,1,0,7,3,3,1,10242.02,6.82,10248.84,True,True,True,1,0,93.33,100.0,
001_7.yaml,Deployment,31,8,8,5,13,0,29,422,178,1,97831.32,29.27,97860.59,True,True,True,17,2,72.46,100.0,
00Srilab-ApacheKafka-pv-pvc.yaml,PersistentVolume,1,0,0,0,0,0,12,0,0,1,44.94,0.0,44.94,True,True,True,0,0,100.0,
00Srilab-ApacheKafka-pv-pvc_1.yaml,PersistentVolumeClaim,2,1,1,0,1,0,12,7,3,1,13806.03,9.21,13815.24,True,True,True,1,1,91.67,100.0,
00Srilab-ApacheKafka-pv-pvc_2.yaml,PersistentVolume,1,0,0,0,0,0,12,0,0,1,46.58,0.0,46.58,True,True,True,0,0,100.0,
00Srilab-ApacheKafka-pv-pvc_3.yaml,PersistentVolumeClaim,2,1,1,0,1,0,12,7,3,1,13582.56,9.16,13591.72,True,True,True,1,1,91.67,100.0,
00Srilab-promgraf-pv-pvc.yaml,PersistentVolume,1,0,0,0,0,0,12,0,0,1,46.23,0.0,46.23,True,True,True,0,0,100.0,
00Srilab-promgraf-pv-pvc_1.yaml,PersistentVolumeClaim,2,1,1,0,1,0,12,7,3,1,13849.6,20.26,13869.86,True,True,True,1,1,91.67,100.0,
00Srilab-promgraf-pv-pvc_2.yaml,PersistentVolume,1,0,0,0,0,0,12,0,0,1,40.51,0.0,40.51,True,True,True,0,0,100.0,
00Srilab-promgraf-pv-pvc_3.yaml,PersistentVolumeClaim,2,1,1,0,1,0,12,7,3,1,13865.23,9.21,13874.44,True,True,True,1,1,91.67,100.0,
00_ap_nginx.yaml,Deployment,31,7,7,4,11,0,24,422,176,1,97948.06,24.84,97972.9,True,True,True,15,0,73.68,100.0,
00_ap_nginx1.yaml,Deployment,31,7,7,4,11,0,24,422,176,1,98244.37,24.86,98269.23,True,True,True,15,0,73.68,100.0,
00_basic_ingress.yaml,Ingress,3,1,1,0,1,0,20,4,2,1,14660.39,16.43,14676.82,True,True,True,14,10,42.86,100.0,
00_basic_secret.yaml,Secret,4,0,0,0,0,0,10,14,0,2,7075.97,0.0,7075.97,True,True,True,0,0,100.0,
00_claims.yaml,PersistentVolumeClaim,2,1,1,0,1,0,11,7,3,1,13736.83,8.57,13745.4,True,True,True,1,2,86.96,100.0,
00_claims_1.yaml,PersistentVolumeClaim,2,1,1,0,1,0,11,7,3,1,13593.37,8.61,13601.98,True,True,True,1,2,86.96,100.0,
00_claims_2.yaml,PersistentVolumeClaim,2,1,1,0,1,0,11,7,3,1,13810.42,8.77,13819.19,True,True,True,1,2,86.96,100.0,
00_claims_3.yaml,PersistentVolumeClaim,2,1,1,0,1,0,15,7,3,1,14022.16,10.12,14032.28,True,True,True,1,2,88.89,100.0,
00_deployment_svc.yaml,Deployment,31,7,7,4,11,0,29,422,176,4,98240.09,43.39,98283.48,True,True,True,15,0,83.52,100.0,
00_deployment_svc_1.yaml,Service,6,1,1,0,1,0,18,13,2,1,27948.4,11.03,27959.43,True,True,True,1,1,92.86,100.0,
00_nginx_deployment.yaml,Deployment,31,7,7,4,11,0,24,422,176,8,98109.72,27.04,98136.76,True,True,True,19,4,63.49,100.0,
00_openstack_credentials.yaml,Secret,4,0,0,0,0,0,10,14,0,1,7117.12,0.0,7117.12,True,True,True,0,0,100.0,
00_persistent_volume_claim.yaml,PersistentVolumeClaim,2,1,1,0,1,0,10,7,3,1,13801.41,7.79,13809.2,True,True,True,1,3,81.82,0.0,
00_secret.yaml,Secret,4,0,0,0,0,0,7,14,0,2,7125.04,0.0,7125.04,True,True,True,0,0,100.0,
00_us_nginx.yaml,Deployment,31,7,7,4,11,0,24,422,176,1,97752.22,25.56,97777.78,True,True,True,15,0,73.68,100.0,
01-1.redis-leader-dep_1.yaml,Deployment,31,8,8,2,10,0,28,422,178,18,97706.76,28.94,97735.7,True,True,True,12,1,81.69,100.0,
01-1.sample.yaml,Pod,61,13,13,7,20,0,11,481,187,1,178635.17,20.74,178655.91,True,True,True,23,1,42.86,100.0,
01-1.sample1.yaml,Pod,61,13,13,7,20,0,11,481,187,1,178621.45,20.81,178642.26,True,True,True,23,1,45.45,100.0,
01-2.nginx.yaml,Deployment,31,8,8,5,13,0,24,422,178,1,97619.7,25.03,97644.73,True,True,True,17,2,66.67,100.0,
01-2.nginx1.yaml,Deployment,31,8,8,5,13,0,24,422,178,1,97693.88,24.8,97718.68,True,True,True,17,2,66.67,100.0,
01-2.redis-leader-svc.yaml,Service,6,1,1,0,1,0,16,13,2,9,27880.4,13.48,27893.88,True,True,True,2,2,88.24,100.0,
01-3.redis-follower-ha.yaml,Deployment,31,7,7,2,9,0,28,422,176,18,98125.87,28.99,98154.86,True,True,True,12,1,81.69,100.0,
01-4.redis-follower-dis.yaml,Service,6,1,1,0,1,0,14,13,2,9,28075.52,12.41,28087.93,True,True,True,2,2,87.5,100.0,
01-5.guestbook-front-dep.yaml,Deployment,31,7,7,2,9,0,28,422,176,8,98218.74,28.17,98246.91,True,True,True,14,3,75.36,100.0,
01-6.guestbook-front-svc.yaml,Service,6,2,2,0,2,0,16,13,4,4,27821.72,11.73,27833.45,True,True,True,3,3,80.0,100.0,
01-access-role_2.yaml,RoleBinding,4,0,0,0,0,0,14,12,0,1,7507.89,0.0,7507.89,True,True,True,0,0,100.0,
01-access-role_3.yaml,Pod,61,13,13,6,19,0,9,481,187,1,178603.48,20.63,178624.11,True,True,True,23,1,40.0,100.0,
01-app-pv.yaml,PersistentVolume,1,0,0,1,1,0,17,0,0,2,47.17,12.07,59.24,True,True,True,5,5,68.75,100.0,
01-app1.yaml,Deployment,31,8,8,4,12,0,24,422,178,1,97828.69,24.97,97853.66,True,True,True,16,1,70.18,100.0,
01-app11.yaml,Deployment,31,8,8,4,12,0,24,422,178,1,97715.52,25.52,97741.04,True,True,True,16,1,70.18,100.0,
01-app11_1.yaml,Service,6,2,2,0,2,0,20,13,4,1,28128.83,23.4,28152.23,True,True,True,2,2,86.67,100.0,
01-app12.yaml,Deployment,31,8,8,4,12,0,24,422,178,1,98189.2,25.44,98214.64,True,True,True,16,1,70.18,100.0,
01-app12_1.yaml,Service,6,2,2,0,2,0,20,13,4,1,27827.53,11.73,27839.26,True,True,True,2,2,86.67,100.0,
01-app13.yaml,Deployment,31,8,8,4,12,0,24,422,178,1,98107.23,25.12,98132.35,True,True,True,16,1,70.18,100.0,
01-app13_1.yaml,Service,6,2,2,0,2,0,20,13,4,1,29795.26,14.15,29809.41,True,True,True,2,2,86.67,100.0,
01-app14.yaml,Deployment,31,8,8,4,12,0,24,422,178,1,99321.26,24.74,99346.0,True,True,True,16,1,70.18,100.0,
01-app14_1.yaml,Service,6,2,2,0,2,0,20,13,4,1,27814.71,11.69,27826.4,True,True,True,2,2,86.67,100.0,
01-app15.yaml,Deployment,31,8,8,4,12,0,24,422,178,1,98387.41,24.82,98412.23,True,True,True,16,1,70.18,100.0,
01-app15_1.yaml,Service,6,2,2,0,2,0,20,13,4,1,28008.86,11.85,28020.71,True,True,True,2,2,86.67,100.0,
01-app16.yaml,Deployment,31,8,8,4,12,0,24,422,178,1,98305.22,25.16,98330.38,True,True,True,16,1,70.18,100.0,
01-app16_1.yaml,Service,6,1,1,0,1,0,20,13,2,1,27999.11,11.73,28010.84,True,True,True,1,1,93.33,100.0,
01-app1_1.yaml,Service,6,2,2,0,2,0,20,13,4,1,28020.7,11.86,28032.56,True,True,True,2,2,86.67,100.0,
01-assert1.yaml,Unknown,SCHEMA_ERROR,,,,,,0,0,0,0,484.53,0.0,484.53,,,,0,0,0.0,0.0,"C:\Users\CAOSD\projects\tool-security-rules\resources\dataset_yamls\original_yamls_10k\01-assert1.yaml - StatefulSet caddy is invalid: problem validating schema. Check JSON formatting: jsonschema validation failed with 'https://raw.githubusercontent.com/yannh/kubernetes-json-schema/master/master-standalone-strict/statefulset-apps-v1.json#' - at '': missing property 'spec' | Summary: 1 resource found in 1 file - Valid: 0, Invalid: 1, Errors: 0, Skipped: 0"
01-assert10.yaml,Unknown,SCHEMA_ERROR,,,,,,0,0,0,0,272.28,0.0,272.28,,,,0,0,0.0,0.0,"C:\Users\CAOSD\projects\tool-security-rules\resources\dataset_yamls\original_yamls_10k\01-assert10.yaml - StatefulSet hello-world-server is invalid: problem validating schema. Check JSON formatting: jsonschema validation failed with 'https://raw.githubusercontent.com/yannh/kubernetes-json-schema/master/master-standalone-strict/statefulset-apps-v1.json#' - at '': missing property 'spec' - at '/status': missing property 'replicas' | Summary: 1 resource found in 1 file - Valid: 0, Invalid: 1, Errors: 0, Skipped: 0"
01-assert11.yaml,Pod,61,6,6,0,6,6,7,481,18,1,180866.77,6.69,180873.46,False,True,True,0,0,100.0,100.0,
01-assert11_1.yaml,Pod,61,6,6,0,6,6,7,481,18,1,180978.76,6.64,180985.4,False,True,True,0,0,100.0,100.0,
01-assert11_2.yaml,Pod,61,6,6,0,6,6,7,481,18,1,180934.07,6.49,180940.56,False,True,True,0,0,100.0,100.0,
01-assert1_1.yaml,Pod,61,6,6,0,6,6,6,481,18,1,180743.7,5.98,180749.68,False,True,True,0,0,100.0,100.0,
01-assert23_1.yaml,Service,6,1,1,0,1,0,4,13,2,1,28232.82,5.96,28238.78,True,True,True,3,0,72.73,100.0,
01-assert23_3.yaml,Unknown,SCHEMA_ERROR,,,,,,0,0,0,0,423.2,0.0,423.2,,,,0,0,0.0,0.0,"C:\Users\CAOSD\projects\tool-security-rules\resources\dataset_yamls\original_yamls_10k\01-assert23_3.yaml - Deployment example-argocd-redis is invalid: problem validating schema. Check JSON formatting: jsonschema validation failed with 'https://raw.githubusercontent.com/yannh/kubernetes-json-schema/master/master-standalone-strict/deployment-apps-v1.json#' - at '': missing property 'spec' | Summary: 1 resource found in 1 file - Valid: 0, Invalid: 1, Errors: 0, Skipped: 0"
01-assert24_2.yaml,Unknown,SCHEMA_ERROR,,,,,,0,0,0,0,426.65,0.0,426.65,,,,0,0,0.0,0.0,"C:\Users\CAOSD\projects\tool-security-rules\resources\dataset_yamls\original_yamls_10k\01-assert24_2.yaml - Deployment example-argocd-repo-server is invalid: problem validating schema. Check JSON formatting: jsonschema validation failed with 'https://raw.githubusercontent.com/yannh/kubernetes-json-schema/master/master-standalone-strict/deployment-apps-v1.json#' - at '': missing property 'spec' | Summary: 1 resource found in 1 file - Valid: 0, Invalid: 1, Errors: 0, Skipped: 0"
01-assert25_10.yaml,Unknown,SCHEMA_ERROR,,,,,,0,0,0,0,279.69,0.0,279.69,,,,0,0,0.0,0.0,"C:\Users\CAOSD\projects\tool-security-rules\resources\dataset_yamls\original_yamls_10k\01-assert25_10.yaml - RoleBinding example-argocd-argocd-server is invalid: problem validating schema. Check JSON formatting: jsonschema validation failed with 'https://raw.githubusercontent.com/yannh/kubernetes-json-schema/master/master-standalone-strict/rolebinding-rbac-v1.json#' - at '': missing property 'roleRef' | Summary: 1 resource found in 1 file - Valid: 0, Invalid: 1, Errors: 0, Skipped: 0"
01-assert25_11.yaml,Unknown,SCHEMA_ERROR,,,,,,0,0,0,0,103.94,0.0,103.94,,,,0,0,0.0,0.0,"C:\Users\CAOSD\projects\tool-security-rules\resources\dataset_yamls\original_yamls_10k\01-assert25_11.yaml - RoleBinding example-argocd-argocd-redis-ha is invalid: problem validating schema. Check JSON formatting: jsonschema validation failed with 'https://raw.githubusercontent.com/yannh/kubernetes-json-schema/master/master-standalone-strict/rolebinding-rbac-v1.json#' - at '': missing property 'roleRef' | Summary: 1 resource found in 1 file - Valid: 0, Invalid: 1, Errors: 0, Skipped: 0"
01-assert25_2.yaml,Unknown,SCHEMA_ERROR,,,,,,0,0,0,0,436.9,0.0,436.9,,,,0,0,0.0,0.0,"C:\Users\CAOSD\projects\tool-security-rules\resources\dataset_yamls\original_yamls_10k\01-assert25_2.yaml - StatefulSet example-argocd-application-controller is invalid: problem validating schema. Check JSON formatting: jsonschema validation failed with 'https://raw.githubusercontent.com/yannh/kubernetes-json-schema/master/master-standalone-strict/statefulset-apps-v1.json#' - at '': missing property 'spec' - at '/status': missing property 'replicas' | Summary: 1 resource found in 1 file - Valid: 0, Invalid: 1, Errors: 0, Skipped: 0"
01-assert25_3.yaml,Unknown,SCHEMA_ERROR,,,,,,0,0,0,0,267.83,0.0,267.83,,,,0,0,0.0,0.0,"C:\Users\CAOSD\projects\tool-security-rules\resources\dataset_yamls\original_yamls_10k\01-assert25_3.yaml - Deployment example-argocd-redis is invalid: problem validating schema. Check JSON formatting: jsonschema validation failed with 'https://raw.githubusercontent.com/yannh/kubernetes-json-schema/master/master-standalone-strict/deployment-apps-v1.json#' - at '': missing property 'spec' | Summary: 1 resource found in 1 file - Valid: 0, Invalid: 1, Errors: 0, Skipped: 0"
01-assert25_4.yaml,Unknown,SCHEMA_ERROR,,,,,,0,0,0,0,297.38,0.0,297.38,,,,0,0,0.0,0.0,"C:\Users\CAOSD\projects\tool-security-rules\resources\dataset_yamls\original_yamls_10k\01-assert25_4.yaml - Deployment example-argocd-repo-server is invalid: problem validating schema. Check JSON formatting: jsonschema validation failed with 'https://raw.githubusercontent.com/yannh/kubernetes-json-schema/master/master-standalone-strict/deployment-apps-v1.json#' - at '': missing property 'spec' | Summary: 1 resource found in 1 file - Valid: 0, Invalid: 1, Errors: 0, Skipped: 0"
01-assert25_5.yaml,Unknown,SCHEMA_ERROR,,,,,,0,0,0,0,273.8,0.0,273.8,,,,0,0,0.0,0.0,"C:\Users\CAOSD\projects\tool-security-rules\resources\dataset_yamls\original_yamls_10k\01-assert25_5.yaml - Deployment example-argocd-server is invalid: problem validating schema. Check JSON formatting: jsonschema validation failed with 'https://raw.githubusercontent.com/yannh/kubernetes-json-schema/master/master-standalone-strict/deployment-apps-v1.json#' - at '': missing property 'spec' | Summary: 1 resource found in 1 file - Valid: 0, Invalid: 1, Errors: 0, Skipped: 0"
01-assert25_6.yaml,ServiceAccount,3,0,0,0,0,0,4,7,0,1,7384.88,0.0,7384.88,True,True,True,0,0,100.0,
01-assert25_7.yaml,ServiceAccount,3,0,0,0,0,0,4,7,0,1,7087.0,0.0,7087.0,True,True,True,0,0,100.0,
01-assert25_8.yaml,ServiceAccount,3,0,0,0,0,0,4,7,0,1,7120.99,0.0,7120.99,True,True,True,0,0,100.0,
01-assert25_9.yaml,Unknown,SCHEMA_ERROR,,,,,,0,0,0,0,253.16,0.0,253.16,,,,0,0,0.0,0.0,"C:\Users\CAOSD\projects\tool-security-rules\resources\dataset_yamls\original_yamls_10k\01-assert25_9.yaml - RoleBinding example-argocd-argocd-application-controller is invalid: problem validating schema. Check JSON formatting: jsonschema validation failed with 'https://raw.githubusercontent.com/yannh/kubernetes-json-schema/master/master-standalone-strict/rolebinding-rbac-v1.json#' - at '': missing property 'roleRef' | Summary: 1 resource found in 1 file - Valid: 0, Invalid: 1, Errors: 0, Skipped: 0"
01-assert26_1.yaml,Unknown,SCHEMA_ERROR,,,,,,0,0,0,0,225.7,0.0,225.7,,,,0,0,0.0,0.0,"C:\Users\CAOSD\projects\tool-security-rules\resources\dataset_yamls\original_yamls_10k\01-assert26_1.yaml - ClusterRoleBinding example-argocd-argocd-e2e-cluster-config-argocd-application-controller is invalid: problem validating schema. Check JSON formatting: jsonschema validation failed with 'https://raw.githubusercontent.com/yannh/kubernetes-json-schema/master/master-standalone-strict/clusterrolebinding-rbac-v1.json#' - at '': missing property 'roleRef' | Summary: 1 resource found in 1 file - Valid: 0, Invalid: 1, Errors: 0, Skipped: 0"
01-assert26_2.yaml,Unknown,SCHEMA_ERROR,,,,,,0,0,0,0,215.59,0.0,215.59,,,,0,0,0.0,0.0,"C:\Users\CAOSD\projects\tool-security-rules\resources\dataset_yamls\original_yamls_10k\01-assert26_2.yaml - ClusterRoleBinding example-argocd-argocd-e2e-cluster-config-argocd-server is invalid: problem validating schema. Check JSON formatting: jsonschema validation failed with 'https://raw.githubusercontent.com/yannh/kubernetes-json-schema/master/master-standalone-strict/clusterrolebinding-rbac-v1.json#' - at '': missing property 'roleRef' | Summary: 1 resource found in 1 file - Valid: 0, Invalid: 1, Errors: 0, Skipped: 0"
01-assert27_10.yaml,Unknown,SCHEMA_ERROR,,,,,,0,0,0,0,274.33,0.0,274.33,,,,0,0,0.0,0.0,"C:\Users\CAOSD\projects\tool-security-rules\resources\dataset_yamls\original_yamls_10k\01-assert27_10.yaml - StatefulSet argocd-application-controller is invalid: problem validating schema. Check JSON formatting: jsonschema validation failed with 'https://raw.githubusercontent.com/yannh/kubernetes-json-schema/master/master-standalone-strict/statefulset-apps-v1.json#' - at '': missing property 'spec' | Summary: 1 resource found in 1 file - Valid: 0, Invalid: 1, Errors: 0, Skipped: 0"
01-assert27_2.yaml,Secret,4,0,0,0,0,0,4,14,0,1,7352.75,0.0,7352.75,True,True,True,0,0,100.0,
01-assert27_3.yaml,Secret,4,0,0,0,0,0,4,14,0,1,7113.2,0.0,7113.2,True,True,True,0,0,100.0,
01-assert27_4.yaml,Secret,4,0,0,0,0,0,4,14,0,1,7361.51,0.0,7361.51,True,True,True,0,0,100.0,
01-assert27_5.yaml,Secret,4,0,0,0,0,0,4,14,0,1,7135.82,0.0,7135.82,True,True,True,0,0,100.0,
01-assert27_6.yaml,Secret,4,0,0,0,0,0,4,14,0,1,7134.75,0.0,7134.75,True,True,True,0,0,100.0,
01-assert27_7.yaml,Unknown,SCHEMA_ERROR,,,,,,0,0,0,0,260.34,0.0,260.34,,,,0,0,0.0,0.0,"C:\Users\CAOSD\projects\tool-security-rules\resources\dataset_yamls\original_yamls_10k\01-assert27_7.yaml - Deployment argocd-redis is invalid: problem validating schema. Check JSON formatting: jsonschema validation failed with 'https://raw.githubusercontent.com/yannh/kubernetes-json-schema/master/master-standalone-strict/deployment-apps-v1.json#' - at '': missing property 'spec' | Summary: 1 resource found in 1 file - Valid: 0, Invalid: 1, Errors: 0, Skipped: 0"
01-assert27_8.yaml,Unknown,SCHEMA_ERROR,,,,,,0,0,0,0,275.98,0.0,275.98,,,,0,0,0.0,0.0,"C:\Users\CAOSD\projects\tool-security-rules\resources\dataset_yamls\original_yamls_10k\01-assert27_8.yaml - Deployment argocd-server is invalid: problem validating schema. Check JSON formatting: jsonschema validation failed with 'https://raw.githubusercontent.com/yannh/kubernetes-json-schema/master/master-standalone-strict/deployment-apps-v1.json#' - at '': missing property 'spec' | Summary: 1 resource found in 1 file - Valid: 0, Invalid: 1, Errors: 0, Skipped: 0"
01-assert27_9.yaml,Unknown,SCHEMA_ERROR,,,,,,0,0,0,0,278.16,0.0,278.16,,,,0,0,0.0,0.0,"C:\Users\CAOSD\projects\tool-security-rules\resources\dataset_yamls\original_yamls_10k\01-assert27_9.yaml - Deployment argocd-repo-server is invalid: problem validating schema. Check JSON formatting: jsonschema validation failed with 'https://raw.githubusercontent.com/yannh/kubernetes-json-schema/master/master-standalone-strict/deployment-apps-v1.json#' - at '': missing property 'spec' | Summary: 1 resource found in 1 file - Valid: 0, Invalid: 1, Errors: 0, Skipped: 0"
01-assert3.yaml,Unknown,SCHEMA_ERROR,,,,,,0,0,0,0,268.44,0.0,268.44,,,,0,0,0.0,0.0,"C:\Users\CAOSD\projects\tool-security-rules\resources\dataset_yamls\original_yamls_10k\01-assert3.yaml - StatefulSet caddy is invalid: problem validating schema. Check JSON formatting: jsonschema validation failed with 'https://raw.githubusercontent.com/yannh/kubernetes-json-schema/master/master-standalone-strict/statefulset-apps-v1.json#' - at '': missing property 'spec' | Summary: 1 resource found in 1 file - Valid: 0, Invalid: 1, Errors: 0, Skipped: 0"
01-assert30_2.yaml,Unknown,SCHEMA_ERROR,,,,,,0,0,0,0,309.13,0.0,309.13,,,,0,0,0.0,0.0,"C:\Users\CAOSD\projects\tool-security-rules\resources\dataset_yamls\original_yamls_10k\01-assert30_2.yaml - Deployment argocd-server is invalid: problem validating schema. Check JSON formatting: jsonschema validation failed with 'https://raw.githubusercontent.com/yannh/kubernetes-json-schema/master/master-standalone-strict/deployment-apps-v1.json#' - at '/spec': missing property 'selector' - at '/spec/template/spec/containers/0': missing property 'name' | Summary: 1 resource found in 1 file - Valid: 0, Invalid: 1, Errors: 0, Skipped: 0"
01-assert30_3.yaml,Unknown,SCHEMA_ERROR,,,,,,0,0,0,0,278.24,0.0,278.24,,,,0,0,0.0,0.0,"C:\Users\CAOSD\projects\tool-security-rules\resources\dataset_yamls\original_yamls_10k\01-assert30_3.yaml - Deployment argocd-repo-server is invalid: problem validating schema. Check JSON formatting: jsonschema validation failed with 'https://raw.githubusercontent.com/yannh/kubernetes-json-schema/master/master-standalone-strict/deployment-apps-v1.json#' - at '/spec': missing property 'selector' - at '/spec/template/spec/containers/0': missing property 'name' | Summary: 1 resource found in 1 file - Valid: 0, Invalid: 1, Errors: 0, Skipped: 0"
01-assert30_4.yaml,Unknown,SCHEMA_ERROR,,,,,,0,0,0,0,284.01,0.0,284.01,,,,0,0,0.0,0.0,"C:\Users\CAOSD\projects\tool-security-rules\resources\dataset_yamls\original_yamls_10k\01-assert30_4.yaml - StatefulSet argocd-application-controller is invalid: problem validating schema. Check JSON formatting: jsonschema validation failed with 'https://raw.githubusercontent.com/yannh/kubernetes-json-schema/master/master-standalone-strict/statefulset-apps-v1.json#' - at '/spec': missing property 'selector' - at '/spec/template/spec/containers/0': missing property 'name' | Summary: 1 resource found in 1 file - Valid: 0, Invalid: 1, Errors: 0, Skipped: 0"
01-assert31_2.yaml,RoleBinding,4,0,0,0,0,0,12,12,0,1,7366.57,0.0,7366.57,True,True,True,0,0,100.0,
01-assert31_3.yaml,RoleBinding,4,0,0,0,0,0,12,12,0,1,7102.32,0.0,7102.32,True,True,True,0,0,100.0,
01-assert31_4.yaml,RoleBinding,4,0,0,0,0,0,12,12,0,1,7131.06,0.0,7131.06,True,True,True,0,0,100.0,
01-assert39_2.yaml,Unknown,SCHEMA_ERROR,,,,,,0,0,0,0,294.27,0.0,294.27,,,,0,0,0.0,0.0,"C:\Users\CAOSD\projects\tool-security-rules\resources\dataset_yamls\original_yamls_10k\01-assert39_2.yaml - Deployment keycloak is invalid: problem validating schema. Check JSON formatting: jsonschema validation failed with 'https://raw.githubusercontent.com/yannh/kubernetes-json-schema/master/master-standalone-strict/deployment-apps-v1.json#' - at '': missing property 'spec' | Summary: 1 resource found in 1 file - Valid: 0, Invalid: 1, Errors: 0, Skipped: 0"
01-assert39_3.yaml,Service,6,1,1,0,1,0,4,13,2,1,28523.99,5.92,28529.91,True,True,True,3,0,72.73,100.0,
01-assert39_4.yaml,Ingress,3,1,1,0,1,0,4,4,2,1,13817.19,6.54,13823.73,True,True,True,5,0,61.54,100.0,
01-assert3_1.yaml,Pod,61,6,6,0,6,6,6,481,18,1,180849.22,5.86,180855.08,False,True,True,0,0,100.0,100.0,
01-assert41_2.yaml,RoleBinding,4,0,0,0,0,0,9,12,0,1,7227.06,0.0,7227.06,True,True,True,0,0,100.0,
01-assert41_3.yaml,RoleBinding,4,0,0,0,0,0,9,12,0,1,7318.23,0.0,7318.23,True,True,True,0,0,100.0,
01-assert43_1.yaml,Unknown,SCHEMA_ERROR,,,,,,0,0,0,0,429.65,0.0,429.65,,,,0,0,0.0,0.0,"C:\Users\CAOSD\projects\tool-security-rules\resources\dataset_yamls\original_yamls_10k\01-assert43_1.yaml - StatefulSet example-argocd-application-controller is invalid: problem validating schema. Check JSON formatting: jsonschema validation failed with 'https://raw.githubusercontent.com/yannh/kubernetes-json-schema/master/master-standalone-strict/statefulset-apps-v1.json#' - at '/spec': missing property 'selector' - at '/spec/template/spec': missing property 'containers' | Summary: 1 resource found in 1 file - Valid: 0, Invalid: 1, Errors: 0, Skipped: 0"
01-assert43_2.yaml,Unknown,SCHEMA_ERROR,,,,,,0,0,0,0,430.8,0.0,430.8,,,,0,0,0.0,0.0,"C:\Users\CAOSD\projects\tool-security-rules\resources\dataset_yamls\original_yamls_10k\01-assert43_2.yaml - Deployment example-argocd-redis is invalid: problem validating schema. Check JSON formatting: jsonschema validation failed with 'https://raw.githubusercontent.com/yannh/kubernetes-json-schema/master/master-standalone-strict/deployment-apps-v1.json#' - at '/spec': missing property 'selector' - at '/spec/template/spec': missing property 'containers' | Summary: 1 resource found in 1 file - Valid: 0, Invalid: 1, Errors: 0, Skipped: 0"
01-assert43_3.yaml,Unknown,SCHEMA_ERROR,,,,,,0,0,0,0,290.28,0.0,290.28,,,,0,0,0.0,0.0,"C:\Users\CAOSD\projects\tool-security-rules\resources\dataset_yamls\original_yamls_10k\01-assert43_3.yaml - Deployment example-argocd-repo-server is invalid: problem validating schema. Check JSON formatting: jsonschema validation failed with 'https://raw.githubusercontent.com/yannh/kubernetes-json-schema/master/master-standalone-strict/deployment-apps-v1.json#' - at '/spec': missing property 'selector' - at '/spec/template/spec': missing property 'containers' | Summary: 1 resource found in 1 file - Valid: 0, Invalid: 1, Errors: 0, Skipped: 0"
01-assert43_4.yaml,Unknown,SCHEMA_ERROR,,,,,,0,0,0,0,438.83,0.0,438.83,,,,0,0,0.0,0.0,"C:\Users\CAOSD\projects\tool-security-rules\resources\dataset_yamls\original_yamls_10k\01-assert43_4.yaml - Deployment example-argocd-server is invalid: problem validating schema. Check JSON formatting: jsonschema validation failed with 'https://raw.githubusercontent.com/yannh/kubernetes-json-schema/master/master-standalone-strict/deployment-apps-v1.json#' - at '/spec': missing property 'selector' - at '/spec/template/spec': missing property 'containers' | Summary: 1 resource found in 1 file - Valid: 0, Invalid: 1, Errors: 0, Skipped: 0"
01-assert44_2.yaml,RoleBinding,4,0,0,0,0,0,13,12,0,2,7147.26,0.0,7147.26,True,True,True,0,0,100.0,
01-assert44_5.yaml,RoleBinding,4,0,0,0,0,0,13,12,0,2,7146.67,0.0,7146.67,True,True,True,0,0,100.0,
01-assert49_1.yaml,Unknown,SCHEMA_ERROR,,,,,,0,0,0,0,275.04,0.0,275.04,,,,0,0,0.0,0.0,"C:\Users\CAOSD\projects\tool-security-rules\resources\dataset_yamls\original_yamls_10k\01-assert49_1.yaml - Deployment example-argocd-repo-server is invalid: problem validating schema. Check JSON formatting: jsonschema validation failed with 'https://raw.githubusercontent.com/yannh/kubernetes-json-schema/master/master-standalone-strict/deployment-apps-v1.json#' - at '': missing property 'spec' | Summary: 1 resource found in 1 file - Valid: 0, Invalid: 1, Errors: 0, Skipped: 0"
01-assert5.yaml,Unknown,SCHEMA_ERROR,,,,,,0,0,0,0,258.96,0.0,258.96,,,,0,0,0.0,0.0,"C:\Users\CAOSD\projects\tool-security-rules\resources\dataset_yamls\original_yamls_10k\01-assert5.yaml - Deployment backstage is invalid: problem validating schema. Check JSON formatting: jsonschema validation failed with 'https://raw.githubusercontent.com/yannh/kubernetes-json-schema/master/master-standalone-strict/deployment-apps-v1.json#' - at '': missing property 'spec' | Summary: 1 resource found in 1 file - Valid: 0, Invalid: 1, Errors: 0, Skipped: 0"
01-assert50_1.yaml,Unknown,SCHEMA_ERROR,,,,,,0,0,0,0,286.19,0.0,286.19,,,,0,0,0.0,0.0,"C:\Users\CAOSD\projects\tool-security-rules\resources\dataset_yamls\original_yamls_10k\01-assert50_1.yaml - Deployment example-argocd-applicationset-controller is invalid: problem validating schema. Check JSON formatting: jsonschema validation failed with 'https://raw.githubusercontent.com/yannh/kubernetes-json-schema/master/master-standalone-strict/deployment-apps-v1.json#' - at '': missing property 'spec' | Summary: 1 resource found in 1 file - Valid: 0, Invalid: 1, Errors: 0, Skipped: 0"
01-assert51_1.yaml,Unknown,SCHEMA_ERROR,,,,,,0,0,0,0,265.45,0.0,265.45,,,,0,0,0.0,0.0,"C:\Users\CAOSD\projects\tool-security-rules\resources\dataset_yamls\original_yamls_10k\01-assert51_1.yaml - Deployment example-argocd-applicationset-controller is invalid: problem validating schema. Check JSON formatting: jsonschema validation failed with 'https://raw.githubusercontent.com/yannh/kubernetes-json-schema/master/master-standalone-strict/deployment-apps-v1.json#' - at '': missing property 'spec' | Summary: 1 resource found in 1 file - Valid: 0, Invalid: 1, Errors: 0, Skipped: 0"
01-assert53_1.yaml,Unknown,SCHEMA_ERROR,,,,,,0,0,0,0,255.41,0.0,255.41,,,,0,0,0.0,0.0,"C:\Users\CAOSD\projects\tool-security-rules\resources\dataset_yamls\original_yamls_10k\01-assert53_1.yaml - Deployment example-argocd-server is invalid: problem validating schema. Check JSON formatting: jsonschema validation failed with 'https://raw.githubusercontent.com/yannh/kubernetes-json-schema/master/master-standalone-strict/deployment-apps-v1.json#' - at '/spec': missing properties 'selector', 'template' | Summary: 1 resource found in 1 file - Valid: 0, Invalid: 1, Errors: 0, Skipped: 0"
01-assert54_2.yaml,Unknown,SCHEMA_ERROR,,,,,,0,0,0,0,324.44,0.0,324.44,,,,0,0,0.0,0.0,"C:\Users\CAOSD\projects\tool-security-rules\resources\dataset_yamls\original_yamls_10k\01-assert54_2.yaml - Deployment argocd-applicationset-controller is invalid: problem validating schema. Check JSON formatting: jsonschema validation failed with 'https://raw.githubusercontent.com/yannh/kubernetes-json-schema/master/master-standalone-strict/deployment-apps-v1.json#' - at '/spec/template/spec/containers/0': missing property 'name' | Summary: 1 resource found in 1 file - Valid: 0, Invalid: 1, Errors: 0, Skipped: 0"
01-assert55_3.yaml,Service,6,1,1,0,1,0,4,13,2,1,28645.36,6.05,28651.41,True,True,True,3,0,72.73,100.0,
01-assert55_5.yaml,Secret,4,0,0,0,0,0,5,14,0,1,7216.34,0.0,7216.34,True,True,True,0,0,100.0,
01-assert56_2.yaml,Ingress,3,1,1,0,1,0,4,4,2,1,13812.93,6.44,13819.37,True,True,True,5,0,61.54,100.0,
01-assert58_2.yaml,ServiceAccount,3,0,0,0,0,0,4,7,0,1,7203.47,0.0,7203.47,True,True,True,0,0,100.0,
01-assert5_1.yaml,Unknown,SCHEMA_ERROR,,,,,,0,0,0,0,269.47,0.0,269.47,,,,0,0,0.0,0.0,"C:\Users\CAOSD\projects\tool-security-rules\resources\dataset_yamls\original_yamls_10k\01-assert5_1.yaml - StatefulSet backstage-postgresql is invalid: problem validating schema. Check JSON formatting: jsonschema validation failed with 'https://raw.githubusercontent.com/yannh/kubernetes-json-schema/master/master-standalone-strict/statefulset-apps-v1.json#' - at '': missing property 'spec' - at '/status': missing property 'replicas' | Summary: 1 resource found in 1 file - Valid: 0, Invalid: 1, Errors: 0, Skipped: 0"
01-assert5_2.yaml,Secret,4,0,0,0,0,0,9,14,0,1,7325.58,0.0,7325.58,True,True,True,0,0,100.0,
01-assert5_3.yaml,Unknown,SCHEMA_ERROR,,,,,,0,0,0,0,292.6,0.0,292.6,,,,0,0,0.0,0.0,"C:\Users\CAOSD\projects\tool-security-rules\resources\dataset_yamls\original_yamls_10k\01-assert5_3.yaml - Deployment backstage is invalid: problem validating schema. Check JSON formatting: jsonschema validation failed with 'https://raw.githubusercontent.com/yannh/kubernetes-json-schema/master/master-standalone-strict/deployment-apps-v1.json#' - at '/spec': missing property 'selector' - at '/spec/template/spec': missing property 'containers' | Summary: 1 resource found in 1 file - Valid: 0, Invalid: 1, Errors: 0, Skipped: 0"
01-assert62_1.yaml,Unknown,SCHEMA_ERROR,,,,,,0,0,0,0,402.57,0.0,402.57,,,,0,0,0.0,0.0,"C:\Users\CAOSD\projects\tool-security-rules\resources\dataset_yamls\original_yamls_10k\01-assert62_1.yaml - Deployment argocd-dex-server is invalid: problem validating schema. Check JSON formatting: jsonschema validation failed with 'https://raw.githubusercontent.com/yannh/kubernetes-json-schema/master/master-standalone-strict/deployment-apps-v1.json#' - at '': missing property 'spec' | Summary: 1 resource found in 1 file - Valid: 0, Invalid: 1, Errors: 0, Skipped: 0"
01-assert63_1.yaml,Unknown,SCHEMA_ERROR,,,,,,0,0,0,0,298.79,0.0,298.79,,,,0,0,0.0,0.0,"C:\Users\CAOSD\projects\tool-security-rules\resources\dataset_yamls\original_yamls_10k\01-assert63_1.yaml - StatefulSet kafka-kafka is invalid: problem validating schema. Check JSON formatting: jsonschema validation failed with 'https://raw.githubusercontent.com/yannh/kubernetes-json-schema/master/master-standalone-strict/statefulset-apps-v1.json#' - at '/spec': missing property 'selector' - at '/status': missing property 'replicas' | Summary: 1 resource found in 1 file - Valid: 0, Invalid: 1, Errors: 0, Skipped: 0"
01-assert63_2.yaml,Unknown,SCHEMA_ERROR,,,,,,0,0,0,0,340.29,0.0,340.29,,,,0,0,0.0,0.0,"C:\Users\CAOSD\projects\tool-security-rules\resources\dataset_yamls\original_yamls_10k\01-assert63_2.yaml - Pod kafka-kafka-0 is invalid: problem validating schema. Check JSON formatting: jsonschema validation failed with 'https://raw.githubusercontent.com/yannh/kubernetes-json-schema/master/master-standalone-strict/pod-v1.json#' - at '/spec/containers/0/volumeMounts/1': missing property 'name' - at '/spec/containers/1/volumeMounts/5': missing property 'name' | Summary: 1 resource found in 1 file - Valid: 0, Invalid: 1, Errors: 0, Skipped: 0"
01-assert63_3.yaml,Unknown,SCHEMA_ERROR,,,,,,0,0,0,0,120.67,0.0,120.67,,,,0,0,0.0,0.0,"C:\Users\CAOSD\projects\tool-security-rules\resources\dataset_yamls\original_yamls_10k\01-assert63_3.yaml - Service kafka-svc is invalid: problem validating schema. Check JSON formatting: jsonschema validation failed with 'https://raw.githubusercontent.com/yannh/kubernetes-json-schema/master/master-standalone-strict/service-v1.json#' - at '/metadata/ownerReferences/0': missing property 'uid' | Summary: 1 resource found in 1 file - Valid: 0, Invalid: 1, Errors: 0, Skipped: 0"
01-assert65_1.yaml,Unknown,SCHEMA_ERROR,,,,,,0,0,0,0,269.53,0.0,269.53,,,,0,0,0.0,0.0,"C:\Users\CAOSD\projects\tool-security-rules\resources\dataset_yamls\original_yamls_10k\01-assert65_1.yaml - StatefulSet zk-zookeeper is invalid: problem validating schema. Check JSON formatting: jsonschema validation failed with 'https://raw.githubusercontent.com/yannh/kubernetes-json-schema/master/master-standalone-strict/statefulset-apps-v1.json#' - at '/status': missing property 'replicas' - at '/spec': missing property 'selector' | Summary: 1 resource found in 1 file - Valid: 0, Invalid: 1, Errors: 0, Skipped: 0"
01-authserver.yaml,Deployment,31,8,8,2,10,0,37,422,178,4,98590.01,29.43,98619.44,True,True,True,12,1,83.54,100.0,
01-authserver_1.yaml,Service,6,1,1,0,1,0,21,13,2,1,28016.17,12.55,28028.72,True,True,True,1,1,93.75,100.0,
01-balancer.yaml,Service,6,2,2,0,2,0,19,13,4,3,28038.45,18.62,28057.07,True,True,True,4,4,82.61,100.0,
01-balancer_1.yaml,Deployment,31,8,8,0,8,0,56,422,201,24,98500.0,45.21,98545.21,True,True,True,8,4,90.48,100.0,
01-basic-pod-burstable.yaml,Pod,61,13,13,2,15,0,18,481,187,4,179900.0,23.45,179923.45,True,True,True,17,2,64.15,100.0,
01-basic-pod-burstable1.yaml,Pod,61,13,13,2,15,0,18,481,187,4,179358.15,22.75,179380.9,True,True,True,17,2,64.15,100.0,
01-bookinfo.yaml,Service,6,1,1,0,1,0,14,13,2,2,28076.8,10.28,28087.08,True,True,True,1,1,92.31,100.0,
01-bookinfo1.yaml,Service,6,1,1,0,1,0,14,13,2,2,28429.82,10.22,28440.04,True,True,True,1,1,92.31,100.0,
01-bookinfo1_1.yaml,ServiceAccount,3,0,0,0,0,0,7,7,0,1,7201.03,0.0,7201.03,True,True,True,0,0,100.0,
01-bookinfo1_10.yaml,Deployment,31,8,8,4,12,0,35,422,178,32,98422.0,35.9,98457.9,True,True,True,16,3,79.12,100.0,
01-bookinfo1_11.yaml,Service,6,1,1,0,1,0,14,13,2,2,28365.22,10.26,28375.48,True,True,True,1,1,92.31,100.0,
01-bookinfo1_12.yaml,ServiceAccount,3,0,0,0,0,0,7,7,0,1,7192.55,0.0,7192.55,True,True,True,0,0,100.0,
01-bookinfo1_13.yaml,Deployment,31,8,8,4,12,0,35,422,178,24,98351.14,34.73,98385.87,True,True,True,16,2,79.07,100.0,
01-bookinfo1_2.yaml,Deployment,31,8,8,4,12,0,27,422,178,8,98162.64,28.99,98191.63,True,True,True,16,1,74.63,100.0,
01-bookinfo1_3.yaml,Service,6,1,1,0,1,0,14,13,2,2,28317.58,10.57,28328.15,True,True,True,1,1,92.31,100.0,
01-bookinfo1_4.yaml,ServiceAccount,3,0,0,0,0,0,7,7,0,1,7188.83,0.0,7188.83,True,True,True,0,0,100.0,
01-bookinfo1_5.yaml,Deployment,31,8,8,4,12,0,27,422,178,8,98066.88,28.55,98095.43,True,True,True,16,1,74.63,100.0,
01-bookinfo1_6.yaml,Service,6,1,1,0,1,0,14,13,2,2,28421.36,10.4,28431.76,True,True,True,1,1,92.31,100.0,
01-bookinfo1_7.yaml,ServiceAccount,3,0,0,0,0,0,7,7,0,1,7124.35,0.0,7124.35,True,True,True,0,0,100.0,
01-bookinfo1_8.yaml,Deployment,31,8,8,4,12,0,35,422,178,32,98180.47,36.35,98216.82,True,True,True,16,3,79.12,100.0,
01-bookinfo1_9.yaml,Deployment,31,8,8,4,12,0,35,422,178,32,98641.1,35.52,98676.62,True,True,True,16,3,79.12,100.0,
01-bookinfo2.yaml,Service,6,1,1,0,1,0,14,13,2,2,28173.19,10.57,28183.76,True,True,True,1,1,92.31,100.0,
01-bookinfo2_1.yaml,ServiceAccount,3,0,0,0,0,0,7,7,0,1,7185.59,0.0,7185.59,True,True,True,0,0,100.0,
01-bookinfo2_10.yaml,Deployment,31,8,8,4,12,0,35,422,178,32,98462.22,36.12,98498.34,True,True,True,16,3,79.12,100.0,
01-bookinfo2_11.yaml,Service,6,1,1,0,1,0,14,13,2,2,28085.92,10.16,28096.08,True,True,True,1,1,92.31,100.0,
01-bookinfo2_12.yaml,ServiceAccount,3,0,0,0,0,0,7,7,0,1,7393.99,0.0,7393.99,True,True,True,0,0,100.0,
01-bookinfo2_13.yaml,Deployment,31,8,8,4,12,0,35,422,178,24,98304.96,34.95,98339.91,True,True,True,16,2,79.07,100.0,
01-bookinfo2_2.yaml,Deployment,31,8,8,4,12,0,27,422,178,8,98349.66,28.59,98378.25,True,True,True,16,1,74.63,100.0,
01-bookinfo2_3.yaml,Service,6,1,1,0,1,0,14,13,2,2,28006.55,10.44,28016.99,True,True,True,1,1,92.31,100.0,
01-bookinfo2_4.yaml,ServiceAccount,3,0,0,0,0,0,7,7,0,1,7418.78,0.0,7418.78,True,True,True,0,0,100.0,
01-bookinfo2_5.yaml,Deployment,31,8,8,4,12,0,27,422,178,8,98132.0,28.61,98160.61,True,True,True,16,1,74.63,100.0,
01-bookinfo2_6.yaml,Service,6,1,1,0,1,0,14,13,2,2,28005.53,10.46,28015.99,True,True,True,1,1,92.31,100.0,
01-bookinfo2_7.yaml,ServiceAccount,3,0,0,0,0,0,7,7,0,1,7159.53,0.0,7159.53,True,True,True,0,0,100.0,
01-bookinfo2_8.yaml,Deployment,31,8,8,4,12,0,35,422,178,32,98251.55,35.73,98287.28,True,True,True,16,3,79.12,100.0,
01-bookinfo2_9.yaml,Deployment,31,8,8,4,12,0,35,422,178,32,98677.47,36.06,98713.53,True,True,True,16,3,79.12,100.0,
01-bookinfo3.yaml,Service,6,1,1,0,1,0,14,13,2,2,28284.49,10.48,28294.97,True,True,True,1,1,92.31,100.0,
01-bookinfo3_1.yaml,ServiceAccount,3,0,0,0,0,0,7,7,0,1,7135.88,0.0,7135.88,True,True,True,0,0,100.0,
01-bookinfo3_10.yaml,Deployment,31,8,8,4,12,0,35,422,178,32,98230.86,36.09,98266.95,True,True,True,16,3,79.12,100.0,
01-bookinfo3_11.yaml,Service,6,1,1,0,1,0,14,13,2,2,28221.97,10.2,28232.17,True,True,True,1,1,92.31,100.0,
01-bookinfo3_12.yaml,ServiceAccount,3,0,0,0,0,0,7,7,0,1,7188.06,0.0,7188.06,True,True,True,0,0,100.0,
01-bookinfo3_13.yaml,Deployment,31,8,8,4,12,0,35,422,178,24,98293.43,34.68,98328.11,True,True,True,16,2,79.07,100.0,
01-bookinfo3_2.yaml,Deployment,31,8,8,4,12,0,27,422,178,8,100105.87,28.72,100134.59,True,True,True,16,1,74.63,100.0,
01-bookinfo3_3.yaml,Service,6,1,1,0,1,0,14,13,2,2,27891.51,10.41,27901.92,True,True,True,1,1,92.31,100.0,
01-bookinfo3_4.yaml,ServiceAccount,3,0,0,0,0,0,7,7,0,1,7437.32,0.0,7437.32,True,True,True,0,0,100.0,
01-bookinfo3_5.yaml,Deployment,31,8,8,4,12,0,27,422,178,8,97820.73,28.51,97849.24,True,True,True,16,1,74.63,100.0,
01-bookinfo3_6.yaml,Service,6,1,1,0,1,0,14,13,2,2,27837.33,10.37,27847.7,True,True,True,1,1,92.31,100.0,
01-bookinfo3_7.yaml,ServiceAccount,3,0,0,0,0,0,7,7,0,1,7415.6,0.0,7415.6,True,True,True,0,0,100.0,
01-bookinfo3_8.yaml,Deployment,31,8,8,4,12,0,35,422,178,32,97786.66,36.24,97822.9,True,True,True,16,3,79.12,100.0,
01-bookinfo3_9.yaml,Deployment,31,8,8,4,12,0,35,422,178,32,97889.94,35.64,97925.58,True,True,True,16,3,79.12,100.0,
01-bookinfo4.yaml,Service,6,1,1,0,1,0,14,13,2,2,27867.47,10.15,27877.62,True,True,True,1,1,92.31,100.0,
01-bookinfo4_1.yaml,ServiceAccount,3,0,0,0,0,0,7,7,0,1,7428.73,0.0,7428.73,True,True,True,0,0,100.0,
01-bookinfo4_10.yaml,Deployment,31,8,8,4,12,0,35,422,178,32,98015.63,35.91,98051.54,True,True,True,16,3,79.12,100.0,
01-bookinfo4_11.yaml,Service,6,1,1,0,1,0,14,13,2,2,27899.3,10.41,27909.71,True,True,True,1,1,92.31,100.0,
01-bookinfo4_12.yaml,ServiceAccount,3,0,0,0,0,0,7,7,0,1,7130.42,0.0,7130.42,True,True,True,0,0,100.0,
01-bookinfo4_13.yaml,Deployment,31,8,8,4,12,0,35,422,178,24,97745.91,35.25,97781.16,True,True,True,16,2,79.07,100.0,
01-bookinfo4_2.yaml,Deployment,31,8,8,4,12,0,27,422,178,8,97699.82,28.71,97728.53,True,True,True,16,1,74.63,100.0,
01-bookinfo4_3.yaml,Service,6,1,1,0,1,0,14,13,2,2,28041.69,22.06,28063.75,True,True,True,1,1,92.31,100.0,
01-bookinfo4_4.yaml,ServiceAccount,3,0,0,0,0,0,7,7,0,1,7082.79,0.0,7082.79,True,True,True,0,0,100.0,
01-bookinfo4_5.yaml,Deployment,31,8,8,4,12,0,27,422,178,8,97794.84,28.74,97823.58,True,True,True,16,1,74.63,100.0,
01-bookinfo4_6.yaml,Service,6,1,1,0,1,0,14,13,2,2,28221.14,10.33,28231.47,True,True,True,1,1,92.31,100.0,
01-bookinfo4_7.yaml,ServiceAccount,3,0,0,0,0,0,7,7,0,1,7089.08,0.0,7089.08,True,True,True,0,0,100.0,
01-bookinfo4_8.yaml,Deployment,31,8,8,4,12,0,35,422,178,32,97761.82,36.16,97797.98,True,True,True,16,3,79.12,100.0,
01-bookinfo4_9.yaml,Deployment,31,8,8,4,12,0,35,422,178,32,98052.72,35.88,98088.6,True,True,True,16,3,79.12,100.0,
01-bookinfo_1.yaml,ServiceAccount,3,0,0,0,0,0,7,7,0,1,7388.29,0.0,7388.29,True,True,True,0,0,100.0,
01-bookinfo_10.yaml,Deployment,31,8,8,4,12,0,35,422,178,32,97849.76,35.7,97885.46,True,True,True,16,3,79.12,100.0,
01-bookinfo_11.yaml,Service,6,1,1,0,1,0,14,13,2,2,27828.83,10.4,27839.23,True,True,True,1,1,92.31,100.0,
01-bookinfo_12.yaml,ServiceAccount,3,0,0,0,0,0,7,7,0,1,7156.18,0.0,7156.18,True,True,True,0,0,100.0,
01-bookinfo_13.yaml,Deployment,31,8,8,4,12,0,35,422,178,24,97721.33,35.62,97756.95,True,True,True,16,2,79.07,100.0,
01-bookinfo_2.yaml,Deployment,31,8,8,4,12,0,27,422,178,8,97871.81,29.66,97901.47,True,True,True,16,1,74.63,100.0,
01-bookinfo_3.yaml,Service,6,1,1,0,1,0,14,13,2,2,28082.47,10.31,28092.78,True,True,True,1,1,92.31,100.0,
01-bookinfo_4.yaml,ServiceAccount,3,0,0,0,0,0,7,7,0,1,7111.08,0.0,7111.08,True,True,True,0,0,100.0,
01-bookinfo_5.yaml,Deployment,31,8,8,4,12,0,27,422,178,8,97858.56,28.6,97887.16,True,True,True,16,1,74.63,100.0,
01-bookinfo_6.yaml,Service,6,1,1,0,1,0,14,13,2,2,28154.12,10.34,28164.46,True,True,True,1,1,92.31,100.0,
01-bookinfo_7.yaml,ServiceAccount,3,0,0,0,0,0,7,7,0,1,7155.74,0.0,7155.74,True,True,True,0,0,100.0,
01-bookinfo_8.yaml,Deployment,31,8,8,4,12,0,35,422,178,32,97677.05,35.86,97712.91,True,True,True,16,3,79.12,100.0,
01-bookinfo_9.yaml,Deployment,31,8,8,4,12,0,35,422,178,32,97905.27,35.59,97940.86,True,True,True,16,3,79.12,100.0,
01-busybox-env.yaml,Unknown,ERROR_MAP,,,,,,0,0,0,0,0.12,0.0,0.12,,,,0,0,0.0,0.0,"Unsupported apiVersion and kind combination: v1, None"
01-busybox.yaml,Pod,61,15,15,6,21,0,13,481,198,2,178240.39,21.05,178261.44,True,True,True,26,5,34.04,100.0,
01-busybox1.yaml,Pod,61,15,15,6,21,0,13,481,198,2,178179.75,20.86,178200.61,True,True,True,26,5,34.04,100.0,
01-busybox2.yaml,Pod,61,15,15,6,21,0,15,481,198,2,178291.29,22.38,178313.67,True,True,True,26,5,39.22,100.0,
01-ca-key-pair-k8s-lab.yaml,Secret,4,0,0,0,0,0,7,14,0,2,7172.7,0.0,7172.7,True,True,True,0,0,100.0,
01-ca-key-pair-k8s-lab1.yaml,Secret,4,0,0,0,0,0,7,14,0,2,7317.37,0.0,7317.37,True,True,True,0,0,100.0,
01-cafe.yaml,Deployment,31,7,7,4,11,0,21,422,176,1,98195.32,23.53,98218.85,True,True,True,15,0,71.7,100.0,
01-cafe1.yaml,Deployment,31,7,7,4,11,0,21,422,176,1,98116.64,23.37,98140.01,True,True,True,15,0,71.7,100.0,
01-cafe1_1.yaml,Service,6,1,1,0,1,0,15,13,2,1,27821.33,9.59,27830.92,True,True,True,1,1,91.67,100.0,
01-cafe1_2.yaml,Deployment,31,7,7,4,11,0,21,422,176,1,98018.16,23.5,98041.66,True,True,True,15,0,71.7,100.0,
01-cafe1_3.yaml,Service,6,1,1,0,1,0,16,13,2,1,28164.7,10.28,28174.98,True,True,True,1,1,92.31,100.0,
01-cafe2.yaml,Deployment,31,7,7,4,11,0,21,422,176,1,97886.92,23.29,97910.21,True,True,True,15,0,71.7,100.0,
01-cafe2_1.yaml,Service,6,1,1,0,1,0,15,13,2,1,27950.27,9.62,27959.89,True,True,True,1,1,91.67,100.0,
01-cafe2_2.yaml,Deployment,31,7,7,4,11,0,21,422,176,1,98025.82,23.37,98049.19,True,True,True,15,0,71.7,100.0,
01-cafe2_3.yaml,Service,6,1,1,0,1,0,16,13,2,1,28175.3,10.28,28185.58,True,True,True,1,1,92.31,100.0,
01-cafe3.yaml,Deployment,31,7,7,4,11,0,21,422,176,1,98193.65,23.22,98216.87,True,True,True,15,0,71.7,100.0,
01-cafe3_1.yaml,Service,6,1,1,0,1,0,15,13,2,1,27815.42,9.59,27825.01,True,True,True,1,1,91.67,100.0,
01-cafe3_2.yaml,Deployment,31,7,7,4,11,0,21,422,176,1,98496.89,23.42,98520.31,True,True,True,15,0,71.7,100.0,
01-cafe3_3.yaml,Service,6,1,1,0,1,0,16,13,2,1,27825.73,10.28,27836.01,True,True,True,1,1,92.31,100.0,
01-cafe_1.yaml,Service,6,1,1,0,1,0,15,13,2,1,27850.52,9.6,27860.12,True,True,True,1,1,91.67,100.0,
01-cafe_2.yaml,Deployment,31,7,7,4,11,0,21,422,176,1,98041.48,23.74,98065.22,True,True,True,15,0,71.7,100.0,
01-cafe_3.yaml,Service,6,1,1,0,1,0,16,13,2,1,28185.35,10.36,28195.71,True,True,True,1,1,92.31,100.0,
01-carts-dep.yaml,Deployment,31,5,5,0,5,0,51,422,95,8,98325.1,34.65,98359.75,True,True,True,8,10,82.0,100.0,
01-carts-dep1.yaml,Deployment,31,5,5,0,5,0,51,422,95,8,98290.76,34.49,98325.25,True,True,True,8,10,82.0,100.0,
01-carts-dep2.yaml,Deployment,31,5,5,0,5,0,52,422,95,4,98380.15,37.54,98417.69,True,True,True,8,10,82.0,100.0,
01-carts-dep3.yaml,Deployment,31,5,5,0,5,0,52,422,95,4,98438.61,34.64,98473.25,True,True,True,8,10,82.0,100.0,
01-carts-dep4.yaml,Deployment,31,5,5,1,6,0,51,422,103,40,98484.62,35.86,98520.48,True,True,True,30,28,39.58,100.0,
01-carts-dep5.yaml,Deployment,31,5,5,0,5,0,50,422,103,80,98447.96,34.6,98482.56,True,True,True,30,28,39.58,100.0,
01-cluster-ip.yaml,Pod,61,13,13,7,20,0,13,481,187,3,178578.36,23.37,178601.73,True,True,True,23,1,52.0,100.0,
01-cluster-ip1.yaml,Pod,61,13,13,7,20,0,14,481,187,3,179040.67,24.61,179065.28,True,True,True,23,1,53.85,100.0,
01-cluster-ip1_1.yaml,Service,6,1,1,0,1,0,15,13,2,3,27815.14,11.11,27826.25,True,True,True,1,1,92.86,100.0,
01-cluster-ip2.yaml,Service,6,1,1,0,1,0,17,13,2,2,27857.27,11.17,27868.44,True,True,True,1,1,92.86,100.0,
01-cluster-ip2_1.yaml,Deployment,31,7,7,4,11,0,19,422,176,4,98401.7,23.71,98425.41,True,True,True,15,0,71.7,100.0,
01-cluster-ip3.yaml,Pod,61,13,13,7,20,0,13,481,187,3,178841.78,23.48,178865.26,True,True,True,23,1,52.0,100.0,
01-cluster-ip3_1.yaml,Unknown,SCHEMA_ERROR,,,,,,0,0,0,0,256.19,0.0,256.19,,,,0,0,0.0,0.0,"C:\Users\CAOSD\projects\tool-security-rules\resources\dataset_yamls\original_yamls_10k\01-cluster-ip3_1.yaml - Service cluster-ip is invalid: problem validating schema. Check JSON formatting: jsonschema validation failed with 'https://raw.githubusercontent.com/yannh/kubernetes-json-schema/master/master-standalone-strict/service-v1.json#' - at '/spec/ports/0': additional properties 'protocal' not allowed | Summary: 1 resource found in 1 file - Valid: 0, Invalid: 1, Errors: 0, Skipped: 0"
01-cluster-ip4.yaml,Service,6,1,1,0,1,0,17,13,2,2,27868.03,11.43,27879.46,True,True,True,1,1,92.86,100.0,
01-cluster-ip4_1.yaml,Deployment,31,7,7,4,11,0,19,422,176,4,97862.37,23.57,97885.94,True,True,True,15,0,71.7,100.0,
01-cluster-ip_1.yaml,Unknown,SCHEMA_ERROR,,,,,,0,0,0,0,116.69,0.0,116.69,,,,0,0,0.0,0.0,"C:\Users\CAOSD\projects\tool-security-rules\resources\dataset_yamls\original_yamls_10k\01-cluster-ip_1.yaml - Service cluster-ip is invalid: problem validating schema. Check JSON formatting: jsonschema validation failed with 'https://raw.githubusercontent.com/yannh/kubernetes-json-schema/master/master-standalone-strict/service-v1.json#' - at '/spec/ports/0': additional properties 'protocal' not allowed | Summary: 1 resource found in 1 file - Valid: 0, Invalid: 1, Errors: 0, Skipped: 0"
01-cluster-manager-mp1.yaml,Service,6,1,1,0,1,0,19,13,2,1,28136.8,11.91,28148.71,True,True,True,1,1,93.33,100.0,
01-cluster-manager-mp1_1.yaml,StatefulSet,31,8,8,0,8,0,51,424,201,8,98208.46,38.57,98247.03,True,True,True,9,3,88.89,100.0,
01-cluster-manager.yaml,Service,6,1,1,0,1,0,12,13,2,1,28077.29,9.28,28086.57,True,True,True,2,0,90.91,100.0,
01-cluster-manager_1.yaml,StatefulSet,31,7,7,4,11,0,48,424,176,2,98433.98,39.88,98473.86,True,True,True,15,1,84.62,100.0,
01-cluster-role_1.yaml,ClusterRoleBinding,4,0,0,0,0,0,13,12,0,1,7375.88,0.0,7375.88,True,True,True,0,0,100.0,
01-ClusterIP-service.yaml,Service,6,1,1,0,1,0,16,13,2,1,27821.41,10.04,27831.45,True,True,True,1,1,91.67,100.0,
01-ClusterIP-service1.yaml,Service,6,1,1,0,1,0,16,13,2,1,28159.54,9.76,28169.3,True,True,True,1,1,91.67,100.0,
01-ClusterIP-service1_1.yaml,Pod,61,13,13,7,20,0,15,481,187,1,178900.83,22.13,178922.96,True,True,True,23,2,46.81,100.0,
01-ClusterIP-service1_2.yaml,Service,6,1,1,0,1,0,14,13,2,1,27856.17,8.83,27865.0,True,True,True,1,1,90.91,100.0,
01-ClusterIP-service1_3.yaml,Deployment,31,7,7,5,12,0,31,422,176,3,98422.42,43.9,98466.32,True,True,True,32,3,66.02,100.0,
01-ClusterIP-service1_4.yaml,Deployment,31,7,7,4,11,0,35,422,176,1,98356.21,32.06,98388.27,True,True,True,15,0,81.01,100.0,
01-ClusterIP-service2.yaml,Service,6,1,1,0,1,0,16,13,2,1,27978.05,9.75,27987.8,True,True,True,1,1,91.67,100.0,
01-ClusterIP-service2_1.yaml,Pod,61,13,13,7,20,0,15,481,187,1,178909.42,22.64,178932.06,True,True,True,23,2,46.81,100.0,
01-ClusterIP-service2_2.yaml,Service,6,1,1,0,1,0,14,13,2,1,28044.4,8.96,28053.36,True,True,True,1,1,90.91,100.0,
01-ClusterIP-service2_3.yaml,Deployment,31,7,7,5,12,0,31,422,176,3,97997.92,43.01,98040.93,True,True,True,32,3,66.02,100.0,
01-ClusterIP-service2_4.yaml,Deployment,31,7,7,4,11,0,35,422,176,1,98113.12,32.08,98145.2,True,True,True,15,0,81.01,100.0,
01-ClusterIP-service_1.yaml,Pod,61,13,13,7,20,0,15,481,187,1,178809.03,22.0,178831.03,True,True,True,23,2,46.81,100.0,
01-ClusterIP-service_2.yaml,Service,6,1,1,0,1,0,14,13,2,1,27836.97,8.84,27845.81,True,True,True,1,1,90.91,100.0,
01-ClusterIP-service_3.yaml,Deployment,31,7,7,5,12,0,31,422,176,3,98459.16,42.21,98501.37,True,True,True,32,3,66.02,100.0,
01-ClusterIP-service_4.yaml,Deployment,31,7,7,4,11,0,35,422,176,1,97936.35,32.09,97968.44,True,True,True,15,0,81.01,100.0,
01-clusterIP.yaml,Pod,61,13,13,7,20,0,13,481,187,2,178697.17,22.55,178719.72,True,True,True,23,1,50.0,100.0,
01-ClusterIP2.yaml,Unknown,SCHEMA_ERROR,,,,,,0,0,0,0,324.31,0.0,324.31,,,,0,0,0.0,0.0,"C:\Users\CAOSD\projects\tool-security-rules\resources\dataset_yamls\original_yamls_10k\01-ClusterIP2.yaml - Pod web is invalid: problem validating schema. Check JSON formatting: jsonschema validation failed with 'https://raw.githubusercontent.com/yannh/kubernetes-json-schema/master/master-standalone-strict/pod-v1.json#' - at '/spec': missing property 'containers' - at '/spec': additional properties 'container' not allowed | Summary: 1 resource found in 1 file - Valid: 0, Invalid: 1, Errors: 0, Skipped: 0"
01-clusterIP_1.yaml,Service,6,1,1,0,1,0,16,13,2,2,27760.61,10.3,27770.91,True,True,True,1,1,92.31,100.0,
01-cnpg-service.yaml,Secret,4,0,0,0,0,0,7,14,0,2,7426.92,0.0,7426.92,True,True,True,0,0,100.0,
01-cnpg-service_1.yaml,Secret,4,0,0,0,0,0,7,14,0,2,7064.33,0.0,7064.33,True,True,True,0,0,100.0,
01-cnpg-service_2.yaml,Secret,4,0,0,0,0,0,7,14,0,2,7071.24,0.0,7071.24,True,True,True,0,0,100.0,
01-config-node-local-dns.yaml,ServiceAccount,3,0,0,0,0,0,8,7,0,2,7326.12,0.0,7326.12,True,True,True,0,0,100.0,
01-config-node-local-dns_1.yaml,Service,6,1,1,0,1,0,19,13,2,8,27995.3,17.18,28012.48,True,True,True,2,2,90.91,100.0,
01-config-node-local-dns_3.yaml,DaemonSet,31,10,10,2,12,0,69,423,210,5832,100069.04,60.25,100129.29,True,True,True,10,18,84.27,100.0,
01-config-node-local-dns_4.yaml,Service,6,1,1,0,1,0,21,13,2,2,28087.89,14.01,28101.9,True,True,True,1,1,94.44,100.0,
01-configmap4_2.yaml,Deployment,31,7,7,4,11,0,24,422,176,12,98259.01,34.58,98293.59,True,True,True,15,0,81.93,100.0,
01-configmap5_2.yaml,Deployment,31,7,7,4,11,0,24,422,176,16,98102.28,39.28,98141.56,True,True,True,15,0,83.87,100.0,
01-consul.yaml,Deployment,31,8,8,4,12,0,25,422,178,1,98022.7,25.34,98048.04,True,True,True,16,1,71.19,100.0,
01-consul_1.yaml,Service,6,1,1,0,1,0,13,13,2,1,27913.99,9.01,27923.0,True,True,True,1,1,90.91,100.0,
01-Custom-DNS.yaml,Pod,61,15,15,7,22,0,21,481,198,4,178814.65,26.71,178841.36,True,True,True,31,9,39.39,100.0,
01-data-node.yaml,Service,6,1,1,0,1,0,12,13,2,1,28149.94,9.39,28159.33,True,True,True,2,0,90.91,100.0,
01-data-node_1.yaml,StatefulSet,31,7,7,4,11,0,49,424,176,8,98522.95,49.79,98572.74,True,True,True,15,1,87.69,100.0,
01-db-sec.yaml,Secret,4,0,0,0,0,0,8,14,0,3,7119.56,0.0,7119.56,True,True,True,0,0,100.0,
01-default-memory-cpu_1.yaml,LimitRange,1,1,1,0,1,0,12,7,7,6,10921.45,14.29,10935.74,True,True,True,6,0,82.35,100.0,
01-default-memory-cpu_2.yaml,Pod,61,13,13,6,19,0,9,481,187,1,178687.9,20.6,178708.5,True,True,True,23,1,40.0,100.0,
01-deploy-cpu-memory-usage.yaml,Deployment,31,7,7,1,8,0,24,422,176,4,98036.53,23.14,98059.67,True,True,True,10,2,78.57,100.0,
01-deploy.yaml,Deployment,31,7,7,4,11,0,22,422,176,1,98674.91,24.49,98699.4,True,True,True,15,0,72.73,100.0,
01-deploy1.yaml,Deployment,31,7,7,4,11,0,22,422,176,1,98020.8,24.26,98045.06,True,True,True,15,0,72.73,100.0,
01-deploy1_1.yaml,Service,6,1,1,0,1,0,12,13,2,1,28151.56,8.19,28159.75,True,True,True,1,1,90.0,100.0,
01-deploy2.yaml,Deployment,31,7,7,3,10,0,25,422,176,2,98046.39,24.68,98071.07,True,True,True,13,2,74.58,100.0,
01-deployemnt.yaml,Deployment,31,8,8,4,12,0,24,422,178,1,97852.21,24.71,97876.92,True,True,True,16,1,70.18,100.0,
01-deployemnt_1.yaml,Service,6,2,2,0,2,0,20,13,4,1,27595.24,12.04,27607.28,True,True,True,2,2,86.67,100.0,
01-deployment-counting.yaml,Deployment,31,7,7,4,11,0,21,422,176,1,97950.54,23.33,97973.87,True,True,True,15,0,71.7,100.0,
01-deployment-cp2.yaml,Deployment,31,7,7,4,11,0,21,422,176,1,98334.02,23.67,98357.69,True,True,True,16,1,88.11,100.0,
01-deployment-defination.yaml,Deployment,31,7,7,4,11,0,25,422,176,1,98262.88,25.71,98288.59,True,True,True,22,7,57.97,100.0,
01-deployment-defination1.yaml,Deployment,31,7,7,4,11,0,25,422,176,1,97976.24,26.54,98002.78,True,True,True,22,7,57.97,100.0,
01-deployment-defination2.yaml,Deployment,31,7,7,5,12,0,25,422,176,1,98207.99,25.93,98233.92,True,True,True,22,7,57.97,100.0,
01-deployment-defination3.yaml,Deployment,31,7,7,4,11,0,25,422,176,1,98040.05,25.75,98065.8,True,True,True,22,7,57.97,100.0,
01-deployment-defination4.yaml,Deployment,31,7,7,4,11,0,25,422,176,1,98252.46,25.56,98278.02,True,True,True,22,7,57.97,100.0,
01-deployment-defination5.yaml,Deployment,31,7,7,4,11,0,25,422,176,1,97986.29,25.68,98011.97,True,True,True,22,7,57.97,100.0,
01-deployment-jenkins.yaml,Deployment,31,9,9,0,9,0,49,422,203,8,97819.86,40.53,97860.39,True,True,True,9,3,88.46,100.0,
01-deployment-jenkins_1.yaml,Service,6,2,2,0,2,0,16,13,4,1,27651.17,10.52,27661.69,True,True,True,2,2,84.62,100.0,
01-deployment-original.yaml,Deployment,31,8,8,4,12,0,67,422,186,2,99521.5,57.14,99578.64,True,True,True,16,3,86.33,100.0,
01-deployment-original_1.yaml,Service,6,2,2,0,2,0,33,13,4,1,28135.25,20.32,28155.57,True,True,True,2,2,92.59,100.0,
01-deployment.yaml,Deployment,31,8,8,4,12,0,24,422,178,1,98129.76,25.8,98155.56,True,True,True,16,1,70.18,100.0,
01-Deployment1.yaml,Deployment,31,7,7,4,11,0,27,422,176,1,98517.94,25.68,98543.62,True,True,True,14,2,74.19,100.0,
01-deployment2.yaml,Deployment,31,7,7,4,11,0,31,422,176,8,98072.58,31.32,98103.9,True,True,True,15,0,80.0,100.0,
01-deployment3.yaml,Deployment,31,9,9,2,11,0,39,422,187,72,97948.71,42.63,97991.34,True,True,True,14,34,68.42,66.67,
01-deployment4.yaml,Deployment,31,7,7,4,11,0,21,422,176,12,98198.1,25.06,98223.16,True,True,True,18,8,56.67,100.0,
01-deployment5.yaml,Deployment,31,7,7,4,11,0,21,422,176,1,98252.38,23.35,98275.73,True,True,True,15,0,71.7,100.0,
01-deployment6.yaml,Deployment,31,7,7,4,11,0,21,422,176,1,98400.54,23.37,98423.91,True,True,True,16,1,67.92,100.0,
01-deployment7.yaml,Deployment,31,7,7,5,12,0,31,422,176,1,98096.55,30.38,98126.93,True,True,True,16,1,77.33,100.0,
01-deployment8.yaml,Deployment,31,7,7,4,11,0,21,422,176,12,98138.58,24.38,98162.96,True,True,True,18,8,56.67,100.0,
01-deployment_1.yaml,Service,6,2,2,0,2,0,20,13,4,1,27620.33,11.94,27632.27,True,True,True,2,2,86.67,100.0,
01-deploy_1.yaml,Service,6,1,1,0,1,0,12,13,2,1,28207.82,8.82,28216.64,True,True,True,1,1,90.0,100.0,
01-dev-cloudflare-issuer.yaml,Secret,4,0,0,0,0,0,8,14,0,1,7126.85,0.0,7126.85,True,True,True,0,0,100.0,
01-domain-deployment.yaml,Deployment,31,8,8,4,12,0,24,422,178,1,98041.22,24.48,98065.7,True,True,True,16,1,71.19,100.0,
01-EchoServer-Deployment.yaml,Deployment,31,8,8,4,12,0,24,422,178,1,97725.42,24.73,97750.15,True,True,True,20,6,56.67,100.0,
01-EchoServer-Deployment1.yaml,Deployment,31,7,7,4,11,0,24,422,176,1,98289.72,25.7,98315.42,True,True,True,19,5,60.0,100.0,
01-EchoServer-Deployment2.yaml,Deployment,31,7,7,4,11,0,24,422,176,1,97897.91,24.9,97922.81,True,True,True,19,5,60.0,100.0,
01-EchoServer-Deployment3.yaml,Deployment,31,8,8,4,12,0,24,422,178,1,97991.22,25.23,98016.45,True,True,True,20,6,56.67,100.0,
01-EchoServer-Deployment4.yaml,Deployment,31,8,8,4,12,0,24,422,178,1,97946.56,24.94,97971.5,True,True,True,20,6,56.67,100.0,
01-elasticsearch.yaml,StatefulSet,31,8,8,1,9,0,70,424,201,576,99115.74,71.89,99187.63,True,True,True,38,7,78.87,100.0,
01-elasticsearch_1.yaml,Service,6,1,1,0,1,0,17,13,2,2,28085.02,13.23,28098.25,True,True,True,2,2,88.24,100.0,
01-empty-dir.yaml,Pod,61,13,13,7,20,0,16,481,187,4,178844.96,37.04,178882.0,True,True,True,50,13,22.22,100.0,
01-empty-dir1.yaml,Pod,61,13,13,6,19,0,13,481,187,1,178719.66,22.25,178741.91,True,True,True,28,7,28.57,100.0,
01-emptyDir.yaml,Pod,61,13,13,3,16,0,21,481,187,4,179009.92,25.22,179035.14,True,True,True,16,2,70.97,100.0,
01-emptyDir1.yaml,Pod,61,13,13,3,16,0,21,481,187,4,179105.63,25.02,179130.65,True,True,True,16,2,70.97,100.0,
01-emptyDir1_1.yaml,Pod,61,13,13,3,16,0,20,481,187,12,179298.89,38.31,179337.2,True,True,True,26,3,71.84,100.0,
01-emptyDir2.yaml,Pod,61,13,13,3,16,0,21,481,187,4,178800.34,25.05,178825.39,True,True,True,16,2,70.97,100.0,
01-emptyDir2_1.yaml,Pod,61,13,13,3,16,0,20,481,187,12,178891.97,39.2,178931.17,True,True,True,26,3,71.84,100.0,
01-emptyDir3_1.yaml,Unknown,SCHEMA_ERROR,,,,,,0,0,0,0,402.91,0.0,402.91,,,,0,0,0.0,0.0,"C:\Users\CAOSD\projects\tool-security-rules\resources\dataset_yamls\original_yamls_10k\01-emptyDir3_1.yaml - Deployment nginx-deployment is invalid: problem validating schema. Check JSON formatting: jsonschema validation failed with 'https://raw.githubusercontent.com/yannh/kubernetes-json-schema/master/master-standalone-strict/deployment-apps-v1.json#' - at '/spec/template/spec/containers/0/volumeMounts/1': missing property 'mountPath' - at '/spec/template/spec/containers/0/volumeMounts/1': additional properties 'image', 'volumeMounts' not allowed | Summary: 1 resource found in 1 file - Valid: 0, Invalid: 1, Errors: 0, Skipped: 0"
01-emptyDir_1.yaml,Pod,61,13,13,3,16,0,20,481,187,12,179021.5,38.12,179059.62,True,True,True,26,3,71.84,100.0,
01-envoy-dummy_1.yaml,Service,6,1,1,0,1,0,16,13,2,2,27847.89,11.12,27859.01,True,True,True,1,1,92.86,100.0,
01-envoy-dummy_4.yaml,Deployment,31,8,8,4,12,0,31,422,178,8,98139.94,30.45,98170.39,True,True,True,16,1,78.48,100.0,
01-envoy-dummy_5.yaml,Ingress,3,1,1,0,1,0,20,4,2,1,13610.08,16.63,13626.71,True,True,True,4,0,90.48,100.0,
01-errors.yaml,Service,6,1,1,0,1,0,4,13,2,1,28478.53,6.09,28484.62,True,True,True,3,0,72.73,100.0,
01-errors_1.yaml,Service,6,1,1,0,1,0,4,13,2,1,28177.47,5.96,28183.43,True,True,True,3,0,72.73,100.0,
01-errors_2.yaml,Service,6,1,1,0,1,0,4,13,2,1,28326.68,5.93,28332.61,True,True,True,3,0,72.73,100.0,
01-errors_3.yaml,Service,6,1,1,0,1,0,4,13,2,1,28143.05,5.96,28149.01,True,True,True,3,0,72.73,100.0,
01-errors_4.yaml,Service,6,1,1,0,1,0,4,13,2,1,28371.38,6.03,28377.41,True,True,True,3,0,72.73,100.0,
01-exporter.yaml,Service,6,2,2,0,2,0,19,13,4,1,28019.3,12.01,28031.31,True,True,True,2,2,86.67,100.0,
01-exporter_1.yaml,Deployment,31,9,9,0,9,0,59,422,203,16,98085.81,48.13,98133.94,True,True,True,10,4,89.06,100.0,
01-filestore-pvc.yaml,PersistentVolumeClaim,2,1,1,0,1,0,11,7,3,1,13746.51,8.6,13755.11,True,True,True,1,1,90.91,100.0,
01-filestore-pvc1.yaml,PersistentVolumeClaim,2,1,1,0,1,0,11,7,3,1,13577.31,8.48,13585.79,True,True,True,1,1,90.91,100.0,
01-filestore-pvc10.yaml,PersistentVolumeClaim,2,1,1,0,1,0,11,7,3,1,13863.07,8.45,13871.52,True,True,True,2,2,83.33,100.0,
01-filestore-pvc11.yaml,PersistentVolumeClaim,2,1,1,0,1,0,15,7,3,1,14115.93,11.44,14127.37,True,True,True,2,2,86.67,100.0,
01-filestore-pvc12.yaml,PersistentVolumeClaim,2,1,1,0,1,0,11,7,3,1,13621.2,8.43,13629.63,True,True,True,1,1,90.91,100.0,
01-filestore-pvc13.yaml,PersistentVolumeClaim,2,1,1,0,1,0,11,7,3,1,13883.82,8.83,13892.65,True,True,True,1,1,90.91,100.0,
01-filestore-pvc14.yaml,PersistentVolumeClaim,2,1,1,0,1,0,11,7,3,1,13843.22,8.54,13851.76,True,True,True,2,2,83.33,100.0,
01-filestore-pvc15.yaml,PersistentVolumeClaim,2,1,1,0,1,0,15,7,3,1,13806.26,11.42,13817.68,True,True,True,2,2,86.67,100.0,
01-filestore-pvc2.yaml,PersistentVolumeClaim,2,1,1,0,1,0,11,7,3,1,13627.89,8.51,13636.4,True,True,True,2,2,83.33,100.0,
01-filestore-pvc3.yaml,PersistentVolumeClaim,2,1,1,0,1,0,15,7,3,1,13829.88,11.78,13841.66,True,True,True,2,2,86.67,100.0,
01-filestore-pvc4.yaml,PersistentVolumeClaim,2,1,1,0,1,0,11,7,3,1,13876.97,8.52,13885.49,True,True,True,1,1,90.91,100.0,
01-filestore-pvc5.yaml,PersistentVolumeClaim,2,1,1,0,1,0,11,7,3,1,13576.29,8.53,13584.82,True,True,True,1,1,90.91,100.0,
01-filestore-pvc6.yaml,PersistentVolumeClaim,2,1,1,0,1,0,11,7,3,1,13856.43,8.54,13864.97,True,True,True,2,2,83.33,100.0,
01-filestore-pvc7.yaml,PersistentVolumeClaim,2,1,1,0,1,0,15,7,3,1,13840.11,11.48,13851.59,True,True,True,2,2,86.67,100.0,
01-filestore-pvc8.yaml,PersistentVolumeClaim,2,1,1,0,1,0,11,7,3,1,13843.01,8.49,13851.5,True,True,True,1,1,90.91,100.0,
01-filestore-pvc9.yaml,PersistentVolumeClaim,2,1,1,0,1,0,11,7,3,1,13604.28,8.67,13612.95,True,True,True,1,1,90.91,100.0,
01-first-pod.yaml,Pod,61,13,13,6,19,0,11,481,187,1,179109.51,20.96,179130.47,True,True,True,24,2,38.1,100.0,
01-first-service.yaml,Service,6,2,2,0,2,0,15,13,4,1,27802.99,9.69,27812.68,True,True,True,4,4,66.67,100.0,
01-fluentd-sa.yaml,ServiceAccount,3,0,0,0,0,0,7,7,0,1,7195.06,0.0,7195.06,True,True,True,0,0,100.0,
01-fluentd-sa1.yaml,ServiceAccount,3,0,0,0,0,0,7,7,0,1,7384.74,0.0,7384.74,True,True,True,0,0,100.0,
01-fluentd-sa2.yaml,ServiceAccount,3,0,0,0,0,0,7,7,0,1,7080.01,0.0,7080.01,True,True,True,0,0,100.0,
01-grafana-headlessService.yaml,Service,6,1,1,0,1,0,15,13,2,1,27864.42,10.47,27874.89,True,True,True,1,1,92.31,100.0,
01-Grey.yaml,Deployment,31,7,7,5,12,0,29,422,176,1,98071.27,27.18,98098.45,True,True,True,16,1,73.85,100.0,
01-guac-pgsql-pv.yaml,PersistentVolume,1,0,0,0,0,0,16,0,0,2,48.77,0.0,48.77,True,True,True,0,0,100.0,
01-guac-pv.yaml,PersistentVolume,1,0,0,0,0,0,16,0,0,2,49.66,0.0,49.66,True,True,True,0,0,100.0,
01-guacd-svc.yaml,Service,6,1,1,0,1,0,17,13,2,1,28224.97,21.61,28246.58,True,True,True,3,3,76.92,100.0,
01-helloworld-deploy-hc.yaml,Deployment,31,7,7,5,12,0,36,422,176,1,98331.97,32.14,98364.11,True,True,True,16,1,77.92,100.0,
01-helloworld-deploy-hc1.yaml,Deployment,31,7,7,5,12,0,36,422,176,1,98377.26,31.94,98409.2,True,True,True,16,1,77.92,100.0,
01-Helloworld-deploy.yaml,Deployment,31,7,7,5,12,0,25,422,176,1,98181.95,26.5,98208.45,True,True,True,16,1,71.19,100.0,
01-helloworld-deployment.yaml,Deployment,31,10,10,0,10,0,50,422,213,4,97461.02,38.12,97499.14,True,True,True,10,3,86.87,100.0,
01-helloworld-deployment1.yaml,Deployment,31,9,9,0,9,0,53,422,211,4,97918.17,40.74,97958.91,True,True,True,9,2,89.32,100.0,
01-helloworld-deployment1_1.yaml,Service,6,1,1,0,1,0,17,13,2,1,28278.7,10.96,28289.66,True,True,True,1,1,92.86,100.0,
01-helloworld-deployment2.yaml,Deployment,31,10,10,0,10,0,50,422,213,4,97638.59,38.85,97677.44,True,True,True,10,3,86.87,100.0,
01-helloworld-deployment2_1.yaml,Service,6,1,1,0,1,0,16,13,2,1,27928.31,10.42,27938.73,True,True,True,1,1,92.31,100.0,
01-helloworld-deployment_1.yaml,Service,6,1,1,0,1,0,16,13,2,1,28242.69,10.58,28253.27,True,True,True,1,1,92.31,100.0,
01-helloworld-DS.yaml,DaemonSet,31,7,7,5,12,0,28,423,176,1,98669.12,26.41,98695.53,True,True,True,16,1,73.02,100.0,
01-helloworld-ds1.yaml,DaemonSet,31,7,7,5,12,0,28,423,176,1,98249.3,27.07,98276.37,True,True,True,16,1,73.02,100.0,
01-helloworld-ds2.yaml,DaemonSet,31,7,7,5,12,0,28,423,176,1,98369.42,26.49,98395.91,True,True,True,16,1,73.02,100.0,
01-helloworld-ds3.yaml,DaemonSet,31,7,7,5,12,0,28,423,176,1,98319.18,26.9,98346.08,True,True,True,16,1,73.02,100.0,
01-helloworld-toleration.yaml,Deployment,31,7,7,5,12,0,34,422,176,1,98312.8,30.16,98342.96,True,True,True,16,1,76.06,100.0,
01-helloworld-toleration1.yaml,Deployment,31,7,7,5,12,0,34,422,176,1,97950.3,29.43,97979.73,True,True,True,16,1,76.06,100.0,
01-helloworld-toleration2.yaml,Deployment,31,7,7,5,12,0,34,422,176,1,98107.08,30.18,98137.26,True,True,True,16,1,76.06,100.0,
01-helloworld.yaml,Deployment,31,7,7,5,12,0,29,422,176,1,98283.22,27.22,98310.44,True,True,True,16,1,73.85,100.0,
01-helloworld1.yaml,Deployment,31,7,7,5,12,0,29,422,176,1,98245.91,27.93,98273.84,True,True,True,16,1,73.85,100.0,
01-Helloworld10.yaml,Deployment,31,7,7,5,12,0,29,422,176,1,98278.89,27.49,98306.38,True,True,True,16,1,73.85,100.0,
01-helloworld11.yaml,Deployment,31,7,7,5,12,0,29,422,176,1,98463.24,27.64,98490.88,True,True,True,16,1,73.85,100.0,
01-helloworld12.yaml,Deployment,31,7,7,5,12,0,37,422,176,1,98333.56,31.15,98364.71,True,True,True,16,1,78.48,100.0,
01-Helloworld13.yaml,Deployment,31,7,7,5,12,0,29,422,176,1,98547.3,28.13,98575.43,True,True,True,16,1,73.85,100.0,
01-helloworld14.yaml,Deployment,31,7,7,5,12,0,29,422,176,1,98289.89,27.77,98317.66,True,True,True,16,1,73.85,100.0,
01-helloworld15.yaml,Deployment,31,7,7,5,12,0,37,422,176,1,98376.37,30.94,98407.31,True,True,True,16,1,78.48,100.0,
01-Helloworld16.yaml,Deployment,31,7,7,5,12,0,29,422,176,1,98380.87,28.39,98409.26,True,True,True,16,1,73.85,100.0,
01-helloworld17.yaml,Deployment,31,7,7,5,12,0,29,422,176,1,98402.3,27.41,98429.71,True,True,True,16,1,73.85,100.0,
01-helloworld18.yaml,Deployment,31,7,7,5,12,0,37,422,176,1,98405.42,31.65,98437.07,True,True,True,16,1,78.48,100.0,
01-helloworld2.yaml,Deployment,31,7,7,5,12,0,29,422,176,1,98491.28,27.84,98519.12,True,True,True,16,1,73.85,100.0,
01-helloworld3.yaml,Deployment,31,7,7,5,12,0,35,422,176,1,98499.18,30.75,98529.93,True,True,True,16,1,77.92,100.0,
01-helloworld4.yaml,Deployment,31,8,8,5,13,0,25,422,178,1,98101.93,25.66,98127.59,True,True,True,17,2,67.8,100.0,
01-helloworld4_1.yaml,Deployment,31,8,8,5,13,0,25,422,178,1,98144.05,25.6,98169.65,True,True,True,17,2,67.8,100.0,
01-Helloworld5.yaml,Deployment,31,7,7,5,12,0,28,422,176,2,98388.69,29.49,98418.18,True,True,True,16,1,75.36,100.0,
01-Helloworld5_1.yaml,Service,6,1,1,0,1,0,18,13,2,1,28143.23,10.96,28154.19,True,True,True,1,1,92.86,100.0,
01-Helloworld5_2.yaml,Deployment,31,7,7,5,12,0,28,422,176,2,98278.99,28.91,98307.9,True,True,True,16,1,75.36,100.0,
01-Helloworld5_3.yaml,Service,6,1,1,0,1,0,16,13,2,1,27931.54,10.17,27941.71,True,True,True,1,1,92.31,100.0,
01-Helloworld5_5.yaml,Deployment,31,7,7,5,12,0,28,422,176,1,98242.56,27.66,98270.22,True,True,True,16,1,73.85,100.0,
01-Helloworld5_6.yaml,Service,6,1,1,0,1,0,16,13,2,1,28099.64,10.34,28109.98,True,True,True,1,1,92.31,100.0,
01-helloworld6.yaml,Deployment,31,7,7,5,12,0,28,422,176,16,98476.99,31.29,98508.28,True,True,True,16,1,77.33,100.0,
01-helloworld6_1.yaml,Service,6,1,1,0,1,0,18,13,2,1,28293.15,10.99,28304.14,True,True,True,1,1,92.86,100.0,
01-helloworld6_2.yaml,Deployment,31,7,7,5,12,0,28,422,176,16,98673.77,31.63,98705.4,True,True,True,16,1,77.33,100.0,
01-helloworld6_3.yaml,Service,6,1,1,0,1,0,16,13,2,1,28048.82,10.35,28059.17,True,True,True,1,1,92.31,100.0,
01-helloworld6_4.yaml,Deployment,31,7,7,5,12,0,28,422,176,8,98503.02,29.58,98532.6,True,True,True,16,1,76.06,100.0,
01-helloworld6_5.yaml,Service,6,1,1,0,1,0,16,13,2,1,28263.69,10.34,28274.03,True,True,True,1,1,92.31,100.0,
01-helloworld7.yaml,Deployment,31,7,7,5,12,0,28,422,176,16,98364.92,31.56,98396.48,True,True,True,16,1,77.33,100.0,
01-helloworld7_1.yaml,Service,6,1,1,0,1,0,18,13,2,1,28077.53,11.04,28088.57,True,True,True,1,1,92.86,100.0,
01-helloworld7_2.yaml,Deployment,31,7,7,5,12,0,28,422,176,16,98509.0,31.04,98540.04,True,True,True,16,1,77.33,100.0,
01-helloworld7_3.yaml,Service,6,1,1,0,1,0,16,13,2,1,28241.67,10.37,28252.04,True,True,True,1,1,92.31,100.0,
01-helloworld7_4.yaml,Deployment,31,7,7,5,12,0,28,422,176,8,98463.58,29.69,98493.27,True,True,True,16,1,76.06,100.0,
01-helloworld7_5.yaml,Service,6,1,1,0,1,0,16,13,2,1,27962.11,10.32,27972.43,True,True,True,1,1,92.31,100.0,
01-helloworld8.yaml,Deployment,31,7,7,5,12,0,28,422,176,16,98550.07,31.33,98581.4,True,True,True,16,1,77.33,100.0,
01-helloworld8_1.yaml,Service,6,1,1,0,1,0,18,13,2,1,28372.76,10.88,28383.64,True,True,True,1,1,92.86,100.0,
01-helloworld8_2.yaml,Deployment,31,7,7,5,12,0,28,422,176,16,98532.25,31.15,98563.4,True,True,True,16,1,77.33,100.0,
01-helloworld8_3.yaml,Service,6,1,1,0,1,0,16,13,2,1,27982.83,10.28,27993.11,True,True,True,1,1,92.31,100.0,
01-helloworld8_4.yaml,Deployment,31,7,7,5,12,0,28,422,176,8,98569.94,29.63,98599.57,True,True,True,16,1,76.06,100.0,
01-helloworld8_5.yaml,Service,6,1,1,0,1,0,16,13,2,1,28181.65,10.31,28191.96,True,True,True,1,1,92.31,100.0,
01-Helloworld9.yaml,Deployment,31,7,7,5,12,0,28,422,176,2,98328.12,29.02,98357.14,True,True,True,16,1,75.36,100.0,
01-Helloworld9_1.yaml,Service,6,1,1,0,1,0,18,13,2,1,28078.59,10.98,28089.57,True,True,True,1,1,92.86,100.0,
01-Helloworld9_2.yaml,Deployment,31,7,7,5,12,0,28,422,176,2,98546.68,29.23,98575.91,True,True,True,16,1,75.36,100.0,
01-Helloworld9_3.yaml,Service,6,1,1,0,1,0,16,13,2,1,28172.25,10.31,28182.56,True,True,True,1,1,92.31,100.0,
01-Helloworld9_5.yaml,Deployment,31,7,7,5,12,0,28,422,176,1,98565.26,27.43,98592.69,True,True,True,16,1,73.85,100.0,
01-Helloworld9_6.yaml,Service,6,1,1,0,1,0,16,13,2,1,27971.35,10.18,27981.53,True,True,True,1,1,92.31,100.0,
01-hpa-example-deploy.yaml,Deployment,31,7,7,4,11,0,27,422,176,1,98620.41,25.47,98645.88,True,True,True,14,2,74.19,100.0,
01-hpa-example-deploy1.yaml,Deployment,31,7,7,4,11,0,27,422,176,1,98403.57,25.63,98429.2,True,True,True,14,2,74.19,100.0,
01-http.yaml,Pod,61,13,13,6,19,0,23,481,187,1,180000.53,27.74,180028.27,True,True,True,35,13,25.0,100.0,
01-httpbin-deployment_1.yaml,ServiceAccount,3,0,0,0,0,0,5,7,0,1,7391.93,0.0,7391.93,True,True,True,0,0,100.0,
01-httpbin-deployment_2.yaml,Service,6,1,1,0,1,0,17,13,2,4,27901.36,14.34,27915.7,True,True,True,2,2,88.89,100.0,
01-httpbin-deployment_3.yaml,Deployment,31,8,8,5,13,0,25,422,178,4,98189.72,27.15,98216.87,True,True,True,17,2,69.84,100.0,
01-ingress.yaml,Ingress,3,1,1,0,1,0,21,4,2,1,13882.35,17.34,13899.69,True,True,True,4,0,90.91,100.0,
01-install-nginx-ingress-controller_1.yaml,ServiceAccount,3,1,1,0,1,0,9,7,2,5,17352.38,10.48,17362.86,True,True,True,1,1,91.67,100.0,
01-install-nginx-ingress-controller_10.yaml,ClusterRoleBinding,4,0,0,0,0,0,16,12,0,5,7208.83,0.0,7208.83,True,True,True,0,0,100.0,
01-install-nginx-ingress-controller_12.yaml,Service,6,2,2,0,2,0,26,13,4,30,27914.64,23.51,27938.15,True,True,True,3,3,90.62,100.0,
01-install-nginx-ingress-controller_13.yaml,Service,6,1,1,0,1,0,20,13,2,15,28317.19,17.74,28334.93,True,True,True,1,1,95.45,100.0,
01-install-nginx-ingress-controller_14.yaml,Deployment,31,6,6,2,8,0,102,422,119,10000,99990.16,84.29,100074.45,True,True,True,7,4,95.55,100.0,
01-install-nginx-ingress-controller_15.yaml,Job,31,2,2,5,7,1,45,420,50,100,96909.57,39.52,96949.09,False,True,True,8,0,92.59,100.0,
01-install-nginx-ingress-controller_16.yaml,Job,31,2,2,5,7,1,45,420,50,150,96254.73,39.35,96294.08,False,True,True,8,0,92.86,100.0,
01-install-nginx-ingress-controller_2.yaml,ServiceAccount,3,0,0,0,0,0,8,7,0,5,7133.31,0.0,7133.31,True,True,True,0,0,100.0,
01-install-nginx-ingress-controller_7.yaml,RoleBinding,4,0,0,0,0,0,17,12,0,5,7075.42,0.0,7075.42,True,True,True,0,0,100.0,
01-install-nginx-ingress-controller_8.yaml,RoleBinding,4,0,0,0,0,0,17,12,0,5,7333.88,0.0,7333.88,True,True,True,0,0,100.0,
01-install-nginx-ingress-controller_9.yaml,ClusterRoleBinding,4,0,0,0,0,0,16,12,0,4,7099.38,0.0,7099.38,True,True,True,0,0,100.0,
01-install15_1.yaml,Service,6,1,1,0,1,0,15,13,2,2,28225.46,12.62,28238.08,True,True,True,2,2,87.5,100.0,
01-install15_2.yaml,Deployment,31,8,8,4,12,0,34,422,178,2,98287.36,30.77,98318.13,True,True,True,16,1,77.92,100.0,
01-javaapp-deployment.yaml,Deployment,31,8,8,0,8,0,44,422,186,24,98667.95,41.67,98709.62,True,True,True,19,5,78.57,100.0,
01-jenkins-pv-pvc.yaml,PersistentVolume,1,0,0,1,1,0,15,0,0,1,46.07,10.57,56.64,True,True,True,1,1,92.86,100.0,
01-jenkins-pv-pvc_1.yaml,PersistentVolumeClaim,2,1,1,0,1,0,12,7,3,1,13664.77,9.23,13674.0,True,True,True,1,1,91.67,100.0,
01-kb-deploy.yaml,Deployment,31,8,8,4,12,0,34,422,178,1,98234.4,31.74,98266.14,True,True,True,29,14,50.57,100.0,
01-kiali.yaml,ServiceAccount,3,0,0,0,0,0,8,7,0,8,7424.86,0.0,7424.86,True,True,True,0,0,100.0,
01-kiali_4.yaml,ClusterRoleBinding,4,0,0,0,0,0,16,12,0,8,7131.83,0.0,7131.83,True,True,True,0,0,100.0,
01-kiali_6.yaml,RoleBinding,4,0,0,0,0,0,17,12,0,8,7132.71,0.0,7132.71,True,True,True,0,0,100.0,
01-kiali_7.yaml,Service,6,1,1,0,1,0,19,13,2,16,28234.38,18.53,28252.91,True,True,True,1,1,95.83,100.0,
01-kiali_8.yaml,Deployment,31,4,4,1,5,0,84,422,77,10000,100163.38,89.73,100253.11,True,True,True,4,1,97.98,100.0,
01-kibana-deployment.yaml,Deployment,31,8,8,2,10,0,32,422,178,1,98257.9,26.87,98284.77,True,True,True,13,3,76.47,100.0,
01-kibana-deployment1.yaml,Deployment,31,8,8,2,10,0,32,422,178,1,98339.53,27.43,98366.96,True,True,True,13,3,76.47,100.0,
01-kibana-deployment2.yaml,Deployment,31,8,8,2,10,0,32,422,178,1,98269.83,27.15,98296.98,True,True,True,13,3,76.47,100.0,
01-kubernetes-deployment.yaml,Deployment,31,7,7,4,11,0,22,422,176,1,98259.88,24.42,98284.3,True,True,True,21,7,50.0,100.0,
01-kubernetes-deployment1.yaml,Deployment,31,7,7,4,11,0,22,422,176,1,98482.46,24.15,98506.61,True,True,True,21,7,51.72,100.0,
01-kubernetes-deployment10.yaml,Deployment,31,8,8,4,12,0,22,422,178,1,98194.19,24.83,98219.02,True,True,True,22,8,48.28,100.0,
01-kubernetes-deployment11.yaml,Deployment,31,7,7,0,7,0,27,422,176,4,98567.75,24.85,98592.6,True,True,True,21,14,44.44,100.0,
01-kubernetes-deployment12.yaml,Deployment,31,7,7,0,7,0,27,422,176,4,98440.88,24.72,98465.6,True,True,True,22,15,44.78,100.0,
01-kubernetes-deployment13.yaml,Deployment,31,7,7,0,7,0,27,422,176,4,98641.27,25.71,98666.98,True,True,True,23,16,38.1,100.0,
01-kubernetes-deployment14.yaml,Deployment,31,7,7,0,7,0,28,422,176,4,98397.79,25.6,98423.39,True,True,True,21,14,46.15,100.0,
01-kubernetes-deployment15.yaml,Deployment,31,8,8,0,8,0,27,422,178,4,98475.06,24.94,98500.0,True,True,True,26,19,28.57,100.0,
01-kubernetes-deployment16.yaml,Deployment,31,7,7,0,7,0,27,422,176,4,98577.82,24.79,98602.61,True,True,True,22,15,41.27,100.0,
01-kubernetes-deployment17.yaml,Deployment,31,7,7,4,11,0,30,422,176,1,98429.69,29.7,98459.39,True,True,True,27,13,47.37,100.0,
01-kubernetes-deployment18.yaml,Deployment,31,7,7,4,11,0,22,422,176,1,98850.36,24.02,98874.38,True,True,True,21,7,50.0,100.0,
01-kubernetes-deployment19.yaml,Deployment,31,7,7,4,11,0,22,422,176,1,98538.14,24.56,98562.7,True,True,True,21,7,50.0,100.0,
01-kubernetes-deployment2.yaml,Deployment,31,7,7,4,11,0,22,422,176,1,98635.56,24.13,98659.69,True,True,True,21,7,50.0,100.0,
01-kubernetes-deployment20.yaml,Deployment,31,7,7,4,11,0,22,422,176,1,98388.59,24.12,98412.71,True,True,True,21,7,50.0,100.0,
01-kubernetes-deployment21.yaml,Deployment,31,7,7,4,11,0,22,422,176,1,98513.55,24.28,98537.83,True,True,True,21,7,51.72,100.0,
01-kubernetes-deployment22.yaml,Deployment,31,7,7,4,11,0,24,422,176,1,98459.27,25.11,98484.38,True,True,True,22,8,48.28,100.0,
01-kubernetes-deployment23.yaml,Deployment,31,7,7,4,11,0,22,422,176,1,98680.11,24.43,98704.54,True,True,True,21,7,50.0,100.0,
01-kubernetes-deployment24.yaml,Deployment,31,7,7,4,11,0,21,422,176,1,98353.45,23.66,98377.11,True,True,True,19,5,58.62,100.0,
01-kubernetes-deployment25.yaml,Deployment,31,7,7,4,11,0,21,422,176,1,98540.43,23.49,98563.92,True,True,True,19,5,58.62,100.0,
01-kubernetes-deployment26.yaml,Deployment,31,7,7,4,11,0,21,422,176,1,98591.0,23.32,98614.32,True,True,True,19,5,58.62,100.0,
01-kubernetes-deployment27.yaml,Deployment,31,7,7,4,11,0,21,422,176,1,98314.02,23.65,98337.67,True,True,True,19,5,58.62,100.0,
01-kubernetes-deployment28.yaml,Deployment,31,7,7,4,11,0,21,422,176,1,98559.86,23.99,98583.85,True,True,True,19,5,58.62,100.0,
01-kubernetes-deployment29.yaml,Deployment,31,8,8,4,12,0,24,422,178,1,98280.35,25.86,98306.21,True,True,True,22,7,61.33,100.0,
01-kubernetes-deployment3.yaml,Deployment,31,7,7,4,11,0,21,422,176,1,98713.59,23.28,98736.87,True,True,True,19,5,58.62,100.0,
01-kubernetes-deployment30.yaml,Deployment,31,7,7,4,11,0,30,422,176,1,98513.88,29.75,98543.63,True,True,True,27,13,47.37,100.0,
01-kubernetes-deployment31.yaml,Deployment,31,7,7,4,11,0,22,422,176,1,98842.3,24.52,98866.82,True,True,True,26,12,34.48,100.0,
01-kubernetes-deployment32.yaml,Deployment,31,8,8,4,12,0,22,422,178,1,98388.57,24.26,98412.83,True,True,True,22,8,48.28,100.0,
01-kubernetes-deployment33.yaml,Deployment,31,7,7,0,7,0,27,422,176,4,98533.13,36.75,98569.88,True,True,True,22,15,41.27,100.0,
01-kubernetes-deployment34.yaml,Deployment,31,7,7,0,7,0,27,422,176,4,98963.08,25.47,98988.55,True,True,True,22,15,41.27,100.0,
01-kubernetes-deployment35.yaml,Deployment,31,7,7,0,7,0,27,422,176,4,98550.08,25.26,98575.34,True,True,True,23,16,38.1,100.0,
01-kubernetes-deployment36.yaml,Deployment,31,7,7,0,7,0,28,422,176,4,98923.61,25.63,98949.24,True,True,True,21,14,46.15,100.0,
01-kubernetes-deployment37.yaml,Deployment,31,8,8,0,8,0,27,422,178,4,98361.83,25.01,98386.84,True,True,True,26,19,28.57,100.0,
01-kubernetes-deployment38.yaml,Deployment,31,7,7,0,7,0,27,422,176,4,98733.15,24.94,98758.09,True,True,True,22,15,41.27,100.0,
01-kubernetes-deployment39.yaml,Deployment,31,7,7,4,11,0,22,422,176,1,100313.85,24.68,100338.53,True,True,True,21,7,50.0,100.0,
01-kubernetes-deployment4.yaml,Deployment,31,7,7,4,11,0,21,422,176,1,98195.08,23.29,98218.37,True,True,True,19,5,58.62,100.0,
01-kubernetes-deployment40.yaml,Deployment,31,7,7,4,11,0,22,422,176,1,98093.54,24.46,98118.0,True,True,True,21,7,50.0,100.0,
01-kubernetes-deployment41.yaml,Deployment,31,7,7,4,11,0,22,422,176,1,98197.7,24.19,98221.89,True,True,True,21,7,51.72,100.0,
01-kubernetes-deployment42.yaml,Deployment,31,7,7,4,11,0,24,422,176,1,98124.12,24.95,98149.07,True,True,True,22,8,48.28,100.0,
01-kubernetes-deployment43.yaml,Deployment,31,7,7,4,11,0,22,422,176,1,97835.97,24.57,97860.54,True,True,True,21,7,50.0,100.0,
01-kubernetes-deployment44.yaml,Deployment,31,7,7,4,11,0,21,422,176,1,98287.66,23.49,98311.15,True,True,True,19,5,58.62,100.0,
01-kubernetes-deployment45.yaml,Deployment,31,7,7,4,11,0,21,422,176,1,98122.95,23.74,98146.69,True,True,True,19,5,58.62,100.0,
01-kubernetes-deployment46.yaml,Deployment,31,7,7,4,11,0,21,422,176,1,98395.64,23.51,98419.15,True,True,True,19,5,58.62,100.0,
01-kubernetes-deployment47.yaml,Deployment,31,7,7,4,11,0,21,422,176,1,98295.26,23.48,98318.74,True,True,True,19,5,58.62,100.0,
01-kubernetes-deployment48.yaml,Deployment,31,7,7,4,11,0,21,422,176,1,98057.5,23.4,98080.9,True,True,True,19,5,58.62,100.0,
01-kubernetes-deployment49.yaml,Deployment,31,8,8,4,12,0,24,422,178,1,97624.19,24.93,97649.12,True,True,True,22,7,61.33,100.0,
01-kubernetes-deployment5.yaml,Deployment,31,7,7,4,11,0,21,422,176,1,98055.38,24.07,98079.45,True,True,True,19,5,58.62,100.0,
01-kubernetes-deployment50.yaml,Deployment,31,7,7,4,11,0,30,422,176,1,98059.25,29.52,98088.77,True,True,True,27,13,47.37,100.0,
01-kubernetes-deployment51.yaml,Deployment,31,7,7,4,11,0,22,422,176,1,98068.9,24.19,98093.09,True,True,True,26,12,34.48,100.0,
01-kubernetes-deployment52.yaml,Deployment,31,8,8,4,12,0,22,422,178,1,98152.27,24.19,98176.46,True,True,True,22,8,48.28,100.0,
01-kubernetes-deployment53.yaml,Deployment,31,7,7,0,7,0,27,422,176,4,98145.5,25.13,98170.63,True,True,True,22,15,41.27,100.0,
01-kubernetes-deployment54.yaml,Deployment,31,7,7,0,7,0,27,422,176,4,98429.11,25.04,98454.15,True,True,True,22,15,41.27,100.0,
01-kubernetes-deployment55.yaml,Deployment,31,7,7,0,7,0,27,422,176,4,98351.26,24.99,98376.25,True,True,True,23,16,38.1,100.0,
01-kubernetes-deployment56.yaml,Deployment,31,7,7,0,7,0,28,422,176,4,98592.61,25.94,98618.55,True,True,True,21,14,46.15,100.0,
01-kubernetes-deployment57.yaml,Deployment,31,8,8,0,8,0,27,422,178,4,98073.06,24.71,98097.77,True,True,True,26,19,28.57,100.0,
01-kubernetes-deployment58.yaml,Deployment,31,7,7,0,7,0,27,422,176,4,98087.36,25.46,98112.82,True,True,True,22,15,41.27,100.0,
01-kubernetes-deployment59.yaml,Deployment,31,7,7,4,11,0,22,422,176,1,98170.69,24.01,98194.7,True,True,True,21,7,50.0,100.0,
01-kubernetes-deployment6.yaml,Deployment,31,7,7,4,11,0,21,422,176,1,98223.15,23.61,98246.76,True,True,True,19,5,58.62,100.0,
01-kubernetes-deployment60.yaml,Deployment,31,7,7,4,11,0,22,422,176,1,98294.18,24.72,98318.9,True,True,True,21,7,50.0,100.0,
01-kubernetes-deployment61.yaml,Deployment,31,7,7,4,11,0,22,422,176,1,98072.2,24.4,98096.6,True,True,True,21,7,51.72,100.0,
01-kubernetes-deployment62.yaml,Deployment,31,7,7,4,11,0,24,422,176,1,98058.28,25.16,98083.44,True,True,True,22,8,48.28,100.0,
01-kubernetes-deployment63.yaml,Deployment,31,7,7,4,11,0,22,422,176,1,98312.93,24.15,98337.08,True,True,True,21,7,50.0,100.0,
01-kubernetes-deployment64.yaml,Deployment,31,7,7,4,11,0,21,422,176,1,98512.29,23.69,98535.98,True,True,True,19,5,58.62,100.0,
01-kubernetes-deployment65.yaml,Deployment,31,7,7,4,11,0,21,422,176,1,103594.04,24.52,103618.56,True,True,True,19,5,58.62,100.0,
01-kubernetes-deployment66.yaml,Deployment,31,7,7,4,11,0,21,422,176,1,98895.36,23.32,98918.68,True,True,True,19,5,58.62,100.0,
01-kubernetes-deployment67.yaml,Deployment,31,7,7,4,11,0,21,422,176,1,98615.39,23.48,98638.87,True,True,True,19,5,58.62,100.0,
01-kubernetes-deployment68.yaml,Deployment,31,7,7,4,11,0,21,422,176,1,98648.86,23.39,98672.25,True,True,True,19,5,58.62,100.0,
01-kubernetes-deployment69.yaml,Deployment,31,8,8,4,12,0,24,422,178,1,98199.91,25.0,98224.91,True,True,True,22,7,61.33,100.0,
01-kubernetes-deployment7.yaml,Deployment,31,7,7,4,11,0,21,422,176,1,98693.58,23.52,98717.1,True,True,True,19,5,58.62,100.0,
01-kubernetes-deployment70.yaml,Deployment,31,7,7,4,11,0,30,422,176,1,98644.66,29.58,98674.24,True,True,True,27,13,47.37,100.0,
01-kubernetes-deployment71.yaml,Deployment,31,7,7,4,11,0,22,422,176,1,98433.16,24.62,98457.78,True,True,True,26,12,34.48,100.0,
01-kubernetes-deployment72.yaml,Deployment,31,8,8,4,12,0,22,422,178,1,98553.92,24.12,98578.04,True,True,True,22,8,48.28,100.0,
01-kubernetes-deployment73.yaml,Deployment,31,7,7,0,7,0,27,422,176,4,98522.9,24.82,98547.72,True,True,True,22,15,41.27,100.0,
01-kubernetes-deployment74.yaml,Deployment,31,7,7,0,7,0,27,422,176,4,98725.24,24.8,98750.04,True,True,True,22,15,41.27,100.0,
01-kubernetes-deployment75.yaml,Deployment,31,7,7,0,7,0,27,422,176,4,98725.56,25.06,98750.62,True,True,True,23,16,38.1,100.0,
01-kubernetes-deployment76.yaml,Deployment,31,7,7,0,7,0,28,422,176,4,98805.51,25.44,98830.95,True,True,True,21,14,46.15,100.0,
01-kubernetes-deployment77.yaml,Deployment,31,8,8,0,8,0,27,422,178,4,98327.98,24.69,98352.67,True,True,True,26,19,28.57,100.0,
01-kubernetes-deployment78.yaml,Deployment,31,7,7,0,7,0,27,422,176,4,98754.04,25.06,98779.1,True,True,True,22,15,41.27,100.0,
01-kubernetes-deployment79.yaml,Deployment,31,7,7,4,11,0,22,422,176,1,98850.5,24.09,98874.59,True,True,True,16,1,69.09,100.0,
01-kubernetes-deployment8.yaml,Deployment,31,8,8,4,12,0,24,422,178,1,98349.7,25.09,98374.79,True,True,True,22,7,61.33,100.0,
01-kubernetes-deployment80.yaml,Deployment,31,7,7,4,11,0,22,422,176,1,98540.98,24.09,98565.07,True,True,True,21,7,50.0,100.0,
01-kubernetes-deployment81.yaml,Deployment,31,7,7,4,11,0,22,422,176,1,98534.48,24.3,98558.78,True,True,True,21,7,50.0,100.0,
01-kubernetes-deployment82.yaml,Deployment,31,7,7,4,11,0,22,422,176,1,98548.9,24.34,98573.24,True,True,True,21,7,51.72,100.0,
01-kubernetes-deployment83.yaml,Deployment,31,7,7,4,11,0,24,422,176,1,98476.98,25.19,98502.17,True,True,True,22,8,48.28,100.0,
01-kubernetes-deployment84.yaml,Deployment,31,7,7,4,11,0,22,422,176,1,98584.33,24.1,98608.43,True,True,True,21,7,50.0,100.0,
01-kubernetes-deployment85.yaml,Deployment,31,7,7,4,11,0,21,422,176,1,98528.93,23.83,98552.76,True,True,True,19,5,58.62,100.0,
01-kubernetes-deployment86.yaml,Deployment,31,7,7,4,11,0,21,422,176,1,98802.08,23.48,98825.56,True,True,True,19,5,58.62,100.0,
01-kubernetes-deployment87.yaml,Deployment,31,7,7,4,11,0,21,422,176,1,98405.0,23.45,98428.45,True,True,True,19,5,58.62,100.0,
01-kubernetes-deployment88.yaml,Deployment,31,7,7,4,11,0,21,422,176,1,98663.86,23.27,98687.13,True,True,True,19,5,58.62,100.0,
01-kubernetes-deployment89.yaml,Deployment,31,7,7,4,11,0,21,422,176,1,98742.82,23.43,98766.25,True,True,True,19,5,58.62,100.0,
01-kubernetes-deployment9.yaml,Deployment,31,7,7,4,11,0,22,422,176,1,98772.61,24.49,98797.1,True,True,True,26,12,34.48,100.0,
01-kubernetes-deployment90.yaml,Deployment,31,8,8,4,12,0,24,422,178,1,98173.53,25.31,98198.84,True,True,True,22,7,61.33,100.0,
01-kubernetes-deployment91.yaml,Deployment,31,7,7,4,11,0,30,422,176,1,98405.39,30.19,98435.58,True,True,True,27,13,47.37,100.0,
01-kubernetes-deployment92.yaml,Deployment,31,7,7,4,11,0,22,422,176,1,98555.14,24.12,98579.26,True,True,True,26,12,34.48,100.0,
01-kubernetes-deployment93.yaml,Deployment,31,8,8,4,12,0,22,422,178,1,98354.56,24.4,98378.96,True,True,True,22,8,48.28,100.0,
01-kubernetes-deployment94.yaml,Deployment,31,7,7,0,7,0,27,422,176,4,98594.73,24.79,98619.52,True,True,True,22,15,41.27,100.0,
01-kubernetes-deployment95.yaml,Deployment,31,7,7,0,7,0,27,422,176,4,98745.77,24.67,98770.44,True,True,True,22,15,41.27,100.0,
01-kubernetes-deployment96.yaml,Deployment,31,7,7,0,7,0,27,422,176,4,98707.09,24.86,98731.95,True,True,True,23,16,38.1,100.0,
01-kubernetes-deployment97.yaml,Deployment,31,7,7,0,7,0,28,422,176,4,98607.92,25.48,98633.4,True,True,True,21,14,46.15,100.0,
01-kubernetes-deployment98.yaml,Deployment,31,8,8,0,8,0,27,422,178,4,98260.2,24.73,98284.93,True,True,True,26,19,28.57,100.0,
01-kubernetes-deployment99.yaml,Deployment,31,7,7,0,7,0,27,422,176,4,98504.41,24.86,98529.27,True,True,True,22,15,41.27,100.0,
01-kubernetes-loadbalancer-service.yaml,Service,6,2,2,0,2,0,18,13,4,1,27732.23,11.28,27743.51,True,True,True,3,3,78.57,100.0,
01-Kubernetes-Secrets.yaml,Secret,4,0,0,0,0,0,7,14,0,1,7329.52,0.0,7329.52,True,True,True,0,0,100.0,
01-Kubernetes-Secrets1.yaml,Secret,4,0,0,0,0,0,7,14,0,1,7120.93,0.0,7120.93,True,True,True,0,0,100.0,
01-Kubernetes-Secrets2.yaml,Secret,4,0,0,0,0,0,7,14,0,1,7103.03,0.0,7103.03,True,True,True,0,0,100.0,
01-Kubernetes-Secrets3.yaml,Secret,4,0,0,0,0,0,7,14,0,1,7382.16,0.0,7382.16,True,True,True,0,0,100.0,
01-kubeseal.yaml,ServiceAccount,3,0,0,0,0,0,8,7,0,1,7154.18,0.0,7154.18,True,True,True,0,0,100.0,
01-kubeseal1.yaml,ServiceAccount,3,0,0,0,0,0,8,7,0,1,7174.39,0.0,7174.39,True,True,True,0,0,100.0,
01-kubeseal1_7.yaml,Service,6,1,1,0,1,0,18,13,2,1,28177.78,11.36,28189.14,True,True,True,1,2,89.66,100.0,
01-kubeseal1_8.yaml,Deployment,31,6,6,4,10,0,67,422,128,1,98947.48,47.96,98995.44,True,True,True,15,11,80.0,100.0,
01-kubeseal_7.yaml,Service,6,1,1,0,1,0,18,13,2,1,27961.1,11.3,27972.4,True,True,True,1,2,89.66,100.0,
01-kubeseal_8.yaml,Deployment,31,6,6,4,10,0,67,422,128,1,98878.18,47.92,98926.1,True,True,True,15,11,80.0,100.0,
01-limit-memory.yaml,Pod,61,13,13,5,18,0,17,481,187,6,179889.04,20.91,179909.95,True,True,True,26,9,25.53,100.0,
01-liveness-command.yaml,Pod,61,13,13,7,20,0,19,481,187,6,180100.97,24.85,180125.82,True,True,True,35,13,25.0,100.0,
01-livenessexec.yaml,Deployment,31,8,8,4,12,0,35,422,178,4,98713.95,31.17,98745.12,True,True,True,16,1,80.0,100.0,
01-livenessexec_1.yaml,Service,6,2,2,0,2,0,18,13,4,1,27602.23,11.12,27613.35,True,True,True,2,2,85.71,100.0,
01-livenesshttp.yaml,Deployment,31,8,8,4,12,0,35,422,178,1,98571.84,33.59,98605.43,True,True,True,16,1,78.48,100.0,
01-livenesshttp_1.yaml,Service,6,2,2,0,2,0,18,13,4,1,28074.32,11.4,28085.72,True,True,True,2,2,85.71,100.0,
01-livenesstcp.yaml,Deployment,31,8,8,4,12,0,31,422,178,1,98333.68,30.86,98364.54,True,True,True,16,1,76.06,100.0,
01-livenesstcp_1.yaml,Service,6,2,2,0,2,0,18,13,4,1,27851.01,11.13,27862.14,True,True,True,2,2,85.71,100.0,
01-longhorn_2.yaml,ServiceAccount,3,0,0,0,0,0,8,7,0,3,7122.94,0.0,7122.94,True,True,True,0,0,100.0,
01-longhorn_3.yaml,ServiceAccount,3,0,0,0,0,0,8,7,0,3,7408.51,0.0,7408.51,True,True,True,0,0,100.0,
01-longhorn_30.yaml,ClusterRoleBinding,4,0,0,0,0,0,16,12,0,3,7135.45,0.0,7135.45,True,True,True,0,0,100.0,
01-longhorn_31.yaml,ClusterRoleBinding,4,1,1,0,1,0,16,12,4,3,20945.32,12.82,20958.14,True,True,True,1,1,93.75,100.0,
01-longhorn_32.yaml,Service,6,1,1,0,1,0,19,13,2,4,28288.72,13.9,28302.62,True,True,True,1,1,94.44,100.0,
01-longhorn_33.yaml,Service,6,1,1,0,1,0,19,13,2,4,28014.71,14.93,28029.64,True,True,True,1,1,94.74,100.0,
01-longhorn_34.yaml,Service,6,1,1,0,1,0,19,13,2,4,28273.29,14.04,28287.33,True,True,True,1,1,94.44,100.0,
01-longhorn_35.yaml,Service,6,1,1,0,1,0,19,13,2,4,27998.49,13.98,28012.47,True,True,True,1,1,94.44,100.0,
01-longhorn_36.yaml,Service,6,1,1,0,1,0,19,13,2,4,28308.67,14.01,28322.68,True,True,True,1,1,94.44,100.0,
01-longhorn_37.yaml,Service,6,1,1,0,1,0,13,13,2,6,28311.82,12.37,28324.19,True,True,True,2,0,93.33,100.0,
01-longhorn_38.yaml,Service,6,1,1,0,1,0,13,13,2,6,28272.95,12.73,28285.68,True,True,True,2,0,93.33,100.0,
01-longhorn_39.yaml,DaemonSet,31,9,9,4,13,0,55,423,210,10000,98921.08,64.8,98985.88,True,True,True,15,15,85.44,100.0,
01-longhorn_4.yaml,ServiceAccount,3,0,0,0,0,0,8,7,0,3,7549.58,0.0,7549.58,True,True,True,0,0,100.0,
01-longhorn_40.yaml,Deployment,31,8,8,4,12,0,42,422,178,2268,98605.23,60.6,98665.83,True,True,True,25,3,82.93,100.0,
01-longhorn_41.yaml,Deployment,31,7,7,4,11,0,51,422,176,288,98729.48,52.79,98782.27,True,True,True,18,6,82.61,100.0,
01-management-ui1_1.yaml,Service,6,2,2,0,2,0,16,13,4,1,27679.5,10.4,27689.9,True,True,True,2,2,84.62,100.0,
01-management-ui1_2.yaml,ReplicationController,25,7,7,0,7,0,20,420,176,1,95024.62,18.27,95042.89,True,True,True,8,0,81.82,100.0,
01-management-ui_1.yaml,Service,6,2,2,0,2,0,16,13,4,1,28036.32,10.53,28046.85,True,True,True,2,2,84.62,100.0,
01-management-ui_2.yaml,ReplicationController,25,7,7,0,7,0,20,420,176,1,95126.67,18.15,95144.82,True,True,True,8,0,81.82,100.0,
01-mb-sec.yaml,Secret,4,0,0,0,0,0,8,14,0,4,7184.28,0.0,7184.28,True,True,True,0,0,100.0,
01-mi-nginx-replica-2.yaml,Deployment,31,8,8,4,12,0,25,422,186,8,98377.35,27.79,98405.14,True,True,True,20,5,61.54,100.0,
01-mongo-secret.yaml,Secret,4,0,0,0,0,0,7,14,0,2,7183.11,0.0,7183.11,True,True,True,0,0,100.0,
01-mongo-secret1.yaml,Secret,4,0,0,0,0,0,7,14,0,2,7351.67,0.0,7351.67,True,True,True,0,0,100.0,
01-mutation-storage-class.yaml,PersistentVolumeClaim,2,1,1,0,1,0,21,7,3,1,13782.59,12.39,13794.98,True,True,True,2,2,87.5,100.0,
01-my-db-secrets.yaml,Secret,4,0,0,0,0,0,7,14,0,3,7383.96,0.0,7383.96,True,True,True,0,0,100.0,
01-myapp-Deployment.yaml,Deployment,31,8,8,4,12,0,24,422,178,1,98126.05,24.82,98150.87,True,True,True,20,6,56.67,100.0,
01-myapp-Deployment1.yaml,Deployment,31,8,8,4,12,0,24,422,178,1,98486.63,24.64,98511.27,True,True,True,20,6,56.67,100.0,
01-myapp-Deployment2.yaml,Deployment,31,8,8,4,12,0,24,422,178,1,98397.72,24.73,98422.45,True,True,True,20,6,56.67,100.0,
01-myapp-Deployment3.yaml,Deployment,31,8,8,4,12,0,24,422,178,1,98261.3,25.32,98286.62,True,True,True,20,6,56.67,100.0,
01-myapp-Deployment4.yaml,Deployment,31,8,8,4,12,0,24,422,178,1,98421.52,24.58,98446.1,True,True,True,20,6,56.67,100.0,
01-myapp-Deployment5.yaml,Deployment,31,8,8,4,12,0,24,422,178,1,98331.5,25.32,98356.82,True,True,True,20,6,56.67,100.0,
01-myapp-Deployment6.yaml,Deployment,31,8,8,4,12,0,24,422,178,1,98363.68,25.13,98388.81,True,True,True,20,6,56.67,100.0,
01-myapp-Deployment7.yaml,Deployment,31,8,8,4,12,0,24,422,178,1,98358.49,25.35,98383.84,True,True,True,20,6,56.67,100.0,
01-myapp-Deployment8.yaml,Deployment,31,8,8,4,12,0,24,422,178,1,98505.85,25.01,98530.86,True,True,True,20,6,56.67,100.0,
01-myapp-Deployment9.yaml,Deployment,31,8,8,4,12,0,24,422,178,1,98230.18,24.77,98254.95,True,True,True,20,6,56.67,100.0,
01-mysql-external-service.yaml,Service,6,1,1,0,1,0,8,13,2,1,28604.37,7.62,28611.99,True,True,True,2,0,88.89,100.0,
01-MySQL-externalName-Service.yaml,Service,6,1,1,0,1,0,8,13,2,1,28271.14,7.39,28278.53,True,True,True,3,1,75.0,100.0,
01-MySQL-externalName-Service1.yaml,Service,6,1,1,0,1,0,8,13,2,1,28296.32,7.48,28303.8,True,True,True,3,1,75.0,100.0,
01-mysql-externalname-service10.yaml,Service,6,1,1,0,1,0,8,13,2,1,28519.95,7.54,28527.49,True,True,True,2,0,87.5,100.0,
01-MySQL-externalName-Service11.yaml,Service,6,1,1,0,1,0,8,13,2,1,28263.61,7.42,28271.03,True,True,True,3,1,75.0,100.0,
01-MySQL-externalName-Service12.yaml,Service,6,1,1,0,1,0,8,13,2,1,28534.02,7.61,28541.63,True,True,True,3,1,75.0,100.0,
01-MySQL-externalName-Service2.yaml,Service,6,1,1,0,1,0,8,13,2,1,28306.96,7.51,28314.47,True,True,True,3,1,75.0,100.0,
01-MySQL-externalName-Service3.yaml,Service,6,1,1,0,1,0,8,13,2,1,28662.64,7.55,28670.19,True,True,True,3,1,75.0,100.0,
01-MySQL-externalName-Service4.yaml,Service,6,1,1,0,1,0,8,13,2,1,28306.34,7.45,28313.79,True,True,True,3,1,75.0,100.0,
01-MySQL-externalName-Service5.yaml,Service,6,1,1,0,1,0,8,13,2,1,28276.84,7.47,28284.31,True,True,True,3,1,75.0,100.0,
01-MySQL-externalName-Service6.yaml,Service,6,1,1,0,1,0,8,13,2,1,28489.91,7.57,28497.48,True,True,True,3,1,75.0,100.0,
01-MySQL-externalName-Service7.yaml,Service,6,1,1,0,1,0,8,13,2,1,28257.44,7.55,28264.99,True,True,True,3,1,75.0,100.0,
01-mysql-externalname-service8.yaml,Service,6,1,1,0,1,0,8,13,2,1,28455.88,7.41,28463.29,True,True,True,2,0,87.5,100.0,
01-mysql-externalname-service9.yaml,Service,6,1,1,0,1,0,8,13,2,1,28353.21,7.6,28360.81,True,True,True,2,0,87.5,100.0,
01-namespace55_2.yaml,Service,6,1,1,0,1,0,15,13,2,2,28126.57,11.05,28137.62,True,True,True,1,1,92.86,100.0,
01-namespace55_3.yaml,Deployment,31,7,7,4,11,0,21,422,176,4,98683.56,25.51,98709.07,True,True,True,15,0,73.68,100.0,
01-namespace55_4.yaml,Service,6,1,1,0,1,0,15,13,2,2,27935.66,11.18,27946.84,True,True,True,1,1,92.86,100.0,
01-namespace55_5.yaml,Deployment,31,7,7,4,11,0,20,422,176,4,98787.54,24.58,98812.12,True,True,True,15,0,72.73,100.0,
01-namespace66_2.yaml,Deployment,31,7,7,4,11,0,21,422,176,4,98490.64,25.57,98516.21,True,True,True,15,0,73.68,100.0,
01-namespace66_3.yaml,Deployment,31,7,7,4,11,0,21,422,176,4,98737.44,25.2,98762.64,True,True,True,15,0,73.68,100.0,
01-netflix_1.yaml,Deployment,31,7,7,4,11,0,33,422,176,3,98814.05,29.52,98843.57,True,True,True,15,3,76.92,100.0,
01-netflix_2.yaml,Service,6,1,1,0,1,0,20,13,2,1,28287.59,11.84,28299.43,True,True,True,1,3,87.5,100.0,
01-netflix_3.yaml,Pod,61,13,13,6,19,0,20,481,187,2,179975.6,24.23,179999.83,True,True,True,23,3,55.17,100.0,
01-nfd_11.yaml,Service,6,1,1,0,1,0,17,13,2,1,28000.17,10.52,28010.69,True,True,True,1,1,92.31,100.0,
01-nfd_12.yaml,Deployment,31,4,4,4,8,0,83,422,77,32,100155.52,64.69,100220.21,True,True,True,10,1,94.24,100.0,
01-nfd_13.yaml,DaemonSet,31,4,4,4,8,0,54,423,84,64,99685.86,55.86,99741.72,True,True,True,9,25,79.52,100.0,
01-nfd_3.yaml,ServiceAccount,3,0,0,0,0,0,5,7,0,1,7129.6,0.0,7129.6,True,True,True,0,0,100.0,
01-nfd_4.yaml,ServiceAccount,3,0,0,0,0,0,5,7,0,1,7362.64,0.0,7362.64,True,True,True,0,0,100.0,
01-nfd_7.yaml,RoleBinding,4,0,0,0,0,0,14,12,0,1,7141.73,0.0,7141.73,True,True,True,0,0,100.0,
01-nfd_8.yaml,ClusterRoleBinding,4,0,0,0,0,0,13,12,0,1,7383.61,0.0,7383.61,True,True,True,0,0,100.0,
01-nfs-volume-claime.yaml,PersistentVolumeClaim,2,1,1,0,1,0,11,7,3,1,13530.63,8.47,13539.1,True,True,True,2,2,81.82,100.0,
01-Nginx-App1-Deployment & NPService.yaml,Deployment,31,8,8,4,12,0,24,422,178,1,98629.46,25.17,98654.63,True,True,True,16,1,70.18,100.0,
01-Nginx-App1-Deployment & NPService_1.yaml,Service,6,2,2,0,2,0,18,13,4,1,28168.43,11.18,28179.61,True,True,True,2,2,85.71,100.0,
01-nginx-app1-deployment-and-node-port-service.yaml,Deployment,31,8,8,4,12,0,24,422,178,1,98635.82,25.14,98660.96,True,True,True,16,1,70.18,100.0,
01-nginx-app1-deployment-and-node-port-service1.yaml,Deployment,31,8,8,4,12,0,24,422,178,1,98352.66,24.82,98377.48,True,True,True,16,1,70.18,100.0,
01-nginx-app1-deployment-and-node-port-service1_1.yaml,Service,6,2,2,0,2,0,20,13,4,1,27757.15,11.89,27769.04,True,True,True,2,2,86.67,100.0,
01-nginx-app1-deployment-and-node-port-service2.yaml,Deployment,31,8,8,4,12,0,24,422,178,1,98573.84,25.08,98598.92,True,True,True,16,1,70.18,100.0,
01-nginx-app1-deployment-and-node-port-service2_1.yaml,Service,6,2,2,0,2,0,20,13,4,1,28090.83,11.81,28102.64,True,True,True,2,2,86.67,100.0,
01-nginx-app1-deployment-and-node-port-service3.yaml,Deployment,31,8,8,4,12,0,24,422,178,1,98676.51,25.01,98701.52,True,True,True,16,1,70.18,100.0,
01-nginx-app1-deployment-and-node-port-service3_1.yaml,Service,6,2,2,0,2,0,20,13,4,1,27937.64,11.92,27949.56,True,True,True,2,2,86.67,100.0,
01-nginx-app1-deployment-and-node-port-service_1.yaml,Service,6,2,2,0,2,0,20,13,4,1,28076.68,11.79,28088.47,True,True,True,2,2,86.67,100.0,
01-Nginx-App1-Deployment-and-NodePortService.yaml,Deployment,31,8,8,4,12,0,33,422,178,1,98327.61,31.4,98359.01,True,True,True,16,1,76.71,100.0,
01-Nginx-App1-Deployment-and-NodePortService1.yaml,Deployment,31,8,8,4,12,0,33,422,178,1,98595.16,31.13,98626.29,True,True,True,16,1,76.71,100.0,
01-Nginx-App1-Deployment-and-NodePortService10.yaml,Deployment,31,8,8,4,12,0,24,422,178,1,98150.49,24.98,98175.47,True,True,True,16,1,70.18,100.0,
01-Nginx-App1-Deployment-and-NodePortService10_1.yaml,Service,6,2,2,0,2,0,18,13,4,1,27754.19,11.06,27765.25,True,True,True,2,2,85.71,100.0,
01-Nginx-App1-Deployment-and-NodePortService11.yaml,Deployment,31,8,8,4,12,0,33,422,178,1,98261.16,31.09,98292.25,True,True,True,16,1,76.71,100.0,
01-Nginx-App1-Deployment-and-NodePortService11_1.yaml,Service,6,2,2,0,2,0,18,13,4,1,27772.1,11.13,27783.23,True,True,True,2,2,85.71,100.0,
01-Nginx-App1-Deployment-and-NodePortService12.yaml,Deployment,31,8,8,4,12,0,33,422,178,1,98526.8,31.0,98557.8,True,True,True,16,1,76.71,100.0,
01-Nginx-App1-Deployment-and-NodePortService12_1.yaml,Service,6,2,2,0,2,0,18,13,4,1,28046.0,11.17,28057.17,True,True,True,2,2,85.71,100.0,
01-Nginx-App1-Deployment-and-NodePortService13.yaml,Deployment,31,8,8,4,12,0,33,422,178,1,98489.69,31.58,98521.27,True,True,True,16,1,76.71,100.0,
01-Nginx-App1-Deployment-and-NodePortService13_1.yaml,Service,6,2,2,0,2,0,18,13,4,1,27807.66,11.08,27818.74,True,True,True,2,2,85.71,100.0,
01-Nginx-App1-Deployment-and-NodePortService14.yaml,Deployment,31,8,8,4,12,0,33,422,178,1,98312.29,31.07,98343.36,True,True,True,16,1,76.71,100.0,
01-Nginx-App1-Deployment-and-NodePortService14_1.yaml,Service,6,2,2,0,2,0,18,13,4,1,28140.28,11.2,28151.48,True,True,True,2,2,85.71,100.0,
01-Nginx-App1-Deployment-and-NodePortService15.yaml,Deployment,31,8,8,4,12,0,33,422,178,1,98639.33,42.83,98682.16,True,True,True,16,1,76.71,100.0,
01-Nginx-App1-Deployment-and-NodePortService15_1.yaml,Service,6,2,2,0,2,0,18,13,4,1,27814.72,11.16,27825.88,True,True,True,2,2,85.71,100.0,
01-Nginx-App1-Deployment-and-NodePortService16.yaml,Deployment,31,8,8,4,12,0,33,422,178,1,98432.53,31.03,98463.56,True,True,True,16,1,76.71,100.0,
01-Nginx-App1-Deployment-and-NodePortService16_1.yaml,Service,6,2,2,0,2,0,18,13,4,1,28105.92,11.11,28117.03,True,True,True,2,2,85.71,100.0,
01-Nginx-App1-Deployment-and-NodePortService17.yaml,Deployment,31,8,8,4,12,0,33,422,178,1,98501.51,31.78,98533.29,True,True,True,16,1,76.71,100.0,
01-Nginx-App1-Deployment-and-NodePortService17_1.yaml,Service,6,2,2,0,2,0,20,13,4,1,27945.84,11.89,27957.73,True,True,True,2,2,86.67,100.0,
01-Nginx-App1-Deployment-and-NodePortService18.yaml,Deployment,31,8,8,4,12,0,33,422,178,1,98593.1,32.52,98625.62,True,True,True,16,1,76.71,100.0,
01-Nginx-App1-Deployment-and-NodePortService18_1.yaml,Service,6,2,2,0,2,0,14,13,4,1,28066.09,8.91,28075.0,True,True,True,2,2,81.82,100.0,
01-Nginx-App1-Deployment-and-NodePortService19.yaml,Deployment,31,8,8,4,12,0,33,422,178,1,98438.88,31.02,98469.9,True,True,True,16,1,76.71,100.0,
01-Nginx-App1-Deployment-and-NodePortService19_1.yaml,Service,6,2,2,0,2,0,14,13,4,1,27779.03,9.19,27788.22,True,True,True,2,2,81.82,100.0,
01-Nginx-App1-Deployment-and-NodePortService1_1.yaml,Service,6,2,2,0,2,0,18,13,4,1,27956.55,11.56,27968.11,True,True,True,2,2,85.71,100.0,
01-Nginx-App1-Deployment-and-NodePortService2.yaml,Deployment,31,8,8,4,12,0,33,422,178,1,98449.8,30.89,98480.69,True,True,True,16,1,76.71,100.0,
01-Nginx-App1-Deployment-and-NodePortService20.yaml,Deployment,31,8,8,4,12,0,33,422,178,1,98386.21,31.35,98417.56,True,True,True,16,1,76.71,100.0,
01-Nginx-App1-Deployment-and-NodePortService20_1.yaml,Service,6,2,2,0,2,0,18,13,4,1,27789.73,11.03,27800.76,True,True,True,2,2,85.71,100.0,
01-Nginx-App1-Deployment-and-NodePortService21.yaml,Deployment,31,8,8,4,12,0,24,422,178,1,98573.13,24.96,98598.09,True,True,True,16,1,70.18,100.0,
01-Nginx-App1-Deployment-and-NodePortService21_1.yaml,Service,6,2,2,0,2,0,18,13,4,1,28110.65,11.09,28121.74,True,True,True,2,2,85.71,100.0,
01-Nginx-App1-Deployment-and-NodePortService22.yaml,Deployment,31,8,8,4,12,0,33,422,178,1,98661.95,31.07,98693.02,True,True,True,16,1,76.71,100.0,
01-Nginx-App1-Deployment-and-NodePortService22_1.yaml,Service,6,2,2,0,2,0,18,13,4,1,27831.93,11.23,27843.16,True,True,True,2,2,85.71,100.0,
01-Nginx-App1-Deployment-and-NodePortService23.yaml,Deployment,31,8,8,4,12,0,33,422,178,1,98585.06,31.27,98616.33,True,True,True,16,1,76.71,100.0,
01-Nginx-App1-Deployment-and-NodePortService23_1.yaml,Service,6,2,2,0,2,0,18,13,4,1,27856.69,11.11,27867.8,True,True,True,2,2,85.71,100.0,
01-Nginx-App1-Deployment-and-NodePortService24.yaml,Deployment,31,8,8,4,12,0,33,422,178,1,98347.05,31.16,98378.21,True,True,True,16,1,76.71,100.0,
01-Nginx-App1-Deployment-and-NodePortService24_1.yaml,Service,6,2,2,0,2,0,18,13,4,1,28108.27,11.05,28119.32,True,True,True,2,2,85.71,100.0,
01-Nginx-App1-Deployment-and-NodePortService25.yaml,Deployment,31,8,8,4,12,0,33,422,178,1,98435.38,30.9,98466.28,True,True,True,16,1,76.71,100.0,
01-Nginx-App1-Deployment-and-NodePortService25_1.yaml,Service,6,2,2,0,2,0,18,13,4,1,27794.31,11.04,27805.35,True,True,True,2,2,85.71,100.0,
01-Nginx-App1-Deployment-and-NodePortService26.yaml,Deployment,31,8,8,4,12,0,33,422,178,1,98530.99,31.52,98562.51,True,True,True,16,1,76.71,100.0,
01-Nginx-App1-Deployment-and-NodePortService26_1.yaml,Service,6,2,2,0,2,0,18,13,4,1,28162.6,11.22,28173.82,True,True,True,2,2,85.71,100.0,
01-Nginx-App1-Deployment-and-NodePortService27.yaml,Deployment,31,8,8,4,12,0,33,422,178,1,98419.73,32.03,98451.76,True,True,True,16,1,76.71,100.0,
01-Nginx-App1-Deployment-and-NodePortService27_1.yaml,Service,6,2,2,0,2,0,18,13,4,1,27854.27,11.12,27865.39,True,True,True,2,2,85.71,100.0,
01-Nginx-App1-Deployment-and-NodePortService28.yaml,Deployment,31,8,8,4,12,0,33,422,178,1,98371.43,31.02,98402.45,True,True,True,16,1,76.71,100.0,
01-Nginx-App1-Deployment-and-NodePortService28_1.yaml,Service,6,2,2,0,2,0,20,13,4,1,28051.06,11.83,28062.89,True,True,True,2,2,86.67,100.0,
01-Nginx-App1-Deployment-and-NodePortService29.yaml,Deployment,31,8,8,4,12,0,33,422,178,1,98380.58,31.27,98411.85,True,True,True,16,1,76.71,100.0,
01-Nginx-App1-Deployment-and-NodePortService29_1.yaml,Service,6,2,2,0,2,0,14,13,4,1,27686.53,8.99,27695.52,True,True,True,2,2,81.82,100.0,
01-Nginx-App1-Deployment-and-NodePortService2_1.yaml,Service,6,2,2,0,2,0,18,13,4,1,28023.14,11.32,28034.46,True,True,True,2,2,85.71,100.0,
01-Nginx-App1-Deployment-and-NodePortService3.yaml,Deployment,31,8,8,4,12,0,33,422,178,1,98592.12,30.94,98623.06,True,True,True,16,1,76.71,100.0,
01-Nginx-App1-Deployment-and-NodePortService30.yaml,Deployment,31,8,8,4,12,0,33,422,178,1,98968.14,31.32,98999.46,True,True,True,16,1,76.71,100.0,
01-Nginx-App1-Deployment-and-NodePortService30_1.yaml,Service,6,2,2,0,2,0,14,13,4,1,27764.31,9.08,27773.39,True,True,True,2,2,81.82,100.0,
01-Nginx-App1-Deployment-and-NodePortService31.yaml,Deployment,31,8,8,4,12,0,33,422,178,1,98641.31,31.59,98672.9,True,True,True,16,1,76.71,100.0,
01-Nginx-App1-Deployment-and-NodePortService31_1.yaml,Service,6,2,2,0,2,0,18,13,4,1,28066.62,11.05,28077.67,True,True,True,2,2,85.71,100.0,
01-Nginx-App1-Deployment-and-NodePortService32.yaml,Deployment,31,8,8,4,12,0,24,422,178,1,98482.38,25.02,98507.4,True,True,True,16,1,70.18,100.0,
01-Nginx-App1-Deployment-and-NodePortService32_1.yaml,Service,6,2,2,0,2,0,18,13,4,1,28054.31,11.49,28065.8,True,True,True,2,2,85.71,100.0,
01-Nginx-App1-Deployment-and-NodePortService33.yaml,Deployment,31,8,8,4,12,0,33,422,178,1,98717.69,31.0,98748.69,True,True,True,16,1,76.71,100.0,
01-Nginx-App1-Deployment-and-NodePortService33_1.yaml,Service,6,2,2,0,2,0,18,13,4,1,28099.56,11.08,28110.64,True,True,True,2,2,85.71,100.0,
01-Nginx-App1-Deployment-and-NodePortService34.yaml,Deployment,31,8,8,4,12,0,33,422,178,1,99052.36,30.94,99083.3,True,True,True,16,1,76.71,100.0,
01-Nginx-App1-Deployment-and-NodePortService34_1.yaml,Service,6,2,2,0,2,0,18,13,4,1,27738.48,11.08,27749.56,True,True,True,2,2,85.71,100.0,
01-Nginx-App1-Deployment-and-NodePortService35.yaml,Deployment,31,8,8,4,12,0,33,422,178,1,98698.7,31.55,98730.25,True,True,True,16,1,76.71,100.0,
01-Nginx-App1-Deployment-and-NodePortService35_1.yaml,Service,6,2,2,0,2,0,18,13,4,1,27831.64,11.5,27843.14,True,True,True,2,2,85.71,100.0,
01-Nginx-App1-Deployment-and-NodePortService36.yaml,Deployment,31,8,8,4,12,0,33,422,178,1,98667.9,31.75,98699.65,True,True,True,16,1,76.71,100.0,
01-Nginx-App1-Deployment-and-NodePortService36_1.yaml,Service,6,2,2,0,2,0,18,13,4,1,28038.75,11.13,28049.88,True,True,True,2,2,85.71,100.0,
01-Nginx-App1-Deployment-and-NodePortService37.yaml,Deployment,31,8,8,4,12,0,33,422,178,1,100308.94,31.6,100340.54,True,True,True,16,1,76.71,100.0,
01-Nginx-App1-Deployment-and-NodePortService37_1.yaml,Service,6,2,2,0,2,0,18,13,4,1,28028.12,11.19,28039.31,True,True,True,2,2,85.71,100.0,
01-Nginx-App1-Deployment-and-NodePortService38.yaml,Deployment,31,8,8,4,12,0,33,422,178,1,98642.07,30.75,98672.82,True,True,True,16,1,76.71,100.0,
01-Nginx-App1-Deployment-and-NodePortService38_1.yaml,Service,6,2,2,0,2,0,18,13,4,1,28092.92,11.1,28104.02,True,True,True,2,2,85.71,100.0,
01-Nginx-App1-Deployment-and-NodePortService39.yaml,Deployment,31,8,8,4,12,0,33,422,178,1,98507.52,31.48,98539.0,True,True,True,16,1,76.71,100.0,
01-Nginx-App1-Deployment-and-NodePortService39_1.yaml,Service,6,2,2,0,2,0,20,13,4,1,27898.23,12.0,27910.23,True,True,True,2,2,86.67,100.0,
01-Nginx-App1-Deployment-and-NodePortService3_1.yaml,Service,6,2,2,0,2,0,18,13,4,1,28085.99,11.06,28097.05,True,True,True,2,2,85.71,100.0,
01-Nginx-App1-Deployment-and-NodePortService4.yaml,Deployment,31,8,8,4,12,0,33,422,178,1,98632.95,31.04,98663.99,True,True,True,16,1,76.71,100.0,
01-Nginx-App1-Deployment-and-NodePortService40.yaml,Deployment,31,8,8,4,12,0,33,422,178,1,98472.61,32.04,98504.65,True,True,True,16,1,76.71,100.0,
01-Nginx-App1-Deployment-and-NodePortService40_1.yaml,Service,6,2,2,0,2,0,14,13,4,1,27834.09,9.05,27843.14,True,True,True,2,2,81.82,100.0,
01-Nginx-App1-Deployment-and-NodePortService41.yaml,Deployment,31,8,8,4,12,0,33,422,178,1,98573.26,31.42,98604.68,True,True,True,16,1,76.71,100.0,
01-Nginx-App1-Deployment-and-NodePortService41_1.yaml,Service,6,2,2,0,2,0,14,13,4,1,28137.97,9.11,28147.08,True,True,True,2,2,81.82,100.0,
01-Nginx-App1-Deployment-and-NodePortService42.yaml,Deployment,31,8,8,4,12,0,33,422,178,1,98610.03,31.5,98641.53,True,True,True,16,1,76.71,100.0,
01-Nginx-App1-Deployment-and-NodePortService42_1.yaml,Service,6,2,2,0,2,0,18,13,4,1,27808.66,11.28,27819.94,True,True,True,2,2,85.71,100.0,
01-Nginx-App1-Deployment-and-NodePortService43.yaml,Deployment,31,8,8,4,12,0,24,422,178,1,98652.73,24.78,98677.51,True,True,True,16,1,70.18,100.0,
01-Nginx-App1-Deployment-and-NodePortService43_1.yaml,Service,6,2,2,0,2,0,18,13,4,1,28000.47,11.08,28011.55,True,True,True,2,2,85.71,100.0,
01-Nginx-App1-Deployment-and-NodePortService44.yaml,Deployment,31,8,8,4,12,0,33,422,178,1,98631.73,31.65,98663.38,True,True,True,16,1,76.71,100.0,
01-Nginx-App1-Deployment-and-NodePortService44_1.yaml,Service,6,2,2,0,2,0,18,13,4,1,27768.33,11.03,27779.36,True,True,True,2,2,85.71,100.0,
01-Nginx-App1-Deployment-and-NodePortService45.yaml,Deployment,31,8,8,4,12,0,33,422,178,1,98648.18,31.09,98679.27,True,True,True,16,1,76.71,100.0,
01-Nginx-App1-Deployment-and-NodePortService45_1.yaml,Service,6,2,2,0,2,0,18,13,4,1,28110.13,11.28,28121.41,True,True,True,2,2,85.71,100.0,
01-Nginx-App1-Deployment-and-NodePortService46.yaml,Deployment,31,8,8,4,12,0,33,422,178,1,98679.09,30.72,98709.81,True,True,True,16,1,76.71,100.0,
01-Nginx-App1-Deployment-and-NodePortService46_1.yaml,Service,6,2,2,0,2,0,18,13,4,1,27944.6,11.15,27955.75,True,True,True,2,2,85.71,100.0,
01-Nginx-App1-Deployment-and-NodePortService47.yaml,Deployment,31,8,8,4,12,0,33,422,178,1,98627.71,31.12,98658.83,True,True,True,16,1,76.71,100.0,
01-Nginx-App1-Deployment-and-NodePortService47_1.yaml,Service,6,2,2,0,2,0,18,13,4,1,28086.71,11.11,28097.82,True,True,True,2,2,85.71,100.0,
01-Nginx-App1-Deployment-and-NodePortService48.yaml,Deployment,31,8,8,4,12,0,33,422,178,1,98564.54,31.29,98595.83,True,True,True,16,1,76.71,100.0,
01-Nginx-App1-Deployment-and-NodePortService48_1.yaml,Service,6,2,2,0,2,0,18,13,4,1,27902.41,11.2,27913.61,True,True,True,2,2,85.71,100.0,
01-Nginx-App1-Deployment-and-NodePortService49.yaml,Deployment,31,8,8,4,12,0,33,422,178,1,98549.76,31.43,98581.19,True,True,True,16,1,76.71,100.0,
01-Nginx-App1-Deployment-and-NodePortService49_1.yaml,Service,6,2,2,0,2,0,18,13,4,1,27832.82,11.15,27843.97,True,True,True,2,2,85.71,100.0,
01-Nginx-App1-Deployment-and-NodePortService4_1.yaml,Service,6,2,2,0,2,0,18,13,4,1,28062.91,11.21,28074.12,True,True,True,2,2,85.71,100.0,
01-Nginx-App1-Deployment-and-NodePortService5.yaml,Deployment,31,8,8,4,12,0,33,422,178,1,98660.4,30.77,98691.17,True,True,True,16,1,76.71,100.0,
01-Nginx-App1-Deployment-and-NodePortService50.yaml,Deployment,31,8,8,4,12,0,33,422,178,1,98628.43,31.05,98659.48,True,True,True,16,1,76.71,100.0,
01-Nginx-App1-Deployment-and-NodePortService50_1.yaml,Service,6,2,2,0,2,0,20,13,4,1,27910.64,11.9,27922.54,True,True,True,2,2,86.67,100.0,
01-Nginx-App1-Deployment-and-NodePortService51.yaml,Deployment,31,8,8,4,12,0,33,422,178,1,98579.75,30.76,98610.51,True,True,True,16,1,76.71,100.0,
01-Nginx-App1-Deployment-and-NodePortService51_1.yaml,Service,6,2,2,0,2,0,14,13,4,1,28077.82,9.08,28086.9,True,True,True,2,2,81.82,100.0,
01-Nginx-App1-Deployment-and-NodePortService52.yaml,Deployment,31,8,8,4,12,0,33,422,178,1,98665.5,31.31,98696.81,True,True,True,16,1,76.71,100.0,
01-Nginx-App1-Deployment-and-NodePortService52_1.yaml,Service,6,2,2,0,2,0,14,13,4,1,27844.69,8.92,27853.61,True,True,True,2,2,81.82,100.0,
01-Nginx-App1-Deployment-and-NodePortService53.yaml,Deployment,31,8,8,4,12,0,33,422,178,1,98582.32,30.99,98613.31,True,True,True,16,1,76.71,100.0,
01-Nginx-App1-Deployment-and-NodePortService53_1.yaml,Service,6,2,2,0,2,0,18,13,4,1,27972.88,11.36,27984.24,True,True,True,2,2,85.71,100.0,
01-Nginx-App1-Deployment-and-NodePortService5_1.yaml,Service,6,2,2,0,2,0,18,13,4,1,27843.78,11.19,27854.97,True,True,True,2,2,85.71,100.0,
01-Nginx-App1-Deployment-and-NodePortService6.yaml,Deployment,31,8,8,4,12,0,33,422,178,1,98603.95,30.96,98634.91,True,True,True,16,1,76.71,100.0,
01-Nginx-App1-Deployment-and-NodePortService6_1.yaml,Service,6,2,2,0,2,0,20,13,4,1,28074.24,12.06,28086.3,True,True,True,2,2,86.67,100.0,
01-Nginx-App1-Deployment-and-NodePortService7.yaml,Deployment,31,8,8,4,12,0,33,422,178,1,98434.63,30.99,98465.62,True,True,True,16,1,76.71,100.0,
01-Nginx-App1-Deployment-and-NodePortService7_1.yaml,Service,6,2,2,0,2,0,14,13,4,1,28047.94,8.95,28056.89,True,True,True,2,2,81.82,100.0,
01-Nginx-App1-Deployment-and-NodePortService8.yaml,Deployment,31,8,8,4,12,0,33,422,178,1,98768.44,30.84,98799.28,True,True,True,16,1,76.71,100.0,
01-Nginx-App1-Deployment-and-NodePortService8_1.yaml,Service,6,2,2,0,2,0,14,13,4,1,28016.06,9.12,28025.18,True,True,True,2,2,81.82,100.0,
01-Nginx-App1-Deployment-and-NodePortService9.yaml,Deployment,31,8,8,4,12,0,33,422,178,1,98578.47,31.04,98609.51,True,True,True,16,1,76.71,100.0,
01-Nginx-App1-Deployment-and-NodePortService9_1.yaml,Service,6,2,2,0,2,0,18,13,4,1,27693.65,10.92,27704.57,True,True,True,2,2,85.71,100.0,
01-Nginx-App1-Deployment-and-NodePortService_1.yaml,Service,6,2,2,0,2,0,18,13,4,1,27818.8,11.16,27829.96,True,True,True,2,2,85.71,100.0,
01-Nginx-App1.yaml,Deployment,31,8,8,5,13,0,24,422,178,1,98539.21,25.27,98564.48,True,True,True,17,2,66.67,100.0,
01-Nginx-App1_1.yaml,Service,6,2,2,0,2,0,20,13,4,1,28132.52,12.11,28144.63,True,True,True,2,2,86.67,100.0,
01-Nginx-App3-Deployment & NPService.yaml,Deployment,31,8,8,4,12,0,24,422,178,1,98516.01,24.88,98540.89,True,True,True,16,1,70.18,100.0,
01-Nginx-App3-Deployment & NPService_1.yaml,Service,6,2,2,0,2,0,18,13,4,1,27986.6,23.29,28009.89,True,True,True,2,2,85.71,100.0,
01-Nginx-App3-Deployment-&-NPService.yaml,Deployment,31,8,8,4,12,0,33,422,178,1,98698.34,31.14,98729.48,True,True,True,16,1,76.71,100.0,
01-Nginx-App3-Deployment-&-NPService_1.yaml,Service,6,2,2,0,2,0,14,13,4,1,28095.63,9.17,28104.8,True,True,True,2,2,81.82,100.0,
01-Nginx-App3-Deployment-and-NodePortService.yaml,Deployment,31,8,8,4,12,0,24,422,178,1,98589.03,24.98,98614.01,True,True,True,16,1,70.18,100.0,
01-Nginx-App3-Deployment-and-NodePortService1.yaml,Deployment,31,8,8,4,12,0,33,422,178,1,98464.07,31.21,98495.28,True,True,True,16,1,76.71,100.0,
01-Nginx-App3-Deployment-and-NodePortService1_1.yaml,Service,6,2,2,0,2,0,14,13,4,1,27852.74,8.98,27861.72,True,True,True,2,2,81.82,100.0,
01-Nginx-App3-Deployment-and-NodePortService2.yaml,Deployment,31,8,8,4,12,0,24,422,178,1,98511.47,24.84,98536.31,True,True,True,16,1,70.18,100.0,
01-Nginx-App3-Deployment-and-NodePortService2_1.yaml,Service,6,2,2,0,2,0,18,13,4,1,28082.27,11.25,28093.52,True,True,True,2,2,85.71,100.0,
01-Nginx-App3-Deployment-and-NodePortService3.yaml,Deployment,31,8,8,4,12,0,33,422,178,1,98705.1,30.93,98736.03,True,True,True,16,1,76.71,100.0,
01-Nginx-App3-Deployment-and-NodePortService3_1.yaml,Service,6,2,2,0,2,0,14,13,4,1,27900.54,19.43,27919.97,True,True,True,2,2,81.82,100.0,
01-Nginx-App3-Deployment-and-NodePortService4.yaml,Deployment,31,8,8,4,12,0,24,422,178,1,98436.68,24.93,98461.61,True,True,True,16,1,70.18,100.0,
01-Nginx-App3-Deployment-and-NodePortService4_1.yaml,Service,6,2,2,0,2,0,18,13,4,1,28301.53,11.01,28312.54,True,True,True,2,2,85.71,100.0,
01-Nginx-App3-Deployment-and-NodePortService5.yaml,Deployment,31,8,8,4,12,0,33,422,178,1,98638.03,31.36,98669.39,True,True,True,16,1,76.71,100.0,
01-Nginx-App3-Deployment-and-NodePortService5_1.yaml,Service,6,2,2,0,2,0,14,13,4,1,27801.23,8.93,27810.16,True,True,True,2,2,81.82,100.0,
01-Nginx-App3-Deployment-and-NodePortService6.yaml,Deployment,31,8,8,4,12,0,24,422,178,1,98643.44,24.73,98668.17,True,True,True,16,1,70.18,100.0,
01-Nginx-App3-Deployment-and-NodePortService6_1.yaml,Service,6,2,2,0,2,0,18,13,4,1,28023.34,11.32,28034.66,True,True,True,2,2,85.71,100.0,
01-Nginx-App3-Deployment-and-NodePortService7.yaml,Deployment,31,8,8,4,12,0,33,422,178,1,98474.4,31.01,98505.41,True,True,True,16,1,76.71,100.0,
01-Nginx-App3-Deployment-and-NodePortService7_1.yaml,Service,6,2,2,0,2,0,14,13,4,1,27963.94,9.01,27972.95,True,True,True,2,2,81.82,100.0,
01-Nginx-App3-Deployment-and-NodePortService_1.yaml,Service,6,2,2,0,2,0,18,13,4,1,27832.28,11.41,27843.69,True,True,True,2,2,85.71,100.0,
01-nginx-deployment.yaml,Deployment,31,7,7,5,12,0,19,422,176,1,99126.43,22.48,99148.91,True,True,True,16,1,65.31,100.0,
01-nginx-deployment1.yaml,Deployment,31,8,8,1,9,0,27,422,178,4,98746.11,24.64,98770.75,True,True,True,10,3,79.37,100.0,
01-nginx-ingress-controller1_1.yaml,ServiceAccount,3,0,0,0,0,0,5,7,0,1,7180.27,0.0,7180.27,True,True,True,0,0,100.0,
01-nginx-ingress-controller1_11.yaml,Deployment,31,6,6,2,8,0,58,422,111,32,99223.03,50.36,99273.39,True,True,True,8,3,91.73,100.0,
01-nginx-ingress-controller1_12.yaml,Service,6,2,2,0,2,0,18,13,4,2,27886.62,14.43,27901.05,True,True,True,3,3,83.33,100.0,
01-nginx-ingress-controller1_3.yaml,ClusterRoleBinding,4,0,0,0,0,0,13,12,0,1,7476.76,0.0,7476.76,True,True,True,0,0,100.0,
01-nginx-ingress-controller2_1.yaml,ServiceAccount,3,0,0,0,0,0,5,7,0,1,7139.73,0.0,7139.73,True,True,True,0,0,100.0,
01-nginx-ingress-controller2_11.yaml,Deployment,31,6,6,2,8,0,58,422,111,32,98998.77,50.08,99048.85,True,True,True,8,3,91.73,100.0,
01-nginx-ingress-controller2_12.yaml,Service,6,2,2,0,2,0,18,13,4,2,28099.57,14.03,28113.6,True,True,True,3,3,83.33,100.0,
01-nginx-ingress-controller2_3.yaml,ClusterRoleBinding,4,0,0,0,0,0,13,12,0,1,7203.26,0.0,7203.26,True,True,True,0,0,100.0,
01-nginx-ingress-controller_1.yaml,ServiceAccount,3,0,0,0,0,0,5,7,0,1,7234.23,0.0,7234.23,True,True,True,0,0,100.0,
01-nginx-ingress-controller_11.yaml,Deployment,31,6,6,2,8,0,58,422,111,32,99059.53,50.08,99109.61,True,True,True,8,3,91.73,100.0,
01-nginx-ingress-controller_12.yaml,Service,6,2,2,0,2,0,18,13,4,2,28013.15,14.24,28027.39,True,True,True,3,3,83.33,100.0,
01-nginx-ingress-controller_3.yaml,ClusterRoleBinding,4,0,0,0,0,0,13,12,0,1,7253.15,0.0,7253.15,True,True,True,0,0,100.0,
01-Nginx-Pod.yaml,Pod,61,13,13,6,19,0,19,481,187,1,182212.9,24.58,182237.48,True,True,True,23,3,51.85,100.0,
01-nginx-service.yaml,Service,6,1,1,0,1,0,15,13,2,1,28312.83,10.06,28322.89,True,True,True,2,2,83.33,100.0,
01-nginx.yaml.yaml,Pod,61,13,13,7,20,0,15,481,187,1,180026.86,22.61,180049.47,True,True,True,23,1,50.0,100.0,
01-nginx.yaml_1.yaml,Service,6,1,1,0,1,0,16,13,2,1,28201.54,9.7,28211.24,True,True,True,1,1,91.67,100.0,
01-NginxApp1-Deployment.yaml,Deployment,31,8,8,4,12,0,24,422,178,1,98484.31,25.38,98509.69,True,True,True,20,6,56.67,100.0,
01-NginxApp1-Deployment1.yaml,Deployment,31,8,8,4,12,0,24,422,178,1,98680.42,24.81,98705.23,True,True,True,20,6,56.67,100.0,
01-NginxApp1-Deployment2.yaml,Deployment,31,8,8,4,12,0,24,422,178,1,98577.79,25.06,98602.85,True,True,True,20,6,56.67,100.0,
01-NginxApp1-Deployment3.yaml,Deployment,31,8,8,4,12,0,24,422,178,1,99623.14,25.0,99648.14,True,True,True,20,6,56.67,100.0,
01-NginxApp1-Deployment4.yaml,Deployment,31,8,8,4,12,0,24,422,178,1,102789.03,25.7,102814.73,True,True,True,20,6,56.67,100.0,
01-NginxApp1-Deployment5.yaml,Deployment,31,8,8,4,12,0,24,422,178,1,105193.54,25.96,105219.5,True,True,True,20,6,56.67,100.0,
01-NginxApp1-Deployment6.yaml,Deployment,31,8,8,4,12,0,24,422,178,1,100223.32,24.85,100248.17,True,True,True,20,6,56.67,100.0,
01-NginxApp1-Deployment7.yaml,Deployment,31,8,8,4,12,0,24,422,178,1,107406.8,25.31,107432.11,True,True,True,20,6,56.67,100.0,
01-NginxApp1-Deployment8.yaml,Deployment,31,8,8,4,12,0,24,422,178,1,105186.0,25.54,105211.54,True,True,True,20,6,56.67,100.0,
01-NginxApp1-Deployment9.yaml,Deployment,31,8,8,4,12,0,25,422,178,1,104512.09,26.43,104538.52,True,True,True,21,7,54.84,100.0,
01-Node-exporter-deployment.yaml,DaemonSet,31,11,11,5,16,0,37,423,226,4,104449.05,33.97,104483.02,True,True,True,18,11,67.42,100.0,
01-Node-exporter-deployment1.yaml,DaemonSet,31,11,11,5,16,0,37,423,226,4,105178.95,33.82,105212.77,True,True,True,18,11,67.42,100.0,
01-Node-exporter-deployment2.yaml,DaemonSet,31,11,11,5,16,0,37,423,226,4,102364.77,34.05,102398.82,True,True,True,18,11,67.42,100.0,
01-Node-exporter-deployment3.yaml,DaemonSet,31,11,11,5,16,0,37,423,226,4,104167.59,37.76,104205.35,True,True,True,18,11,67.42,100.0,
01-Node-exporter-deployment4.yaml,DaemonSet,31,11,11,5,16,0,37,423,226,4,105553.51,34.44,105587.95,True,True,True,18,11,67.42,100.0,
01-node-selector.yaml,Pod,61,14,14,7,21,0,13,481,190,1,191455.94,21.32,191477.26,True,True,True,23,3,40.91,100.0,
01-odoo-ingress.yaml,Ingress,3,1,1,0,1,0,29,4,2,7,14924.62,22.04,14946.66,True,True,True,14,19,47.62,100.0,
01-opentelemetry-collector.yaml,Deployment,31,8,8,5,13,0,41,422,178,1,104046.15,35.2,104081.35,True,True,True,17,1,79.07,100.0,
01-opentelemetry-collector_1.yaml,Service,6,1,1,0,1,0,21,13,2,1,31814.14,12.56,31826.7,True,True,True,1,1,93.75,100.0,
01-persistent-volume-claim.yaml,PersistentVolumeClaim,2,1,1,0,1,0,11,7,3,1,15409.43,8.87,15418.3,True,True,True,3,3,88.89,100.0,
01-persistent-volume-claim1.yaml,PersistentVolumeClaim,2,1,1,0,1,0,11,7,3,1,14425.38,8.85,14434.23,True,True,True,3,3,88.89,100.0,
01-persistent-volume-claim10.yaml,PersistentVolumeClaim,2,1,1,0,1,0,11,7,3,1,14573.74,9.04,14582.78,True,True,True,3,3,88.89,100.0,
01-persistent-volume-claim11.yaml,PersistentVolumeClaim,2,1,1,0,1,0,11,7,3,1,14451.5,9.28,14460.78,True,True,True,3,3,88.89,100.0,
01-persistent-volume-claim12.yaml,PersistentVolumeClaim,2,1,1,0,1,0,11,7,3,1,14995.67,9.04,15004.71,True,True,True,4,4,85.19,100.0,
01-persistent-volume-claim13.yaml,PersistentVolumeClaim,2,1,1,0,1,0,11,7,3,1,14242.86,8.87,14251.73,True,True,True,3,4,87.27,100.0,
01-persistent-volume-claim14.yaml,PersistentVolumeClaim,2,1,1,0,1,0,11,7,3,1,14495.86,8.87,14504.73,True,True,True,3,3,88.89,100.0,
01-persistent-volume-claim15.yaml,PersistentVolumeClaim,2,1,1,0,1,0,11,7,3,1,14446.67,9.02,14455.69,True,True,True,3,3,88.89,100.0,
01-persistent-volume-claim16.yaml,PersistentVolumeClaim,2,1,1,0,1,0,11,7,3,1,14410.94,9.05,14419.99,True,True,True,3,3,88.89,100.0,
01-persistent-volume-claim17.yaml,PersistentVolumeClaim,2,1,1,0,1,0,11,7,3,1,17020.71,16.75,17037.46,True,True,True,3,3,88.89,100.0,
01-persistent-volume-claim18.yaml,PersistentVolumeClaim,2,1,1,0,1,0,11,7,3,1,15680.5,9.01,15689.51,True,True,True,3,3,88.89,100.0,
01-persistent-volume-claim19.yaml,PersistentVolumeClaim,2,1,1,0,1,0,11,7,3,1,15169.07,8.88,15177.95,True,True,True,3,3,88.89,100.0,
01-persistent-volume-claim2.yaml,PersistentVolumeClaim,2,1,1,0,1,0,11,7,3,1,15510.81,10.73,15521.54,True,True,True,3,4,87.27,100.0,
01-persistent-volume-claim20.yaml,PersistentVolumeClaim,2,1,1,0,1,0,11,7,3,1,15901.12,9.88,15911.0,True,True,True,3,3,88.89,100.0,
01-persistent-volume-claim21.yaml,PersistentVolumeClaim,2,1,1,0,1,0,11,7,3,1,15682.57,9.07,15691.64,True,True,True,3,3,88.89,100.0,
01-persistent-volume-claim22.yaml,PersistentVolumeClaim,2,1,1,0,1,0,11,7,3,1,15425.92,9.44,15435.36,True,True,True,3,3,88.89,100.0,
01-persistent-volume-claim23.yaml,PersistentVolumeClaim,2,1,1,0,1,0,11,7,3,1,14911.8,9.21,14921.01,True,True,True,3,3,88.89,100.0,
01-persistent-volume-claim24.yaml,PersistentVolumeClaim,2,1,1,0,1,0,11,7,3,1,15559.91,8.95,15568.86,True,True,True,3,3,88.89,100.0,
01-persistent-volume-claim25.yaml,PersistentVolumeClaim,2,1,1,0,1,0,11,7,3,1,15534.07,9.0,15543.07,True,True,True,4,4,85.19,100.0,
01-persistent-volume-claim26.yaml,PersistentVolumeClaim,2,1,1,0,1,0,11,7,3,1,15396.29,9.04,15405.33,True,True,True,3,4,87.27,100.0,
01-persistent-volume-claim27.yaml,PersistentVolumeClaim,2,1,1,0,1,0,11,7,3,1,15460.18,9.26,15469.44,True,True,True,3,3,88.89,100.0,
01-persistent-volume-claim28.yaml,PersistentVolumeClaim,2,1,1,0,1,0,11,7,3,1,14999.08,9.56,15008.64,True,True,True,3,3,88.89,100.0,
01-persistent-volume-claim29.yaml,PersistentVolumeClaim,2,1,1,0,1,0,11,7,3,1,15318.44,9.0,15327.44,True,True,True,3,3,88.89,100.0,
01-persistent-volume-claim3.yaml,PersistentVolumeClaim,2,1,1,0,1,0,11,7,3,1,15973.7,8.99,15982.69,True,True,True,3,3,88.89,100.0,
01-persistent-volume-claim30.yaml,PersistentVolumeClaim,2,1,1,0,1,0,11,7,3,1,15544.85,9.03,15553.88,True,True,True,3,3,88.89,100.0,
01-persistent-volume-claim31.yaml,PersistentVolumeClaim,2,1,1,0,1,0,11,7,3,1,14907.0,8.91,14915.91,True,True,True,3,3,88.89,100.0,
01-persistent-volume-claim32.yaml,PersistentVolumeClaim,2,1,1,0,1,0,11,7,3,1,14448.3,9.07,14457.37,True,True,True,3,3,88.89,100.0,
01-persistent-volume-claim33.yaml,PersistentVolumeClaim,2,1,1,0,1,0,11,7,3,1,15225.17,9.25,15234.42,True,True,True,3,3,88.89,100.0,
01-persistent-volume-claim34.yaml,PersistentVolumeClaim,2,1,1,0,1,0,11,7,3,1,15055.72,9.91,15065.63,True,True,True,3,3,88.89,100.0,
01-persistent-volume-claim35.yaml,PersistentVolumeClaim,2,1,1,0,1,0,11,7,3,1,15471.93,8.84,15480.77,True,True,True,3,3,88.89,100.0,
01-persistent-volume-claim36.yaml,PersistentVolumeClaim,2,1,1,0,1,0,11,7,3,1,14829.44,8.88,14838.32,True,True,True,3,3,88.89,100.0,
01-persistent-volume-claim37.yaml,PersistentVolumeClaim,2,1,1,0,1,0,11,7,3,1,14937.14,8.88,14946.02,True,True,True,3,3,88.89,100.0,
01-persistent-volume-claim38.yaml,PersistentVolumeClaim,2,1,1,0,1,0,11,7,3,1,15246.04,10.57,15256.61,True,True,True,4,4,85.19,100.0,
01-persistent-volume-claim39.yaml,PersistentVolumeClaim,2,1,1,0,1,0,11,7,3,1,14971.42,9.31,14980.73,True,True,True,3,4,87.27,100.0,
01-persistent-volume-claim4.yaml,PersistentVolumeClaim,2,1,1,0,1,0,11,7,3,1,15091.58,9.26,15100.84,True,True,True,3,3,88.89,100.0,
01-persistent-volume-claim40.yaml,PersistentVolumeClaim,2,1,1,0,1,0,11,7,3,1,14959.77,8.82,14968.59,True,True,True,3,3,88.89,100.0,
01-persistent-volume-claim41.yaml,PersistentVolumeClaim,2,1,1,0,1,0,11,7,3,1,15270.68,9.74,15280.42,True,True,True,3,3,88.89,100.0,
01-persistent-volume-claim42.yaml,PersistentVolumeClaim,2,1,1,0,1,0,11,7,3,1,15071.6,8.83,15080.43,True,True,True,3,3,88.89,100.0,
01-persistent-volume-claim43.yaml,PersistentVolumeClaim,2,1,1,0,1,0,11,7,3,1,15549.49,8.95,15558.44,True,True,True,3,3,88.89,100.0,
01-persistent-volume-claim44.yaml,PersistentVolumeClaim,2,1,1,0,1,0,11,7,3,1,15066.2,8.98,15075.18,True,True,True,3,3,88.89,100.0,
01-persistent-volume-claim45.yaml,PersistentVolumeClaim,2,1,1,0,1,0,11,7,3,1,14704.86,9.55,14714.41,True,True,True,3,3,88.89,100.0,
01-persistent-volume-claim46.yaml,PersistentVolumeClaim,2,1,1,0,1,0,11,7,3,1,14787.86,8.98,14796.84,True,True,True,3,3,88.89,100.0,
01-persistent-volume-claim47.yaml,PersistentVolumeClaim,2,1,1,0,1,0,11,7,3,1,14858.99,9.05,14868.04,True,True,True,3,3,88.89,100.0,
01-persistent-volume-claim48.yaml,PersistentVolumeClaim,2,1,1,0,1,0,11,7,3,1,15665.63,8.93,15674.56,True,True,True,3,3,88.89,100.0,
01-persistent-volume-claim49.yaml,PersistentVolumeClaim,2,1,1,0,1,0,11,7,3,1,14403.14,9.4,14412.54,True,True,True,3,3,88.89,100.0,
01-persistent-volume-claim5.yaml,PersistentVolumeClaim,2,1,1,0,1,0,11,7,3,1,14754.76,8.85,14763.61,True,True,True,3,3,88.89,100.0,
01-persistent-volume-claim50.yaml,PersistentVolumeClaim,2,1,1,0,1,0,11,7,3,1,14636.37,8.84,14645.21,True,True,True,4,4,63.64,100.0,
01-persistent-volume-claim51.yaml,PersistentVolumeClaim,2,1,1,0,1,0,11,7,3,1,14647.37,9.03,14656.4,True,True,True,3,3,88.89,100.0,
01-persistent-volume-claim52.yaml,PersistentVolumeClaim,2,1,1,0,1,0,11,7,3,1,14409.23,9.05,14418.28,True,True,True,4,4,85.19,100.0,
01-persistent-volume-claim53.yaml,PersistentVolumeClaim,2,1,1,0,1,0,11,7,3,1,14677.96,9.67,14687.63,True,True,True,3,4,87.27,100.0,
01-persistent-volume-claim54.yaml,PersistentVolumeClaim,2,1,1,0,1,0,11,7,3,1,14677.47,8.81,14686.28,True,True,True,3,3,88.89,100.0,
01-persistent-volume-claim55.yaml,PersistentVolumeClaim,2,1,1,0,1,0,11,7,3,1,14399.9,9.39,14409.29,True,True,True,3,3,88.89,100.0,
01-persistent-volume-claim56.yaml,PersistentVolumeClaim,2,1,1,0,1,0,11,7,3,1,14622.65,8.74,14631.39,True,True,True,3,3,88.89,100.0,
01-persistent-volume-claim57.yaml,PersistentVolumeClaim,2,1,1,0,1,0,11,7,3,1,14646.83,8.92,14655.75,True,True,True,3,3,88.89,100.0,
01-persistent-volume-claim58.yaml,PersistentVolumeClaim,2,1,1,0,1,0,11,7,3,1,14615.88,8.87,14624.75,True,True,True,3,3,88.89,100.0,
01-persistent-volume-claim59.yaml,PersistentVolumeClaim,2,1,1,0,1,0,11,7,3,1,14284.78,9.0,14293.78,True,True,True,3,3,88.89,100.0,
01-persistent-volume-claim6.yaml,PersistentVolumeClaim,2,1,1,0,1,0,11,7,3,1,14736.93,9.08,14746.01,True,True,True,3,3,88.89,100.0,
01-persistent-volume-claim60.yaml,PersistentVolumeClaim,2,1,1,0,1,0,11,7,3,1,15220.94,10.29,15231.23,True,True,True,3,3,88.89,100.0,
01-persistent-volume-claim61.yaml,PersistentVolumeClaim,2,1,1,0,1,0,11,7,3,1,14677.08,8.88,14685.96,True,True,True,3,3,88.89,100.0,
01-persistent-volume-claim62.yaml,PersistentVolumeClaim,2,1,1,0,1,0,11,7,3,1,14916.95,9.34,14926.29,True,True,True,3,3,88.89,100.0,
01-persistent-volume-claim63.yaml,PersistentVolumeClaim,2,1,1,0,1,0,11,7,3,1,15493.76,8.74,15502.5,True,True,True,3,3,88.89,100.0,
01-persistent-volume-claim7.yaml,PersistentVolumeClaim,2,1,1,0,1,0,11,7,3,1,15586.33,9.13,15595.46,True,True,True,3,3,88.89,100.0,
01-persistent-volume-claim8.yaml,PersistentVolumeClaim,2,1,1,0,1,0,11,7,3,1,15026.8,9.12,15035.92,True,True,True,3,3,88.89,100.0,
01-persistent-volume-claim9.yaml,PersistentVolumeClaim,2,1,1,0,1,0,11,7,3,1,15514.24,9.13,15523.37,True,True,True,3,3,88.89,100.0,
01-Pod-1.yaml,Pod,61,13,13,7,20,0,10,481,187,3,195249.91,20.0,195269.91,True,True,True,25,3,30.0,100.0,
01-Pod-Annotation.yaml,Pod,61,13,13,7,20,0,13,481,187,3,192015.18,24.4,192039.58,True,True,True,23,1,53.85,100.0,
01-pod-exercicio-apache.yaml,Pod,61,13,13,7,20,0,11,481,187,1,193254.12,22.12,193276.24,True,True,True,23,1,42.86,100.0,
01-pod-imagepull-policy.yaml,Pod,61,13,13,7,20,0,10,481,187,1,201428.85,19.66,201448.51,True,True,True,23,2,39.02,100.0,
01-pod-indefinate-runtime.yaml,Pod,61,13,13,7,20,0,12,481,187,3,191040.61,20.93,191061.54,True,True,True,26,4,44.44,100.0,
01-pod.yaml,Pod,61,14,14,4,18,0,23,481,195,2,190224.93,25.75,190250.68,True,True,True,22,6,54.84,100.0,
01-pod1.yaml,Pod,61,13,13,6,19,0,8,481,187,1,192946.16,20.15,192966.31,True,True,True,24,2,35.0,100.0,
01-pod10.yaml,Pod,61,13,13,7,20,0,17,481,187,6,189190.07,36.37,189226.44,True,True,True,41,5,41.03,100.0,
01-pod11.yaml,Pod,61,13,13,7,20,0,8,481,187,1,189539.43,19.83,189559.26,True,True,True,23,1,36.84,100.0,
01-pod12.yaml,Pod,61,13,13,6,19,0,10,481,187,1,193957.96,20.87,193978.83,True,True,True,23,1,42.86,100.0,
01-pod12_1.yaml,Pod,61,13,13,7,20,0,10,481,187,1,195391.32,21.32,195412.64,True,True,True,23,1,42.86,100.0,
01-pod12_2.yaml,Pod,61,13,13,7,20,0,11,481,187,1,195014.8,22.04,195036.84,True,True,True,23,1,45.45,100.0,
01-pod13.yaml,Pod,61,13,13,7,20,0,11,481,187,2,191054.6,21.75,191076.35,True,True,True,24,2,45.83,100.0,
01-pod14.yaml,Pod,61,13,13,6,19,0,11,481,187,1,191458.43,22.54,191480.97,True,True,True,27,5,27.27,100.0,
01-pod15.yaml,Pod,61,13,13,7,20,0,11,481,187,1,190847.36,21.41,190868.77,True,True,True,24,2,40.91,100.0,
01-pod16.yaml,Pod,61,13,13,7,20,0,14,481,187,1,187737.65,23.34,187760.99,True,True,True,23,1,62.5,100.0,
01-pod17.yaml,Pod,61,13,13,6,19,0,11,481,187,4,187207.52,23.31,187230.83,True,True,True,24,3,44.9,100.0,
01-pod18.yaml,Pod,61,13,13,6,19,0,11,481,187,4,186925.42,23.56,186948.98,True,True,True,24,3,44.9,100.0,
01-pod19.yaml,Pod,61,13,13,6,19,0,11,481,187,4,186948.35,23.41,186971.76,True,True,True,24,3,44.9,100.0,
01-pod2.yaml,Pod,61,14,14,4,18,0,23,481,195,2,186780.66,25.96,186806.62,True,True,True,22,6,54.84,100.0,
01-pod20.yaml,Pod,61,13,13,6,19,0,11,481,187,2,189441.89,21.99,189463.88,True,True,True,24,2,40.91,100.0,
01-pod21.yaml,Pod,61,13,13,7,20,0,12,481,187,3,195267.4,21.62,195289.02,True,True,True,26,4,44.44,100.0,
01-pod22.yaml,Pod,61,13,13,7,20,0,10,481,187,1,193842.43,21.03,193863.46,True,True,True,24,2,50.0,100.0,
01-pod23.yaml,Pod,61,13,13,6,19,0,8,481,187,1,201077.67,20.7,201098.37,True,True,True,24,2,31.58,100.0,
01-pod24.yaml,Pod,61,13,13,6,19,0,8,481,187,1,198606.49,19.79,198626.28,True,True,True,23,1,36.84,100.0,
01-pod25.yaml,Pod,61,13,13,6,19,0,8,481,187,1,194061.91,20.47,194082.38,True,True,True,23,1,36.84,100.0,
01-pod26.yaml,Pod,61,13,13,6,19,0,11,481,187,2,192923.45,23.98,192947.43,True,True,True,24,2,40.91,100.0,
01-pod3.yaml,Pod,61,13,13,6,19,0,8,481,187,1,196473.45,20.27,196493.72,True,True,True,24,2,35.0,100.0,
01-pod4.yaml,Pod,61,13,13,7,20,0,14,481,187,1,192247.89,22.99,192270.88,True,True,True,26,4,37.5,100.0,
01-pod5.yaml,Pod,61,13,13,7,20,0,14,481,187,1,198363.99,23.25,198387.24,True,True,True,25,3,39.13,100.0,
01-pod6.yaml,Pod,61,13,13,6,19,0,13,481,187,1,193807.37,26.52,193833.89,True,True,True,26,4,40.0,100.0,
01-pod7.yaml,Pod,61,13,13,6,19,0,13,481,187,1,190818.14,22.08,190840.22,True,True,True,26,4,40.0,100.0,
01-pod8.yaml,Pod,61,13,13,2,15,0,28,481,187,4,189952.3,29.69,189981.99,True,True,True,36,21,19.72,100.0,
01-pod9.yaml,Pod,61,13,13,7,20,0,8,481,187,1,188002.76,19.66,188022.42,True,True,True,24,3,30.77,100.0,
01-podpvc-clone.yaml,PersistentVolumeClaim,2,1,1,0,1,0,14,7,3,1,14568.34,10.87,14579.21,True,True,True,2,2,85.71,100.0,
01-podpvc-clone1.yaml,PersistentVolumeClaim,2,1,1,0,1,0,14,7,3,1,14409.38,11.4,14420.78,True,True,True,2,2,85.71,100.0,
01-podpvc-clone2.yaml,PersistentVolumeClaim,2,1,1,0,1,0,14,7,3,1,14228.02,11.25,14239.27,True,True,True,2,2,85.71,100.0,
01-podpvc-clone3.yaml,PersistentVolumeClaim,2,1,1,0,1,0,14,7,3,1,14518.3,10.89,14529.19,True,True,True,2,2,85.71,100.0,
01-podpvc-clone4.yaml,PersistentVolumeClaim,2,1,1,0,1,0,14,7,3,1,14649.86,10.71,14660.57,True,True,True,2,2,85.71,100.0,
01-podpvc-clone5.yaml,PersistentVolumeClaim,2,1,1,0,1,0,14,7,3,1,14249.48,11.02,14260.5,True,True,True,2,2,85.71,100.0,
01-podpvc-clone6.yaml,PersistentVolumeClaim,2,1,1,0,1,0,14,7,3,1,14650.22,11.13,14661.35,True,True,True,2,2,85.71,100.0,
01-podpvc-clone7.yaml,PersistentVolumeClaim,2,1,1,0,1,0,14,7,3,1,14479.1,11.41,14490.51,True,True,True,2,2,85.71,100.0,
01-pods.yaml,Pod,61,13,13,6,19,0,8,481,187,1,187510.62,20.23,187530.85,True,True,True,23,1,36.84,100.0,
01-pods_1.yaml,Pod,61,13,13,7,20,0,8,481,187,2,189393.26,30.97,189424.23,True,True,True,40,2,27.59,100.0,
01-postgres.yaml,Secret,4,0,0,0,0,0,7,14,0,1,7766.41,0.0,7766.41,True,True,True,0,0,100.0,
01-postgres_1.yaml,StatefulSet,31,7,7,4,11,0,39,424,176,3,103343.23,42.85,103386.08,True,True,True,16,0,84.62,100.0,
01-postgres_2.yaml,Service,6,1,1,0,1,0,15,13,2,1,29545.16,10.67,29555.83,True,True,True,1,1,91.67,100.0,
01-prereq1_1.yaml,Deployment,31,8,8,5,13,0,29,422,178,1,103840.39,26.85,103867.24,True,True,True,17,2,71.64,100.0,
01-prereq1_2.yaml,Service,6,1,1,0,1,0,20,13,2,1,29663.32,12.39,29675.71,True,True,True,1,1,93.33,100.0,
01-prereq1_3.yaml,Deployment,31,8,8,5,13,0,29,422,178,1,103195.31,26.43,103221.74,True,True,True,17,2,71.64,100.0,
01-prereq1_4.yaml,Service,6,1,1,0,1,0,20,13,2,1,29321.57,12.14,29333.71,True,True,True,1,1,93.33,100.0,
01-prereq1_5.yaml,Deployment,31,8,8,5,13,0,29,422,178,1,102961.87,26.96,102988.83,True,True,True,17,2,71.64,100.0,
01-prereq1_6.yaml,Service,6,1,1,0,1,0,20,13,2,1,29367.59,11.8,29379.39,True,True,True,1,1,93.33,100.0,
01-prereq_1.yaml,ServiceAccount,3,0,0,0,0,0,5,7,0,1,7733.08,0.0,7733.08,True,True,True,0,0,100.0,
01-prereq_3.yaml,ClusterRoleBinding,4,0,0,0,0,0,14,12,0,1,7606.91,0.0,7606.91,True,True,True,0,0,100.0,
01-product-storageclass-clickhouse.yaml,StorageClass,1,1,1,0,1,0,6,3,3,1,10764.88,7.1,10771.98,True,True,True,1,0,95.24,100.0,
01-product-storageclass-clickhouse1.yaml,StorageClass,1,1,1,0,1,0,6,3,3,1,10618.31,6.68,10624.99,True,True,True,1,0,95.24,100.0,
01-product-storageclass-clickhouse2.yaml,StorageClass,1,1,1,0,1,0,6,3,3,1,10797.0,6.81,10803.81,True,True,True,1,0,95.24,100.0,
01-product-storageclass-clickhouse3.yaml,StorageClass,1,1,1,0,1,0,6,3,3,1,10537.41,6.82,10544.23,True,True,True,1,0,95.24,100.0,
01-product.yaml,Deployment,31,7,7,5,12,0,22,422,176,1,103355.12,24.33,103379.45,True,True,True,16,1,69.09,100.0,
01-product_1.yaml,Service,6,1,1,0,1,0,12,13,2,1,29530.12,8.24,29538.36,True,True,True,1,1,90.0,100.0,
01-prometheus-sa.yaml,ServiceAccount,3,0,0,0,0,0,8,7,0,1,7481.58,0.0,7481.58,True,True,True,0,0,100.0,
01-prometheus-sa1.yaml,ServiceAccount,3,0,0,0,0,0,8,7,0,1,7724.48,0.0,7724.48,True,True,True,0,0,100.0,
01-prometheus-sa2.yaml,ServiceAccount,3,0,0,0,0,0,8,7,0,1,7444.73,0.0,7444.73,True,True,True,0,0,100.0,
01-prometheus-sa3.yaml,ServiceAccount,3,0,0,0,0,0,8,7,0,1,7479.53,0.0,7479.53,True,True,True,0,0,100.0,
01-prometheus-sa4.yaml,ServiceAccount,3,0,0,0,0,0,8,7,0,1,7707.73,0.0,7707.73,True,True,True,0,0,100.0,
01-prometheus-sa5.yaml,ServiceAccount,3,0,0,0,0,0,8,7,0,1,7448.15,0.0,7448.15,True,True,True,0,0,100.0,
01-Prometheus.yaml,ServiceAccount,3,0,0,0,0,0,8,7,0,7,7509.91,0.0,7509.91,True,True,True,0,0,100.0,
01-Prometheus1.yaml,ServiceAccount,3,0,0,0,0,0,8,7,0,7,7757.54,0.0,7757.54,True,True,True,0,0,100.0,
01-Prometheus1_3.yaml,ClusterRoleBinding,4,0,0,0,0,0,16,12,0,7,7492.64,0.0,7492.64,True,True,True,0,0,100.0,
01-Prometheus1_4.yaml,Service,6,1,1,0,1,0,23,13,2,21,29150.05,19.35,29169.4,True,True,True,1,1,96.0,100.0,
01-Prometheus1_5.yaml,Deployment,31,8,8,4,12,0,44,422,178,4704,103200.89,84.36,103285.25,True,True,True,31,2,84.93,100.0,
01-Prometheus2.yaml,ServiceAccount,3,0,0,0,0,0,8,7,0,7,7742.92,0.0,7742.92,True,True,True,0,0,100.0,
01-Prometheus2_3.yaml,ClusterRoleBinding,4,0,0,0,0,0,16,12,0,7,7422.55,0.0,7422.55,True,True,True,0,0,100.0,
01-Prometheus2_4.yaml,Service,6,1,1,0,1,0,23,13,2,21,29572.39,19.37,29591.76,True,True,True,1,1,96.0,100.0,
01-Prometheus2_5.yaml,Deployment,31,8,8,4,12,0,44,422,178,4704,103497.0,83.42,103580.42,True,True,True,31,2,84.93,100.0,
01-Prometheus3.yaml,ServiceAccount,3,0,0,0,0,0,8,7,0,7,7444.55,0.0,7444.55,True,True,True,0,0,100.0,
01-Prometheus3_3.yaml,ClusterRoleBinding,4,0,0,0,0,0,16,12,0,7,7735.43,0.0,7735.43,True,True,True,0,0,100.0,
01-Prometheus3_4.yaml,Service,6,1,1,0,1,0,23,13,2,21,29182.35,19.79,29202.14,True,True,True,1,1,96.0,100.0,
01-Prometheus3_5.yaml,Deployment,31,8,8,4,12,0,44,422,178,4704,103616.75,82.91,103699.66,True,True,True,31,2,84.93,100.0,
01-Prometheus_3.yaml,ClusterRoleBinding,4,0,0,0,0,0,16,12,0,7,7465.78,0.0,7465.78,True,True,True,0,0,100.0,
01-Prometheus_4.yaml,Service,6,1,1,0,1,0,23,13,2,21,29541.31,19.42,29560.73,True,True,True,1,1,96.0,100.0,
01-Prometheus_5.yaml,Deployment,31,8,8,4,12,0,44,422,178,4704,103341.94,82.84,103424.78,True,True,True,31,2,84.93,100.0,
01-PV-NFS.yaml,PersistentVolume,1,0,0,0,0,0,12,0,0,1,46.54,0.0,46.54,True,True,True,0,0,100.0,
01-pv-nfs1.yaml,PersistentVolume,1,0,0,0,0,0,12,0,0,1,46.66,0.0,46.66,True,True,True,0,0,100.0,
01-pv-nfs2.yaml,PersistentVolume,1,0,0,0,0,0,12,0,0,1,45.22,0.0,45.22,True,True,True,0,0,100.0,
01-pv-nfs3.yaml,PersistentVolume,1,0,0,0,0,0,12,0,0,1,46.93,0.0,46.93,True,True,True,0,0,100.0,
01-PVC-EBS.yaml,PersistentVolumeClaim,2,1,1,0,1,0,11,7,3,1,14484.04,8.9,14492.94,True,True,True,1,1,90.91,100.0,
01-PVC-EBS1.yaml,PersistentVolumeClaim,2,1,1,0,1,0,11,7,3,1,14212.6,8.64,14221.24,True,True,True,1,1,90.91,100.0,
01-PVC-EBS2.yaml,PersistentVolumeClaim,2,1,1,0,1,0,11,7,3,1,14401.78,8.97,14410.75,True,True,True,1,1,90.91,100.0,
01-PVC-EFS.yaml,PersistentVolumeClaim,2,1,1,0,1,0,11,7,3,1,14531.74,8.55,14540.29,True,True,True,1,1,90.91,100.0,
01-pvc.yaml,PersistentVolumeClaim,2,1,1,0,1,0,12,7,3,1,14453.6,9.31,14462.91,True,True,True,2,3,80.0,100.0,
01-pvc1.yaml,PersistentVolumeClaim,2,1,1,0,1,0,12,7,3,1,14282.93,9.42,14292.35,True,True,True,2,3,80.0,100.0,
01-pvc2.yaml,PersistentVolumeClaim,2,1,1,0,1,0,12,7,3,1,14566.37,9.52,14575.89,True,True,True,1,4,81.48,100.0,
01-pvc3.yaml,PersistentVolumeClaim,2,1,1,0,1,0,15,7,3,1,14603.16,10.98,14614.14,True,True,True,1,1,92.86,100.0,
01-pvc3_1.yaml,PersistentVolumeClaim,2,1,1,0,1,0,15,7,3,1,14259.83,10.74,14270.57,True,True,True,1,1,92.86,100.0,
01-pvc4.yaml,PersistentVolumeClaim,2,1,1,0,1,0,15,7,3,1,14542.65,11.01,14553.66,True,True,True,1,1,92.86,100.0,
01-pvc4_1.yaml,PersistentVolumeClaim,2,1,1,0,1,0,15,7,3,1,14608.14,10.91,14619.05,True,True,True,1,1,92.86,100.0,
01-rbac1_2.yaml,RoleBinding,4,0,0,0,0,0,14,12,0,1,7431.64,0.0,7431.64,True,True,True,0,0,100.0,
01-rbac2.yaml,ServiceAccount,3,0,0,0,0,0,5,7,0,1,7723.64,0.0,7723.64,True,True,True,0,0,100.0,
01-rbac2_2.yaml,ClusterRoleBinding,4,0,0,0,0,0,13,12,0,1,7491.7,0.0,7491.7,True,True,True,0,0,100.0,
01-rbac_2.yaml,RoleBinding,4,0,0,0,0,0,14,12,0,1,7446.0,0.0,7446.0,True,True,True,0,0,100.0,
01-rc-basic.yaml,ReplicationController,25,7,7,0,7,0,23,420,176,2,100275.61,21.67,100297.28,True,True,True,8,0,85.19,100.0,
01-rc-basic1.yaml,ReplicationController,25,7,7,0,7,0,23,420,176,2,102368.89,22.0,102390.89,True,True,True,8,0,85.19,100.0,
01-rc-basic1_1.yaml,ReplicationController,25,7,7,0,7,0,29,420,176,3,105581.89,32.34,105614.23,True,True,True,16,1,80.46,100.0,
01-rc-basic2.yaml,ReplicationController,25,7,7,0,7,0,23,420,176,2,104443.04,22.36,104465.4,True,True,True,8,0,85.19,100.0,
01-rc-basic2_1.yaml,ReplicationController,25,7,7,0,7,0,29,420,176,3,101260.27,31.33,101291.6,True,True,True,16,1,80.46,100.0,
01-rc-basic_1.yaml,ReplicationController,25,7,7,0,7,0,29,420,176,3,100853.87,32.05,100885.92,True,True,True,16,1,80.46,100.0,
01-redis-deployment.yaml,Deployment,31,9,9,4,13,0,28,422,188,9,106478.74,40.86,106519.6,True,True,True,32,1,63.74,100.0,
01-redis.yaml,Service,6,1,1,0,1,0,13,13,2,1,30059.24,9.2,30068.44,True,True,True,1,1,90.91,100.0,
01-redis_1.yaml,PersistentVolumeClaim,2,1,1,0,1,0,11,7,3,1,15005.19,8.56,15013.75,True,True,True,1,1,90.91,100.0,
01-redis_2.yaml,Deployment,31,8,8,2,10,0,41,422,178,12,105169.98,34.33,105204.31,True,True,True,12,1,86.6,100.0,
01-replica-set.yaml,ReplicaSet,30,7,7,4,11,0,22,420,176,8,101200.51,26.33,101226.84,True,True,True,17,2,69.84,100.0,
01-replicaset-defination.yaml,ReplicaSet,30,7,7,4,11,0,25,420,176,1,102332.52,25.77,102358.29,True,True,True,23,8,55.07,100.0,
01-replicaset-defination1.yaml,ReplicaSet,30,7,7,4,11,0,25,420,176,1,102009.28,25.77,102035.05,True,True,True,23,8,55.07,100.0,
01-ReplicaSet.yaml,ReplicaSet,30,7,7,5,12,0,22,420,176,32,100818.05,29.72,100847.77,True,True,True,16,1,74.63,100.0,
01-replicaset1.yaml,ReplicaSet,30,7,7,4,11,0,22,420,176,18,101607.78,28.17,101635.95,True,True,True,16,1,73.85,100.0,
01-replicaset2.yaml,ReplicaSet,30,7,7,5,12,0,22,420,176,8,101891.61,26.22,101917.83,True,True,True,16,1,71.19,100.0,
01-replicaset4.yaml,ReplicaSet,30,7,7,4,11,0,21,420,176,12,101747.98,25.22,101773.2,True,True,True,18,8,56.67,100.0,
01-ReplicaSet5.yaml,ReplicaSet,30,7,7,5,12,0,22,420,176,32,101372.96,30.11,101403.07,True,True,True,16,1,74.63,100.0,
01-replicaset6.yaml,ReplicaSet,30,7,7,4,11,0,21,420,176,12,102149.2,24.51,102173.71,True,True,True,18,8,56.67,100.0,
01-restore-pvc.yaml,PersistentVolumeClaim,2,1,1,0,1,0,15,7,3,1,14552.57,11.53,14564.1,True,True,True,2,2,86.67,100.0,
01-restore-pvc1.yaml,PersistentVolumeClaim,2,1,1,0,1,0,15,7,3,1,14671.57,11.58,14683.15,True,True,True,2,2,86.67,100.0,
01-restore-pvc2.yaml,PersistentVolumeClaim,2,1,1,0,1,0,15,7,3,1,14429.57,12.2,14441.77,True,True,True,2,2,86.67,100.0,
01-restore-pvc3.yaml,PersistentVolumeClaim,2,1,1,0,1,0,15,7,3,1,14743.8,12.25,14756.05,True,True,True,2,2,86.67,100.0,
01-restore-pvc4.yaml,PersistentVolumeClaim,2,1,1,0,1,0,15,7,3,1,14637.99,12.03,14650.02,True,True,True,2,2,86.67,100.0,
01-role-admin.yaml,ClusterRoleBinding,4,1,1,0,1,0,13,12,4,1,21921.42,10.44,21931.86,True,True,True,2,2,83.33,100.0,
01-role-admin1.yaml,ClusterRoleBinding,4,1,1,0,1,0,13,12,4,1,22104.45,10.44,22114.89,True,True,True,2,2,83.33,100.0,
01-role-fine-grained1_1.yaml,ClusterRoleBinding,4,0,0,0,0,0,13,12,0,1,7562.95,0.0,7562.95,True,True,True,0,0,100.0,
01-role-fine-grained_1.yaml,ClusterRoleBinding,4,0,0,0,0,0,13,12,0,1,7750.44,0.0,7750.44,True,True,True,0,0,100.0,
01-rq_2.yaml,Deployment,31,7,7,0,7,0,25,422,176,16,104048.94,26.86,104075.8,True,True,True,8,0,87.1,100.0,
01-sample-nignx.yaml,Pod,61,13,13,7,20,0,16,481,187,1,194786.14,23.77,194809.91,True,True,True,23,1,52.0,100.0,
01-sample-nignx1.yaml,Pod,61,13,13,7,20,0,16,481,187,1,196479.7,23.74,196503.44,True,True,True,23,1,52.0,100.0,
01-sample-nignx1_1.yaml,Pod,61,15,15,7,22,0,17,481,213,1,193229.98,24.08,193254.06,True,True,True,23,2,50.98,100.0,
01-sample-nignx1_2.yaml,Pod,61,13,13,7,20,0,17,481,187,1,195613.59,26.08,195639.67,True,True,True,22,2,53.85,100.0,
01-sample-nignx2.yaml,Pod,61,13,13,7,20,0,16,481,187,1,197666.91,24.5,197691.41,True,True,True,23,1,52.0,100.0,
01-sample-nignx2_1.yaml,Pod,61,15,15,7,22,0,17,481,213,1,197861.53,24.17,197885.7,True,True,True,23,2,50.98,100.0,
01-sample-nignx2_2.yaml,Pod,61,13,13,7,20,0,17,481,187,1,201654.41,25.23,201679.64,True,True,True,22,2,53.85,100.0,
01-sample-nignx_1.yaml,Pod,61,15,15,7,22,0,17,481,213,1,192698.02,23.86,192721.88,True,True,True,23,2,50.98,100.0,
01-sample-nignx_2.yaml,Pod,61,13,13,7,20,0,17,481,187,1,198475.54,23.79,198499.33,True,True,True,22,2,53.85,100.0,
01-sandbox_1.yaml,Deployment,31,7,7,4,11,0,33,422,176,3,106175.48,29.85,106205.33,True,True,True,15,3,76.92,100.0,
01-sandbox_2.yaml,Service,6,1,1,0,1,0,20,13,2,1,30387.48,12.71,30400.19,True,True,True,1,3,87.5,100.0,
01-sandbox_3.yaml,Pod,61,13,13,6,19,0,20,481,187,2,196761.66,25.71,196787.37,True,True,True,23,3,55.17,100.0,
01-sec-cm1_1.yaml,Secret,4,0,0,0,0,0,8,14,0,1,7859.02,0.0,7859.02,True,True,True,0,0,100.0,
01-sec-cm_1.yaml,Secret,4,0,0,0,0,0,8,14,0,2,7792.5,0.0,7792.5,True,True,True,0,0,100.0,
01-secret.yaml,Secret,4,0,0,0,0,0,7,14,0,1,8442.98,0.0,8442.98,True,True,True,0,0,100.0,
01-secret1.yaml,Secret,4,0,0,0,0,0,6,14,0,2,7947.76,0.0,7947.76,True,True,True,0,0,100.0,
01-secret2.yaml,Secret,4,0,0,0,0,0,7,14,0,2,8090.39,0.0,8090.39,True,True,True,0,0,100.0,
01-secret3.yaml,Secret,4,0,0,0,0,0,8,14,0,1,7753.15,0.0,7753.15,True,True,True,0,0,100.0,
01-secret4_1.yaml,Secret,4,0,0,0,0,0,7,14,0,4,7934.93,0.0,7934.93,True,True,True,0,0,100.0,
01-secret4_2.yaml,Deployment,31,7,7,4,11,0,27,422,176,16,106131.25,41.61,106172.86,True,True,True,15,0,84.85,100.0,
01-secret5.yaml,Secret,4,0,0,0,0,0,7,14,0,2,7993.35,0.0,7993.35,True,True,True,0,0,100.0,
01-secret6_1.yaml,Secret,4,0,0,0,0,0,10,14,0,8,7847.29,0.0,7847.29,True,True,True,0,0,100.0,
01-secret6_2.yaml,Deployment,31,7,7,4,11,0,27,422,176,16,104991.76,41.16,105032.92,True,True,True,15,0,84.85,100.0,
01-secrets.yaml,Secret,4,0,0,0,0,0,6,14,0,2,7516.96,0.0,7516.96,True,True,True,0,0,100.0,
01-secrets1.yaml,Secret,4,0,0,0,0,0,6,14,0,2,7801.07,0.0,7801.07,True,True,True,0,0,100.0,
01-secrets1_1.yaml,Secret,4,0,0,0,0,0,6,14,0,2,7564.26,0.0,7564.26,True,True,True,0,0,100.0,
01-Secrets2.yaml,Secret,4,0,0,0,0,0,7,14,0,4,7710.08,0.0,7710.08,True,True,True,0,0,100.0,
01-Secrets3.yaml,Secret,4,0,0,0,0,0,7,14,0,4,8460.45,0.0,8460.45,True,True,True,0,0,100.0,
01-Secrets4.yaml,Secret,4,0,0,0,0,0,7,14,0,4,8294.42,0.0,8294.42,True,True,True,0,0,100.0,
01-Secrets7.yaml,Secret,4,0,0,0,0,0,7,14,0,4,7913.65,0.0,7913.65,True,True,True,0,0,100.0,
01-secrets_1.yaml,Secret,4,0,0,0,0,0,6,14,0,2,8260.01,0.0,8260.01,True,True,True,0,0,100.0,
01-secure-ingress.yaml,Ingress,3,1,1,0,1,0,22,4,2,2,14980.53,23.86,15004.39,True,True,True,5,3,86.67,100.0,
01-server.yaml,Service,6,1,1,0,1,0,12,13,2,1,31677.07,9.92,31686.99,True,True,True,2,0,90.91,100.0,
01-server_1.yaml,StatefulSet,31,7,7,4,11,0,49,424,176,12,108685.9,52.05,108737.95,True,True,True,15,1,88.24,100.0,
01-service-account.yaml,ServiceAccount,3,0,0,0,0,0,5,7,0,1,7760.37,0.0,7760.37,True,True,True,0,0,100.0,
01-service-account1.yaml,ServiceAccount,3,0,0,0,0,0,8,7,0,1,8068.81,0.0,8068.81,True,True,True,0,0,100.0,
01-service-account10.yaml,ServiceAccount,3,0,0,0,0,0,8,7,0,1,7778.38,0.0,7778.38,True,True,True,0,0,100.0,
01-service-account11.yaml,ServiceAccount,3,0,0,0,0,0,8,7,0,1,7796.2,0.0,7796.2,True,True,True,0,0,100.0,
01-service-account2.yaml,ServiceAccount,3,0,0,0,0,0,8,7,0,1,8090.07,0.0,8090.07,True,True,True,0,0,100.0,
01-service-account3.yaml,ServiceAccount,3,0,0,0,0,0,5,7,0,1,7832.13,0.0,7832.13,True,True,True,0,0,100.0,
01-service-account3_1.yaml,Deployment,31,8,8,5,13,0,33,422,178,1,108394.33,36.77,108431.1,True,True,True,26,3,66.67,100.0,
01-service-account4.yaml,ServiceAccount,3,0,0,0,0,0,8,7,0,1,8082.8,0.0,8082.8,True,True,True,0,0,100.0,
01-service-account5.yaml,ServiceAccount,3,0,0,0,0,0,8,7,0,1,7749.57,0.0,7749.57,True,True,True,0,0,100.0,
01-service-account6.yaml,ServiceAccount,3,0,0,0,0,0,5,7,0,1,7838.63,0.0,7838.63,True,True,True,0,0,100.0,
01-service-account6_1.yaml,Deployment,31,8,8,5,13,0,33,422,178,1,108049.7,36.71,108086.41,True,True,True,26,3,66.67,100.0,
01-service-account7.yaml,ServiceAccount,3,0,0,0,0,0,8,7,0,1,8030.18,0.0,8030.18,True,True,True,0,0,100.0,
01-service-account8.yaml,ServiceAccount,3,0,0,0,0,0,8,7,0,1,7586.31,0.0,7586.31,True,True,True,0,0,100.0,
01-service-account9.yaml,ServiceAccount,3,0,0,0,0,0,5,7,0,1,7637.18,0.0,7637.18,True,True,True,0,0,100.0,
01-service-account9_1.yaml,Deployment,31,8,8,5,13,0,33,422,178,1,107572.5,37.41,107609.91,True,True,True,26,3,66.67,100.0,
01-service-account_1.yaml,Deployment,31,8,8,5,13,0,33,422,178,1,103834.89,36.5,103871.39,True,True,True,26,3,66.67,100.0,
01-service-client-access.yaml,Service,6,1,1,0,1,0,14,13,2,4,29713.44,12.38,29725.82,True,True,True,4,4,76.47,100.0,
01-service-client-access1.yaml,Service,6,1,1,0,1,0,14,13,2,4,29969.49,12.83,29982.32,True,True,True,4,4,76.47,100.0,
01-service-debugger-svc-peer-a.yaml,Service,6,1,1,0,1,0,19,13,2,1,30673.74,11.45,30685.19,True,True,True,3,4,75.86,100.0,
01-service-debugger-svc.yaml,Service,6,1,1,0,1,0,19,13,2,1,30479.82,11.33,30491.15,True,True,True,3,4,75.86,100.0,
01-service-debugger-svc1.yaml,Service,6,1,1,0,1,0,19,13,2,1,30473.79,11.76,30485.55,True,True,True,3,4,75.86,100.0,
01-service-debugger-svc2.yaml,Service,6,1,1,0,1,0,19,13,2,1,30135.71,11.71,30147.42,True,True,True,3,4,75.86,100.0,
01-serviceaccount.yaml,ServiceAccount,3,0,0,0,0,0,7,7,0,1,7695.02,0.0,7695.02,True,True,True,0,0,100.0,
01-serviceaccount1.yaml,ServiceAccount,3,0,0,0,0,0,5,7,0,1,7994.18,0.0,7994.18,True,True,True,0,0,100.0,
01-services.yaml,Pod,61,12,12,7,19,0,15,481,185,1,194482.59,23.16,194505.75,True,True,True,22,1,51.06,100.0,
01-services1.yaml,Service,6,1,1,0,1,0,16,13,2,1,29962.87,10.8,29973.67,True,True,True,1,1,92.31,100.0,
01-services1_1.yaml,Service,6,1,1,0,1,0,16,13,2,1,29893.08,10.7,29903.78,True,True,True,1,1,92.31,100.0,
01-services1_10.yaml,Service,6,1,1,0,1,0,16,13,2,1,29401.26,10.46,29411.72,True,True,True,1,1,92.31,100.0,
01-services1_2.yaml,Service,6,1,1,0,1,0,16,13,2,1,29572.03,11.06,29583.09,True,True,True,1,1,92.31,100.0,
01-services1_3.yaml,Service,6,1,1,0,1,0,16,13,2,1,29381.96,10.5,29392.46,True,True,True,1,1,92.31,100.0,
01-services1_4.yaml,Service,6,1,1,0,1,0,16,13,2,1,29653.42,10.94,29664.36,True,True,True,1,1,92.31,100.0,
01-services1_5.yaml,Service,6,1,1,0,1,0,16,13,2,1,29471.79,10.54,29482.33,True,True,True,1,1,92.31,100.0,
01-services1_6.yaml,Service,6,1,1,0,1,0,16,13,2,1,29297.2,10.6,29307.8,True,True,True,1,1,92.31,100.0,
01-services1_7.yaml,Service,6,1,1,0,1,0,16,13,2,1,29887.61,10.84,29898.45,True,True,True,1,1,92.31,100.0,
01-services1_8.yaml,Service,6,1,1,0,1,0,16,13,2,1,29611.35,10.57,29621.92,True,True,True,1,1,92.31,100.0,
01-services1_9.yaml,Service,6,1,1,0,1,0,16,13,2,1,29794.38,10.57,29804.95,True,True,True,1,1,92.31,100.0,
01-services_1.yaml,Service,6,1,1,0,1,0,14,13,2,1,29396.77,9.51,29406.28,True,True,True,1,1,90.91,100.0,
01. kudemo-api-deployment.yaml,Deployment,31,7,7,3,10,0,27,422,176,12,103524.79,33.41,103558.2,True,True,True,12,1,84.34,100.0,
01.nginx-hello.yaml,Deployment,31,9,9,5,14,0,23,422,188,1,102643.08,24.72,102667.8,True,True,True,18,3,61.82,100.0,
01.nginx-hello1.yaml,Deployment,31,9,9,5,14,0,23,422,188,1,103162.94,25.42,103188.36,True,True,True,18,3,61.82,100.0,
01.php-apache.yaml,Deployment,31,8,8,3,11,0,26,422,178,1,103202.83,35.42,103238.25,True,True,True,12,2,75.86,100.0,
01.php-apache_1.yaml,Service,6,1,1,0,1,0,13,13,2,1,29574.17,8.9,29583.07,True,True,True,1,1,90.91,100.0,
01.Pod.yaml,Pod,61,13,13,7,20,0,11,481,187,1,191674.45,22.6,191697.05,True,True,True,24,2,40.91,100.0,
01.Pod1.yaml,Pod,61,13,13,7,20,0,11,481,187,1,195832.51,22.27,195854.78,True,True,True,24,2,40.91,100.0,
01.whoami.yaml,Deployment,31,8,8,5,13,0,25,422,178,1,106985.6,26.02,107011.62,True,True,True,17,2,68.85,100.0,
01metrics-server-high-availability-1.21+.yaml,ServiceAccount,3,0,0,0,0,0,8,7,0,1,7657.64,0.0,7657.64,True,True,True,0,0,100.0,
01metrics-server-high-availability-1.21+_3.yaml,RoleBinding,4,0,0,0,0,0,17,12,0,1,8136.6,0.0,8136.6,True,True,True,0,0,100.0,
01metrics-server-high-availability-1.21+_4.yaml,ClusterRoleBinding,4,0,0,0,0,0,16,12,0,1,7744.54,0.0,7744.54,True,True,True,0,0,100.0,
01metrics-server-high-availability-1.21+_5.yaml,ClusterRoleBinding,4,0,0,0,0,0,16,12,0,1,7998.32,0.0,7998.32,True,True,True,0,0,100.0,
01metrics-server-high-availability-1.21+_6.yaml,Service,6,1,1,0,1,0,19,13,2,1,30158.93,12.42,30171.35,True,True,True,1,1,93.33,100.0,
01metrics-server-high-availability-1.21+_7.yaml,Service,6,2,2,0,2,0,21,13,4,1,30560.87,13.04,30573.91,True,True,True,2,2,87.5,100.0,
01metrics-server-high-availability-1.21+_8.yaml,Deployment,31,3,3,2,5,0,87,422,75,12,109956.52,59.68,110016.2,True,True,True,6,3,94.67,100.0,
01metrics-server-high-availability-1.21+_9.yaml,PodDisruptionBudget,1,1,1,0,1,0,15,2,2,1,12237.04,10.76,12247.8,True,True,True,1,0,96.0,100.0,
01pod.yaml,Pod,61,13,13,6,19,0,8,481,187,1,194271.05,20.12,194291.17,True,True,True,24,2,31.58,100.0,
01_02_pod.yaml,Pod,61,13,13,6,19,0,15,481,187,1,192603.87,23.61,192627.48,True,True,True,23,2,46.81,100.0,
01_03_rs.yaml,ReplicaSet,30,7,7,4,11,0,22,420,176,1,108719.22,26.06,108745.28,True,True,True,34,19,0.0,100.0,
01_06_rs2.yaml,ReplicaSet,30,7,7,4,11,0,22,420,176,1,104913.39,24.22,104937.61,True,True,True,34,19,0.0,100.0,
01_08_dep.yaml,Deployment,31,7,7,4,11,0,22,422,176,1,106029.49,24.19,106053.68,True,True,True,15,2,69.09,100.0,
01_08_dep2.yaml,Deployment,31,7,7,4,11,0,22,422,176,1,106818.9,24.26,106843.16,True,True,True,15,1,70.37,100.0,
01_cluster_ip.yaml,Pod,61,13,13,7,20,0,13,481,187,2,193809.88,24.37,193834.25,True,True,True,23,1,50.0,100.0,
01_cluster_ip_1.yaml,Service,6,1,1,0,1,0,14,13,2,2,31198.83,9.91,31208.74,True,True,True,1,1,91.67,100.0,
01_dashboard_ingress_1.yaml,Ingress,3,0,0,0,0,0,25,4,0,3,7970.94,0.0,7970.94,True,True,True,0,0,100.0,
01_deployment1_1.yaml,Deployment,31,8,8,4,12,0,26,422,178,1,107187.61,26.98,107214.59,True,True,True,16,1,72.13,100.0,
01_deployment_1.yaml,Deployment,31,8,8,4,12,0,26,422,178,1,106162.48,35.84,106198.32,True,True,True,16,1,72.13,100.0,
01_deployment_2.yaml,Service,6,1,1,0,1,0,15,13,2,1,30205.77,10.39,30216.16,True,True,True,1,1,91.67,100.0,
01_deployment_svc_canary.yaml,Deployment,31,7,7,4,11,0,29,422,176,4,105795.3,37.73,105833.03,True,True,True,15,0,83.52,100.0,
01_deployment_svc_canary_1.yaml,Service,6,1,1,0,1,0,18,13,2,1,29857.1,11.24,29868.34,True,True,True,1,1,92.86,100.0,
01_deployment_with_pvc.yaml,Deployment,31,8,8,5,13,0,29,422,178,1,105036.17,29.4,105065.57,True,True,True,27,12,51.85,100.0,
01_elasticsearch1_1.yaml,Service,6,1,1,0,1,0,18,13,2,1,31028.17,11.5,31039.67,True,True,True,1,1,92.86,100.0,
01_elasticsearch1_2.yaml,Deployment,31,8,8,2,10,0,44,422,178,2,108203.41,38.06,108241.47,True,True,True,11,2,86.32,100.0,
01_elasticsearch_1.yaml,Service,6,1,1,0,1,0,18,13,2,1,31415.79,11.07,31426.86,True,True,True,1,1,92.86,100.0,
01_elasticsearch_2.yaml,Deployment,31,8,8,2,10,0,44,422,178,2,108082.59,36.52,108119.11,True,True,True,11,2,86.32,100.0,
01_EmptyDir_1.yaml,Deployment,31,7,7,5,12,0,29,422,176,48,109099.5,50.43,109149.93,True,True,True,32,3,70.09,100.0,
01_fluentbit-rbac_1.yaml,ClusterRoleBinding,4,0,0,0,0,0,13,12,0,1,7791.16,0.0,7791.16,True,True,True,0,0,100.0,
01_fluentbit-rbac_2.yaml,ServiceAccount,3,0,0,0,0,0,5,7,0,1,8085.2,0.0,8085.2,True,True,True,0,0,100.0,
01_ingress180_1.yaml,ServiceAccount,3,1,1,0,1,0,9,7,2,5,18889.12,10.42,18899.54,True,True,True,1,1,91.67,100.0,
01_ingress180_10.yaml,ClusterRoleBinding,4,0,0,0,0,0,16,12,0,5,8494.39,0.0,8494.39,True,True,True,0,0,100.0,
01_ingress180_12.yaml,Service,6,2,2,0,2,0,28,13,4,30,29969.8,25.25,29995.05,True,True,True,3,3,91.18,100.0,
01_ingress180_13.yaml,Service,6,1,1,0,1,0,20,13,2,15,30409.17,17.2,30426.37,True,True,True,1,1,95.45,100.0,
01_ingress180_14.yaml,Deployment,31,7,7,2,9,0,92,422,167,10000,108006.11,84.18,108090.29,True,True,True,8,4,94.83,100.0,
01_ingress180_15.yaml,Job,31,7,7,5,12,1,41,420,176,100,102209.87,41.11,102250.98,False,True,True,14,0,86.79,100.0,
01_ingress180_16.yaml,Job,31,7,7,5,12,1,41,420,176,150,103434.72,41.08,103475.8,False,True,True,14,0,87.27,100.0,
01_ingress180_2.yaml,ServiceAccount,3,0,0,0,0,0,8,7,0,5,7915.14,0.0,7915.14,True,True,True,0,0,100.0,
01_ingress180_7.yaml,RoleBinding,4,0,0,0,0,0,17,12,0,5,7549.78,0.0,7549.78,True,True,True,0,0,100.0,
01_ingress180_8.yaml,RoleBinding,4,0,0,0,0,0,17,12,0,5,7732.73,0.0,7732.73,True,True,True,0,0,100.0,
01_ingress180_9.yaml,ClusterRoleBinding,4,0,0,0,0,0,16,12,0,4,7490.0,0.0,7490.0,True,True,True,0,0,100.0,
01_ingress_1.yaml,ServiceAccount,3,1,1,0,1,0,9,7,2,5,18015.5,10.35,18025.85,True,True,True,1,1,91.67,100.0,
01_ingress_10.yaml,ClusterRoleBinding,4,0,0,0,0,0,16,12,0,5,7487.14,0.0,7487.14,True,True,True,0,0,100.0,
01_ingress_12.yaml,Service,6,2,2,0,2,0,27,13,4,30,29737.28,25.67,29762.95,True,True,True,3,3,90.62,100.0,
01_ingress_13.yaml,Service,6,1,1,0,1,0,20,13,2,15,31049.31,17.25,31066.56,True,True,True,1,1,95.45,100.0,
01_ingress_14.yaml,Deployment,31,8,8,2,10,0,91,422,169,10000,105584.3,80.33,105664.63,True,True,True,9,4,94.37,100.0,
01_ingress_15.yaml,Job,31,7,7,5,12,1,41,420,176,100,102928.11,41.3,102969.41,False,True,True,14,0,86.79,100.0,
01_ingress_16.yaml,Job,31,7,7,5,12,1,41,420,176,150,103302.23,41.32,103343.55,False,True,True,14,0,87.27,100.0,
01_ingress_2.yaml,ServiceAccount,3,0,0,0,0,0,8,7,0,5,7831.81,0.0,7831.81,True,True,True,0,0,100.0,
01_ingress_7.yaml,RoleBinding,4,0,0,0,0,0,17,12,0,5,7657.84,0.0,7657.84,True,True,True,0,0,100.0,
01_ingress_8.yaml,RoleBinding,4,0,0,0,0,0,17,12,0,5,7948.59,0.0,7948.59,True,True,True,0,0,100.0,
01_ingress_9.yaml,ClusterRoleBinding,4,0,0,0,0,0,16,12,0,4,7673.74,0.0,7673.74,True,True,True,0,0,100.0,
01_metallb1_14.yaml,RoleBinding,4,0,0,0,0,0,17,12,0,1,8030.7,0.0,8030.7,True,True,True,0,0,100.0,
01_metallb1_15.yaml,RoleBinding,4,0,0,0,0,0,17,12,0,1,7853.44,0.0,7853.44,True,True,True,0,0,100.0,
01_metallb1_16.yaml,ClusterRoleBinding,4,0,0,0,0,0,16,12,0,1,7659.82,0.0,7659.82,True,True,True,0,0,100.0,
01_metallb1_17.yaml,ClusterRoleBinding,4,0,0,0,0,0,16,12,0,1,7887.83,0.0,7887.83,True,True,True,0,0,100.0,
01_metallb1_19.yaml,Secret,4,0,0,0,0,0,5,14,0,1,7713.17,0.0,7713.17,True,True,True,0,0,100.0,
01_metallb1_20.yaml,Service,6,1,1,0,1,0,13,13,2,1,30955.41,9.64,30965.05,True,True,True,1,1,90.91,100.0,
01_metallb1_21.yaml,Deployment,31,6,6,4,10,0,79,422,128,128,107320.46,67.72,107388.18,True,True,True,12,1,92.49,100.0,
01_metallb1_22.yaml,DaemonSet,31,7,7,4,11,0,83,423,151,3840,106423.66,85.83,106509.49,True,True,True,11,3,93.69,100.0,
01_metallb1_8.yaml,ServiceAccount,3,0,0,0,0,0,8,7,0,1,7815.2,0.0,7815.2,True,True,True,0,0,100.0,
01_metallb1_9.yaml,ServiceAccount,3,0,0,0,0,0,8,7,0,1,7752.84,0.0,7752.84,True,True,True,0,0,100.0,
01_metallb_14.yaml,RoleBinding,4,0,0,0,0,0,17,12,0,1,7933.27,0.0,7933.27,True,True,True,0,0,100.0,
01_metallb_15.yaml,RoleBinding,4,0,0,0,0,0,17,12,0,1,7749.04,0.0,7749.04,True,True,True,0,0,100.0,
01_metallb_16.yaml,ClusterRoleBinding,4,0,0,0,0,0,16,12,0,1,7926.31,0.0,7926.31,True,True,True,0,0,100.0,
01_metallb_17.yaml,ClusterRoleBinding,4,0,0,0,0,0,16,12,0,1,8023.05,0.0,8023.05,True,True,True,0,0,100.0,
01_metallb_19.yaml,Secret,4,0,0,0,0,0,5,14,0,1,7777.43,0.0,7777.43,True,True,True,0,0,100.0,
01_metallb_20.yaml,Service,6,1,1,0,1,0,13,13,2,1,30608.7,9.44,30618.14,True,True,True,1,1,90.91,100.0,
01_metallb_21.yaml,Deployment,31,6,6,4,10,0,79,422,128,128,107765.65,66.42,107832.07,True,True,True,12,1,92.49,100.0,
01_metallb_22.yaml,DaemonSet,31,7,7,4,11,0,83,423,151,3840,106344.2,83.79,106427.99,True,True,True,11,3,93.69,100.0,
01_metallb_8.yaml,ServiceAccount,3,0,0,0,0,0,8,7,0,1,7720.63,0.0,7720.63,True,True,True,0,0,100.0,
01_metallb_9.yaml,ServiceAccount,3,0,0,0,0,0,8,7,0,1,7901.21,0.0,7901.21,True,True,True,0,0,100.0,
01_mysql_root_password_secret.yaml,Secret,4,0,0,0,0,0,7,14,0,2,8236.96,0.0,8236.96,True,True,True,0,0,100.0,
01_nginx-1_deploy.yaml,Deployment,31,9,9,4,13,0,31,422,188,1,107069.93,31.75,107101.68,True,True,True,17,1,75.0,100.0,
01_nginx-1_svc.yaml,Service,6,2,2,0,2,0,21,13,4,1,29719.07,12.68,29731.75,True,True,True,2,2,87.5,100.0,
01_nginx-2_deploy.yaml,Deployment,31,9,9,4,13,0,31,422,188,1,108573.68,32.02,108605.7,True,True,True,17,1,75.0,100.0,
01_nginx-2_svc.yaml,Service,6,2,2,0,2,0,21,13,4,1,31777.06,13.63,31790.69,True,True,True,2,2,87.5,100.0,
01_nginx-3_deploy.yaml,Deployment,31,9,9,4,13,0,31,422,188,1,109305.35,30.41,109335.76,True,True,True,17,1,75.0,100.0,
01_nginx-3_svc.yaml,Service,6,2,2,0,2,0,21,13,4,1,31022.76,13.44,31036.2,True,True,True,2,2,87.5,100.0,
01_nginx-4_deploy.yaml,Deployment,31,9,9,4,13,0,31,422,188,1,107056.26,31.33,107087.59,True,True,True,17,1,75.0,100.0,
01_nginx-4_svc.yaml,Service,6,2,2,0,2,0,21,13,4,1,29402.64,12.74,29415.38,True,True,True,2,2,87.5,100.0,
01_nginx-5_deploy.yaml,Deployment,31,9,9,4,13,0,31,422,188,1,98658.95,30.3,98689.25,True,True,True,17,1,75.0,100.0,
01_nginx-5_svc.yaml,Service,6,2,2,0,2,0,21,13,4,1,27856.17,12.59,27868.76,True,True,True,2,2,87.5,100.0,
01_nginx_service.yaml,Service,6,1,1,0,1,0,19,13,2,2,28257.34,11.88,28269.22,True,True,True,3,3,80.0,100.0,
01_pod.yaml,Pod,61,13,13,7,20,0,11,481,187,1,179806.39,21.49,179827.88,True,True,True,24,2,43.48,100.0,
01_pod1.yaml,Pod,61,13,13,3,16,0,24,481,187,4,179831.7,25.33,179857.03,True,True,True,31,15,28.12,100.0,
01_pod_and_svc.yaml,Deployment,31,7,7,4,11,0,23,422,176,1,98447.05,24.69,98471.74,True,True,True,15,0,73.68,100.0,
01_pod_and_svc_1.yaml,Service,6,2,2,0,2,0,18,13,4,1,27741.15,11.32,27752.47,True,True,True,2,2,85.71,100.0,
01_pvc.yaml,PersistentVolumeClaim,2,1,1,0,1,0,11,7,3,1,13940.87,8.48,13949.35,True,True,True,1,1,90.91,100.0,
01_replica_set.yaml,ReplicaSet,30,7,7,5,12,0,22,420,176,8,94993.12,26.44,95019.56,True,True,True,17,2,75.95,100.0,
01_service-account.yaml,ServiceAccount,3,0,0,0,0,0,7,7,0,1,7138.84,0.0,7138.84,True,True,True,0,0,100.0,
01_service.yaml,Service,6,1,1,0,1,0,16,13,2,2,28135.22,11.51,28146.73,True,True,True,1,2,89.66,100.0,
01_voting_app.yaml,Deployment,31,8,8,4,12,0,25,422,178,1,98230.21,25.59,98255.8,True,True,True,16,1,71.19,100.0,
01_voting_app_1.yaml,Service,6,2,2,0,2,0,18,13,4,1,27818.65,10.94,27829.59,True,True,True,2,2,85.71,100.0,
hello-world-app-deploy.yaml,Deployment,31,7,7,4,11,0,25,422,176,8,98378.61,28.22,98406.83,True,True,True,19,4,64.62,100.0,
hello-world-app-pod.yaml,Pod,61,13,13,6,19,0,13,481,187,2,179693.15,22.56,179715.71,True,True,True,28,7,31.37,100.0,
hello-world-app-service.yaml,Service,6,2,2,0,2,0,18,13,4,4,27933.83,12.86,27946.69,True,True,True,6,6,68.42,100.0,
hello-world-apply.yaml,Deployment,31,7,7,4,11,0,44,422,176,1,98707.13,34.03,98741.16,True,True,True,15,1,80.95,100.0,
hello-world-apply1.yaml,Deployment,31,7,7,0,7,0,49,422,176,4,98599.92,35.48,98635.4,True,True,True,9,2,87.91,100.0,
hello-world-apply2.yaml,Deployment,31,7,7,0,7,0,49,422,176,4,98639.35,35.17,98674.52,True,True,True,9,2,87.91,100.0,
hello-world-apply3.yaml,Deployment,31,7,7,0,7,0,49,422,176,4,98630.72,34.86,98665.58,True,True,True,9,2,87.91,100.0,
hello-world-bad.yaml,Deployment,31,8,8,5,13,0,21,422,178,1,98490.97,23.72,98514.69,True,True,True,17,2,64.15,100.0,
hello-world-bad1.yaml,Deployment,31,8,8,5,13,0,21,422,178,1,98410.46,23.42,98433.88,True,True,True,17,2,64.15,100.0,
hello-world-bad2.yaml,Deployment,31,8,8,5,13,0,21,422,178,1,98389.39,23.67,98413.06,True,True,True,17,2,64.15,100.0,
hello-world-bad3.yaml,Deployment,31,8,8,5,13,0,21,422,178,1,98369.27,23.77,98393.04,True,True,True,17,2,64.15,100.0,
hello-world-bad4.yaml,Deployment,31,8,8,5,13,0,21,422,178,1,98280.88,23.6,98304.48,True,True,True,17,2,64.15,100.0,
hello-world-bad5.yaml,Deployment,31,8,8,5,13,0,21,422,178,1,98421.26,23.83,98445.09,True,True,True,17,2,64.15,100.0,
hello-world-bad6.yaml,Deployment,31,8,8,5,13,0,21,422,178,1,98379.55,23.53,98403.08,True,True,True,17,2,64.15,100.0,
hello-world-create.yaml,Pod,61,13,13,6,19,0,12,481,187,1,180097.88,22.07,180119.95,True,True,True,23,1,47.83,100.0,
hello-world-create1.yaml,Pod,61,13,13,6,19,0,12,481,187,1,180031.8,22.14,180053.94,True,True,True,23,1,47.83,100.0,
hello-world-create2.yaml,Pod,61,13,13,6,19,0,12,481,187,1,179963.65,21.57,179985.22,True,True,True,23,1,47.83,100.0,
hello-world-create3.yaml,Pod,61,13,13,6,19,0,12,481,187,1,180295.57,21.57,180317.14,True,True,True,23,1,47.83,100.0,
hello-world-cronjob.yaml,CronJob,30,7,7,5,12,0,17,420,176,3,95020.35,22.48,95042.83,True,True,True,17,2,62.75,100.0,
hello-world-dep.yaml,Deployment,31,7,7,5,12,0,21,422,176,1,98687.6,24.23,98711.83,True,True,True,16,1,67.92,100.0,
hello-world-dep1.yaml,Deployment,31,7,7,5,12,0,21,422,176,1,98573.37,23.48,98596.85,True,True,True,16,1,67.92,100.0,
hello-world-dep2.yaml,Deployment,31,7,7,5,12,0,21,422,176,1,98823.22,23.57,98846.79,True,True,True,16,1,67.92,100.0,
hello-world-dep3.yaml,Deployment,31,7,7,5,12,0,21,422,176,1,98709.88,23.3,98733.18,True,True,True,16,1,67.92,100.0,
hello-world-dep4.yaml,Deployment,31,8,8,5,13,0,21,422,178,1,98488.62,24.12,98512.74,True,True,True,17,2,64.15,100.0,
hello-world-dep5.yaml,Deployment,31,8,8,5,13,0,21,422,178,1,98373.72,23.52,98397.24,True,True,True,17,2,64.15,100.0,
hello-world-dep6.yaml,Deployment,31,8,8,5,13,0,21,422,178,1,100361.77,24.38,100386.15,True,True,True,17,2,64.15,100.0,
hello-world-deployment-1.yaml,Deployment,31,7,7,4,11,0,19,422,176,4,98959.18,24.12,98983.3,True,True,True,17,2,64.15,100.0,
hello-world-deployment-2.yaml,Deployment,31,7,7,4,11,0,19,422,176,4,98880.96,24.04,98905.0,True,True,True,17,2,64.15,100.0,
hello-world-deployment.yaml,Deployment,31,8,8,4,12,0,32,422,178,1,98651.44,30.29,98681.73,True,True,True,17,2,73.97,100.0,
hello-world-deployment1.yaml,Deployment,31,8,8,5,13,0,22,422,178,1,98387.35,24.24,98411.59,True,True,True,18,3,61.82,100.0,
hello-world-ingress.yaml,Ingress,3,1,1,0,1,0,19,4,2,9,13894.69,27.96,13922.65,True,True,True,4,0,94.44,100.0,
hello-world-ingress1.yaml,Ingress,3,1,1,0,1,0,19,4,2,9,13643.71,27.63,13671.34,True,True,True,4,0,94.44,100.0,
hello-world-ingress1_1.yaml,Ingress,3,1,1,0,1,0,19,4,2,2,13933.15,16.44,13949.59,True,True,True,4,0,90.48,100.0,
hello-world-ingress2.yaml,Ingress,3,1,1,0,1,0,19,4,2,9,14053.6,27.84,14081.44,True,True,True,4,0,94.44,100.0,
hello-world-ingress2_1.yaml,Ingress,3,1,1,0,1,0,19,4,2,2,13641.14,16.48,13657.62,True,True,True,4,0,90.48,100.0,
hello-world-ingress4.yaml,Ingress,3,0,0,0,0,0,24,4,0,9,7439.63,0.0,7439.63,True,True,True,0,0,100.0,
hello-world-ingress4_1.yaml,Ingress,3,0,0,0,0,0,24,4,0,3,7123.94,0.0,7123.94,True,True,True,0,0,100.0,
hello-world-ingress5.yaml,Ingress,3,0,0,0,0,0,24,4,0,9,7127.27,0.0,7127.27,True,True,True,0,0,100.0,
hello-world-ingress5_1.yaml,Ingress,3,0,0,0,0,0,24,4,0,2,7470.92,0.0,7470.92,True,True,True,0,0,100.0,
hello-world-ingress6.yaml,Ingress,3,0,0,0,0,0,24,4,0,9,7125.68,0.0,7125.68,True,True,True,0,0,100.0,
hello-world-ingress6_1.yaml,Ingress,3,0,0,0,0,0,24,4,0,2,7443.39,0.0,7443.39,True,True,True,0,0,100.0,
hello-world-ingress_1.yaml,Ingress,3,1,1,0,1,0,19,4,2,2,13614.85,16.71,13631.56,True,True,True,4,0,90.48,100.0,
hello-world-pod.yaml,Pod,61,13,13,7,20,0,15,481,187,1,180143.57,22.33,180165.9,True,True,True,23,2,46.81,100.0,
hello-world-service-1.yaml,Service,6,2,2,0,2,0,16,13,4,2,28053.1,10.58,28063.68,True,True,True,4,4,69.23,100.0,
hello-world-service-2.yaml,Service,6,2,2,0,2,0,16,13,4,2,27782.48,10.39,27792.87,True,True,True,4,4,69.23,100.0,
hello-world-service.yaml,Service,6,2,2,0,2,0,13,13,4,1,27935.89,9.01,27944.9,True,True,True,2,2,81.82,100.0,
hello-world-service1.yaml,Deployment,31,8,8,4,12,0,27,422,178,1,98573.36,27.43,98600.79,True,True,True,16,1,73.02,100.0,
hello-world-service1_1.yaml,Service,6,2,2,0,2,0,17,13,4,1,27777.12,10.41,27787.53,True,True,True,2,2,84.62,100.0,
hello-world-service1_2.yaml,Ingress,3,0,0,0,0,0,22,4,0,7,7436.7,0.0,7436.7,True,True,True,0,0,100.0,
hello-world-ui-svc.yaml,Service,6,1,1,0,1,0,12,13,2,1,28035.04,8.42,28043.46,True,True,True,2,2,80.0,100.0,
hello-world-webserver-pod.yaml,Pod,61,13,13,7,20,0,8,481,187,1,180024.06,19.66,180043.72,True,True,True,23,1,36.84,100.0,
hello-world-webserver-service.yaml,Service,6,2,2,0,2,0,16,13,4,1,27726.83,9.76,27736.59,True,True,True,4,4,66.67,100.0,
helloworld-affinity-with-tolerations.yaml,Deployment,31,7,7,5,12,0,44,422,176,1,99099.45,34.39,99133.84,True,True,True,17,2,78.65,100.0,
helloworld-affinity-with-tolerations1.yaml,Deployment,31,7,7,5,12,0,44,422,176,1,98708.2,34.59,98742.79,True,True,True,17,2,78.65,100.0,
helloworld-affinity.yaml,Deployment,31,7,7,5,12,0,37,422,176,1,99071.11,31.38,99102.49,True,True,True,16,1,78.48,100.0,
helloworld-affinity1.yaml,Deployment,31,7,7,5,12,0,37,422,176,1,98673.46,31.17,98704.63,True,True,True,16,1,78.48,100.0,
helloworld-backend-deployment.yaml,Deployment,31,8,8,2,10,0,51,422,178,2,98560.59,37.62,98598.21,True,True,True,12,3,85.44,100.0,
helloworld-backend-pv.yaml,PersistentVolume,1,0,0,0,0,0,13,0,0,1,48.62,0.0,48.62,True,True,True,0,0,100.0,
helloworld-backend-pvc.yaml,PersistentVolumeClaim,2,1,1,0,1,0,13,7,3,1,13605.11,9.97,13615.08,True,True,True,2,2,84.62,100.0,
helloworld-black.yaml,Deployment,31,7,7,4,11,0,21,422,176,1,98894.6,23.74,98918.34,True,True,True,15,0,71.7,100.0,
helloworld-black_1.yaml,Service,6,2,2,0,2,0,16,13,4,1,28072.42,9.58,28082.0,True,True,True,2,2,83.33,100.0,
helloworld-deployment.yaml,Deployment,31,7,7,5,12,0,23,422,176,1,98629.05,24.18,98653.23,True,True,True,17,2,66.67,100.0,
helloworld-deployment1.yaml,Deployment,31,8,8,4,12,0,24,422,178,1,98642.33,25.0,98667.33,True,True,True,20,5,56.14,100.0,
helloworld-deployment2.yaml,Deployment,31,7,7,5,12,0,23,422,176,1,98766.7,24.36,98791.06,True,True,True,17,2,66.67,100.0,
helloworld-deployment3.yaml,Deployment,31,8,8,4,12,0,24,422,178,1,98570.14,25.45,98595.59,True,True,True,20,5,56.14,100.0,
helloworld-deployment4.yaml,Deployment,31,7,7,5,12,0,21,422,176,1,98811.52,23.43,98834.95,True,True,True,19,4,56.6,100.0,
helloworld-deployment5.yaml,Deployment,31,8,8,5,13,0,21,422,178,1,98553.79,24.11,98577.9,True,True,True,17,2,64.15,100.0,
helloworld-dual-stack.yaml,Service,6,1,1,0,1,0,19,13,2,2,28260.29,11.39,28271.68,True,True,True,1,1,94.12,100.0,
helloworld-dual-stack1.yaml,Service,6,1,1,0,1,0,19,13,2,2,28334.46,11.51,28345.97,True,True,True,1,1,94.12,100.0,
helloworld-dual-stack1_1.yaml,Deployment,31,8,8,4,12,0,29,422,178,8,98638.63,28.18,98666.81,True,True,True,14,2,76.47,100.0,
helloworld-dual-stack1_2.yaml,Deployment,31,8,8,4,12,0,29,422,178,8,98571.4,28.01,98599.41,True,True,True,14,2,76.47,100.0,
helloworld-dual-stack2.yaml,Service,6,1,1,0,1,0,19,13,2,2,28175.88,11.5,28187.38,True,True,True,1,1,94.12,100.0,
helloworld-dual-stack2_1.yaml,Deployment,31,8,8,4,12,0,29,422,178,8,98619.75,28.49,98648.24,True,True,True,14,2,76.47,100.0,
helloworld-dual-stack2_2.yaml,Deployment,31,8,8,4,12,0,29,422,178,8,98761.56,28.22,98789.78,True,True,True,14,2,76.47,100.0,
helloworld-dual-stack3.yaml,Service,6,1,1,0,1,0,19,13,2,2,28304.87,11.58,28316.45,True,True,True,1,1,94.12,100.0,
helloworld-dual-stack3_1.yaml,Deployment,31,8,8,4,12,0,29,422,178,8,98521.8,28.07,98549.87,True,True,True,14,2,76.47,100.0,
helloworld-dual-stack3_2.yaml,Deployment,31,8,8,4,12,0,29,422,178,8,98752.02,28.36,98780.38,True,True,True,14,2,76.47,100.0,
helloworld-dual-stack4.yaml,Service,6,1,1,0,1,0,19,13,2,2,28157.22,11.55,28168.77,True,True,True,1,1,94.12,100.0,
helloworld-dual-stack4_1.yaml,Deployment,31,8,8,3,11,0,29,422,178,8,98446.04,28.78,98474.82,True,True,True,13,1,79.41,100.0,
helloworld-dual-stack4_2.yaml,Deployment,31,8,8,3,11,0,29,422,178,8,98542.77,28.58,98571.35,True,True,True,13,1,79.41,100.0,
helloworld-dual-stack_1.yaml,Deployment,31,8,8,4,12,0,29,422,178,8,98635.42,28.17,98663.59,True,True,True,14,2,76.47,100.0,
helloworld-dual-stack_2.yaml,Deployment,31,8,8,4,12,0,29,422,178,8,98486.31,30.45,98516.76,True,True,True,14,2,76.47,100.0,
helloworld-frontend-deployment.yaml,Deployment,31,8,8,1,9,0,43,422,178,4,99131.5,33.33,99164.83,True,True,True,11,3,84.09,100.0,
helloworld-jwt1_3.yaml,Deployment,31,8,8,5,13,0,25,422,178,2,98576.29,26.64,98602.93,True,True,True,17,2,69.84,100.0,
helloworld-jwt1_4.yaml,Service,6,1,1,0,1,0,16,13,2,1,28536.1,10.31,28546.41,True,True,True,1,1,92.31,100.0,
helloworld-jwt1_5.yaml,Deployment,31,8,8,5,13,0,25,422,178,2,98436.88,26.86,98463.74,True,True,True,17,2,69.84,100.0,
helloworld-jwt1_6.yaml,Service,6,1,1,0,1,0,16,13,2,1,28139.78,10.29,28150.07,True,True,True,1,1,92.31,100.0,
helloworld-jwt_3.yaml,Deployment,31,8,8,5,13,0,25,422,178,2,98791.4,26.74,98818.14,True,True,True,17,2,69.84,100.0,
helloworld-jwt_4.yaml,Service,6,1,1,0,1,0,16,13,2,1,28366.41,10.7,28377.11,True,True,True,1,1,92.31,100.0,
helloworld-jwt_5.yaml,Deployment,31,8,8,5,13,0,25,422,178,2,98591.02,26.86,98617.88,True,True,True,17,2,69.84,100.0,
helloworld-jwt_6.yaml,Service,6,1,1,0,1,0,16,13,2,1,28009.76,10.55,28020.31,True,True,True,1,1,92.31,100.0,
helloworld-one.yaml,Deployment,31,8,8,4,12,0,24,422,178,1,98658.41,25.41,98683.82,True,True,True,16,1,71.19,100.0,
helloworld-one_1.yaml,Service,6,1,1,0,1,0,12,13,2,1,28248.9,8.12,28257.02,True,True,True,1,1,90.0,100.0,
helloworld-rbac1_10.yaml,Deployment,31,8,8,5,13,0,26,422,178,4,98797.34,28.85,98826.19,True,True,True,17,2,72.46,100.0,
helloworld-rbac1_11.yaml,Service,6,1,1,0,1,0,16,13,2,1,28032.52,10.42,28042.94,True,True,True,1,1,92.31,100.0,
helloworld-rbac1_12.yaml,Deployment,31,8,8,5,13,0,25,422,178,2,98712.05,26.74,98738.79,True,True,True,17,2,69.84,100.0,
helloworld-rbac1_13.yaml,Service,6,1,1,0,1,0,16,13,2,1,28310.21,10.33,28320.54,True,True,True,1,1,92.31,100.0,
helloworld-rbac1_6.yaml,ServiceAccount,3,0,0,0,0,0,4,7,0,1,7181.2,0.0,7181.2,True,True,True,0,0,100.0,
helloworld-rbac1_7.yaml,ServiceAccount,3,0,0,0,0,0,4,7,0,1,7153.13,0.0,7153.13,True,True,True,0,0,100.0,
helloworld-rbac1_8.yaml,Deployment,31,8,8,5,13,0,26,422,178,4,98587.77,28.81,98616.58,True,True,True,17,2,72.46,100.0,
helloworld-rbac1_9.yaml,Service,6,1,1,0,1,0,16,13,2,1,28529.6,10.25,28539.85,True,True,True,1,1,92.31,100.0,
helloworld-rbac_10.yaml,Deployment,31,8,8,5,13,0,26,422,178,4,98480.12,28.93,98509.05,True,True,True,17,2,72.46,100.0,
helloworld-rbac_11.yaml,Service,6,1,1,0,1,0,16,13,2,1,28049.2,10.47,28059.67,True,True,True,1,1,92.31,100.0,
helloworld-rbac_12.yaml,Deployment,31,8,8,5,13,0,25,422,178,2,98745.42,26.72,98772.14,True,True,True,17,2,69.84,100.0,
helloworld-rbac_13.yaml,Service,6,1,1,0,1,0,16,13,2,1,28282.65,10.97,28293.62,True,True,True,1,1,92.31,100.0,
helloworld-rbac_6.yaml,ServiceAccount,3,0,0,0,0,0,4,7,0,1,7232.7,0.0,7232.7,True,True,True,0,0,100.0,
helloworld-rbac_7.yaml,ServiceAccount,3,0,0,0,0,0,4,7,0,1,7154.07,0.0,7154.07,True,True,True,0,0,100.0,
helloworld-rbac_8.yaml,Deployment,31,8,8,5,13,0,26,422,178,4,98552.22,29.5,98581.72,True,True,True,17,2,72.46,100.0,
helloworld-rbac_9.yaml,Service,6,1,1,0,1,0,16,13,2,1,28427.61,10.45,28438.06,True,True,True,1,1,92.31,100.0,
helloworld-rc.yaml,ReplicationController,25,7,7,0,7,0,22,420,176,1,95308.83,20.49,95329.32,True,True,True,8,0,84.0,100.0,
helloworld-rc1.yaml,ReplicationController,25,7,7,0,7,0,22,420,176,1,95279.99,19.9,95299.89,True,True,True,8,0,84.0,100.0,
helloworld-rc2.yaml,ReplicationController,25,7,7,0,7,0,22,420,176,1,95005.89,20.06,95025.95,True,True,True,8,0,84.0,100.0,
helloworld-rc3.yaml,ReplicationController,25,7,7,0,7,0,22,420,176,1,95458.59,20.11,95478.7,True,True,True,8,0,84.0,100.0,
helloworld-service-v1-v2.yaml,Service,6,1,1,0,1,0,14,13,2,6,28375.53,11.77,28387.3,True,True,True,1,1,93.33,100.0,
helloworld-service-v1-v2_1.yaml,Service,6,1,1,0,1,0,14,13,2,6,28006.84,11.9,28018.74,True,True,True,1,1,93.33,100.0,
helloworld-service.yaml,Service,6,1,1,0,1,0,11,13,2,1,28042.83,8.23,28051.06,True,True,True,2,2,80.0,100.0,
helloworld-tls-legacy1_1.yaml,Deployment,31,8,8,5,13,0,26,422,178,2,99037.05,28.06,99065.11,True,True,True,17,2,70.77,100.0,
helloworld-tls-legacy1_2.yaml,Deployment,31,8,8,5,13,0,26,422,178,4,98661.96,29.13,98691.09,True,True,True,17,2,72.46,100.0,
helloworld-tls-legacy1_3.yaml,Service,6,1,1,0,1,0,17,13,2,1,28080.25,11.12,28091.37,True,True,True,1,1,92.86,100.0,
helloworld-tls-legacy1_4.yaml,Service,6,1,1,0,1,0,17,13,2,1,28151.28,11.13,28162.41,True,True,True,1,1,92.86,100.0,
helloworld-tls-legacy_1.yaml,Deployment,31,8,8,5,13,0,26,422,178,2,98567.56,27.88,98595.44,True,True,True,17,2,70.77,100.0,
helloworld-tls-legacy_2.yaml,Deployment,31,8,8,5,13,0,26,422,178,4,98753.05,29.08,98782.13,True,True,True,17,2,72.46,100.0,
helloworld-tls-legacy_3.yaml,Service,6,1,1,0,1,0,17,13,2,1,28316.28,11.0,28327.28,True,True,True,1,1,92.86,100.0,
helloworld-tls-legacy_4.yaml,Service,6,1,1,0,1,0,17,13,2,1,28156.06,11.03,28167.09,True,True,True,1,1,92.86,100.0,
helloworld-tls1_2.yaml,Deployment,31,8,8,5,13,0,26,422,178,4,98616.37,28.96,98645.33,True,True,True,17,2,72.46,100.0,
helloworld-tls1_3.yaml,Deployment,31,8,8,5,13,0,26,422,178,4,98446.3,29.13,98475.43,True,True,True,17,2,72.46,100.0,
helloworld-tls1_4.yaml,Deployment,31,8,8,5,13,0,26,422,178,4,98698.94,29.88,98728.82,True,True,True,17,2,72.46,100.0,
helloworld-tls1_5.yaml,Deployment,31,8,8,5,13,0,26,422,178,2,98599.19,27.88,98627.07,True,True,True,17,2,70.77,100.0,
helloworld-tls1_6.yaml,Service,6,1,1,0,1,0,17,13,2,1,28313.07,11.24,28324.31,True,True,True,1,1,92.86,100.0,
helloworld-tls1_7.yaml,Service,6,1,1,0,1,0,17,13,2,1,28194.49,10.91,28205.4,True,True,True,1,1,92.86,100.0,
helloworld-tls1_8.yaml,Service,6,1,1,0,1,0,17,13,2,1,28411.07,11.13,28422.2,True,True,True,1,1,92.86,100.0,
helloworld-tls1_9.yaml,Service,6,1,1,0,1,0,17,13,2,1,28076.71,11.11,28087.82,True,True,True,1,1,92.86,100.0,
helloworld-tls_2.yaml,Deployment,31,8,8,5,13,0,26,422,178,4,98773.89,29.13,98803.02,True,True,True,17,2,72.46,100.0,
helloworld-tls_3.yaml,Deployment,31,8,8,5,13,0,26,422,178,4,98546.58,29.13,98575.71,True,True,True,17,2,72.46,100.0,
helloworld-tls_4.yaml,Deployment,31,8,8,5,13,0,26,422,178,4,98878.2,29.06,98907.26,True,True,True,17,2,72.46,100.0,
helloworld-tls_5.yaml,Deployment,31,8,8,5,13,0,26,422,178,2,98490.21,28.0,98518.21,True,True,True,17,2,70.77,100.0,
helloworld-tls_6.yaml,Service,6,1,1,0,1,0,17,13,2,1,28381.33,11.13,28392.46,True,True,True,1,1,92.86,100.0,
helloworld-tls_7.yaml,Service,6,1,1,0,1,0,17,13,2,1,28188.19,11.16,28199.35,True,True,True,1,1,92.86,100.0,
helloworld-tls_8.yaml,Service,6,1,1,0,1,0,17,13,2,1,28423.07,13.18,28436.25,True,True,True,1,1,92.86,100.0,
helloworld-tls_9.yaml,Service,6,1,1,0,1,0,17,13,2,1,28109.86,11.44,28121.3,True,True,True,1,1,92.86,100.0,
helloworld-two.yaml,Deployment,31,8,8,4,12,0,24,422,178,1,98727.02,25.49,98752.51,True,True,True,16,1,71.19,100.0,
helloworld-two_1.yaml,Service,6,1,1,0,1,0,12,13,2,1,28131.75,8.16,28139.91,True,True,True,1,1,90.0,100.0,
helloworld-v1.yaml,Deployment,31,8,8,5,13,0,22,422,178,1,98650.8,24.61,98675.41,True,True,True,17,2,65.45,100.0,
helloworld-v1_1.yaml,Service,6,1,1,0,1,0,15,13,2,1,28320.81,9.97,28330.78,True,True,True,1,1,91.67,100.0,
helloworld-v1_2.yaml,Ingress,3,1,1,0,1,0,19,4,2,1,13977.86,16.3,13994.16,True,True,True,4,0,90.0,100.0,
helloworld-v2.yaml,Deployment,31,7,7,5,12,0,25,422,176,4,99097.91,28.47,99126.38,True,True,True,16,1,74.63,100.0,
helloworld-v21.yaml,Deployment,31,8,8,4,12,0,22,422,178,1,98797.55,24.6,98822.15,True,True,True,16,1,69.09,100.0,
helloworld-v21_1.yaml,Service,6,1,1,0,1,0,15,13,2,1,28019.56,9.74,28029.3,True,True,True,1,1,91.67,100.0,
helloworld-v21_2.yaml,Ingress,3,1,1,0,1,0,19,4,2,1,13930.07,15.87,13945.94,True,True,True,4,0,90.0,100.0,
helloworld-v22.yaml,Deployment,31,7,7,5,12,0,35,422,176,1,98834.56,30.09,98864.65,True,True,True,16,1,76.06,100.0,
helloworld-v23.yaml,Deployment,31,7,7,5,12,0,25,422,176,4,99219.29,29.0,99248.29,True,True,True,16,1,74.63,100.0,
helloworld-v3.yaml,Deployment,31,7,7,5,12,0,27,422,176,4,99072.12,29.87,99101.99,True,True,True,16,1,76.06,100.0,
helloworld-v31.yaml,Deployment,31,7,7,5,12,0,30,422,176,1,98936.4,27.96,98964.36,True,True,True,16,1,73.85,100.0,
helloworld-v32.yaml,Deployment,31,7,7,5,12,0,27,422,176,4,99113.8,29.71,99143.51,True,True,True,16,1,76.06,100.0,
helloworld-v32_1.yaml,Deployment,31,8,8,5,13,0,27,422,178,6,98717.33,31.73,98749.06,True,True,True,17,2,74.67,100.0,
helloworld-v3_1.yaml,Deployment,31,8,8,5,13,0,27,422,178,6,98580.21,32.17,98612.38,True,True,True,17,2,74.67,100.0,
helloworld-versions.yaml,Service,6,1,1,0,1,0,11,13,2,2,28209.39,8.88,28218.27,True,True,True,1,1,90.91,100.0,
helloworld-versions1.yaml,Service,6,1,1,0,1,0,11,13,2,2,28462.78,8.86,28471.64,True,True,True,1,1,90.91,100.0,
helloworld-versions1_1.yaml,Service,6,1,1,0,1,0,11,13,2,2,28063.85,8.95,28072.8,True,True,True,1,1,90.91,100.0,
helloworld-versions2.yaml,Service,6,1,1,0,1,0,11,13,2,2,28405.55,9.14,28414.69,True,True,True,1,1,90.91,100.0,
helloworld-versions2_1.yaml,Service,6,1,1,0,1,0,11,13,2,2,28090.85,8.97,28099.82,True,True,True,1,1,90.91,100.0,
helloworld-versions3.yaml,Service,6,1,1,0,1,0,11,13,2,2,28546.74,9.04,28555.78,True,True,True,1,1,90.91,100.0,
helloworld-versions3_1.yaml,Service,6,1,1,0,1,0,11,13,2,2,28056.3,9.03,28065.33,True,True,True,1,1,90.91,100.0,
helloworld-versions4.yaml,Service,6,1,1,0,1,0,11,13,2,2,28302.07,9.04,28311.11,True,True,True,1,1,90.91,100.0,
helloworld-versions4_1.yaml,Service,6,1,1,0,1,0,11,13,2,2,28117.53,8.93,28126.46,True,True,True,1,1,90.91,100.0,
helloworld-versions_1.yaml,Service,6,1,1,0,1,0,11,13,2,2,28074.03,9.11,28083.14,True,True,True,1,1,90.91,100.0,
helloworld-with-bad-liveness-probe.yaml,Deployment,31,8,8,5,13,0,30,422,178,1,98794.93,29.89,98824.82,True,True,True,17,2,77.65,100.0,
helloworld-with-bad-pod.yaml,Deployment,31,8,8,5,13,0,21,422,178,1,98524.09,23.48,98547.57,True,True,True,17,2,64.15,100.0,
helloworld-with-bad-readiness-probe.yaml,Deployment,31,8,8,5,13,0,28,422,178,1,98525.88,28.49,98554.37,True,True,True,18,3,72.73,100.0,
helloworld-with-probes.yaml,Deployment,31,8,8,5,13,0,35,422,178,1,98417.3,32.91,98450.21,True,True,True,17,2,81.19,100.0,
helloworld20_1.yaml,Service,6,2,2,0,2,0,16,13,4,1,28236.7,10.06,28246.76,True,True,True,2,2,83.33,100.0,
helloworld20_2.yaml,Ingress,3,1,1,0,1,0,21,4,2,2,13957.34,17.96,13975.3,True,True,True,4,0,91.3,100.0,
helloworld21.yaml,Deployment,31,8,8,5,13,0,27,422,178,1,98485.72,26.06,98511.78,True,True,True,17,2,68.85,100.0,
helloworld21_1.yaml,Deployment,31,8,8,5,13,0,38,422,178,1,99221.92,32.35,99254.27,True,True,True,17,2,76.54,100.0,
helloworld21_2.yaml,Deployment,31,8,8,5,13,0,38,422,178,1,98606.64,31.9,98638.54,True,True,True,17,2,76.54,100.0,
helloworld21_3.yaml,Deployment,31,8,8,5,13,0,38,422,178,2,98633.24,32.06,98665.3,True,True,True,17,2,77.11,100.0,
helloworld22.yaml,Deployment,31,8,8,5,13,0,27,422,178,1,98420.05,26.39,98446.44,True,True,True,17,2,68.85,100.0,
helloworld22_1.yaml,Deployment,31,8,8,5,13,0,38,422,178,1,98826.25,32.44,98858.69,True,True,True,17,2,76.54,100.0,
helloworld22_2.yaml,Deployment,31,8,8,5,13,0,38,422,178,1,98569.59,32.02,98601.61,True,True,True,17,2,76.54,100.0,
helloworld22_3.yaml,Deployment,31,8,8,5,13,0,38,422,178,2,98685.28,32.28,98717.56,True,True,True,17,2,77.11,100.0,
helloworldjava.yaml,Deployment,31,8,8,4,12,0,21,422,178,3,98735.48,25.44,98760.92,True,True,True,16,1,70.18,100.0,
helloworldjava_1.yaml,Service,6,2,2,0,2,0,17,13,4,3,27794.74,16.91,27811.65,True,True,True,4,4,80.95,100.0,
helm-chart-private-repo_1.yaml,Secret,4,0,0,0,0,0,8,14,0,2,7443.94,0.0,7443.94,True,True,True,0,0,100.0,
helm-chart.yaml,ServiceAccount,3,0,0,0,0,0,8,7,0,4,7141.31,0.0,7141.31,True,True,True,0,0,100.0,
helm-chart_2.yaml,ClusterRoleBinding,4,0,0,0,0,0,16,12,0,4,7133.68,0.0,7133.68,True,True,True,0,0,100.0,
helm-controller1_5.yaml,ClusterRoleBinding,4,1,1,0,1,0,16,12,4,6,20937.81,15.16,20952.97,True,True,True,1,1,94.74,100.0,
helm-controller1_6.yaml,ClusterRoleBinding,4,0,0,0,0,0,16,12,0,18,7484.09,0.0,7484.09,True,True,True,0,0,100.0,
helm-controller1_8.yaml,ServiceAccount,3,0,0,0,0,0,8,7,0,4,7112.2,0.0,7112.2,True,True,True,0,0,100.0,
helm-controller1_9.yaml,Deployment,31,4,4,0,4,0,82,422,77,400,100177.04,59.52,100236.56,True,True,True,4,3,95.95,100.0,
helm-controller2_1.yaml,ServiceAccount,3,0,0,0,0,0,7,7,0,1,7142.04,0.0,7142.04,True,True,True,0,0,100.0,
helm-controller2_2.yaml,Deployment,31,4,4,0,4,0,75,422,77,480,100075.1,61.15,100136.25,True,True,True,4,3,96.0,100.0,
helm-controller4_1.yaml,ServiceAccount,3,0,0,0,0,0,7,7,0,1,7158.14,0.0,7158.14,True,True,True,0,0,100.0,
helm-controller4_2.yaml,Deployment,31,4,4,0,4,0,75,422,77,160,100140.35,54.3,100194.65,True,True,True,4,3,95.48,100.0,
helm-controller5_1.yaml,ServiceAccount,3,0,0,0,0,0,7,7,0,1,7199.93,0.0,7199.93,True,True,True,0,0,100.0,
helm-controller5_2.yaml,Deployment,31,4,4,0,4,0,75,422,77,480,99650.22,62.87,99713.09,True,True,True,4,3,96.0,100.0,
helm-controller6_1.yaml,ServiceAccount,3,0,0,0,0,0,7,7,0,2,7521.87,0.0,7521.87,True,True,True,0,0,100.0,
helm-controller6_2.yaml,Deployment,31,4,4,0,4,0,75,422,77,720,99881.86,63.02,99944.88,True,True,True,4,3,96.05,100.0,
helm-controller7_1.yaml,ServiceAccount,3,0,0,0,0,0,7,7,0,2,7215.95,0.0,7215.95,True,True,True,0,0,100.0,
helm-controller7_2.yaml,Deployment,31,4,4,0,4,0,75,422,77,720,100000.21,62.42,100062.63,True,True,True,4,3,96.05,100.0,
helm-controller8_1.yaml,ServiceAccount,3,0,0,0,0,0,7,7,0,2,7280.39,0.0,7280.39,True,True,True,0,0,100.0,
helm-controller8_2.yaml,Deployment,31,4,4,0,4,0,75,422,77,720,100058.64,62.51,100121.15,True,True,True,4,3,96.05,100.0,
helm-controller9_1.yaml,ServiceAccount,3,0,0,0,0,0,7,7,0,1,7474.65,0.0,7474.65,True,True,True,0,0,100.0,
helm-controller9_2.yaml,Deployment,31,4,4,0,4,0,75,422,77,480,99994.26,61.49,100055.75,True,True,True,4,3,96.0,100.0,
helm-controller_5.yaml,ClusterRoleBinding,4,1,1,0,1,0,16,12,4,6,21247.42,15.22,21262.64,True,True,True,1,1,94.74,100.0,
helm-controller_6.yaml,ClusterRoleBinding,4,0,0,0,0,0,16,12,0,18,7230.02,0.0,7230.02,True,True,True,0,0,100.0,
helm-controller_8.yaml,ServiceAccount,3,0,0,0,0,0,8,7,0,4,7426.68,0.0,7426.68,True,True,True,0,0,100.0,
helm-controller_9.yaml,Deployment,31,4,4,0,4,0,82,422,77,400,100434.09,59.99,100494.08,True,True,True,4,3,95.95,100.0,
helm-incluster.yaml,ServiceAccount,3,0,0,0,0,0,5,7,0,1,7212.67,0.0,7212.67,True,True,True,0,0,100.0,
helm-incluster1.yaml,ServiceAccount,3,0,0,0,0,0,5,7,0,1,7139.29,0.0,7139.29,True,True,True,0,0,100.0,
helm-incluster1_1.yaml,ClusterRoleBinding,4,1,1,0,1,0,13,12,4,1,20908.1,10.1,20918.2,True,True,True,1,1,91.67,100.0,
helm-incluster2.yaml,ServiceAccount,3,0,0,0,0,0,8,7,0,1,7470.8,0.0,7470.8,True,True,True,0,0,100.0,
helm-incluster2_1.yaml,ClusterRoleBinding,4,1,1,0,1,0,16,12,4,1,21066.28,11.9,21078.18,True,True,True,1,1,92.86,100.0,
helm-incluster_1.yaml,ClusterRoleBinding,4,1,1,0,1,0,13,12,4,1,21052.9,10.09,21062.99,True,True,True,1,1,91.67,100.0,
helm-ingress-values.yaml,Ingress,3,1,1,0,1,0,19,4,2,4,13947.06,23.88,13970.94,True,True,True,16,12,56.25,100.0,
helm-ingress2.yaml,Ingress,3,1,1,0,1,0,19,4,2,1,13658.75,15.68,13674.43,True,True,True,14,10,40.0,100.0,
helm-ingress3.yaml,Ingress,3,1,1,0,1,0,19,4,2,1,13935.43,15.72,13951.15,True,True,True,14,10,40.0,100.0,
helm-init.yaml,ServiceAccount,3,0,0,0,0,0,5,7,0,1,7190.67,0.0,7190.67,True,True,True,0,0,100.0,
helm-init_1.yaml,ClusterRoleBinding,4,1,1,0,1,0,13,12,4,1,21430.8,10.19,21440.99,True,True,True,1,1,91.67,100.0,
helm-mongo-express.yaml,Deployment,31,8,8,5,13,0,27,422,178,3,98590.12,32.41,98622.53,True,True,True,17,2,75.32,100.0,
helm-mongo-express1.yaml,Deployment,31,8,8,5,13,0,27,422,178,3,98592.73,32.43,98625.16,True,True,True,17,2,75.32,100.0,
helm-mongo-express1_1.yaml,Service,6,1,1,0,1,0,14,13,2,1,28034.45,8.92,28043.37,True,True,True,1,1,90.91,100.0,
helm-mongo-express2.yaml,Deployment,31,8,8,5,13,0,27,422,178,3,98617.16,32.39,98649.55,True,True,True,17,2,75.32,100.0,
helm-mongo-express2_1.yaml,Service,6,1,1,0,1,0,14,13,2,1,28137.08,9.01,28146.09,True,True,True,1,1,90.91,100.0,
helm-mongo-express_1.yaml,Service,6,1,1,0,1,0,14,13,2,1,28430.4,8.99,28439.39,True,True,True,1,1,90.91,100.0,
helm-rbac.yaml,ServiceAccount,3,0,0,0,0,0,5,7,0,1,7172.79,0.0,7172.79,True,True,True,0,0,100.0,
helm-rbac1.yaml,ServiceAccount,3,0,0,0,0,0,5,7,0,1,7404.27,0.0,7404.27,True,True,True,0,0,100.0,
helm-rbac1_1.yaml,ClusterRoleBinding,4,1,1,0,1,0,13,12,4,1,20988.94,9.98,20998.92,True,True,True,1,1,91.67,100.0,
helm-rbac2.yaml,ServiceAccount,3,0,0,0,0,0,5,7,0,1,7196.75,0.0,7196.75,True,True,True,0,0,100.0,
helm-rbac3.yaml,ServiceAccount,3,0,0,0,0,0,5,7,0,1,7141.97,0.0,7141.97,True,True,True,0,0,100.0,
helm-rbac4.yaml,ServiceAccount,3,0,0,0,0,0,5,7,0,1,7390.44,0.0,7390.44,True,True,True,0,0,100.0,
helm-rbac4_1.yaml,ClusterRoleBinding,4,1,1,0,1,0,13,12,4,1,21018.45,10.07,21028.52,True,True,True,1,1,91.67,100.0,
helm-rbac5.yaml,ServiceAccount,3,0,0,0,0,0,5,7,0,1,7155.94,0.0,7155.94,True,True,True,0,0,100.0,
helm-template.yaml,PersistentVolumeClaim,2,1,1,0,1,0,11,7,3,1,13854.54,8.73,13863.27,True,True,True,1,1,90.91,100.0,
helm-template_1.yaml,PersistentVolumeClaim,2,1,1,0,1,0,11,7,3,1,13908.18,8.45,13916.63,True,True,True,1,1,90.91,100.0,
helm-template_2.yaml,PersistentVolumeClaim,2,1,1,0,1,0,11,7,3,1,13841.18,8.53,13849.71,True,True,True,1,1,90.91,100.0,
helm-template_3.yaml,Service,6,1,1,0,1,0,20,13,2,10,28449.13,15.43,28464.56,True,True,True,1,1,95.0,100.0,
helm-template_4.yaml,Deployment,31,8,8,4,12,0,57,422,178,8550,99312.22,91.44,99403.66,True,True,True,16,5,90.83,100.0,
helm-tester.yaml,ServiceAccount,3,0,0,0,0,0,7,7,0,2,7158.75,0.0,7158.75,True,True,True,0,0,100.0,
helm-tester_2.yaml,ClusterRoleBinding,4,0,0,0,0,0,16,12,0,2,7127.92,0.0,7127.92,True,True,True,0,0,100.0,
helm-tester_4.yaml,Pod,61,13,13,6,19,0,25,481,187,4,180467.4,29.18,180496.58,True,True,True,24,4,73.58,100.0,
helm-tiller-rbac.yaml,ServiceAccount,3,0,0,0,0,0,8,7,0,4,7226.86,0.0,7226.86,True,True,True,0,0,100.0,
helm-tiller-rbac_1.yaml,ClusterRoleBinding,4,1,1,0,1,0,16,12,4,4,21011.66,13.57,21025.23,True,True,True,1,1,94.12,100.0,
helm-tiller-svc.yaml,Service,6,1,1,0,1,0,21,13,2,8,28392.29,15.92,28408.21,True,True,True,2,2,94.12,100.0,
helm71.yaml,Ingress,3,0,0,0,0,0,24,4,0,1,7165.15,0.0,7165.15,True,True,True,0,0,100.0,
helmrelease100.yaml,Secret,4,0,0,0,0,0,8,14,0,1,7136.97,0.0,7136.97,True,True,True,0,0,100.0,
helmrelease104.yaml,Secret,4,0,0,0,0,0,8,14,0,1,7366.58,0.0,7366.58,True,True,True,0,0,100.0,
helmrelease106.yaml,Secret,4,0,0,0,0,0,8,14,0,1,7153.87,0.0,7153.87,True,True,True,0,0,100.0,
helmrelease108.yaml,Secret,4,0,0,0,0,0,8,14,0,1,7130.61,0.0,7130.61,True,True,True,0,0,100.0,
helmrelease115.yaml,Secret,4,0,0,0,0,0,8,14,0,1,7410.05,0.0,7410.05,True,True,True,0,0,100.0,
helmrelease117.yaml,Secret,4,0,0,0,0,0,8,14,0,1,7131.0,0.0,7131.0,True,True,True,0,0,100.0,
helmrelease12.yaml,Secret,4,0,0,0,0,0,8,14,0,1,7140.8,0.0,7140.8,True,True,True,0,0,100.0,
helmrelease125.yaml,Secret,4,0,0,0,0,0,8,14,0,1,7416.39,0.0,7416.39,True,True,True,0,0,100.0,
helmrelease15.yaml,Secret,4,0,0,0,0,0,8,14,0,1,7130.35,0.0,7130.35,True,True,True,0,0,100.0,
helmrelease2.yaml,Secret,4,0,0,0,0,0,8,14,0,1,7114.2,0.0,7114.2,True,True,True,0,0,100.0,
helmrelease206.yaml,Secret,4,0,0,0,0,0,8,14,0,1,7361.23,0.0,7361.23,True,True,True,0,0,100.0,
helmrelease208.yaml,Secret,4,0,0,0,0,0,8,14,0,1,7154.66,0.0,7154.66,True,True,True,0,0,100.0,
helmrelease21.yaml,Secret,4,0,0,0,0,0,8,14,0,1,7470.77,0.0,7470.77,True,True,True,0,0,100.0,
helmrelease212.yaml,Secret,4,0,0,0,0,0,8,14,0,1,7160.5,0.0,7160.5,True,True,True,0,0,100.0,
helmrelease216.yaml,Secret,4,0,0,0,0,0,8,14,0,1,7125.3,0.0,7125.3,True,True,True,0,0,100.0,
helmrelease219.yaml,Secret,4,0,0,0,0,0,8,14,0,1,7367.71,0.0,7367.71,True,True,True,0,0,100.0,
helmrelease225.yaml,Secret,4,0,0,0,0,0,8,14,0,1,7140.44,0.0,7140.44,True,True,True,0,0,100.0,
helmrelease230.yaml,Secret,4,0,0,0,0,0,8,14,0,1,7126.07,0.0,7126.07,True,True,True,0,0,100.0,
helmrelease234.yaml,Secret,4,0,0,0,0,0,8,14,0,1,7412.43,0.0,7412.43,True,True,True,0,0,100.0,
helmrelease236.yaml,Secret,4,0,0,0,0,0,8,14,0,1,7111.88,0.0,7111.88,True,True,True,0,0,100.0,
helmrelease240.yaml,Secret,4,0,0,0,0,0,8,14,0,1,7133.44,0.0,7133.44,True,True,True,0,0,100.0,
helmrelease246.yaml,Secret,4,0,0,0,0,0,8,14,0,1,7397.79,0.0,7397.79,True,True,True,0,0,100.0,
helmrelease248.yaml,Secret,4,0,0,0,0,0,8,14,0,1,7140.26,0.0,7140.26,True,True,True,0,0,100.0,
helmrelease250.yaml,Secret,4,0,0,0,0,0,8,14,0,1,7287.36,0.0,7287.36,True,True,True,0,0,100.0,
helmrelease254.yaml,Secret,4,0,0,0,0,0,8,14,0,1,7379.2,0.0,7379.2,True,True,True,0,0,100.0,
helmrelease256.yaml,Secret,4,0,0,0,0,0,8,14,0,1,7132.82,0.0,7132.82,True,True,True,0,0,100.0,
helmrelease258.yaml,Secret,4,0,0,0,0,0,8,14,0,1,7403.17,0.0,7403.17,True,True,True,0,0,100.0,
helmrelease261.yaml,Secret,4,0,0,0,0,0,8,14,0,1,7120.02,0.0,7120.02,True,True,True,0,0,100.0,
helmrelease264.yaml,Secret,4,0,0,0,0,0,8,14,0,1,7163.37,0.0,7163.37,True,True,True,0,0,100.0,
helmrelease268.yaml,Secret,4,0,0,0,0,0,8,14,0,1,7436.54,0.0,7436.54,True,True,True,0,0,100.0,
helmrelease27.yaml,Secret,4,0,0,0,0,0,8,14,0,1,7132.44,0.0,7132.44,True,True,True,0,0,100.0,
helmrelease270.yaml,Secret,4,0,0,0,0,0,8,14,0,1,7137.95,0.0,7137.95,True,True,True,0,0,100.0,
helmrelease272.yaml,Secret,4,0,0,0,0,0,8,14,0,1,7395.76,0.0,7395.76,True,True,True,0,0,100.0,
helmrelease274.yaml,Secret,4,0,0,0,0,0,8,14,0,1,7154.22,0.0,7154.22,True,True,True,0,0,100.0,
helmrelease280.yaml,Secret,4,0,0,0,0,0,8,14,0,1,7416.89,0.0,7416.89,True,True,True,0,0,100.0,
helmrelease282.yaml,Secret,4,0,0,0,0,0,8,14,0,1,7128.37,0.0,7128.37,True,True,True,0,0,100.0,
helmrelease285.yaml,Secret,4,0,0,0,0,0,8,14,0,1,7099.43,0.0,7099.43,True,True,True,0,0,100.0,
helmrelease287.yaml,Secret,4,0,0,0,0,0,8,14,0,1,7383.33,0.0,7383.33,True,True,True,0,0,100.0,
helmrelease289.yaml,Secret,4,0,0,0,0,0,8,14,0,1,7149.48,0.0,7149.48,True,True,True,0,0,100.0,
helmrelease291.yaml,Secret,4,0,0,0,0,0,8,14,0,1,7121.84,0.0,7121.84,True,True,True,0,0,100.0,
helmrelease295.yaml,Secret,4,0,0,0,0,0,8,14,0,1,7374.82,0.0,7374.82,True,True,True,0,0,100.0,
helmrelease297.yaml,Secret,4,0,0,0,0,0,8,14,0,1,7136.24,0.0,7136.24,True,True,True,0,0,100.0,
helmrelease301.yaml,Secret,4,0,0,0,0,0,8,14,0,1,7176.75,0.0,7176.75,True,True,True,0,0,100.0,
helmrelease303.yaml,Secret,4,0,0,0,0,0,8,14,0,1,7384.31,0.0,7384.31,True,True,True,0,0,100.0,
helmrelease307.yaml,Secret,4,0,0,0,0,0,8,14,0,1,7142.5,0.0,7142.5,True,True,True,0,0,100.0,
helmrelease309.yaml,Secret,4,0,0,0,0,0,8,14,0,1,7159.94,0.0,7159.94,True,True,True,0,0,100.0,
helmrelease31.yaml,Secret,4,0,0,0,0,0,8,14,0,1,7403.77,0.0,7403.77,True,True,True,0,0,100.0,
helmrelease311.yaml,Secret,4,0,0,0,0,0,8,14,0,1,7127.22,0.0,7127.22,True,True,True,0,0,100.0,
helmrelease318.yaml,Secret,4,0,0,0,0,0,8,14,0,1,7229.42,0.0,7229.42,True,True,True,0,0,100.0,
helmrelease320.yaml,Secret,4,0,0,0,0,0,8,14,0,1,7347.98,0.0,7347.98,True,True,True,0,0,100.0,
helmrelease328.yaml,Secret,4,0,0,0,0,0,8,14,0,1,7128.43,0.0,7128.43,True,True,True,0,0,100.0,
helmrelease33.yaml,Secret,4,0,0,0,0,0,8,14,0,1,7420.58,0.0,7420.58,True,True,True,0,0,100.0,
helmrelease37.yaml,Secret,4,0,0,0,0,0,8,14,0,1,7150.78,0.0,7150.78,True,True,True,0,0,100.0,
helmrelease4.yaml,Secret,4,0,0,0,0,0,8,14,0,1,7157.51,0.0,7157.51,True,True,True,0,0,100.0,
helmrelease43.yaml,Secret,4,0,0,0,0,0,8,14,0,1,7387.93,0.0,7387.93,True,True,True,0,0,100.0,
helmrelease45.yaml,Secret,4,0,0,0,0,0,8,14,0,1,7148.79,0.0,7148.79,True,True,True,0,0,100.0,
helmrelease47.yaml,Secret,4,0,0,0,0,0,8,14,0,1,7151.27,0.0,7151.27,True,True,True,0,0,100.0,
helmrelease51.yaml,Secret,4,0,0,0,0,0,8,14,0,1,7410.89,0.0,7410.89,True,True,True,0,0,100.0,
helmrelease53.yaml,Secret,4,0,0,0,0,0,8,14,0,1,7165.7,0.0,7165.7,True,True,True,0,0,100.0,
helmrelease55.yaml,Secret,4,0,0,0,0,0,8,14,0,1,7141.51,0.0,7141.51,True,True,True,0,0,100.0,
helmrelease58.yaml,Secret,4,0,0,0,0,0,8,14,0,1,7448.39,0.0,7448.39,True,True,True,0,0,100.0,
helmrelease61.yaml,Secret,4,0,0,0,0,0,8,14,0,1,7165.79,0.0,7165.79,True,True,True,0,0,100.0,
helmrelease65.yaml,Secret,4,0,0,0,0,0,8,14,0,1,7395.13,0.0,7395.13,True,True,True,0,0,100.0,
helmrelease67.yaml,Secret,4,0,0,0,0,0,8,14,0,1,7182.6,0.0,7182.6,True,True,True,0,0,100.0,
helmrelease69.yaml,Secret,4,0,0,0,0,0,8,14,0,1,7163.54,0.0,7163.54,True,True,True,0,0,100.0,
helmrelease71.yaml,Secret,4,0,0,0,0,0,8,14,0,1,7402.4,0.0,7402.4,True,True,True,0,0,100.0,
helmrelease77.yaml,Secret,4,0,0,0,0,0,8,14,0,1,7157.96,0.0,7157.96,True,True,True,0,0,100.0,
helmrelease79.yaml,Secret,4,0,0,0,0,0,8,14,0,1,7146.71,0.0,7146.71,True,True,True,0,0,100.0,
helmrelease8.yaml,Secret,4,0,0,0,0,0,8,14,0,1,7431.59,0.0,7431.59,True,True,True,0,0,100.0,
helmrelease82.yaml,Secret,4,0,0,0,0,0,8,14,0,1,7145.93,0.0,7145.93,True,True,True,0,0,100.0,
helmrelease84.yaml,Secret,4,0,0,0,0,0,8,14,0,1,7139.27,0.0,7139.27,True,True,True,0,0,100.0,
helmrelease86.yaml,Secret,4,0,0,0,0,0,8,14,0,1,7360.9,0.0,7360.9,True,True,True,0,0,100.0,
helmrelease88.yaml,Secret,4,0,0,0,0,0,8,14,0,1,7259.59,0.0,7259.59,True,True,True,0,0,100.0,
helmrelease92.yaml,Secret,4,0,0,0,0,0,8,14,0,1,7153.57,0.0,7153.57,True,True,True,0,0,100.0,
helmrelease94.yaml,Secret,4,0,0,0,0,0,8,14,0,1,7414.36,0.0,7414.36,True,True,True,0,0,100.0,
helmrelease98.yaml,Secret,4,0,0,0,0,0,8,14,0,1,7154.9,0.0,7154.9,True,True,True,0,0,100.0,
helm_secret.yaml,Secret,4,0,0,0,0,0,11,14,0,4,7157.9,0.0,7157.9,True,True,True,0,0,100.0,
helper-pod.yaml,Pod,61,13,13,2,15,0,19,481,187,8,180427.47,22.79,180450.26,True,True,True,18,5,61.02,100.0,
hf-tgi-server.yaml,Deployment,31,8,8,0,8,0,36,422,178,32,98715.2,36.6,98751.8,True,True,True,9,1,89.58,100.0,
hf-tgi-server_1.yaml,Service,6,1,1,0,1,0,18,13,2,1,28005.83,10.99,28016.82,True,True,True,1,1,92.86,100.0,
high-availability.yaml,ServiceAccount,3,0,0,0,0,0,8,7,0,1,7176.89,0.0,7176.89,True,True,True,0,0,100.0,
high-availability_3.yaml,RoleBinding,4,0,0,0,0,0,17,12,0,1,7428.98,0.0,7428.98,True,True,True,0,0,100.0,
high-availability_4.yaml,ClusterRoleBinding,4,0,0,0,0,0,16,12,0,1,7269.74,0.0,7269.74,True,True,True,0,0,100.0,
high-availability_5.yaml,ClusterRoleBinding,4,0,0,0,0,0,16,12,0,1,7409.32,0.0,7409.32,True,True,True,0,0,100.0,
high-availability_6.yaml,Service,6,1,1,0,1,0,19,13,2,1,27964.28,12.03,27976.31,True,True,True,1,1,93.33,100.0,
high-availability_7.yaml,Deployment,31,5,5,2,7,0,81,422,126,80,99568.63,61.05,99629.68,True,True,True,9,3,93.33,100.0,
high-cpu-pod.yaml,Pod,61,13,13,5,18,0,15,481,187,4,180115.57,20.84,180136.41,True,True,True,19,1,58.33,100.0,
high-memory-pod.yaml,Pod,61,13,13,5,18,0,15,481,187,4,180073.81,20.48,180094.29,True,True,True,19,1,56.52,100.0,
high-priority-nginx.yaml,Pod,61,13,13,7,20,0,14,481,187,1,180217.55,21.89,180239.44,True,True,True,23,2,46.81,100.0,
high-priority-nginx1.yaml,Pod,61,13,13,7,20,0,14,481,187,1,180288.78,21.69,180310.47,True,True,True,23,2,46.81,100.0,
high-priority-pod.yaml,Pod,61,13,13,3,16,0,18,481,187,8,180165.45,21.69,180187.14,True,True,True,17,2,62.75,100.0,
high-scale-ipcache.yaml,Deployment,31,7,7,4,11,0,28,422,176,1,98865.0,27.14,98892.14,True,True,True,15,0,76.19,100.0,
high-scale-ipcache_1.yaml,Deployment,31,7,7,4,11,0,35,422,176,64,98921.96,30.79,98952.75,True,True,True,15,0,85.98,100.0,
high-scale-ipcache_2.yaml,Service,6,1,1,0,1,0,15,13,2,1,28102.97,9.64,28112.61,True,True,True,1,1,91.67,100.0,
high-stress.yaml,Job,31,7,7,2,9,1,32,420,176,8,95539.82,27.18,95567.0,False,True,True,10,2,82.86,100.0,
highcourt-service_1.yaml,Deployment,31,9,9,0,9,0,50,422,187,384,98696.29,60.19,98756.48,True,True,True,9,18,83.64,100.0,
highcourt-service_2.yaml,Service,6,2,2,0,2,0,19,13,4,1,28067.42,12.13,28079.55,True,True,True,2,2,86.67,100.0,
high_cpu_pod.yaml,Pod,61,13,13,5,18,0,15,481,187,2,179956.0,20.74,179976.74,True,True,True,18,1,61.22,100.0,
high_cpu_pod1.yaml,Pod,61,13,13,5,18,0,15,481,187,2,180377.8,20.66,180398.46,True,True,True,18,1,61.22,100.0,
high_cpu_pod10.yaml,Pod,61,13,13,5,18,0,15,481,187,2,179925.6,20.17,179945.77,True,True,True,18,1,61.22,100.0,
high_cpu_pod11.yaml,Pod,61,13,13,5,18,0,15,481,187,2,180041.85,20.3,180062.15,True,True,True,18,1,61.22,100.0,
high_cpu_pod12.yaml,Pod,61,13,13,5,18,0,15,481,187,2,179944.0,20.3,179964.3,True,True,True,18,1,61.22,100.0,
high_cpu_pod2.yaml,Pod,61,13,13,5,18,0,15,481,187,2,179967.78,20.29,179988.07,True,True,True,18,1,61.22,100.0,
high_cpu_pod3.yaml,Pod,61,13,13,5,18,0,15,481,187,2,180110.65,20.47,180131.12,True,True,True,18,1,61.22,100.0,
high_cpu_pod4.yaml,Pod,61,13,13,5,18,0,15,481,187,2,179950.68,20.68,179971.36,True,True,True,18,1,61.22,100.0,
high_cpu_pod5.yaml,Pod,61,13,13,5,18,0,15,481,187,2,180086.67,20.15,180106.82,True,True,True,18,1,61.22,100.0,
high_cpu_pod6.yaml,Pod,61,13,13,5,18,0,15,481,187,2,183171.19,20.52,183191.71,True,True,True,18,1,61.22,100.0,
high_cpu_pod7.yaml,Pod,61,13,13,5,18,0,15,481,187,2,179084.4,20.8,179105.2,True,True,True,18,1,61.22,100.0,
high_cpu_pod8.yaml,Pod,61,13,13,5,18,0,15,481,187,2,179198.06,20.3,179218.36,True,True,True,18,1,61.22,100.0,
high_cpu_pod9.yaml,Pod,61,13,13,5,18,0,15,481,187,2,179344.09,20.53,179364.62,True,True,True,18,1,61.22,100.0,
high_cpu_pod_1.yaml,Pod,61,14,14,5,19,0,16,481,190,2,178884.77,20.44,178905.21,True,True,True,18,2,60.0,100.0,
high_cpu_pod_11.yaml,Pod,61,14,14,5,19,0,16,481,190,2,178491.19,21.28,178512.47,True,True,True,18,2,60.0,100.0,
high_cpu_pod_110.yaml,Pod,61,14,14,5,19,0,16,481,190,2,179149.01,20.8,179169.81,True,True,True,18,2,60.0,100.0,
high_cpu_pod_111.yaml,Pod,61,14,14,5,19,0,16,481,190,2,179786.45,20.63,179807.08,True,True,True,18,2,60.0,100.0,
high_cpu_pod_112.yaml,Pod,61,14,14,5,19,0,16,481,190,2,178825.54,20.85,178846.39,True,True,True,18,2,60.0,100.0,
high_cpu_pod_113.yaml,Pod,61,14,14,5,19,0,16,481,190,2,179286.74,20.87,179307.61,True,True,True,18,2,60.0,100.0,
high_cpu_pod_114.yaml,Pod,61,14,14,5,19,0,16,481,190,2,178939.11,20.63,178959.74,True,True,True,18,2,60.0,100.0,
high_cpu_pod_115.yaml,Pod,61,14,14,5,19,0,16,481,190,2,178705.22,20.63,178725.85,True,True,True,18,2,60.0,100.0,
high_cpu_pod_12.yaml,Pod,61,14,14,5,19,0,16,481,190,2,179008.99,20.83,179029.82,True,True,True,18,2,60.0,100.0,
high_cpu_pod_13.yaml,Pod,61,14,14,5,19,0,16,481,190,2,178787.81,20.64,178808.45,True,True,True,18,2,60.0,100.0,
high_cpu_pod_14.yaml,Pod,61,14,14,5,19,0,16,481,190,2,178763.45,20.56,178784.01,True,True,True,18,2,60.0,100.0,
high_cpu_pod_15.yaml,Pod,61,14,14,5,19,0,16,481,190,2,178975.55,20.43,178995.98,True,True,True,18,2,60.0,100.0,
high_cpu_pod_16.yaml,Pod,61,14,14,5,19,0,16,481,190,2,179096.66,20.43,179117.09,True,True,True,18,2,60.0,100.0,
high_cpu_pod_17.yaml,Pod,61,14,14,5,19,0,16,481,190,2,178517.63,20.61,178538.24,True,True,True,18,2,60.0,100.0,
high_cpu_pod_18.yaml,Pod,61,14,14,5,19,0,16,481,190,2,178742.77,21.11,178763.88,True,True,True,18,2,60.0,100.0,
high_cpu_pod_19.yaml,Pod,61,14,14,5,19,0,16,481,190,2,178764.95,20.72,178785.67,True,True,True,18,2,60.0,100.0,
high_memory_pod.yaml,Pod,61,15,15,5,20,0,18,481,198,6,178621.13,21.97,178643.1,True,True,True,19,2,57.14,100.0,
high_memory_pod1.yaml,Pod,61,15,15,5,20,0,18,481,198,6,178605.45,21.65,178627.1,True,True,True,19,2,57.14,100.0,
high_memory_pod10.yaml,Pod,61,15,15,5,20,0,18,481,198,6,179207.62,21.82,179229.44,True,True,True,19,2,57.14,100.0,
high_memory_pod11.yaml,Pod,61,15,15,5,20,0,18,481,198,6,178700.7,21.48,178722.18,True,True,True,19,2,57.14,100.0,
high_memory_pod12.yaml,Pod,61,15,15,5,20,0,18,481,198,6,178748.49,21.68,178770.17,True,True,True,19,2,57.14,100.0,
high_memory_pod13.yaml,Pod,61,15,15,5,20,0,18,481,198,6,179019.14,21.83,179040.97,True,True,True,19,2,57.14,100.0,
high_memory_pod14.yaml,Pod,61,15,15,5,20,0,18,481,198,6,179029.5,21.49,179050.99,True,True,True,19,2,57.14,100.0,
high_memory_pod15.yaml,Pod,61,15,15,5,20,0,18,481,198,6,178559.8,22.05,178581.85,True,True,True,19,2,57.14,100.0,
high_memory_pod16.yaml,Pod,61,15,15,5,20,0,18,481,198,6,178749.81,22.19,178772.0,True,True,True,19,2,57.14,100.0,
high_memory_pod17.yaml,Pod,61,15,15,5,20,0,18,481,198,6,179032.25,21.65,179053.9,True,True,True,19,2,57.14,100.0,
high_memory_pod18.yaml,Pod,61,15,15,5,20,0,18,481,198,6,179158.22,21.47,179179.69,True,True,True,19,2,57.14,100.0,
high_memory_pod19.yaml,Pod,61,15,15,5,20,0,18,481,198,6,178833.18,21.87,178855.05,True,True,True,19,2,57.14,100.0,
high_memory_pod2.yaml,Pod,61,15,15,5,20,0,18,481,198,6,178805.27,21.49,178826.76,True,True,True,19,2,57.14,100.0,
high_memory_pod20.yaml,Pod,61,15,15,5,20,0,18,481,198,6,179046.18,21.96,179068.14,True,True,True,19,2,57.14,100.0,
high_memory_pod3.yaml,Pod,61,15,15,5,20,0,18,481,198,6,179065.91,22.33,179088.24,True,True,True,19,2,57.14,100.0,
high_memory_pod4.yaml,Pod,61,15,15,5,20,0,18,481,198,6,179334.92,22.28,179357.2,True,True,True,19,2,57.14,100.0,
high_memory_pod5.yaml,Pod,61,15,15,5,20,0,18,481,198,6,179352.88,22.13,179375.01,True,True,True,19,2,57.14,100.0,
high_memory_pod6.yaml,Pod,61,15,15,5,20,0,18,481,198,6,179061.19,21.62,179082.81,True,True,True,19,2,57.14,100.0,
high_memory_pod7.yaml,Pod,61,15,15,5,20,0,18,481,198,6,179013.72,21.7,179035.42,True,True,True,19,2,57.14,100.0,
high_memory_pod8.yaml,Pod,61,15,15,5,20,0,18,481,198,6,179253.78,21.47,179275.25,True,True,True,19,2,57.14,100.0,
high_memory_pod9.yaml,Pod,61,15,15,5,20,0,18,481,198,6,179402.52,22.17,179424.69,True,True,True,19,2,57.14,100.0,
high_memory_pod_1.yaml,Pod,61,16,16,5,21,0,19,481,201,6,179011.68,21.71,179033.39,True,True,True,21,5,48.0,100.0,
high_memory_pod_11.yaml,Pod,61,16,16,5,21,0,19,481,201,6,179206.32,33.51,179239.83,True,True,True,21,5,48.0,100.0,
high_memory_pod_12.yaml,Pod,61,16,16,5,21,0,19,481,201,6,178882.9,21.62,178904.52,True,True,True,21,5,48.0,100.0,
high_memory_pod_13.yaml,Pod,61,16,16,5,21,0,19,481,201,6,179240.8,21.93,179262.73,True,True,True,21,5,48.0,100.0,
high_memory_pod_14.yaml,Pod,61,16,16,5,21,0,19,481,201,6,179057.52,22.22,179079.74,True,True,True,21,5,48.0,100.0,
high_memory_pod_15.yaml,Pod,61,16,16,5,21,0,19,481,201,6,179064.27,21.79,179086.06,True,True,True,21,5,48.0,100.0,
high_memory_pod_16.yaml,Pod,61,16,16,5,21,0,19,481,201,6,179049.4,22.97,179072.37,True,True,True,21,5,48.0,100.0,
high_memory_pod_17.yaml,Pod,61,16,16,5,21,0,19,481,201,6,179137.93,21.78,179159.71,True,True,True,21,5,48.0,100.0,
history-deployment.yaml,Deployment,31,8,8,0,8,0,40,422,178,16,98542.12,38.19,98580.31,True,True,True,9,1,89.58,100.0,
history-deployment_1.yaml,Service,6,1,1,0,1,0,15,13,2,1,27989.21,9.7,27998.91,True,True,True,1,1,91.67,100.0,
hive-metastore-db-init-job.yaml,Job,31,7,7,6,13,1,17,420,176,10,95192.29,20.87,95213.16,False,True,True,18,4,50.0,100.0,
hive-metastore-db-init-job1.yaml,Job,31,7,7,6,13,1,17,420,176,10,95360.46,20.78,95381.24,False,True,True,18,4,50.0,100.0,
hivemq.yaml,Deployment,31,8,8,5,13,0,22,422,178,2,98869.26,25.25,98894.51,True,True,True,17,2,66.67,100.0,
hivemq_1.yaml,Service,6,1,1,0,1,0,16,13,2,2,28011.61,13.69,28025.3,True,True,True,2,2,88.24,100.0,
hivems-hive-metastore-service.yaml,Service,6,1,1,0,1,0,37,13,2,336,28587.91,45.89,28633.8,True,True,True,25,77,35.44,100.0,
hivems-postgresql-headless-service.yaml,Service,6,6,1,0,1,0,41,13,13,20,18094.35,30.14,18124.49,True,False,True,10,40,52.83,100.0,
hivems-postgresql-secret.yaml,Secret,4,0,0,0,0,0,20,14,0,16,7398.15,0.0,7398.15,True,True,True,0,0,100.0,
hivems-postgresql-service.yaml,Service,6,1,1,0,1,0,37,13,2,24,27958.72,29.11,27987.83,True,True,True,9,36,52.63,100.0,
hodor-deployment.yaml,Deployment,31,7,7,5,12,0,24,422,176,2,98647.3,26.98,98674.28,True,True,True,16,1,73.02,100.0,
hodr-service.yaml,Service,6,1,1,0,1,0,14,13,2,1,28245.22,9.29,28254.51,True,True,True,3,3,72.73,100.0,
hog.yaml,Deployment,31,9,9,3,12,0,52,422,188,1,98435.12,37.1,98472.22,True,True,True,13,4,85.95,100.0,
hog1.yaml,Deployment,31,9,9,3,12,0,52,422,188,1,98293.97,37.09,98331.06,True,True,True,13,4,85.95,100.0,
hog2.yaml,Deployment,31,8,8,1,9,0,54,422,178,32,98530.63,38.76,98569.39,True,True,True,10,3,88.7,100.0,
hog21.yaml,Deployment,31,8,8,1,9,0,54,422,178,32,98318.12,38.42,98356.54,True,True,True,10,3,88.7,100.0,
home-assistant-ingress.yaml,Ingress,3,0,0,0,0,0,28,4,0,4,7283.73,0.0,7283.73,True,True,True,0,0,100.0,
home-assistant3.yaml,Deployment,31,9,9,4,13,0,43,422,203,27,98497.78,48.31,98546.09,True,True,True,22,8,75.0,100.0,
home-assistant5.yaml,Service,6,2,2,0,2,0,17,13,4,1,28064.87,10.35,28075.22,True,True,True,2,2,84.62,100.0,
home-assistant6.yaml,PersistentVolumeClaim,2,1,1,0,1,0,11,7,3,1,13617.31,8.73,13626.04,True,True,True,1,1,90.91,100.0,
home-assistant8.yaml,Deployment,31,11,11,4,15,0,30,422,220,9,98010.05,32.89,98042.94,True,True,True,17,15,63.64,0.0,
home-assistant9_1.yaml,Service,6,1,1,0,1,0,13,13,2,1,28310.83,9.2,28320.03,True,True,True,1,1,90.91,100.0,
home-deployment.yaml,Deployment,31,8,8,5,13,0,22,422,178,1,98416.74,24.17,98440.91,True,True,True,17,2,65.45,100.0,
home-deployment_1.yaml,Service,6,1,1,0,1,0,12,13,2,1,28081.79,8.46,28090.25,True,True,True,1,1,90.0,100.0,
home-osb-broker-secret.yaml,Secret,4,0,0,0,0,0,11,14,0,2,7411.09,0.0,7411.09,True,True,True,0,0,100.0,
home-osb-service.yaml,Service,6,1,1,0,1,0,15,13,2,1,28014.12,10.14,28024.26,True,True,True,1,1,91.67,100.0,
home-osb-service_1.yaml,Deployment,31,9,9,2,11,0,58,422,187,4,98422.24,42.62,98464.86,True,True,True,11,7,83.64,100.0,
home-service-deployment.yaml,Service,6,1,1,0,1,0,16,13,2,1,28422.86,9.64,28432.5,True,True,True,1,1,91.67,100.0,
home-service-deployment_1.yaml,Deployment,31,8,8,5,13,0,21,422,178,1,98371.44,24.03,98395.47,True,True,True,17,2,64.15,100.0,
home-service-deployment_2.yaml,Ingress,3,1,1,0,1,0,19,4,2,2,13651.39,21.01,13672.4,True,True,True,4,0,92.59,100.0,
home-storage-echo-server.yaml,Service,6,1,1,0,1,0,8,13,2,1,28587.32,7.52,28594.84,True,True,True,2,0,87.5,100.0,
home-storage-echo-server_1.yaml,Ingress,3,0,0,0,0,0,23,4,0,3,7178.49,0.0,7178.49,True,True,True,0,0,100.0,
home-storage-flux-webhook.yaml,Service,6,1,1,0,1,0,8,13,2,1,28665.16,7.5,28672.66,True,True,True,2,0,87.5,100.0,
home-storage-flux-webhook_1.yaml,Ingress,3,0,0,0,0,0,23,4,0,3,7211.35,0.0,7211.35,True,True,True,0,0,100.0,
home-work.yaml,Job,31,7,7,6,13,1,16,420,176,3,95173.4,21.83,95195.23,False,True,True,18,3,53.33,100.0,
home-work1.yaml,Job,31,7,7,6,13,1,16,420,176,3,95333.28,21.52,95354.8,False,True,True,18,3,53.33,100.0,
home.yaml,Service,6,2,2,0,2,0,20,13,4,4,27757.35,13.35,27770.7,True,True,True,2,2,88.24,100.0,
home1.yaml,Deployment,31,7,7,5,12,0,27,422,176,1,98865.83,26.91,98892.74,True,True,True,16,1,72.13,100.0,
home1_1.yaml,Service,6,1,1,0,1,0,14,13,2,1,28389.0,9.0,28398.0,True,True,True,1,1,90.91,100.0,
home3.yaml,Deployment,31,8,8,5,13,0,22,422,178,1,98398.83,24.22,98423.05,True,True,True,17,2,65.45,100.0,
home3_1.yaml,Unknown,SCHEMA_ERROR,,,,,,0,0,0,0,291.68,0.0,291.68,,,,0,0,0.0,0.0,"C:\Users\CAOSD\projects\tool-security-rules\resources\dataset_yamls\original_yamls_10k\home3_1.yaml - Service home-service is invalid: problem validating schema. Check JSON formatting: jsonschema validation failed with 'https://raw.githubusercontent.com/yannh/kubernetes-json-schema/master/master-standalone-strict/service-v1.json#' - at '/metadata': additional properties 'selector' not allowed | Summary: 1 resource found in 1 file - Valid: 0, Invalid: 1, Errors: 0, Skipped: 0"
home4.yaml,Deployment,31,8,8,5,13,0,22,422,178,2,98734.44,25.28,98759.72,True,True,True,17,2,66.67,100.0,
home4_1.yaml,Service,6,1,1,0,1,0,13,13,2,2,28056.98,9.71,28066.69,True,True,True,1,1,91.67,100.0,
home7.yaml,Deployment,31,8,8,5,13,0,27,422,178,3,98506.57,35.73,98542.3,True,True,True,17,2,77.65,100.0,
home7_1.yaml,Service,6,2,2,0,2,0,16,13,4,1,28170.74,9.66,28180.4,True,True,True,2,2,83.33,100.0,
homeassistant-backup_1.yaml,PersistentVolume,1,0,0,0,0,0,28,0,0,2,222.68,0.0,222.68,True,True,True,0,0,100.0,
homeassistant-deployment.yaml,Deployment,31,9,9,0,9,0,44,422,203,32,98278.65,44.08,98322.73,True,True,True,42,36,30.36,100.0,
homeassistant-service.yaml,Service,6,2,2,0,2,0,15,13,4,1,27995.49,10.06,28005.55,True,True,True,3,3,75.0,100.0,
homeassistant3_1.yaml,Service,6,1,1,0,1,0,11,13,2,1,28055.09,8.49,28063.58,True,True,True,1,1,90.0,100.0,
homebridge-claim.yaml,PersistentVolumeClaim,2,1,1,0,1,0,14,7,3,1,14012.18,10.06,14022.24,True,True,True,1,1,92.31,100.0,
homebridge-claim0-persistentvolumeclaim.yaml,PersistentVolumeClaim,2,1,1,0,1,0,14,7,3,1,13990.69,9.95,14000.64,True,True,True,1,1,92.31,100.0,
homebridge-deployment.yaml,Deployment,31,9,9,5,14,0,43,422,186,4,98268.61,37.14,98305.75,True,True,True,27,12,57.14,100.0,
homebridge-deployment1.yaml,Deployment,31,9,9,4,13,0,49,422,186,40,98296.11,49.78,98345.89,True,True,True,17,2,84.55,100.0,
homebridge-deployment1_1.yaml,Service,6,1,1,0,1,0,21,13,2,1,28043.71,12.59,28056.3,True,True,True,1,1,93.75,100.0,
homebridge-deployment1_2.yaml,Ingress,3,0,0,0,0,0,32,4,0,2,7651.9,0.0,7651.9,True,True,True,0,0,100.0,
homebridge-pvc.yaml,PersistentVolumeClaim,2,1,1,0,1,0,15,7,3,1,13598.06,10.7,13608.76,True,True,True,1,1,92.86,100.0,
homebridge-service.yaml,Service,6,2,2,0,2,0,19,13,4,2,28026.06,12.75,28038.81,True,True,True,3,3,81.25,100.0,
homebridge_1.yaml,PersistentVolumeClaim,2,1,1,0,1,0,14,7,3,2,13645.14,10.74,13655.88,True,True,True,1,1,92.86,100.0,
homebridge_2.yaml,StatefulSet,31,8,8,1,9,0,46,424,184,4,99142.43,37.94,99180.37,True,True,True,11,2,86.87,100.0,
homebridge_3.yaml,Service,6,1,1,0,1,0,14,13,2,1,28095.86,9.04,28104.9,True,True,True,1,1,90.91,100.0,
homepage-clusterrolebinding.yaml,ClusterRoleBinding,4,0,0,0,0,0,16,12,0,1,7185.03,0.0,7185.03,True,True,True,0,0,100.0,
homepage-deployment.yaml,Deployment,31,9,9,5,14,0,50,422,187,18,98305.94,60.46,98366.4,True,True,True,58,44,32.0,100.0,
homepage-secret.yaml,Secret,4,0,0,0,0,0,12,14,0,1,7542.32,0.0,7542.32,True,True,True,0,0,100.0,
homepage-service.yaml,Service,6,1,1,0,1,0,21,13,2,1,28023.08,12.43,28035.51,True,True,True,4,4,75.0,100.0,
homepage-serviceaccount.yaml,ServiceAccount,3,0,0,0,0,0,10,7,0,1,7471.14,0.0,7471.14,True,True,True,0,0,100.0,
homepage2.yaml,Deployment,31,9,9,5,14,0,43,422,187,18,98426.61,56.02,98482.63,True,True,True,55,41,30.43,100.0,
homepage4.yaml,ServiceAccount,3,0,0,0,0,0,6,7,0,1,7276.07,0.0,7276.07,True,True,True,0,0,100.0,
homepage5.yaml,Service,6,2,2,0,2,0,17,13,4,1,27709.33,10.35,27719.68,True,True,True,5,5,61.54,100.0,
homepage_1.yaml,ClusterRoleBinding,4,0,0,0,0,0,13,12,0,1,7522.49,0.0,7522.49,True,True,True,0,0,100.0,
home_1.yaml,Deployment,31,8,8,2,10,0,27,422,178,16,98570.16,28.57,98598.73,True,True,True,12,0,82.35,100.0,
homolog1_1.yaml,Deployment,31,8,8,5,13,0,20,422,178,1,98471.07,23.4,98494.47,True,True,True,17,2,62.75,100.0,
homolog1_2.yaml,Service,6,1,1,0,1,0,15,13,2,1,28043.39,9.61,28053.0,True,True,True,1,1,91.67,100.0,
homolog1_3.yaml,Ingress,3,1,1,0,1,0,18,4,2,1,13931.16,15.61,13946.77,True,True,True,4,0,90.0,100.0,
homolog1_5.yaml,Deployment,31,8,8,5,13,0,25,422,178,1,98480.14,25.62,98505.76,True,True,True,17,2,67.8,100.0,
homolog1_6.yaml,Service,6,1,1,0,1,0,15,13,2,1,28216.77,9.79,28226.56,True,True,True,1,1,91.67,100.0,
homolog1_7.yaml,Ingress,3,1,1,0,1,0,18,4,2,1,13974.02,15.56,13989.58,True,True,True,4,0,90.0,100.0,
homolog_1.yaml,Deployment,31,8,8,5,13,0,20,422,178,1,98631.25,23.72,98654.97,True,True,True,17,2,62.75,100.0,
homolog_2.yaml,Service,6,1,1,0,1,0,15,13,2,1,28167.45,9.72,28177.17,True,True,True,1,1,91.67,100.0,
homolog_3.yaml,Ingress,3,1,1,0,1,0,18,4,2,1,13911.68,15.77,13927.45,True,True,True,4,0,90.0,100.0,
homolog_5.yaml,Deployment,31,8,8,5,13,0,25,422,178,1,98703.96,25.7,98729.66,True,True,True,17,2,67.8,100.0,
homolog_6.yaml,Service,6,1,1,0,1,0,15,13,2,1,28341.3,9.67,28350.97,True,True,True,1,1,91.67,100.0,
homolog_7.yaml,Ingress,3,1,1,0,1,0,18,4,2,1,13596.14,15.42,13611.56,True,True,True,4,0,90.0,100.0,
hook-ingress.yaml,Ingress,3,1,1,0,1,0,23,4,2,2,13954.73,18.86,13973.59,True,True,True,4,0,92.0,100.0,
hook-svc.yaml,Service,6,1,1,0,1,0,24,13,2,2,28335.75,14.92,28350.67,True,True,True,1,1,95.0,100.0,
hook.yaml,Pod,61,13,13,6,19,0,17,481,187,1,180446.16,22.27,180468.43,True,True,True,27,6,32.65,100.0,
hook1.yaml,Job,31,7,7,5,12,1,19,420,176,1,95142.3,20.85,95163.15,False,True,True,21,6,42.55,100.0,
hook2.yaml,Pod,61,13,13,6,19,0,17,481,187,1,180328.8,22.25,180351.05,True,True,True,27,6,32.65,100.0,
hook4.yaml,Pod,61,13,13,6,19,0,17,481,187,1,179919.39,22.54,179941.93,True,True,True,27,6,32.65,100.0,
hook5.yaml,Job,31,7,7,5,12,1,19,420,176,1,95402.03,21.23,95423.26,False,True,True,21,6,42.55,100.0,
hook6.yaml,Pod,61,13,13,6,19,0,17,481,187,1,180191.39,22.32,180213.71,True,True,True,27,6,32.65,100.0,
hooks-pod.yaml,Pod,61,13,13,7,20,0,17,481,187,9,180642.81,24.43,180667.24,True,True,True,24,2,50.0,100.0,
hooks-pod1.yaml,Pod,61,13,13,7,20,0,17,481,187,9,180078.04,24.27,180102.31,True,True,True,24,2,50.0,100.0,
horizontal-auto-scaler.yaml,Deployment,31,8,8,4,12,0,24,422,178,1,98525.42,25.42,98550.84,True,True,True,16,0,72.41,100.0,
horizontal-auto-scaler_1.yaml,Service,6,2,2,0,2,0,15,13,4,1,28055.18,9.89,28065.07,True,True,True,2,2,83.33,100.0,
horizontal-pod-autoscaler.yaml,Deployment,31,8,8,4,12,0,24,422,178,1,98863.48,26.06,98889.54,True,True,True,16,0,72.41,100.0,
horizontal-pod-autoscaler13.yaml,Deployment,31,8,8,4,12,0,24,422,178,1,98664.48,26.0,98690.48,True,True,True,16,0,72.41,100.0,
horizontal-pod-autoscaler13_1.yaml,Service,6,2,2,0,2,0,15,13,4,1,27839.09,9.92,27849.01,True,True,True,2,2,83.33,100.0,
horizontal-pod-autoscaler18.yaml,Deployment,31,8,8,4,12,0,24,422,178,1,98693.9,25.62,98719.52,True,True,True,16,0,72.41,100.0,
horizontal-pod-autoscaler18_1.yaml,Service,6,2,2,0,2,0,15,13,4,1,27804.37,9.64,27814.01,True,True,True,2,2,83.33,100.0,
horizontal-pod-autoscaler2.yaml,Deployment,31,8,8,4,12,0,24,422,178,1,99087.04,25.76,99112.8,True,True,True,16,0,72.41,100.0,
horizontal-pod-autoscaler2_1.yaml,Service,6,2,2,0,2,0,15,13,4,1,27840.3,9.71,27850.01,True,True,True,2,2,83.33,100.0,
horizontal-pod-autoscaler4.yaml,Deployment,31,8,8,4,12,0,24,422,178,1,98747.75,25.87,98773.62,True,True,True,16,0,72.41,100.0,
horizontal-pod-autoscaler4_1.yaml,Service,6,2,2,0,2,0,15,13,4,1,27905.18,9.71,27914.89,True,True,True,2,2,83.33,100.0,
horizontal-pod-autoscaler6.yaml,Deployment,31,8,8,4,12,0,24,422,178,1,98754.27,26.2,98780.47,True,True,True,16,0,72.41,100.0,
horizontal-pod-autoscaler6_1.yaml,Service,6,2,2,0,2,0,15,13,4,1,28052.2,9.68,28061.88,True,True,True,2,2,83.33,100.0,
horizontal-pod-autoscaler_1.yaml,Service,6,2,2,0,2,0,15,13,4,1,27770.1,9.78,27779.88,True,True,True,2,2,83.33,100.0,
Host Path Volume.yaml,Pod,61,15,15,6,21,0,15,481,197,1,179415.41,22.13,179437.54,True,True,True,34,16,10.71,100.0,
host-aliases.yaml,Pod,61,14,14,7,21,0,16,481,196,4,180196.74,21.33,180218.07,True,True,True,28,16,24.14,100.0,
Host-base-ingress-resource.yaml,Ingress,3,1,1,0,1,0,20,4,2,2,13635.84,23.46,13659.3,True,True,True,4,0,93.55,100.0,
host-based-ingress.yaml,Ingress,3,1,1,0,1,0,19,4,2,2,13926.21,22.92,13949.13,True,True,True,24,20,31.25,100.0,
host-based-ingress1.yaml,Ingress,3,1,1,0,1,0,20,4,2,4,13990.17,24.56,14014.73,True,True,True,5,1,90.62,100.0,
host-based-ingress2.yaml,Ingress,3,1,1,0,1,0,20,4,2,4,13656.71,24.46,13681.17,True,True,True,5,1,90.62,100.0,
host-based-ingress3.yaml,Ingress,3,1,1,0,1,0,20,4,2,4,13943.84,24.03,13967.87,True,True,True,5,1,90.62,100.0,
host-based-ingress4.yaml,Ingress,3,1,1,0,1,0,20,4,2,4,13931.88,24.13,13956.01,True,True,True,5,1,90.62,100.0,
host-ingress2.yaml,Ingress,3,2,2,0,2,0,21,4,4,1,13615.78,14.69,13630.47,True,True,True,4,5,78.05,100.0,
HostAliases-Pod.yaml,Pod,61,14,14,7,21,0,18,481,196,4,179451.18,21.83,179473.01,True,True,True,23,10,42.11,100.0,
hostbased-ingress.yaml,Ingress,3,2,2,0,2,0,22,4,4,2,13671.52,23.03,13694.55,True,True,True,4,5,85.71,100.0,
hostdeploy.yaml,Deployment,31,8,8,5,13,0,32,422,178,2,98513.3,31.64,98544.94,True,True,True,17,2,75.32,100.0,
hostdeploy_1.yaml,Service,6,2,2,0,2,0,16,13,4,1,27829.92,9.81,27839.73,True,True,True,2,2,83.33,100.0,
hostdir.yaml,Pod,61,15,15,7,22,0,17,481,197,2,179446.51,22.38,179468.89,True,True,True,29,13,25.0,0.0,
hostipc-exec-deployment.yaml,Deployment,31,8,8,5,13,0,27,422,184,24,98671.72,27.54,98699.26,True,True,True,19,5,65.71,100.0,
hostipc-exec-deployment1.yaml,Deployment,31,8,8,5,13,0,27,422,184,24,98722.02,28.27,98750.29,True,True,True,19,5,65.71,100.0,
hostipc-exec-pod.yaml,Pod,61,14,14,7,21,0,16,481,191,3,180283.57,24.2,180307.77,True,True,True,28,4,38.46,100.0,
hostipc-exec-pod1.yaml,Pod,61,14,14,7,21,0,16,481,191,3,180132.31,23.97,180156.28,True,True,True,28,4,38.46,100.0,
hostname-app-svc.yaml,Deployment,31,8,8,4,12,0,20,422,186,1,98692.53,23.23,98715.76,True,True,True,16,1,66.67,100.0,
hostname-app-svc_1.yaml,Service,6,1,1,0,1,0,15,13,2,1,28069.44,9.61,28079.05,True,True,True,1,1,91.67,100.0,
hostname-deploy-svc-ns.yaml,Service,6,1,1,0,1,0,16,13,2,1,27987.92,10.48,27998.4,True,True,True,1,1,92.31,100.0,
hostname-deploy-svc-ns1.yaml,Deployment,31,7,7,4,11,0,23,422,176,1,98665.64,25.13,98690.77,True,True,True,15,0,73.68,100.0,
hostname-deploy-svc-ns1_1.yaml,Service,6,1,1,0,1,0,16,13,2,1,28468.73,10.36,28479.09,True,True,True,1,1,92.31,100.0,
hostname-deploy-svc-ns_1.yaml,Deployment,31,7,7,4,11,0,23,422,176,1,98667.42,25.05,98692.47,True,True,True,15,0,73.68,100.0,
hostname-deployment.yaml,Deployment,31,7,7,4,11,0,24,422,176,1,98848.08,25.01,98873.09,True,True,True,16,1,71.19,100.0,
hostname-deployment1.yaml,Deployment,31,7,7,4,11,0,24,422,176,1,99011.8,25.4,99037.2,True,True,True,20,5,57.63,100.0,
hostname-ing.yaml,Ingress,3,1,1,0,1,0,19,4,2,2,13868.53,20.93,13889.46,True,True,True,21,17,29.63,100.0,
hostname-ing1.yaml,Ingress,3,1,1,0,1,0,19,4,2,2,13667.09,21.88,13688.97,True,True,True,21,17,29.63,100.0,
hostname-service-nodeport.yaml,Service,6,2,2,0,2,0,15,13,4,1,28046.65,9.77,28056.42,True,True,True,4,4,66.67,100.0,
hostName.yaml,Service,6,1,1,0,1,0,15,13,2,1,28167.97,10.31,28178.28,True,True,True,1,1,92.31,100.0,
hostname1.yaml,Pod,61,14,14,7,21,0,25,481,196,4,180052.3,27.3,180079.6,True,True,True,23,6,55.38,100.0,
hostnamespaces0.yaml,Pod,61,14,14,7,21,0,12,481,191,1,179600.31,27.74,179628.05,True,True,True,35,3,32.14,100.0,
hostnamespaces01.yaml,Pod,61,14,14,7,21,0,12,481,191,1,180178.48,27.71,180206.19,True,True,True,35,3,32.14,100.0,
hostnamespaces010.yaml,Pod,61,14,14,7,21,0,12,481,191,1,179765.84,27.98,179793.82,True,True,True,35,3,32.14,100.0,
hostnamespaces0100.yaml,Pod,61,14,14,7,21,0,21,481,191,1,180340.15,32.29,180372.44,True,True,True,32,3,49.28,100.0,
hostnamespaces0101.yaml,Pod,61,12,12,7,19,0,27,481,140,1,180222.88,32.32,180255.2,True,True,True,26,3,61.33,100.0,
hostnamespaces0102.yaml,Pod,61,12,12,7,19,0,27,481,140,1,180661.01,33.03,180694.04,True,True,True,26,3,61.33,100.0,
hostnamespaces0103.yaml,Pod,61,12,12,7,19,0,27,481,140,1,180394.28,32.41,180426.69,True,True,True,26,3,61.33,100.0,
hostnamespaces0104.yaml,Pod,61,12,12,7,19,0,27,481,140,1,180547.82,32.64,180580.46,True,True,True,26,3,61.33,100.0,
hostnamespaces0105.yaml,Pod,61,14,14,7,21,0,14,481,191,1,179774.69,28.66,179803.35,True,True,True,34,3,37.29,100.0,
hostnamespaces0106.yaml,Pod,61,14,14,7,21,0,14,481,191,1,180092.86,29.84,180122.7,True,True,True,34,3,37.29,100.0,
hostnamespaces0107.yaml,Pod,61,14,14,7,21,0,14,481,191,1,179732.38,29.3,179761.68,True,True,True,34,3,37.29,100.0,
hostnamespaces0108.yaml,Pod,61,14,14,7,21,0,14,481,191,1,179681.52,28.62,179710.14,True,True,True,34,3,37.29,100.0,
hostnamespaces0109.yaml,Pod,61,14,14,7,21,0,14,481,191,1,179808.2,29.0,179837.2,True,True,True,34,3,37.29,100.0,
hostnamespaces011.yaml,Pod,61,14,14,7,21,0,12,481,191,1,180297.3,27.69,180324.99,True,True,True,35,3,32.14,100.0,
hostnamespaces0110.yaml,Pod,61,14,14,7,21,0,18,481,191,1,179902.93,30.35,179933.28,True,True,True,32,3,46.15,100.0,
hostnamespaces0111.yaml,Pod,61,14,14,7,21,0,18,481,191,1,179964.19,29.92,179994.11,True,True,True,32,3,46.15,100.0,
hostnamespaces0112.yaml,Pod,61,14,14,7,21,0,12,481,191,1,179761.5,27.65,179789.15,True,True,True,35,3,32.14,100.0,
hostnamespaces0113.yaml,Pod,61,14,14,7,21,0,12,481,191,1,179680.31,27.71,179708.02,True,True,True,35,3,32.14,100.0,
hostnamespaces0114.yaml,Pod,61,14,14,7,21,0,12,481,191,1,179696.05,27.4,179723.45,True,True,True,35,3,32.14,100.0,
hostnamespaces0115.yaml,Pod,61,14,14,7,21,0,12,481,191,1,179899.4,27.55,179926.95,True,True,True,35,3,32.14,100.0,
hostnamespaces0116.yaml,Pod,61,14,14,7,21,0,12,481,191,1,179955.81,27.61,179983.42,True,True,True,35,3,32.14,100.0,
hostnamespaces0117.yaml,Pod,61,14,14,7,21,0,12,481,191,1,179851.27,27.7,179878.97,True,True,True,35,3,32.14,100.0,
hostnamespaces0118.yaml,Pod,61,14,14,7,21,0,12,481,191,1,179863.69,27.49,179891.18,True,True,True,35,3,32.14,100.0,
hostnamespaces0119.yaml,Pod,61,14,14,7,21,0,12,481,191,1,180120.33,28.56,180148.89,True,True,True,35,3,32.14,100.0,
hostnamespaces012.yaml,Pod,61,14,14,7,21,0,12,481,191,1,179705.57,28.11,179733.68,True,True,True,35,3,32.14,100.0,
hostnamespaces0120.yaml,Pod,61,14,14,7,21,0,12,481,191,1,180040.15,28.02,180068.17,True,True,True,35,3,32.14,100.0,
hostnamespaces0121.yaml,Pod,61,14,14,7,21,0,12,481,191,1,179832.39,27.55,179859.94,True,True,True,35,3,32.14,100.0,
hostnamespaces0122.yaml,Pod,61,14,14,7,21,0,12,481,191,1,180179.98,27.71,180207.69,True,True,True,35,3,32.14,100.0,
hostnamespaces0123.yaml,Pod,61,14,14,7,21,0,12,481,191,1,180055.07,28.01,180083.08,True,True,True,35,3,32.14,100.0,
hostnamespaces0124.yaml,Pod,61,14,14,7,21,0,12,481,191,1,179594.95,28.19,179623.14,True,True,True,35,3,32.14,100.0,
hostnamespaces0125.yaml,Pod,61,14,14,7,21,0,12,481,191,1,179606.11,27.71,179633.82,True,True,True,35,3,32.14,100.0,
hostnamespaces0126.yaml,Pod,61,14,14,7,21,0,12,481,191,1,179782.09,27.95,179810.04,True,True,True,35,3,32.14,100.0,
hostnamespaces0127.yaml,Pod,61,14,14,7,21,0,12,481,191,1,179981.32,28.55,180009.87,True,True,True,35,3,32.14,100.0,
hostnamespaces0128.yaml,Pod,61,14,14,7,21,0,12,481,191,1,181959.23,28.43,181987.66,True,True,True,35,3,32.14,100.0,
hostnamespaces0129.yaml,Pod,61,14,14,7,21,0,12,481,191,1,183884.96,28.13,183913.09,True,True,True,35,3,32.14,100.0,
hostnamespaces013.yaml,Pod,61,14,14,7,21,0,12,481,191,1,179756.65,27.88,179784.53,True,True,True,35,3,32.14,100.0,
hostnamespaces0130.yaml,Pod,61,14,14,7,21,0,12,481,191,1,179737.95,27.79,179765.74,True,True,True,35,3,32.14,100.0,
hostnamespaces0131.yaml,Pod,61,14,14,7,21,0,12,481,191,1,179893.99,27.76,179921.75,True,True,True,35,3,32.14,100.0,
hostnamespaces0132.yaml,Pod,61,14,14,7,21,0,12,481,191,1,179673.46,28.58,179702.04,True,True,True,35,3,32.14,100.0,
hostnamespaces0133.yaml,Pod,61,14,14,7,21,0,12,481,191,1,179699.09,28.0,179727.09,True,True,True,35,3,32.14,100.0,
hostnamespaces0134.yaml,Pod,61,14,14,7,21,0,12,481,191,1,179658.03,27.5,179685.53,True,True,True,35,3,32.14,100.0,
hostnamespaces0135.yaml,Pod,61,14,14,7,21,0,12,481,191,1,179676.17,28.06,179704.23,True,True,True,35,3,32.14,100.0,
hostnamespaces0136.yaml,Pod,61,14,14,7,21,0,12,481,191,1,179820.8,27.6,179848.4,True,True,True,35,3,32.14,100.0,
hostnamespaces0137.yaml,Pod,61,14,14,7,21,0,12,481,191,1,179599.33,27.61,179626.94,True,True,True,35,3,32.14,100.0,
hostnamespaces0138.yaml,Pod,61,14,14,7,21,0,12,481,191,1,179933.59,27.64,179961.23,True,True,True,35,3,32.14,100.0,
hostnamespaces0139.yaml,Pod,61,14,14,7,21,0,12,481,191,1,179692.99,27.82,179720.81,True,True,True,35,3,32.14,100.0,
hostnamespaces014.yaml,Pod,61,14,14,7,21,0,12,481,191,1,179926.12,27.56,179953.68,True,True,True,35,3,32.14,100.0,
hostnamespaces0140.yaml,Pod,61,14,14,7,21,0,12,481,191,1,179921.26,27.56,179948.82,True,True,True,35,3,32.14,100.0,
hostnamespaces0141.yaml,Pod,61,14,14,7,21,0,12,481,191,1,179906.27,27.75,179934.02,True,True,True,35,3,32.14,100.0,
hostnamespaces0142.yaml,Pod,61,14,14,7,21,0,14,481,191,1,180050.54,29.04,180079.58,True,True,True,34,3,37.29,100.0,
hostnamespaces0143.yaml,Pod,61,14,14,7,21,0,14,481,191,1,179882.81,28.93,179911.74,True,True,True,34,3,37.29,100.0,
hostnamespaces0144.yaml,Pod,61,14,14,7,21,0,18,481,191,1,179950.35,30.43,179980.78,True,True,True,32,3,46.15,100.0,
hostnamespaces0145.yaml,Pod,61,14,14,7,21,0,18,481,191,1,180099.91,30.76,180130.67,True,True,True,32,3,46.15,100.0,
hostnamespaces0146.yaml,Pod,61,14,14,7,21,0,18,481,191,1,179887.31,30.28,179917.59,True,True,True,32,3,46.15,100.0,
hostnamespaces0147.yaml,Pod,61,14,14,7,21,0,18,481,191,1,179832.57,30.77,179863.34,True,True,True,32,3,46.15,100.0,
hostnamespaces0148.yaml,Pod,61,14,14,7,21,0,18,481,191,1,179685.39,30.71,179716.1,True,True,True,32,3,46.15,100.0,
hostnamespaces0149.yaml,Pod,61,14,14,7,21,0,18,481,191,1,179635.47,30.58,179666.05,True,True,True,32,3,46.15,100.0,
hostnamespaces015.yaml,Pod,61,14,14,7,21,0,12,481,191,1,179935.27,27.65,179962.92,True,True,True,35,3,32.14,100.0,
hostnamespaces0150.yaml,Pod,61,14,14,7,21,0,18,481,191,1,179612.48,29.91,179642.39,True,True,True,32,3,46.15,100.0,
hostnamespaces0151.yaml,Pod,61,14,14,7,21,0,18,481,191,1,180098.93,30.13,180129.06,True,True,True,32,3,46.15,100.0,
hostnamespaces0152.yaml,Pod,61,14,14,7,21,0,18,481,191,1,179652.09,30.03,179682.12,True,True,True,32,3,46.15,100.0,
hostnamespaces0153.yaml,Pod,61,14,14,7,21,0,21,481,191,1,179791.08,31.46,179822.54,True,True,True,32,3,49.28,100.0,
hostnamespaces0154.yaml,Pod,61,14,14,7,21,0,14,481,191,1,179894.71,28.33,179923.04,True,True,True,34,3,37.29,100.0,
hostnamespaces0155.yaml,Pod,61,14,14,7,21,0,21,481,191,1,179743.35,31.84,179775.19,True,True,True,32,3,49.28,100.0,
hostnamespaces0156.yaml,Pod,61,14,14,7,21,0,21,481,191,1,179606.69,31.74,179638.43,True,True,True,32,3,49.28,100.0,
hostnamespaces0157.yaml,Pod,61,12,12,7,19,0,27,481,140,1,180152.18,32.55,180184.73,True,True,True,26,3,61.33,100.0,
hostnamespaces0158.yaml,Pod,61,12,12,7,19,0,27,481,140,1,180775.99,32.01,180808.0,True,True,True,26,3,61.33,100.0,
hostnamespaces0159.yaml,Pod,61,12,12,7,19,0,27,481,140,1,180180.16,32.6,180212.76,True,True,True,26,3,61.33,100.0,
hostnamespaces016.yaml,Pod,61,14,14,7,21,0,12,481,191,1,180096.67,28.53,180125.2,True,True,True,35,3,32.14,100.0,
hostnamespaces0160.yaml,Pod,61,12,12,7,19,0,27,481,140,1,180313.66,32.0,180345.66,True,True,True,26,3,61.33,100.0,
hostnamespaces0161.yaml,Pod,61,12,12,7,19,0,27,481,140,1,180165.6,31.68,180197.28,True,True,True,26,3,61.33,100.0,
hostnamespaces0162.yaml,Pod,61,12,12,7,19,0,27,481,140,1,180252.94,32.41,180285.35,True,True,True,26,3,61.33,100.0,
hostnamespaces0163.yaml,Pod,61,12,12,7,19,0,27,481,140,1,180846.72,32.56,180879.28,True,True,True,26,3,61.33,100.0,
hostnamespaces0164.yaml,Pod,61,12,12,7,19,0,27,481,140,1,180960.43,32.79,180993.22,True,True,True,26,3,61.33,100.0,
hostnamespaces0165.yaml,Pod,61,14,14,7,21,0,14,481,191,1,180259.17,28.8,180287.97,True,True,True,34,3,37.29,100.0,
hostnamespaces0166.yaml,Pod,61,14,14,7,21,0,14,481,191,1,183037.84,29.28,183067.12,True,True,True,34,3,37.29,100.0,
hostnamespaces0167.yaml,Pod,61,14,14,7,21,0,14,481,191,1,179904.29,28.85,179933.14,True,True,True,34,3,37.29,100.0,
hostnamespaces0168.yaml,Pod,61,14,14,7,21,0,14,481,191,1,179894.41,28.47,179922.88,True,True,True,34,3,37.29,100.0,
hostnamespaces0169.yaml,Pod,61,14,14,7,21,0,14,481,191,1,179709.21,28.96,179738.17,True,True,True,34,3,37.29,100.0,
hostnamespaces017.yaml,Pod,61,14,14,7,21,0,12,481,191,1,180163.88,31.29,180195.17,True,True,True,35,3,32.14,100.0,
hostnamespaces0170.yaml,Pod,61,14,14,7,21,0,18,481,191,1,179741.23,31.02,179772.25,True,True,True,32,3,46.15,100.0,
hostnamespaces0171.yaml,Pod,61,14,14,7,21,0,18,481,191,1,180111.63,30.99,180142.62,True,True,True,32,3,46.15,100.0,
hostnamespaces0172.yaml,Pod,61,14,14,7,21,0,12,481,191,1,179880.16,28.14,179908.3,True,True,True,35,3,32.14,100.0,
hostnamespaces0173.yaml,Pod,61,14,14,7,21,0,12,481,191,1,179786.52,27.79,179814.31,True,True,True,35,3,32.14,100.0,
hostnamespaces0174.yaml,Pod,61,14,14,7,21,0,12,481,191,1,179804.0,27.74,179831.74,True,True,True,35,3,32.14,100.0,
hostnamespaces0175.yaml,Pod,61,14,14,7,21,0,12,481,191,1,179959.03,27.69,179986.72,True,True,True,35,3,32.14,100.0,
hostnamespaces0176.yaml,Pod,61,14,14,7,21,0,12,481,191,1,179769.35,28.23,179797.58,True,True,True,35,3,32.14,100.0,
hostnamespaces0177.yaml,Pod,61,14,14,7,21,0,12,481,191,1,179720.11,27.62,179747.73,True,True,True,35,3,32.14,100.0,
hostnamespaces0178.yaml,Pod,61,14,14,7,21,0,12,481,191,1,179577.86,27.51,179605.37,True,True,True,35,3,32.14,100.0,
hostnamespaces0179.yaml,Pod,61,14,14,7,21,0,12,481,191,1,179517.25,27.42,179544.67,True,True,True,35,3,32.14,100.0,
hostnamespaces018.yaml,Pod,61,14,14,7,21,0,12,481,191,1,179561.25,27.39,179588.64,True,True,True,35,3,32.14,100.0,
hostnamespaces0180.yaml,Pod,61,14,14,7,21,0,12,481,191,1,180451.96,27.46,180479.42,True,True,True,35,3,32.14,100.0,
hostnamespaces0181.yaml,Pod,61,14,14,7,21,0,12,481,191,1,180104.31,27.7,180132.01,True,True,True,35,3,32.14,100.0,
hostnamespaces0182.yaml,Pod,61,14,14,7,21,0,12,481,191,1,180101.4,27.49,180128.89,True,True,True,35,3,32.14,100.0,
hostnamespaces0183.yaml,Pod,61,14,14,7,21,0,12,481,191,1,179845.28,28.07,179873.35,True,True,True,35,3,32.14,100.0,
hostnamespaces0184.yaml,Pod,61,14,14,7,21,0,12,481,191,1,179683.39,27.93,179711.32,True,True,True,35,3,32.14,100.0,
hostnamespaces0185.yaml,Pod,61,14,14,7,21,0,12,481,191,1,179935.73,28.41,179964.14,True,True,True,35,3,32.14,100.0,
hostnamespaces0186.yaml,Pod,61,14,14,7,21,0,12,481,191,1,179789.55,27.63,179817.18,True,True,True,35,3,32.14,100.0,
hostnamespaces0187.yaml,Pod,61,14,14,7,21,0,12,481,191,1,180135.78,27.68,180163.46,True,True,True,35,3,32.14,100.0,
hostnamespaces0188.yaml,Pod,61,14,14,7,21,0,12,481,191,1,179936.99,27.89,179964.88,True,True,True,35,3,32.14,100.0,
hostnamespaces0189.yaml,Pod,61,14,14,7,21,0,12,481,191,1,179715.55,27.65,179743.2,True,True,True,35,3,32.14,100.0,
hostnamespaces019.yaml,Pod,61,14,14,7,21,0,12,481,191,1,179618.47,29.02,179647.49,True,True,True,35,3,32.14,100.0,
hostnamespaces0190.yaml,Pod,61,14,14,7,21,0,12,481,191,1,180144.81,28.26,180173.07,True,True,True,35,3,32.14,100.0,
hostnamespaces0191.yaml,Pod,61,14,14,7,21,0,12,481,191,1,179747.82,27.78,179775.6,True,True,True,35,3,32.14,100.0,
hostnamespaces0192.yaml,Pod,61,14,14,7,21,0,12,481,191,1,180200.89,28.12,180229.01,True,True,True,35,3,32.14,100.0,
hostnamespaces0193.yaml,Pod,61,14,14,7,21,0,12,481,191,1,180372.66,27.87,180400.53,True,True,True,35,3,32.14,100.0,
hostnamespaces0194.yaml,Pod,61,14,14,7,21,0,12,481,191,1,179823.89,27.51,179851.4,True,True,True,35,3,32.14,100.0,
hostnamespaces0195.yaml,Pod,61,14,14,7,21,0,12,481,191,1,179546.59,27.67,179574.26,True,True,True,35,3,32.14,100.0,
hostnamespaces0196.yaml,Pod,61,14,14,7,21,0,12,481,191,1,179973.64,27.86,180001.5,True,True,True,35,3,32.14,100.0,
hostnamespaces0197.yaml,Pod,61,14,14,7,21,0,12,481,191,1,179416.73,27.46,179444.19,True,True,True,35,3,32.14,100.0,
hostnamespaces0198.yaml,Pod,61,14,14,7,21,0,14,481,191,1,179438.37,28.56,179466.93,True,True,True,34,3,37.29,100.0,
hostnamespaces0199.yaml,Pod,61,14,14,7,21,0,14,481,191,1,180213.94,28.87,180242.81,True,True,True,34,3,37.29,100.0,
hostnamespaces02.yaml,Pod,61,14,14,7,21,0,12,481,191,1,180073.82,27.24,180101.06,True,True,True,35,3,32.14,100.0,
hostnamespaces020.yaml,Pod,61,14,14,7,21,0,12,481,191,1,179899.09,27.65,179926.74,True,True,True,35,3,32.14,100.0,
hostnamespaces0200.yaml,Pod,61,14,14,7,21,0,18,481,191,1,179789.72,30.6,179820.32,True,True,True,32,3,46.15,100.0,
hostnamespaces0201.yaml,Pod,61,14,14,7,21,0,18,481,191,1,181171.37,30.49,181201.86,True,True,True,32,3,46.15,100.0,
hostnamespaces0202.yaml,Pod,61,14,14,7,21,0,18,481,191,1,179845.57,30.35,179875.92,True,True,True,32,3,46.15,100.0,
hostnamespaces0203.yaml,Pod,61,14,14,7,21,0,18,481,191,1,180235.76,30.81,180266.57,True,True,True,32,3,46.15,100.0,
hostnamespaces0204.yaml,Pod,61,14,14,7,21,0,18,481,191,1,180014.73,30.26,180044.99,True,True,True,32,3,46.15,100.0,
hostnamespaces0205.yaml,Pod,61,14,14,7,21,0,18,481,191,1,179395.02,30.68,179425.7,True,True,True,32,3,46.15,100.0,
hostnamespaces0206.yaml,Pod,61,14,14,7,21,0,18,481,191,1,179366.3,29.93,179396.23,True,True,True,32,3,46.15,100.0,
hostnamespaces0207.yaml,Pod,61,14,14,7,21,0,18,481,191,1,181936.9,30.43,181967.33,True,True,True,32,3,46.15,100.0,
hostnamespaces0208.yaml,Pod,61,14,14,7,21,0,18,481,191,1,180335.51,30.21,180365.72,True,True,True,32,3,46.15,100.0,
hostnamespaces0209.yaml,Pod,61,14,14,7,21,0,21,481,191,1,179793.7,31.88,179825.58,True,True,True,32,3,49.28,100.0,
hostnamespaces021.yaml,Pod,61,14,14,7,21,0,12,481,191,1,180395.76,27.85,180423.61,True,True,True,35,3,32.14,100.0,
hostnamespaces0210.yaml,Pod,61,14,14,7,21,0,14,481,191,1,199105.28,30.98,199136.26,True,True,True,34,3,37.29,100.0,
hostnamespaces0211.yaml,Pod,61,14,14,7,21,0,21,481,191,1,186075.41,32.55,186107.96,True,True,True,32,3,49.28,100.0,
hostnamespaces0212.yaml,Pod,61,14,14,7,21,0,21,481,191,1,185544.51,31.47,185575.98,True,True,True,32,3,49.28,100.0,
hostnamespaces0213.yaml,Pod,61,12,12,7,19,0,27,481,140,1,194650.6,33.62,194684.22,True,True,True,26,3,61.33,100.0,
hostnamespaces0214.yaml,Pod,61,12,12,7,19,0,27,481,140,1,199279.61,32.43,199312.04,True,True,True,26,3,61.33,100.0,
hostnamespaces0215.yaml,Pod,61,12,12,7,19,0,27,481,140,1,195571.31,34.6,195605.91,True,True,True,26,3,61.33,100.0,
hostnamespaces0216.yaml,Pod,61,12,12,7,19,0,27,481,140,1,200103.88,34.27,200138.15,True,True,True,26,3,61.33,100.0,
hostnamespaces0217.yaml,Pod,61,14,14,7,21,0,14,481,191,1,196122.4,28.72,196151.12,True,True,True,34,3,37.29,100.0,
hostnamespaces0218.yaml,Pod,61,14,14,7,21,0,14,481,191,1,190385.32,28.82,190414.14,True,True,True,34,3,37.29,100.0,
hostnamespaces0219.yaml,Pod,61,14,14,7,21,0,14,481,191,1,192045.66,28.72,192074.38,True,True,True,34,3,37.29,100.0,
hostnamespaces022.yaml,Pod,61,14,14,7,21,0,12,481,191,1,195285.16,28.19,195313.35,True,True,True,35,3,32.14,100.0,
hostnamespaces0220.yaml,Pod,61,14,14,7,21,0,14,481,191,1,195745.03,28.51,195773.54,True,True,True,34,3,37.29,100.0,
hostnamespaces0221.yaml,Pod,61,14,14,7,21,0,14,481,191,1,192449.41,40.62,192490.03,True,True,True,34,3,37.29,100.0,
hostnamespaces0222.yaml,Pod,61,14,14,7,21,0,18,481,191,1,192475.62,30.8,192506.42,True,True,True,32,3,46.15,100.0,
hostnamespaces0223.yaml,Pod,61,14,14,7,21,0,18,481,191,1,192896.8,30.41,192927.21,True,True,True,32,3,46.15,100.0,
hostnamespaces0224.yaml,Pod,61,14,14,7,21,0,12,481,191,1,189035.84,27.79,189063.63,True,True,True,35,3,32.14,100.0,
hostnamespaces0225.yaml,Pod,61,14,14,7,21,0,12,481,191,1,189538.87,27.62,189566.49,True,True,True,35,3,32.14,100.0,
hostnamespaces0226.yaml,Pod,61,14,14,7,21,0,12,481,191,1,191211.73,27.96,191239.69,True,True,True,35,3,32.14,100.0,
hostnamespaces0227.yaml,Pod,61,14,14,7,21,0,12,481,191,1,190487.22,28.11,190515.33,True,True,True,35,3,32.14,100.0,
hostnamespaces0228.yaml,Pod,61,14,14,7,21,0,12,481,191,1,196774.48,28.24,196802.72,True,True,True,35,3,32.14,100.0,
hostnamespaces0229.yaml,Pod,61,14,14,7,21,0,12,481,191,1,203435.9,27.87,203463.77,True,True,True,35,3,32.14,100.0,
hostnamespaces023.yaml,Pod,61,14,14,7,21,0,12,481,191,1,189752.1,28.21,189780.31,True,True,True,35,3,32.14,100.0,
hostnamespaces0230.yaml,Pod,61,14,14,7,21,0,12,481,191,1,188992.74,27.65,189020.39,True,True,True,35,3,32.14,100.0,
hostnamespaces0231.yaml,Pod,61,14,14,7,21,0,12,481,191,1,189426.45,27.89,189454.34,True,True,True,35,3,32.14,100.0,
hostnamespaces0232.yaml,Pod,61,14,14,7,21,0,12,481,191,1,188780.6,27.72,188808.32,True,True,True,35,3,32.14,100.0,
hostnamespaces0233.yaml,Pod,61,14,14,7,21,0,12,481,191,1,188930.95,27.88,188958.83,True,True,True,35,3,32.14,100.0,
hostnamespaces0234.yaml,Pod,61,14,14,7,21,0,12,481,191,1,189155.63,27.85,189183.48,True,True,True,35,3,32.14,100.0,
hostnamespaces0235.yaml,Pod,61,14,14,7,21,0,12,481,191,1,188774.37,27.99,188802.36,True,True,True,35,3,32.14,100.0,
hostnamespaces0236.yaml,Pod,61,14,14,7,21,0,12,481,191,1,188919.87,28.2,188948.07,True,True,True,35,3,32.14,100.0,
hostnamespaces0237.yaml,Pod,61,14,14,7,21,0,12,481,191,1,188824.67,27.84,188852.51,True,True,True,35,3,32.14,100.0,
hostnamespaces0238.yaml,Pod,61,14,14,7,21,0,12,481,191,1,189445.36,28.53,189473.89,True,True,True,35,3,32.14,100.0,
hostnamespaces0239.yaml,Pod,61,14,14,7,21,0,12,481,191,1,189091.47,27.99,189119.46,True,True,True,35,3,32.14,100.0,
hostnamespaces024.yaml,Pod,61,14,14,7,21,0,12,481,191,1,189424.24,27.86,189452.1,True,True,True,35,3,32.14,100.0,
hostnamespaces0240.yaml,Pod,61,14,14,7,21,0,12,481,191,1,189137.0,27.65,189164.65,True,True,True,35,3,32.14,100.0,
hostnamespaces0241.yaml,Pod,61,14,14,7,21,0,12,481,191,1,189190.4,27.75,189218.15,True,True,True,35,3,32.14,100.0,
hostnamespaces0242.yaml,Pod,61,14,14,7,21,0,12,481,191,1,190426.96,27.89,190454.85,True,True,True,35,3,32.14,100.0,
hostnamespaces0243.yaml,Pod,61,14,14,7,21,0,12,481,191,1,188943.61,28.08,188971.69,True,True,True,35,3,32.14,100.0,
hostnamespaces0244.yaml,Pod,61,14,14,7,21,0,12,481,191,1,189485.75,27.89,189513.64,True,True,True,35,3,32.14,100.0,
hostnamespaces0245.yaml,Pod,61,14,14,7,21,0,12,481,191,1,189608.73,28.04,189636.77,True,True,True,35,3,32.14,100.0,
hostnamespaces0246.yaml,Pod,61,14,14,7,21,0,12,481,191,1,189298.83,28.06,189326.89,True,True,True,35,3,32.14,100.0,
hostnamespaces0247.yaml,Pod,61,14,14,7,21,0,12,481,191,1,190230.21,27.61,190257.82,True,True,True,35,3,32.14,100.0,
hostnamespaces0248.yaml,Pod,61,14,14,7,21,0,14,481,191,1,189080.55,28.52,189109.07,True,True,True,34,3,37.29,100.0,
hostnamespaces0249.yaml,Pod,61,14,14,7,21,0,14,481,191,1,188482.44,28.61,188511.05,True,True,True,34,3,37.29,100.0,
hostnamespaces025.yaml,Pod,61,14,14,7,21,0,12,481,191,1,188286.21,27.76,188313.97,True,True,True,35,3,32.14,100.0,
hostnamespaces0250.yaml,Pod,61,14,14,7,21,0,18,481,191,1,189079.57,30.34,189109.91,True,True,True,32,3,46.15,100.0,
hostnamespaces0251.yaml,Pod,61,14,14,7,21,0,18,481,191,1,188395.63,30.17,188425.8,True,True,True,32,3,46.15,100.0,
hostnamespaces0252.yaml,Pod,61,14,14,7,21,0,18,481,191,1,194759.13,31.51,194790.64,True,True,True,32,3,46.15,100.0,
hostnamespaces0253.yaml,Pod,61,14,14,7,21,0,18,481,191,1,191466.44,30.67,191497.11,True,True,True,32,3,46.15,100.0,
hostnamespaces0254.yaml,Pod,61,14,14,7,21,0,18,481,191,1,190513.25,30.52,190543.77,True,True,True,32,3,46.15,100.0,
hostnamespaces0255.yaml,Pod,61,14,14,7,21,0,18,481,191,1,189358.27,30.49,189388.76,True,True,True,32,3,46.15,100.0,
hostnamespaces0256.yaml,Pod,61,14,14,7,21,0,18,481,191,1,189209.83,31.5,189241.33,True,True,True,32,3,46.15,100.0,
hostnamespaces0257.yaml,Pod,61,14,14,7,21,0,18,481,191,1,189132.97,30.57,189163.54,True,True,True,32,3,46.15,100.0,
hostnamespaces0258.yaml,Pod,61,14,14,7,21,0,18,481,191,1,188691.7,31.03,188722.73,True,True,True,32,3,46.15,100.0,
hostnamespaces0259.yaml,Pod,61,14,14,7,21,0,21,481,191,1,189551.57,31.58,189583.15,True,True,True,32,3,49.28,100.0,
hostnamespaces026.yaml,Pod,61,14,14,7,21,0,12,481,191,1,189842.94,28.4,189871.34,True,True,True,35,3,32.14,100.0,
hostnamespaces0260.yaml,Pod,61,14,14,7,21,0,14,481,191,1,196035.41,28.73,196064.14,True,True,True,34,3,37.29,100.0,
hostnamespaces0261.yaml,Pod,61,14,14,7,21,0,21,481,191,1,193299.75,32.45,193332.2,True,True,True,32,3,49.28,100.0,
hostnamespaces0262.yaml,Pod,61,14,14,7,21,0,21,481,191,1,191268.07,32.06,191300.13,True,True,True,32,3,49.28,100.0,
hostnamespaces0263.yaml,Pod,61,12,12,7,19,0,27,481,140,1,190997.77,34.68,191032.45,True,True,True,26,3,61.33,100.0,
hostnamespaces0264.yaml,Pod,61,12,12,7,19,0,27,481,140,1,193229.76,32.34,193262.1,True,True,True,26,3,61.33,100.0,
hostnamespaces0265.yaml,Pod,61,14,14,7,21,0,14,481,191,1,192134.94,28.56,192163.5,True,True,True,34,3,37.29,100.0,
hostnamespaces0266.yaml,Pod,61,14,14,7,21,0,14,481,191,1,195829.58,29.13,195858.71,True,True,True,34,3,37.29,100.0,
hostnamespaces0267.yaml,Pod,61,14,14,7,21,0,14,481,191,1,194186.47,28.6,194215.07,True,True,True,34,3,37.29,100.0,
hostnamespaces0268.yaml,Pod,61,14,14,7,21,0,14,481,191,1,192990.93,28.9,193019.83,True,True,True,34,3,37.29,100.0,
hostnamespaces0269.yaml,Pod,61,14,14,7,21,0,14,481,191,1,192213.98,28.47,192242.45,True,True,True,34,3,37.29,100.0,
hostnamespaces027.yaml,Pod,61,14,14,7,21,0,12,481,191,1,193480.04,28.06,193508.1,True,True,True,35,3,32.14,100.0,
hostnamespaces0270.yaml,Pod,61,14,14,7,21,0,18,481,191,1,189310.53,30.3,189340.83,True,True,True,32,3,46.15,100.0,
hostnamespaces0271.yaml,Pod,61,14,14,7,21,0,18,481,191,1,189586.24,30.56,189616.8,True,True,True,32,3,46.15,100.0,
hostnamespaces0272.yaml,Pod,61,14,14,7,21,0,12,481,191,1,189301.21,27.44,189328.65,True,True,True,35,3,32.14,100.0,
hostnamespaces0273.yaml,Pod,61,14,14,7,21,0,12,481,191,1,189584.25,27.87,189612.12,True,True,True,35,3,32.14,100.0,
hostnamespaces0274.yaml,Pod,61,14,14,7,21,0,12,481,191,1,189249.0,27.59,189276.59,True,True,True,35,3,32.14,100.0,
hostnamespaces0275.yaml,Pod,61,14,14,7,21,0,12,481,191,1,189407.14,28.11,189435.25,True,True,True,35,3,32.14,100.0,
hostnamespaces0276.yaml,Pod,61,14,14,7,21,0,12,481,191,1,189512.54,27.71,189540.25,True,True,True,35,3,32.14,100.0,
hostnamespaces0277.yaml,Pod,61,14,14,7,21,0,12,481,191,1,189075.17,28.0,189103.17,True,True,True,35,3,32.14,100.0,
hostnamespaces0278.yaml,Pod,61,14,14,7,21,0,12,481,191,1,188861.08,27.54,188888.62,True,True,True,35,3,32.14,100.0,
hostnamespaces0279.yaml,Pod,61,14,14,7,21,0,12,481,191,1,189367.65,28.09,189395.74,True,True,True,35,3,32.14,100.0,
hostnamespaces028.yaml,Pod,61,14,14,7,21,0,12,481,191,1,189343.72,27.69,189371.41,True,True,True,35,3,32.14,100.0,
hostnamespaces0280.yaml,Pod,61,14,14,7,21,0,12,481,191,1,190460.16,27.81,190487.97,True,True,True,35,3,32.14,100.0,
hostnamespaces0281.yaml,Pod,61,14,14,7,21,0,12,481,191,1,189306.63,27.85,189334.48,True,True,True,35,3,32.14,100.0,
hostnamespaces0282.yaml,Pod,61,14,14,7,21,0,12,481,191,1,189327.44,28.06,189355.5,True,True,True,35,3,32.14,100.0,
hostnamespaces0283.yaml,Pod,61,14,14,7,21,0,12,481,191,1,189616.67,27.79,189644.46,True,True,True,35,3,32.14,100.0,
hostnamespaces0284.yaml,Pod,61,14,14,7,21,0,12,481,191,1,190574.91,28.55,190603.46,True,True,True,35,3,32.14,100.0,
hostnamespaces0285.yaml,Pod,61,14,14,7,21,0,12,481,191,1,189318.69,27.82,189346.51,True,True,True,35,3,32.14,100.0,
hostnamespaces0286.yaml,Pod,61,14,14,7,21,0,12,481,191,1,189945.38,28.15,189973.53,True,True,True,35,3,32.14,100.0,
hostnamespaces0287.yaml,Pod,61,14,14,7,21,0,12,481,191,1,189153.06,27.51,189180.57,True,True,True,35,3,32.14,100.0,
hostnamespaces0288.yaml,Pod,61,14,14,7,21,0,12,481,191,1,189493.47,27.58,189521.05,True,True,True,35,3,32.14,100.0,
hostnamespaces0289.yaml,Pod,61,14,14,7,21,0,12,481,191,1,190015.13,27.99,190043.12,True,True,True,35,3,32.14,100.0,
hostnamespaces029.yaml,Pod,61,14,14,7,21,0,12,481,191,1,190159.68,27.87,190187.55,True,True,True,35,3,32.14,100.0,
hostnamespaces0290.yaml,Pod,61,14,14,7,21,0,12,481,191,1,189809.59,27.67,189837.26,True,True,True,35,3,32.14,100.0,
hostnamespaces0291.yaml,Pod,61,14,14,7,21,0,12,481,191,1,189723.06,28.59,189751.65,True,True,True,35,3,32.14,100.0,
hostnamespaces0292.yaml,Pod,61,14,14,7,21,0,12,481,191,1,191360.51,27.63,191388.14,True,True,True,35,3,32.14,100.0,
hostnamespaces0293.yaml,Pod,61,14,14,7,21,0,12,481,191,1,194330.96,28.7,194359.66,True,True,True,35,3,32.14,100.0,
hostnamespaces0294.yaml,Pod,61,14,14,7,21,0,12,481,191,1,198985.2,27.73,199012.93,True,True,True,35,3,32.14,100.0,
hostnamespaces0295.yaml,Pod,61,14,14,7,21,0,12,481,191,1,193707.75,28.14,193735.89,True,True,True,35,3,32.14,100.0,
hostnamespaces0296.yaml,Pod,61,14,14,7,21,0,12,481,191,1,198060.3,28.36,198088.66,True,True,True,35,3,32.14,100.0,
hostnamespaces0297.yaml,Pod,61,14,14,7,21,0,12,481,191,1,193594.24,27.69,193621.93,True,True,True,35,3,32.14,100.0,
hostnamespaces0298.yaml,Pod,61,14,14,7,21,0,12,481,191,1,192328.4,28.06,192356.46,True,True,True,35,3,32.14,100.0,
hostnamespaces0299.yaml,Pod,61,14,14,7,21,0,12,481,191,1,193652.81,27.65,193680.46,True,True,True,35,3,32.14,100.0,
hostnamespaces03.yaml,Pod,61,14,14,7,21,0,12,481,191,1,193936.85,28.3,193965.15,True,True,True,35,3,32.14,100.0,
hostnamespaces030.yaml,Pod,61,14,14,7,21,0,14,481,191,1,192452.35,30.24,192482.59,True,True,True,34,3,37.29,100.0,
hostnamespaces0300.yaml,Pod,61,14,14,7,21,0,12,481,191,1,193938.42,27.73,193966.15,True,True,True,35,3,32.14,100.0,
hostnamespaces0301.yaml,Pod,61,14,14,7,21,0,12,481,191,1,194856.72,28.13,194884.85,True,True,True,35,3,32.14,100.0,
hostnamespaces0302.yaml,Pod,61,14,14,7,21,0,14,481,191,1,192551.26,29.23,192580.49,True,True,True,34,3,37.29,100.0,
hostnamespaces0303.yaml,Pod,61,14,14,7,21,0,14,481,191,1,195228.1,29.23,195257.33,True,True,True,34,3,37.29,100.0,
hostnamespaces0304.yaml,Pod,61,14,14,7,21,0,18,481,191,1,190111.44,30.65,190142.09,True,True,True,32,3,46.15,100.0,
hostnamespaces0305.yaml,Pod,61,14,14,7,21,0,18,481,191,1,193823.01,31.08,193854.09,True,True,True,32,3,46.15,100.0,
hostnamespaces0306.yaml,Pod,61,14,14,7,21,0,18,481,191,1,195101.14,30.81,195131.95,True,True,True,32,3,46.15,100.0,
hostnamespaces0307.yaml,Pod,61,14,14,7,21,0,18,481,191,1,195546.35,30.72,195577.07,True,True,True,32,3,46.15,100.0,
hostnamespaces0308.yaml,Pod,61,14,14,7,21,0,18,481,191,1,193549.33,30.64,193579.97,True,True,True,32,3,46.15,100.0,
hostnamespaces0309.yaml,Pod,61,14,14,7,21,0,18,481,191,1,192243.18,30.65,192273.83,True,True,True,32,3,46.15,100.0,
hostnamespaces031.yaml,Pod,61,14,14,7,21,0,14,481,191,1,191050.19,28.47,191078.66,True,True,True,34,3,37.29,100.0,
hostnamespaces0310.yaml,Pod,61,14,14,7,21,0,18,481,191,1,189105.65,30.69,189136.34,True,True,True,32,3,46.15,100.0,
hostnamespaces0311.yaml,Pod,61,14,14,7,21,0,18,481,191,1,189456.21,30.69,189486.9,True,True,True,32,3,46.15,100.0,
hostnamespaces0312.yaml,Pod,61,14,14,7,21,0,18,481,191,1,189440.71,30.6,189471.31,True,True,True,32,3,46.15,100.0,
hostnamespaces0313.yaml,Pod,61,14,14,7,21,0,21,481,191,1,189653.53,32.34,189685.87,True,True,True,32,3,49.28,100.0,
hostnamespaces0314.yaml,Pod,61,14,14,7,21,0,14,481,191,1,188880.35,29.26,188909.61,True,True,True,34,3,37.29,100.0,
hostnamespaces0315.yaml,Pod,61,14,14,7,21,0,21,481,191,1,193108.74,31.93,193140.67,True,True,True,32,3,49.28,100.0,
hostnamespaces0316.yaml,Pod,61,14,14,7,21,0,21,481,191,1,195938.65,31.55,195970.2,True,True,True,32,3,49.28,100.0,
hostnamespaces0317.yaml,Pod,61,12,12,7,19,0,27,481,140,1,190288.22,32.97,190321.19,True,True,True,26,3,61.33,100.0,
hostnamespaces0318.yaml,Pod,61,12,12,7,19,0,27,481,140,1,193597.07,32.06,193629.13,True,True,True,26,3,61.33,100.0,
hostnamespaces0319.yaml,Pod,61,12,12,7,19,0,27,481,140,1,197456.7,32.01,197488.71,True,True,True,26,3,61.33,100.0,
hostnamespaces032.yaml,Pod,61,14,14,7,21,0,18,481,191,1,193243.99,30.64,193274.63,True,True,True,32,3,46.15,100.0,
hostnamespaces0320.yaml,Pod,61,12,12,7,19,0,27,481,140,1,191689.85,32.01,191721.86,True,True,True,26,3,61.33,100.0,
hostnamespaces0321.yaml,Pod,61,12,12,7,19,0,27,481,140,1,194651.98,32.21,194684.19,True,True,True,26,3,61.33,100.0,
hostnamespaces0322.yaml,Pod,61,12,12,7,19,0,27,481,140,1,192129.3,33.01,192162.31,True,True,True,26,3,61.33,100.0,
hostnamespaces0323.yaml,Pod,61,12,12,7,19,0,27,481,140,1,191047.84,32.53,191080.37,True,True,True,26,3,61.33,100.0,
hostnamespaces0324.yaml,Pod,61,12,12,7,19,0,27,481,140,1,191373.32,32.13,191405.45,True,True,True,26,3,61.33,100.0,
hostnamespaces0325.yaml,Pod,61,14,14,7,21,0,14,481,191,1,190108.26,29.02,190137.28,True,True,True,34,3,37.29,100.0,
hostnamespaces0326.yaml,Pod,61,14,14,7,21,0,14,481,191,1,191495.87,28.46,191524.33,True,True,True,34,3,37.29,100.0,
hostnamespaces0327.yaml,Pod,61,14,14,7,21,0,14,481,191,1,191125.13,28.69,191153.82,True,True,True,34,3,37.29,100.0,
hostnamespaces0328.yaml,Pod,61,14,14,7,21,0,14,481,191,1,196150.59,30.04,196180.63,True,True,True,34,3,37.29,100.0,
hostnamespaces0329.yaml,Pod,61,14,14,7,21,0,14,481,191,1,198316.99,29.33,198346.32,True,True,True,34,3,37.29,100.0,
hostnamespaces033.yaml,Pod,61,14,14,7,21,0,18,481,191,1,193113.38,30.87,193144.25,True,True,True,32,3,46.15,100.0,
hostnamespaces0330.yaml,Pod,61,14,14,7,21,0,18,481,191,1,200161.09,30.87,200191.96,True,True,True,32,3,46.15,100.0,
hostnamespaces0331.yaml,Pod,61,14,14,7,21,0,18,481,191,1,190082.22,30.18,190112.4,True,True,True,32,3,46.15,100.0,
hostnamespaces0332.yaml,Pod,61,14,14,7,21,0,12,481,191,1,190417.32,28.15,190445.47,True,True,True,35,3,32.14,100.0,
hostnamespaces0333.yaml,Pod,61,14,14,7,21,0,12,481,191,1,189112.45,28.53,189140.98,True,True,True,35,3,32.14,100.0,
hostnamespaces0334.yaml,Pod,61,14,14,7,21,0,12,481,191,1,189271.57,27.86,189299.43,True,True,True,35,3,32.14,100.0,
hostnamespaces0335.yaml,Pod,61,14,14,7,21,0,12,481,191,1,189366.96,28.18,189395.14,True,True,True,35,3,32.14,100.0,
hostnamespaces0336.yaml,Pod,61,14,14,7,21,0,12,481,191,1,193639.21,28.02,193667.23,True,True,True,35,3,32.14,100.0,
hostnamespaces0337.yaml,Pod,61,14,14,7,21,0,12,481,191,1,181602.74,27.49,181630.23,True,True,True,35,3,32.14,100.0,
hostnamespaces0338.yaml,Pod,61,14,14,7,21,0,12,481,191,1,179719.54,27.48,179747.02,True,True,True,35,3,32.14,100.0,
hostnamespaces0339.yaml,Pod,61,14,14,7,21,0,12,481,191,1,179726.37,27.43,179753.8,True,True,True,35,3,32.14,100.0,
hostnamespaces034.yaml,Pod,61,14,14,7,21,0,18,481,191,1,179737.61,30.17,179767.78,True,True,True,32,3,46.15,100.0,
hostnamespaces0340.yaml,Pod,61,14,14,7,21,0,12,481,191,1,180003.15,27.69,180030.84,True,True,True,35,3,32.14,100.0,
hostnamespaces0341.yaml,Pod,61,14,14,7,21,0,12,481,191,1,180015.15,27.52,180042.67,True,True,True,35,3,32.14,100.0,
hostnamespaces0342.yaml,Pod,61,14,14,7,21,0,12,481,191,1,180077.13,27.27,180104.4,True,True,True,35,3,32.14,100.0,
hostnamespaces0343.yaml,Pod,61,14,14,7,21,0,12,481,191,1,180419.85,27.47,180447.32,True,True,True,35,3,32.14,100.0,
hostnamespaces0344.yaml,Pod,61,14,14,7,21,0,12,481,191,1,180157.06,27.54,180184.6,True,True,True,35,3,32.14,100.0,
hostnamespaces0345.yaml,Pod,61,14,14,7,21,0,12,481,191,1,180630.24,27.54,180657.78,True,True,True,35,3,32.14,100.0,
hostnamespaces0346.yaml,Pod,61,14,14,7,21,0,12,481,191,1,180008.55,27.44,180035.99,True,True,True,35,3,32.14,100.0,
hostnamespaces0347.yaml,Pod,61,14,14,7,21,0,12,481,191,1,180280.92,27.58,180308.5,True,True,True,35,3,32.14,100.0,
hostnamespaces0348.yaml,Pod,61,14,14,7,21,0,12,481,191,1,179811.45,27.57,179839.02,True,True,True,35,3,32.14,100.0,
hostnamespaces0349.yaml,Pod,61,14,14,7,21,0,12,481,191,1,180127.43,27.46,180154.89,True,True,True,35,3,32.14,100.0,
hostnamespaces035.yaml,Pod,61,14,14,7,21,0,18,481,191,1,180418.58,30.19,180448.77,True,True,True,32,3,46.15,100.0,
hostnamespaces0350.yaml,Pod,61,14,14,7,21,0,12,481,191,1,180513.27,27.3,180540.57,True,True,True,35,3,32.14,100.0,
hostnamespaces0351.yaml,Pod,61,14,14,7,21,0,12,481,191,1,180393.33,27.62,180420.95,True,True,True,35,3,32.14,100.0,
hostnamespaces0352.yaml,Pod,61,14,14,7,21,0,12,481,191,1,180313.94,27.43,180341.37,True,True,True,35,3,32.14,100.0,
hostnamespaces0353.yaml,Pod,61,14,14,7,21,0,12,481,191,1,180436.18,27.61,180463.79,True,True,True,35,3,32.14,100.0,
hostnamespaces0354.yaml,Pod,61,14,14,7,21,0,12,481,191,1,180595.0,27.51,180622.51,True,True,True,35,3,32.14,100.0,
hostnamespaces0355.yaml,Pod,61,14,14,7,21,0,12,481,191,1,180358.5,27.97,180386.47,True,True,True,35,3,32.14,100.0,
hostnamespaces0356.yaml,Pod,61,14,14,7,21,0,12,481,191,1,180662.03,27.47,180689.5,True,True,True,35,3,32.14,100.0,
hostnamespaces0357.yaml,Pod,61,14,14,7,21,0,12,481,191,1,180436.95,27.32,180464.27,True,True,True,35,3,32.14,100.0,
hostnamespaces0358.yaml,Pod,61,14,14,7,21,0,12,481,191,1,180196.33,27.4,180223.73,True,True,True,35,3,32.14,100.0,
hostnamespaces0359.yaml,Pod,61,14,14,7,21,0,12,481,191,1,180353.02,27.66,180380.68,True,True,True,35,3,32.14,100.0,
hostnamespaces036.yaml,Pod,61,14,14,7,21,0,18,481,191,1,180430.81,30.23,180461.04,True,True,True,32,3,46.15,100.0,
hostnamespaces0360.yaml,Pod,61,14,14,7,21,0,12,481,191,1,180401.01,27.68,180428.69,True,True,True,35,3,32.14,100.0,
hostnamespaces0361.yaml,Pod,61,14,14,7,21,0,12,481,191,1,180447.38,27.68,180475.06,True,True,True,35,3,32.14,100.0,
hostnamespaces0362.yaml,Pod,61,14,14,7,21,0,14,481,191,1,180602.16,28.73,180630.89,True,True,True,34,3,37.29,100.0,
hostnamespaces0363.yaml,Pod,61,14,14,7,21,0,14,481,191,1,180392.83,28.91,180421.74,True,True,True,34,3,37.29,100.0,
hostnamespaces0364.yaml,Pod,61,14,14,7,21,0,18,481,191,1,180318.46,30.76,180349.22,True,True,True,32,3,46.15,100.0,
hostnamespaces0365.yaml,Pod,61,14,14,7,21,0,18,481,191,1,180425.75,30.14,180455.89,True,True,True,32,3,46.15,100.0,
hostnamespaces0366.yaml,Pod,61,14,14,7,21,0,18,481,191,1,180612.1,30.01,180642.11,True,True,True,32,3,46.15,100.0,
hostnamespaces0367.yaml,Pod,61,14,14,7,21,0,18,481,191,1,180564.1,30.45,180594.55,True,True,True,32,3,46.15,100.0,
hostnamespaces0368.yaml,Pod,61,14,14,7,21,0,18,481,191,1,180592.98,30.49,180623.47,True,True,True,32,3,46.15,100.0,
hostnamespaces0369.yaml,Pod,61,14,14,7,21,0,18,481,191,1,180770.51,30.28,180800.79,True,True,True,32,3,46.15,100.0,
hostnamespaces037.yaml,Pod,61,14,14,7,21,0,18,481,191,1,180495.71,30.31,180526.02,True,True,True,32,3,46.15,100.0,
hostnamespaces0370.yaml,Pod,61,14,14,7,21,0,18,481,191,1,180732.81,30.5,180763.31,True,True,True,32,3,46.15,100.0,
hostnamespaces0371.yaml,Pod,61,14,14,7,21,0,18,481,191,1,180446.33,30.22,180476.55,True,True,True,32,3,46.15,100.0,
hostnamespaces0372.yaml,Pod,61,14,14,7,21,0,18,481,191,1,180578.97,30.95,180609.92,True,True,True,32,3,46.15,100.0,
hostnamespaces0373.yaml,Pod,61,14,14,7,21,0,21,481,191,1,180072.13,31.55,180103.68,True,True,True,32,3,49.28,100.0,
hostnamespaces0374.yaml,Pod,61,14,14,7,21,0,14,481,191,1,180647.25,28.45,180675.7,True,True,True,34,3,37.29,100.0,
hostnamespaces0375.yaml,Pod,61,14,14,7,21,0,21,481,191,1,180215.72,31.77,180247.49,True,True,True,32,3,49.28,100.0,
hostnamespaces0376.yaml,Pod,61,14,14,7,21,0,21,481,191,1,180546.05,31.61,180577.66,True,True,True,32,3,49.28,100.0,
hostnamespaces0377.yaml,Pod,61,12,12,7,19,0,27,481,140,1,180942.73,32.2,180974.93,True,True,True,26,3,61.33,100.0,
hostnamespaces0378.yaml,Pod,61,12,12,7,19,0,27,481,140,1,180863.97,32.27,180896.24,True,True,True,26,3,61.33,100.0,
hostnamespaces0379.yaml,Pod,61,12,12,7,19,0,27,481,140,1,181040.06,32.48,181072.54,True,True,True,26,3,61.33,100.0,
hostnamespaces038.yaml,Pod,61,14,14,7,21,0,18,481,191,1,180797.45,30.11,180827.56,True,True,True,32,3,46.15,100.0,
hostnamespaces0380.yaml,Pod,61,12,12,7,19,0,27,481,140,1,181366.53,32.49,181399.02,True,True,True,26,3,61.33,100.0,
hostnamespaces0381.yaml,Pod,61,12,12,7,19,0,27,481,140,1,180935.9,32.17,180968.07,True,True,True,26,3,61.33,100.0,
hostnamespaces0382.yaml,Pod,61,12,12,7,19,0,27,481,140,1,180848.04,32.1,180880.14,True,True,True,26,3,61.33,100.0,
hostnamespaces0383.yaml,Pod,61,12,12,7,19,0,27,481,140,1,181003.91,32.31,181036.22,True,True,True,26,3,61.33,100.0,
hostnamespaces0384.yaml,Pod,61,12,12,7,19,0,27,481,140,1,180997.89,32.08,181029.97,True,True,True,26,3,61.33,100.0,
hostnamespaces0385.yaml,Pod,61,14,14,7,21,0,14,481,191,1,180363.21,28.24,180391.45,True,True,True,34,3,37.29,100.0,
hostnamespaces0386.yaml,Pod,61,14,14,7,21,0,14,481,191,1,180954.83,28.41,180983.24,True,True,True,34,3,37.29,100.0,
hostnamespaces0387.yaml,Pod,61,14,14,7,21,0,14,481,191,1,180558.5,28.55,180587.05,True,True,True,34,3,37.29,100.0,
hostnamespaces0388.yaml,Pod,61,14,14,7,21,0,14,481,191,1,180391.44,28.5,180419.94,True,True,True,34,3,37.29,100.0,
hostnamespaces0389.yaml,Pod,61,14,14,7,21,0,14,481,191,1,180572.13,28.54,180600.67,True,True,True,34,3,37.29,100.0,
hostnamespaces039.yaml,Pod,61,14,14,7,21,0,18,481,191,1,180361.61,30.2,180391.81,True,True,True,32,3,46.15,100.0,
hostnamespaces0390.yaml,Pod,61,14,14,7,21,0,18,481,191,1,180365.95,30.43,180396.38,True,True,True,32,3,46.15,100.0,
hostnamespaces0391.yaml,Pod,61,14,14,7,21,0,18,481,191,1,180857.19,30.25,180887.44,True,True,True,32,3,46.15,100.0,
hostnamespaces0392.yaml,Pod,61,14,14,7,21,0,12,481,191,1,180538.09,27.8,180565.89,True,True,True,35,3,32.14,100.0,
hostnamespaces0393.yaml,Pod,61,14,14,7,21,0,12,481,191,1,180402.55,27.53,180430.08,True,True,True,35,3,32.14,100.0,
hostnamespaces0394.yaml,Pod,61,14,14,7,21,0,12,481,191,1,180749.63,28.37,180778.0,True,True,True,35,3,32.14,100.0,
hostnamespaces0395.yaml,Pod,61,14,14,7,21,0,12,481,191,1,180293.05,28.01,180321.06,True,True,True,35,3,32.14,100.0,
hostnamespaces0396.yaml,Pod,61,14,14,7,21,0,12,481,191,1,180483.49,27.69,180511.18,True,True,True,35,3,32.14,100.0,
hostnamespaces0397.yaml,Pod,61,14,14,7,21,0,12,481,191,1,180686.45,27.51,180713.96,True,True,True,35,3,32.14,100.0,
hostnamespaces0398.yaml,Pod,61,14,14,7,21,0,12,481,191,1,180960.1,27.75,180987.85,True,True,True,35,3,32.14,100.0,
hostnamespaces0399.yaml,Pod,61,14,14,7,21,0,12,481,191,1,180499.1,28.03,180527.13,True,True,True,35,3,32.14,100.0,
hostnamespaces04.yaml,Pod,61,14,14,7,21,0,12,481,191,1,180574.19,27.56,180601.75,True,True,True,35,3,32.14,100.0,
hostnamespaces040.yaml,Pod,61,14,14,7,21,0,18,481,191,1,180357.5,29.96,180387.46,True,True,True,32,3,46.15,100.0,
hostnamespaces0400.yaml,Pod,61,14,14,7,21,0,12,481,191,1,180746.31,27.6,180773.91,True,True,True,35,3,32.14,100.0,
hostnamespaces0401.yaml,Pod,61,14,14,7,21,0,12,481,191,1,180377.32,27.58,180404.9,True,True,True,35,3,32.14,100.0,
hostnamespaces0402.yaml,Pod,61,14,14,7,21,0,12,481,191,1,180678.91,27.6,180706.51,True,True,True,35,3,32.14,100.0,
hostnamespaces0403.yaml,Pod,61,14,14,7,21,0,12,481,191,1,180691.64,28.4,180720.04,True,True,True,35,3,32.14,100.0,
hostnamespaces0404.yaml,Pod,61,14,14,7,21,0,12,481,191,1,180452.38,27.69,180480.07,True,True,True,35,3,32.14,100.0,
hostnamespaces0405.yaml,Pod,61,14,14,7,21,0,12,481,191,1,180635.67,27.52,180663.19,True,True,True,35,3,32.14,100.0,
hostnamespaces0406.yaml,Pod,61,14,14,7,21,0,12,481,191,1,180944.43,27.61,180972.04,True,True,True,35,3,32.14,100.0,
hostnamespaces0407.yaml,Pod,61,14,14,7,21,0,12,481,191,1,180408.27,27.88,180436.15,True,True,True,35,3,32.14,100.0,
hostnamespaces0408.yaml,Pod,61,14,14,7,21,0,12,481,191,1,180574.2,27.54,180601.74,True,True,True,35,3,32.14,100.0,
hostnamespaces0409.yaml,Pod,61,14,14,7,21,0,12,481,191,1,180865.59,27.63,180893.22,True,True,True,35,3,32.14,100.0,
hostnamespaces041.yaml,Pod,61,14,14,7,21,0,21,481,191,1,180396.93,31.5,180428.43,True,True,True,32,3,49.28,100.0,
hostnamespaces0410.yaml,Pod,61,14,14,7,21,0,12,481,191,1,180306.81,27.46,180334.27,True,True,True,35,3,32.14,100.0,
hostnamespaces0411.yaml,Pod,61,14,14,7,21,0,12,481,191,1,180482.0,27.42,180509.42,True,True,True,35,3,32.14,100.0,
hostnamespaces0412.yaml,Pod,61,14,14,7,21,0,12,481,191,1,180400.4,27.55,180427.95,True,True,True,35,3,32.14,100.0,
hostnamespaces0413.yaml,Pod,61,14,14,7,21,0,12,481,191,1,180410.75,27.93,180438.68,True,True,True,35,3,32.14,100.0,
hostnamespaces0414.yaml,Pod,61,14,14,7,21,0,12,481,191,1,180463.74,27.54,180491.28,True,True,True,35,3,32.14,100.0,
hostnamespaces0415.yaml,Pod,61,14,14,7,21,0,12,481,191,1,180830.75,27.45,180858.2,True,True,True,35,3,32.14,100.0,
hostnamespaces0416.yaml,Pod,61,14,14,7,21,0,14,481,191,1,180403.8,29.17,180432.97,True,True,True,34,3,37.29,100.0,
hostnamespaces0417.yaml,Pod,61,14,14,7,21,0,14,481,191,1,180562.65,28.29,180590.94,True,True,True,34,3,37.29,100.0,
hostnamespaces0418.yaml,Pod,61,14,14,7,21,0,18,481,191,1,180460.52,29.97,180490.49,True,True,True,32,3,46.15,100.0,
hostnamespaces0419.yaml,Pod,61,14,14,7,21,0,18,481,191,1,180577.05,30.52,180607.57,True,True,True,32,3,46.15,100.0,
hostnamespaces042.yaml,Pod,61,14,14,7,21,0,14,481,191,1,180518.17,28.44,180546.61,True,True,True,34,3,37.29,100.0,
hostnamespaces0420.yaml,Pod,61,14,14,7,21,0,18,481,191,1,180770.54,30.08,180800.62,True,True,True,32,3,46.15,100.0,
hostnamespaces0421.yaml,Pod,61,14,14,7,21,0,18,481,191,1,180735.26,30.15,180765.41,True,True,True,32,3,46.15,100.0,
hostnamespaces0422.yaml,Pod,61,14,14,7,21,0,18,481,191,1,180323.63,30.37,180354.0,True,True,True,32,3,46.15,100.0,
hostnamespaces0423.yaml,Pod,61,14,14,7,21,0,18,481,191,1,180593.72,30.11,180623.83,True,True,True,32,3,46.15,100.0,
hostnamespaces0424.yaml,Pod,61,14,14,7,21,0,18,481,191,1,180689.42,29.98,180719.4,True,True,True,32,3,46.15,100.0,
hostnamespaces0425.yaml,Pod,61,14,14,7,21,0,18,481,191,1,180427.58,30.65,180458.23,True,True,True,32,3,46.15,100.0,
hostnamespaces0426.yaml,Pod,61,14,14,7,21,0,18,481,191,1,180835.34,29.86,180865.2,True,True,True,32,3,46.15,100.0,
hostnamespaces0427.yaml,Pod,61,14,14,7,21,0,21,481,191,1,180329.83,31.61,180361.44,True,True,True,32,3,49.28,100.0,
hostnamespaces0428.yaml,Pod,61,14,14,7,21,0,14,481,191,1,180454.89,28.45,180483.34,True,True,True,34,3,37.29,100.0,
hostnamespaces0429.yaml,Pod,61,14,14,7,21,0,21,481,191,1,181003.86,31.47,181035.33,True,True,True,32,3,49.28,100.0,
hostnamespaces043.yaml,Pod,61,14,14,7,21,0,21,481,191,1,179635.57,31.37,179666.94,True,True,True,32,3,49.28,100.0,
hostnamespaces0430.yaml,Pod,61,14,14,7,21,0,21,481,191,1,180101.33,31.53,180132.86,True,True,True,32,3,49.28,100.0,
hostnamespaces0431.yaml,Pod,61,12,12,7,19,0,27,481,140,1,180156.1,31.93,180188.03,True,True,True,26,3,61.33,100.0,
hostnamespaces0432.yaml,Pod,61,12,12,7,19,0,27,481,140,1,180428.63,31.97,180460.6,True,True,True,26,3,61.33,100.0,
hostnamespaces0433.yaml,Pod,61,14,14,7,21,0,14,481,191,1,179709.73,28.5,179738.23,True,True,True,34,3,37.29,100.0,
hostnamespaces0434.yaml,Pod,61,14,14,7,21,0,14,481,191,1,179597.05,28.4,179625.45,True,True,True,34,3,37.29,100.0,
hostnamespaces0435.yaml,Pod,61,14,14,7,21,0,14,481,191,1,179718.72,28.45,179747.17,True,True,True,34,3,37.29,100.0,
hostnamespaces0436.yaml,Pod,61,14,14,7,21,0,14,481,191,1,179563.57,28.41,179591.98,True,True,True,34,3,37.29,100.0,
hostnamespaces0437.yaml,Pod,61,14,14,7,21,0,14,481,191,1,179614.64,28.48,179643.12,True,True,True,34,3,37.29,100.0,
hostnamespaces0438.yaml,Pod,61,14,14,7,21,0,18,481,191,1,179559.57,30.42,179589.99,True,True,True,32,3,46.15,100.0,
hostnamespaces0439.yaml,Pod,61,14,14,7,21,0,18,481,191,1,180071.89,30.19,180102.08,True,True,True,32,3,46.15,100.0,
hostnamespaces044.yaml,Pod,61,14,14,7,21,0,21,481,191,1,179830.75,32.06,179862.81,True,True,True,32,3,49.28,100.0,
hostnamespaces0440.yaml,Pod,61,14,14,7,21,0,12,481,191,1,179483.0,27.91,179510.91,True,True,True,35,3,32.14,100.0,
hostnamespaces0441.yaml,Pod,61,14,14,7,21,0,12,481,191,1,179710.77,27.37,179738.14,True,True,True,35,3,32.14,100.0,
hostnamespaces0442.yaml,Pod,61,14,14,7,21,0,12,481,191,1,179698.08,27.56,179725.64,True,True,True,35,3,32.14,100.0,
hostnamespaces0443.yaml,Pod,61,14,14,7,21,0,12,481,191,1,179510.99,27.81,179538.8,True,True,True,35,3,32.14,100.0,
hostnamespaces0444.yaml,Pod,61,14,14,7,21,0,12,481,191,1,179948.64,27.55,179976.19,True,True,True,35,3,32.14,100.0,
hostnamespaces0445.yaml,Pod,61,14,14,7,21,0,12,481,191,1,179594.1,27.38,179621.48,True,True,True,35,3,32.14,100.0,
hostnamespaces0446.yaml,Pod,61,14,14,7,21,0,12,481,191,1,179496.29,27.36,179523.65,True,True,True,35,3,32.14,100.0,
hostnamespaces0447.yaml,Pod,61,14,14,7,21,0,12,481,191,1,179612.31,27.92,179640.23,True,True,True,35,3,32.14,100.0,
hostnamespaces0448.yaml,Pod,61,14,14,7,21,0,12,481,191,1,179446.82,27.5,179474.32,True,True,True,35,3,32.14,100.0,
hostnamespaces0449.yaml,Pod,61,14,14,7,21,0,12,481,191,1,179490.88,27.54,179518.42,True,True,True,35,3,32.14,100.0,
hostnamespaces045.yaml,Pod,61,12,12,7,19,0,27,481,140,1,179890.79,32.05,179922.84,True,True,True,26,3,61.33,100.0,
hostnamespaces0450.yaml,Pod,61,14,14,7,21,0,12,481,191,1,179772.5,27.61,179800.11,True,True,True,35,3,32.14,100.0,
hostnamespaces0451.yaml,Pod,61,14,14,7,21,0,12,481,191,1,179651.63,27.72,179679.35,True,True,True,35,3,32.14,100.0,
hostnamespaces0452.yaml,Pod,61,14,14,7,21,0,12,481,191,1,179188.23,27.7,179215.93,True,True,True,35,3,32.14,100.0,
hostnamespaces0453.yaml,Pod,61,14,14,7,21,0,12,481,191,1,179408.02,27.79,179435.81,True,True,True,35,3,32.14,100.0,
hostnamespaces0454.yaml,Pod,61,14,14,7,21,0,12,481,191,1,179588.79,27.91,179616.7,True,True,True,35,3,32.14,100.0,
hostnamespaces0455.yaml,Pod,61,14,14,7,21,0,12,481,191,1,179681.93,27.72,179709.65,True,True,True,35,3,32.14,100.0,
hostnamespaces0456.yaml,Pod,61,14,14,7,21,0,12,481,191,1,179844.67,27.7,179872.37,True,True,True,35,3,32.14,100.0,
hostnamespaces0457.yaml,Pod,61,14,14,7,21,0,12,481,191,1,179545.6,27.59,179573.19,True,True,True,35,3,32.14,100.0,
hostnamespaces0458.yaml,Pod,61,14,14,7,21,0,12,481,191,1,179558.67,27.52,179586.19,True,True,True,35,3,32.14,100.0,
hostnamespaces0459.yaml,Pod,61,14,14,7,21,0,12,481,191,1,179416.53,27.81,179444.34,True,True,True,35,3,32.14,100.0,
hostnamespaces046.yaml,Pod,61,12,12,7,19,0,27,481,140,1,179986.16,32.18,180018.34,True,True,True,26,3,61.33,100.0,
hostnamespaces0460.yaml,Pod,61,14,14,7,21,0,12,481,191,1,179602.2,27.77,179629.97,True,True,True,35,3,32.14,100.0,
hostnamespaces0461.yaml,Pod,61,14,14,7,21,0,12,481,191,1,179697.51,27.96,179725.47,True,True,True,35,3,32.14,100.0,
hostnamespaces047.yaml,Pod,61,12,12,7,19,0,27,481,140,1,179958.37,32.57,179990.94,True,True,True,26,3,61.33,100.0,
hostnamespaces048.yaml,Pod,61,12,12,7,19,0,27,481,140,1,179923.04,32.41,179955.45,True,True,True,26,3,61.33,100.0,
hostnamespaces049.yaml,Pod,61,12,12,7,19,0,27,481,140,1,179954.56,32.01,179986.57,True,True,True,26,3,61.33,100.0,
hostnamespaces05.yaml,Pod,61,14,14,7,21,0,12,481,191,1,179687.76,27.66,179715.42,True,True,True,35,3,32.14,100.0,
hostnamespaces050.yaml,Pod,61,12,12,7,19,0,27,481,140,1,180051.69,32.0,180083.69,True,True,True,26,3,61.33,100.0,
hostnamespaces051.yaml,Pod,61,12,12,7,19,0,27,481,140,1,179873.33,32.35,179905.68,True,True,True,26,3,61.33,100.0,
hostnamespaces052.yaml,Pod,61,12,12,7,19,0,27,481,140,1,180245.34,31.96,180277.3,True,True,True,26,3,61.33,100.0,
hostnamespaces053.yaml,Pod,61,14,14,7,21,0,14,481,191,1,179480.16,28.36,179508.52,True,True,True,34,3,37.29,100.0,
hostnamespaces054.yaml,Pod,61,14,14,7,21,0,14,481,191,1,179494.6,28.82,179523.42,True,True,True,34,3,37.29,100.0,
hostnamespaces055.yaml,Pod,61,14,14,7,21,0,14,481,191,1,179406.13,28.72,179434.85,True,True,True,34,3,37.29,100.0,
hostnamespaces056.yaml,Pod,61,14,14,7,21,0,14,481,191,1,179697.88,29.17,179727.05,True,True,True,34,3,37.29,100.0,
hostnamespaces057.yaml,Pod,61,14,14,7,21,0,14,481,191,1,179710.02,28.56,179738.58,True,True,True,34,3,37.29,100.0,
hostnamespaces058.yaml,Pod,61,14,14,7,21,0,18,481,191,1,179471.75,30.13,179501.88,True,True,True,32,3,46.15,100.0,
hostnamespaces059.yaml,Pod,61,14,14,7,21,0,18,481,191,1,179954.56,30.63,179985.19,True,True,True,32,3,46.15,100.0,
hostnamespaces06.yaml,Pod,61,14,14,7,21,0,12,481,191,1,179493.88,27.71,179521.59,True,True,True,35,3,32.14,100.0,
hostnamespaces060.yaml,Pod,61,14,14,7,21,0,12,481,191,1,179623.41,27.62,179651.03,True,True,True,35,3,32.14,100.0,
hostnamespaces061.yaml,Pod,61,14,14,7,21,0,12,481,191,1,179354.71,27.46,179382.17,True,True,True,35,3,32.14,100.0,
hostnamespaces062.yaml,Pod,61,14,14,7,21,0,12,481,191,1,179737.73,27.48,179765.21,True,True,True,35,3,32.14,100.0,
hostnamespaces063.yaml,Pod,61,14,14,7,21,0,12,481,191,1,179668.15,27.67,179695.82,True,True,True,35,3,32.14,100.0,
hostnamespaces064.yaml,Pod,61,14,14,7,21,0,12,481,191,1,179746.68,27.41,179774.09,True,True,True,35,3,32.14,100.0,
hostnamespaces065.yaml,Pod,61,14,14,7,21,0,12,481,191,1,179385.62,27.78,179413.4,True,True,True,35,3,32.14,100.0,
hostnamespaces066.yaml,Pod,61,14,14,7,21,0,12,481,191,1,179695.66,28.2,179723.86,True,True,True,35,3,32.14,100.0,
hostnamespaces067.yaml,Pod,61,14,14,7,21,0,12,481,191,1,179604.34,27.37,179631.71,True,True,True,35,3,32.14,100.0,
hostnamespaces068.yaml,Pod,61,14,14,7,21,0,12,481,191,1,179605.71,27.59,179633.3,True,True,True,35,3,32.14,100.0,
hostnamespaces069.yaml,Pod,61,14,14,7,21,0,12,481,191,1,179622.19,27.72,179649.91,True,True,True,35,3,32.14,100.0,
hostnamespaces07.yaml,Pod,61,14,14,7,21,0,12,481,191,1,179274.88,27.73,179302.61,True,True,True,35,3,32.14,100.0,
hostnamespaces070.yaml,Pod,61,14,14,7,21,0,12,481,191,1,179638.52,27.9,179666.42,True,True,True,35,3,32.14,100.0,
hostnamespaces071.yaml,Pod,61,14,14,7,21,0,12,481,191,1,179114.13,28.56,179142.69,True,True,True,35,3,32.14,100.0,
hostnamespaces072.yaml,Pod,61,14,14,7,21,0,12,481,191,1,179359.8,27.81,179387.61,True,True,True,35,3,32.14,100.0,
hostnamespaces073.yaml,Pod,61,14,14,7,21,0,12,481,191,1,179351.88,27.54,179379.42,True,True,True,35,3,32.14,100.0,
hostnamespaces074.yaml,Pod,61,14,14,7,21,0,12,481,191,1,179522.63,27.54,179550.17,True,True,True,35,3,32.14,100.0,
hostnamespaces075.yaml,Pod,61,14,14,7,21,0,12,481,191,1,179333.34,28.12,179361.46,True,True,True,35,3,32.14,100.0,
hostnamespaces076.yaml,Pod,61,14,14,7,21,0,12,481,191,1,179755.66,27.53,179783.19,True,True,True,35,3,32.14,100.0,
hostnamespaces077.yaml,Pod,61,14,14,7,21,0,12,481,191,1,179275.66,27.48,179303.14,True,True,True,35,3,32.14,100.0,
hostnamespaces078.yaml,Pod,61,14,14,7,21,0,12,481,191,1,179319.75,27.62,179347.37,True,True,True,35,3,32.14,100.0,
hostnamespaces079.yaml,Pod,61,14,14,7,21,0,12,481,191,1,179446.36,27.82,179474.18,True,True,True,35,3,32.14,100.0,
hostnamespaces08.yaml,Pod,61,14,14,7,21,0,12,481,191,1,179139.52,27.51,179167.03,True,True,True,35,3,32.14,100.0,
hostnamespaces080.yaml,Pod,61,14,14,7,21,0,12,481,191,1,179801.29,27.9,179829.19,True,True,True,35,3,32.14,100.0,
hostnamespaces081.yaml,Pod,61,14,14,7,21,0,12,481,191,1,179707.59,27.48,179735.07,True,True,True,35,3,32.14,100.0,
hostnamespaces082.yaml,Pod,61,14,14,7,21,0,12,481,191,1,179406.18,27.67,179433.85,True,True,True,35,3,32.14,100.0,
hostnamespaces083.yaml,Pod,61,14,14,7,21,0,12,481,191,1,179545.29,27.71,179573.0,True,True,True,35,3,32.14,100.0,
hostnamespaces084.yaml,Pod,61,14,14,7,21,0,12,481,191,1,179330.27,27.56,179357.83,True,True,True,35,3,32.14,100.0,
hostnamespaces085.yaml,Pod,61,14,14,7,21,0,12,481,191,1,179465.19,27.39,179492.58,True,True,True,35,3,32.14,100.0,
hostnamespaces086.yaml,Pod,61,14,14,7,21,0,14,481,191,1,179444.6,28.25,179472.85,True,True,True,34,3,37.29,100.0,
hostnamespaces087.yaml,Pod,61,14,14,7,21,0,14,481,191,1,179335.03,28.17,179363.2,True,True,True,34,3,37.29,100.0,
hostnamespaces088.yaml,Pod,61,14,14,7,21,0,18,481,191,1,179658.64,30.27,179688.91,True,True,True,32,3,46.15,100.0,
hostnamespaces089.yaml,Pod,61,14,14,7,21,0,18,481,191,1,179400.11,30.09,179430.2,True,True,True,32,3,46.15,100.0,
hostnamespaces09.yaml,Pod,61,14,14,7,21,0,12,481,191,1,179459.06,27.5,179486.56,True,True,True,35,3,32.14,100.0,
hostnamespaces090.yaml,Pod,61,14,14,7,21,0,18,481,191,1,179651.78,30.12,179681.9,True,True,True,32,3,46.15,100.0,
hostnamespaces091.yaml,Pod,61,14,14,7,21,0,18,481,191,1,179549.73,30.12,179579.85,True,True,True,32,3,46.15,100.0,
hostnamespaces092.yaml,Pod,61,14,14,7,21,0,18,481,191,1,179393.62,30.33,179423.95,True,True,True,32,3,46.15,100.0,
hostnamespaces093.yaml,Pod,61,14,14,7,21,0,18,481,191,1,179656.67,30.07,179686.74,True,True,True,32,3,46.15,100.0,
hostnamespaces094.yaml,Pod,61,14,14,7,21,0,18,481,191,1,179615.86,30.07,179645.93,True,True,True,32,3,46.15,100.0,
hostnamespaces095.yaml,Pod,61,14,14,7,21,0,18,481,191,1,179627.35,30.41,179657.76,True,True,True,32,3,46.15,100.0,
hostnamespaces096.yaml,Pod,61,14,14,7,21,0,18,481,191,1,179370.09,30.39,179400.48,True,True,True,32,3,46.15,100.0,
hostnamespaces097.yaml,Pod,61,14,14,7,21,0,21,481,191,1,179376.86,31.59,179408.45,True,True,True,32,3,49.28,100.0,
hostnamespaces098.yaml,Pod,61,14,14,7,21,0,14,481,191,1,179690.23,28.47,179718.7,True,True,True,34,3,37.29,100.0,
hostnamespaces099.yaml,Pod,61,14,14,7,21,0,21,481,191,1,179747.81,32.16,179779.97,True,True,True,32,3,49.28,100.0,
hostnamespaces1.yaml,Pod,61,14,14,7,21,0,12,481,191,1,180174.22,27.73,180201.95,True,True,True,35,3,32.14,100.0,
hostnamespaces11.yaml,Pod,61,14,14,7,21,0,12,481,191,1,179470.77,27.65,179498.42,True,True,True,35,3,32.14,100.0,
hostnamespaces110.yaml,Pod,61,14,14,7,21,0,12,481,191,1,179359.47,27.52,179386.99,True,True,True,35,3,32.14,100.0,
hostnamespaces111.yaml,Pod,61,14,14,7,21,0,12,481,191,1,179491.83,27.39,179519.22,True,True,True,35,3,32.14,100.0,
hostnamespaces112.yaml,Pod,61,14,14,7,21,0,12,481,191,1,179497.16,27.52,179524.68,True,True,True,35,3,32.14,100.0,
hostnamespaces113.yaml,Pod,61,14,14,7,21,0,12,481,191,1,179498.88,27.6,179526.48,True,True,True,35,3,32.14,100.0,
hostnamespaces114.yaml,Pod,61,14,14,7,21,0,12,481,191,1,179538.86,27.37,179566.23,True,True,True,35,3,32.14,100.0,
hostnamespaces115.yaml,Pod,61,14,14,7,21,0,12,481,191,1,179526.41,27.89,179554.3,True,True,True,35,3,32.14,100.0,
hostnamespaces116.yaml,Pod,61,14,14,7,21,0,12,481,191,1,179452.26,27.52,179479.78,True,True,True,35,3,32.14,100.0,
hostnamespaces117.yaml,Pod,61,14,14,7,21,0,12,481,191,1,179519.78,27.8,179547.58,True,True,True,35,3,32.14,100.0,
hostnamespaces118.yaml,Pod,61,14,14,7,21,0,12,481,191,1,179602.01,27.56,179629.57,True,True,True,35,3,32.14,100.0,
hostnamespaces119.yaml,Pod,61,14,14,7,21,0,12,481,191,1,179319.17,27.77,179346.94,True,True,True,35,3,32.14,100.0,
hostnamespaces12.yaml,Pod,61,14,14,7,21,0,12,481,191,1,179401.97,27.53,179429.5,True,True,True,35,3,32.14,100.0,
hostnamespaces120.yaml,Pod,61,14,14,7,21,0,12,481,191,1,179849.63,27.67,179877.3,True,True,True,35,3,32.14,100.0,
hostnamespaces121.yaml,Pod,61,14,14,7,21,0,12,481,191,1,179595.74,27.57,179623.31,True,True,True,35,3,32.14,100.0,
hostnamespaces122.yaml,Pod,61,14,14,7,21,0,12,481,191,1,179428.6,27.54,179456.14,True,True,True,35,3,32.14,100.0,
hostnamespaces123.yaml,Pod,61,14,14,7,21,0,12,481,191,1,179646.46,27.5,179673.96,True,True,True,35,3,32.14,100.0,
hostnamespaces124.yaml,Pod,61,14,14,7,21,0,12,481,191,1,179314.12,27.63,179341.75,True,True,True,35,3,32.14,100.0,
hostnamespaces125.yaml,Pod,61,14,14,7,21,0,12,481,191,1,179279.18,27.47,179306.65,True,True,True,35,3,32.14,100.0,
hostnamespaces126.yaml,Pod,61,14,14,7,21,0,12,481,191,1,179762.67,27.51,179790.18,True,True,True,35,3,32.14,100.0,
hostnamespaces127.yaml,Pod,61,14,14,7,21,0,12,481,191,1,179501.64,27.66,179529.3,True,True,True,35,3,32.14,100.0,
hostnamespaces128.yaml,Pod,61,14,14,7,21,0,12,481,191,1,179653.76,27.48,179681.24,True,True,True,35,3,32.14,100.0,
hostnamespaces129.yaml,Pod,61,14,14,7,21,0,12,481,191,1,179465.71,27.49,179493.2,True,True,True,35,3,32.14,100.0,
hostnamespaces13.yaml,Pod,61,14,14,7,21,0,12,481,191,1,179736.35,27.63,179763.98,True,True,True,35,3,32.14,100.0,
hostnamespaces130.yaml,Pod,61,14,14,7,21,0,14,481,191,1,179822.64,28.59,179851.23,True,True,True,34,3,37.29,100.0,
hostnamespaces131.yaml,Pod,61,14,14,7,21,0,14,481,191,1,179712.33,28.43,179740.76,True,True,True,34,3,37.29,100.0,
hostnamespaces132.yaml,Pod,61,14,14,7,21,0,18,481,191,1,179716.93,30.11,179747.04,True,True,True,32,3,46.15,100.0,
hostnamespaces133.yaml,Pod,61,14,14,7,21,0,18,481,191,1,179588.6,29.75,179618.35,True,True,True,32,3,46.15,100.0,
hostnamespaces134.yaml,Pod,61,14,14,7,21,0,18,481,191,1,179330.63,29.92,179360.55,True,True,True,32,3,46.15,100.0,
hostnamespaces135.yaml,Pod,61,14,14,7,21,0,18,481,191,1,179680.13,30.2,179710.33,True,True,True,32,3,46.15,100.0,
hostnamespaces136.yaml,Pod,61,14,14,7,21,0,18,481,191,1,179682.32,30.4,179712.72,True,True,True,32,3,46.15,100.0,
hostnamespaces137.yaml,Pod,61,14,14,7,21,0,18,481,191,1,179273.22,29.93,179303.15,True,True,True,32,3,46.15,100.0,
hostnamespaces138.yaml,Pod,61,14,14,7,21,0,18,481,191,1,179570.84,29.94,179600.78,True,True,True,32,3,46.15,100.0,
hostnamespaces139.yaml,Pod,61,14,14,7,21,0,18,481,191,1,179703.05,30.11,179733.16,True,True,True,32,3,46.15,100.0,
hostnamespaces14.yaml,Pod,61,14,14,7,21,0,12,481,191,1,179467.19,27.51,179494.7,True,True,True,35,3,32.14,100.0,
hostnamespaces140.yaml,Pod,61,14,14,7,21,0,18,481,191,1,179291.47,30.23,179321.7,True,True,True,32,3,46.15,100.0,
hostnamespaces141.yaml,Pod,61,14,14,7,21,0,21,481,191,1,179464.03,31.67,179495.7,True,True,True,32,3,49.28,100.0,
hostnamespaces142.yaml,Pod,61,14,14,7,21,0,14,481,191,1,179541.12,28.43,179569.55,True,True,True,34,3,37.29,100.0,
hostnamespaces143.yaml,Pod,61,14,14,7,21,0,21,481,191,1,179453.33,31.78,179485.11,True,True,True,32,3,49.28,100.0,
hostnamespaces144.yaml,Pod,61,14,14,7,21,0,21,481,191,1,179947.96,31.64,179979.6,True,True,True,32,3,49.28,100.0,
hostnamespaces145.yaml,Pod,61,12,12,7,19,0,27,481,140,1,179971.52,32.01,180003.53,True,True,True,26,3,61.33,100.0,
hostnamespaces146.yaml,Pod,61,12,12,7,19,0,27,481,140,1,179638.12,32.25,179670.37,True,True,True,26,3,61.33,100.0,
hostnamespaces147.yaml,Pod,61,12,12,7,19,0,27,481,140,1,180095.09,32.22,180127.31,True,True,True,26,3,61.33,100.0,
hostnamespaces148.yaml,Pod,61,12,12,7,19,0,27,481,140,1,179882.44,31.89,179914.33,True,True,True,26,3,61.33,100.0,
hostnamespaces149.yaml,Pod,61,12,12,7,19,0,27,481,140,1,179967.64,32.05,179999.69,True,True,True,26,3,61.33,100.0,
hostnamespaces15.yaml,Pod,61,14,14,7,21,0,12,481,191,1,179584.11,27.68,179611.79,True,True,True,35,3,32.14,100.0,
hostnamespaces150.yaml,Pod,61,12,12,7,19,0,27,481,140,1,180206.35,31.9,180238.25,True,True,True,26,3,61.33,100.0,
hostnamespaces151.yaml,Pod,61,12,12,7,19,0,27,481,140,1,179771.07,32.02,179803.09,True,True,True,26,3,61.33,100.0,
hostnamespaces152.yaml,Pod,61,12,12,7,19,0,27,481,140,1,180001.38,31.86,180033.24,True,True,True,26,3,61.33,100.0,
hostnamespaces153.yaml,Pod,61,14,14,7,21,0,14,481,191,1,179435.93,28.41,179464.34,True,True,True,34,3,37.29,100.0,
hostnamespaces154.yaml,Pod,61,14,14,7,21,0,14,481,191,1,179711.32,28.52,179739.84,True,True,True,34,3,37.29,100.0,
hostnamespaces155.yaml,Pod,61,14,14,7,21,0,14,481,191,1,179398.72,28.35,179427.07,True,True,True,34,3,37.29,100.0,
hostnamespaces156.yaml,Pod,61,14,14,7,21,0,14,481,191,1,179914.09,28.5,179942.59,True,True,True,34,3,37.29,100.0,
hostnamespaces157.yaml,Pod,61,14,14,7,21,0,14,481,191,1,179313.38,28.62,179342.0,True,True,True,34,3,37.29,100.0,
hostnamespaces158.yaml,Pod,61,14,14,7,21,0,18,481,191,1,179404.59,30.0,179434.59,True,True,True,32,3,46.15,100.0,
hostnamespaces159.yaml,Pod,61,14,14,7,21,0,18,481,191,1,179439.0,30.04,179469.04,True,True,True,32,3,46.15,100.0,
hostnamespaces16.yaml,Pod,61,14,14,7,21,0,12,481,191,1,179483.56,27.74,179511.3,True,True,True,35,3,32.14,100.0,
hostnamespaces160.yaml,Pod,61,14,14,7,21,0,12,481,191,1,179303.79,27.88,179331.67,True,True,True,35,3,32.14,100.0,
hostnamespaces161.yaml,Pod,61,14,14,7,21,0,12,481,191,1,179776.23,27.69,179803.92,True,True,True,35,3,32.14,100.0,
hostnamespaces162.yaml,Pod,61,14,14,7,21,0,12,481,191,1,179626.11,27.63,179653.74,True,True,True,35,3,32.14,100.0,
hostnamespaces163.yaml,Pod,61,14,14,7,21,0,12,481,191,1,179664.3,27.74,179692.04,True,True,True,35,3,32.14,100.0,
hostnamespaces164.yaml,Pod,61,14,14,7,21,0,12,481,191,1,179553.2,27.47,179580.67,True,True,True,35,3,32.14,100.0,
hostnamespaces165.yaml,Pod,61,14,14,7,21,0,12,481,191,1,179572.68,27.44,179600.12,True,True,True,35,3,32.14,100.0,
hostnamespaces166.yaml,Pod,61,14,14,7,21,0,12,481,191,1,185978.99,27.87,186006.86,True,True,True,35,3,32.14,100.0,
hostnamespaces167.yaml,Pod,61,14,14,7,21,0,12,481,191,1,181041.15,27.65,181068.8,True,True,True,35,3,32.14,100.0,
hostnamespaces168.yaml,Pod,61,14,14,7,21,0,12,481,191,1,180752.78,27.77,180780.55,True,True,True,35,3,32.14,100.0,
hostnamespaces169.yaml,Pod,61,14,14,7,21,0,12,481,191,1,180341.53,27.63,180369.16,True,True,True,35,3,32.14,100.0,
hostnamespaces17.yaml,Pod,61,14,14,7,21,0,12,481,191,1,180172.41,27.85,180200.26,True,True,True,35,3,32.14,100.0,
hostnamespaces170.yaml,Pod,61,14,14,7,21,0,12,481,191,1,180312.37,27.69,180340.06,True,True,True,35,3,32.14,100.0,
hostnamespaces171.yaml,Pod,61,14,14,7,21,0,12,481,191,1,180436.47,27.85,180464.32,True,True,True,35,3,32.14,100.0,
hostnamespaces172.yaml,Pod,61,14,14,7,21,0,12,481,191,1,180334.62,27.5,180362.12,True,True,True,35,3,32.14,100.0,
hostnamespaces173.yaml,Pod,61,14,14,7,21,0,12,481,191,1,180386.01,27.8,180413.81,True,True,True,35,3,32.14,100.0,
hostnamespaces174.yaml,Pod,61,14,14,7,21,0,12,481,191,1,180755.05,27.52,180782.57,True,True,True,35,3,32.14,100.0,
hostnamespaces175.yaml,Pod,61,14,14,7,21,0,12,481,191,1,180201.34,27.62,180228.96,True,True,True,35,3,32.14,100.0,
hostnamespaces176.yaml,Pod,61,14,14,7,21,0,12,481,191,1,180169.79,27.74,180197.53,True,True,True,35,3,32.14,100.0,
hostnamespaces177.yaml,Pod,61,14,14,7,21,0,12,481,191,1,180180.92,27.47,180208.39,True,True,True,35,3,32.14,100.0,
hostnamespaces178.yaml,Pod,61,14,14,7,21,0,12,481,191,1,180394.86,27.45,180422.31,True,True,True,35,3,32.14,100.0,
hostnamespaces179.yaml,Pod,61,14,14,7,21,0,12,481,191,1,180310.58,27.59,180338.17,True,True,True,35,3,32.14,100.0,
hostnamespaces18.yaml,Pod,61,14,14,7,21,0,12,481,191,1,180691.95,27.3,180719.25,True,True,True,35,3,32.14,100.0,
hostnamespaces180.yaml,Pod,61,14,14,7,21,0,12,481,191,1,180535.13,27.44,180562.57,True,True,True,35,3,32.14,100.0,
hostnamespaces181.yaml,Pod,61,14,14,7,21,0,12,481,191,1,180170.98,27.51,180198.49,True,True,True,35,3,32.14,100.0,
hostnamespaces182.yaml,Pod,61,14,14,7,21,0,12,481,191,1,180538.69,27.49,180566.18,True,True,True,35,3,32.14,100.0,
hostnamespaces183.yaml,Pod,61,14,14,7,21,0,12,481,191,1,180677.05,27.6,180704.65,True,True,True,35,3,32.14,100.0,
hostnamespaces184.yaml,Pod,61,14,14,7,21,0,12,481,191,1,180393.45,27.54,180420.99,True,True,True,35,3,32.14,100.0,
hostnamespaces185.yaml,Pod,61,14,14,7,21,0,12,481,191,1,180332.83,27.48,180360.31,True,True,True,35,3,32.14,100.0,
hostnamespaces186.yaml,Pod,61,14,14,7,21,0,14,481,191,1,180196.96,28.32,180225.28,True,True,True,34,3,37.29,100.0,
hostnamespaces187.yaml,Pod,61,14,14,7,21,0,14,481,191,1,180251.99,28.43,180280.42,True,True,True,34,3,37.29,100.0,
hostnamespaces188.yaml,Pod,61,14,14,7,21,0,18,481,191,1,180195.78,30.33,180226.11,True,True,True,32,3,46.15,100.0,
hostnamespaces189.yaml,Pod,61,14,14,7,21,0,18,481,191,1,180407.57,29.75,180437.32,True,True,True,32,3,46.15,100.0,
hostnamespaces19.yaml,Pod,61,14,14,7,21,0,12,481,191,1,180268.5,27.39,180295.89,True,True,True,35,3,32.14,100.0,
hostnamespaces190.yaml,Pod,61,14,14,7,21,0,18,481,191,1,180274.16,30.11,180304.27,True,True,True,32,3,46.15,100.0,
hostnamespaces191.yaml,Pod,61,14,14,7,21,0,18,481,191,1,180681.8,29.82,180711.62,True,True,True,32,3,46.15,100.0,
hostnamespaces192.yaml,Pod,61,14,14,7,21,0,18,481,191,1,180556.74,30.24,180586.98,True,True,True,32,3,46.15,100.0,
hostnamespaces193.yaml,Pod,61,14,14,7,21,0,18,481,191,1,180340.56,30.15,180370.71,True,True,True,32,3,46.15,100.0,
hostnamespaces194.yaml,Pod,61,14,14,7,21,0,18,481,191,1,180044.31,30.03,180074.34,True,True,True,32,3,46.15,100.0,
hostnamespaces195.yaml,Pod,61,14,14,7,21,0,18,481,191,1,180456.7,29.97,180486.67,True,True,True,32,3,46.15,100.0,
hostnamespaces196.yaml,Pod,61,14,14,7,21,0,18,481,191,1,180606.19,30.05,180636.24,True,True,True,32,3,46.15,100.0,
hostnamespaces197.yaml,Pod,61,14,14,7,21,0,21,481,191,1,180712.9,31.33,180744.23,True,True,True,32,3,49.28,100.0,
hostnamespaces198.yaml,Pod,61,14,14,7,21,0,14,481,191,1,180710.54,28.57,180739.11,True,True,True,34,3,37.29,100.0,
hostnamespaces199.yaml,Pod,61,14,14,7,21,0,21,481,191,1,180724.73,31.93,180756.66,True,True,True,32,3,49.28,100.0,
hostnamespaces2.yaml,Pod,61,14,14,7,21,0,12,481,191,1,180287.16,27.81,180314.97,True,True,True,35,3,32.14,100.0,
hostnamespaces21.yaml,Pod,61,14,14,7,21,0,12,481,191,1,180401.04,28.07,180429.11,True,True,True,35,3,32.14,100.0,
hostnamespaces210.yaml,Pod,61,14,14,7,21,0,12,481,191,1,180678.8,27.69,180706.49,True,True,True,35,3,32.14,100.0,
hostnamespaces211.yaml,Pod,61,14,14,7,21,0,12,481,191,1,180461.86,27.73,180489.59,True,True,True,35,3,32.14,100.0,
hostnamespaces212.yaml,Pod,61,14,14,7,21,0,12,481,191,1,180740.08,27.73,180767.81,True,True,True,35,3,32.14,100.0,
hostnamespaces213.yaml,Pod,61,14,14,7,21,0,12,481,191,1,180628.77,27.58,180656.35,True,True,True,35,3,32.14,100.0,
hostnamespaces214.yaml,Pod,61,14,14,7,21,0,12,481,191,1,180478.57,27.75,180506.32,True,True,True,35,3,32.14,100.0,
hostnamespaces215.yaml,Pod,61,14,14,7,21,0,12,481,191,1,180647.72,28.0,180675.72,True,True,True,35,3,32.14,100.0,
hostnamespaces216.yaml,Pod,61,14,14,7,21,0,12,481,191,1,180474.0,27.51,180501.51,True,True,True,35,3,32.14,100.0,
hostnamespaces217.yaml,Pod,61,14,14,7,21,0,12,481,191,1,180445.1,27.6,180472.7,True,True,True,35,3,32.14,100.0,
hostnamespaces218.yaml,Pod,61,14,14,7,21,0,12,481,191,1,180539.74,27.66,180567.4,True,True,True,35,3,32.14,100.0,
hostnamespaces219.yaml,Pod,61,14,14,7,21,0,12,481,191,1,180900.41,27.75,180928.16,True,True,True,35,3,32.14,100.0,
hostnamespaces22.yaml,Pod,61,14,14,7,21,0,12,481,191,1,180262.3,27.95,180290.25,True,True,True,35,3,32.14,100.0,
hostnamespaces220.yaml,Pod,61,14,14,7,21,0,12,481,191,1,180694.34,27.6,180721.94,True,True,True,35,3,32.14,100.0,
hostnamespaces221.yaml,Pod,61,14,14,7,21,0,12,481,191,1,180524.9,27.7,180552.6,True,True,True,35,3,32.14,100.0,
hostnamespaces222.yaml,Pod,61,14,14,7,21,0,12,481,191,1,180640.72,27.77,180668.49,True,True,True,35,3,32.14,100.0,
hostnamespaces223.yaml,Pod,61,14,14,7,21,0,12,481,191,1,180740.52,27.67,180768.19,True,True,True,35,3,32.14,100.0,
hostnamespaces224.yaml,Pod,61,14,14,7,21,0,12,481,191,1,181079.58,27.82,181107.4,True,True,True,35,3,32.14,100.0,
hostnamespaces225.yaml,Pod,61,14,14,7,21,0,12,481,191,1,181144.11,27.87,181171.98,True,True,True,35,3,32.14,100.0,
hostnamespaces226.yaml,Pod,61,14,14,7,21,0,12,481,191,1,180932.18,27.83,180960.01,True,True,True,35,3,32.14,100.0,
hostnamespaces227.yaml,Pod,61,14,14,7,21,0,12,481,191,1,180813.11,27.66,180840.77,True,True,True,35,3,32.14,100.0,
hostnamespaces228.yaml,Pod,61,14,14,7,21,0,12,481,191,1,181920.33,28.35,181948.68,True,True,True,35,3,32.14,100.0,
hostnamespaces229.yaml,Pod,61,14,14,7,21,0,12,481,191,1,181207.95,27.7,181235.65,True,True,True,35,3,32.14,100.0,
hostnamespaces23.yaml,Pod,61,14,14,7,21,0,12,481,191,1,180860.27,27.73,180888.0,True,True,True,35,3,32.14,100.0,
hostnamespaces230.yaml,Pod,61,14,14,7,21,0,14,481,191,1,181026.77,28.66,181055.43,True,True,True,34,3,37.29,100.0,
hostnamespaces231.yaml,Pod,61,14,14,7,21,0,14,481,191,1,180375.22,28.64,180403.86,True,True,True,34,3,37.29,100.0,
hostnamespaces232.yaml,Pod,61,14,14,7,21,0,18,481,191,1,180830.5,30.29,180860.79,True,True,True,32,3,46.15,100.0,
hostnamespaces233.yaml,Pod,61,14,14,7,21,0,18,481,191,1,180539.95,30.15,180570.1,True,True,True,32,3,46.15,100.0,
hostnamespaces234.yaml,Pod,61,14,14,7,21,0,18,481,191,1,180738.31,30.4,180768.71,True,True,True,32,3,46.15,100.0,
hostnamespaces235.yaml,Pod,61,14,14,7,21,0,18,481,191,1,180870.71,30.15,180900.86,True,True,True,32,3,46.15,100.0,
hostnamespaces236.yaml,Pod,61,14,14,7,21,0,18,481,191,1,181038.09,30.5,181068.59,True,True,True,32,3,46.15,100.0,
hostnamespaces237.yaml,Pod,61,14,14,7,21,0,18,481,191,1,180732.12,30.23,180762.35,True,True,True,32,3,46.15,100.0,
hostnamespaces238.yaml,Pod,61,14,14,7,21,0,18,481,191,1,180633.98,30.56,180664.54,True,True,True,32,3,46.15,100.0,
hostnamespaces239.yaml,Pod,61,14,14,7,21,0,18,481,191,1,180713.93,30.26,180744.19,True,True,True,32,3,46.15,100.0,
hostnamespaces24.yaml,Pod,61,14,14,7,21,0,12,481,191,1,180704.7,27.77,180732.47,True,True,True,35,3,32.14,100.0,
hostnamespaces240.yaml,Pod,61,14,14,7,21,0,18,481,191,1,180800.24,30.39,180830.63,True,True,True,32,3,46.15,100.0,
hostnamespaces241.yaml,Pod,61,14,14,7,21,0,21,481,191,1,180994.92,31.65,181026.57,True,True,True,32,3,49.28,100.0,
hostnamespaces242.yaml,Pod,61,14,14,7,21,0,14,481,191,1,180409.14,28.95,180438.09,True,True,True,34,3,37.29,100.0,
hostnamespaces243.yaml,Pod,61,14,14,7,21,0,21,481,191,1,180713.89,31.49,180745.38,True,True,True,32,3,49.28,100.0,
hostnamespaces244.yaml,Pod,61,14,14,7,21,0,21,481,191,1,180900.48,31.77,180932.25,True,True,True,32,3,49.28,100.0,
hostnamespaces245.yaml,Pod,61,12,12,7,19,0,27,481,140,1,182376.09,32.14,182408.23,True,True,True,26,3,61.33,100.0,
hostnamespaces246.yaml,Pod,61,12,12,7,19,0,27,481,140,1,201700.82,33.52,201734.34,True,True,True,26,3,61.33,100.0,
hostnamespaces247.yaml,Pod,61,12,12,7,19,0,27,481,140,1,190357.75,32.86,190390.61,True,True,True,26,3,61.33,100.0,
hostnamespaces248.yaml,Pod,61,12,12,7,19,0,27,481,140,1,185818.13,32.75,185850.88,True,True,True,26,3,61.33,100.0,
hostnamespaces249.yaml,Pod,61,12,12,7,19,0,27,481,140,1,188319.02,32.82,188351.84,True,True,True,26,3,61.33,100.0,
hostnamespaces25.yaml,Pod,61,14,14,7,21,0,12,481,191,1,184438.31,28.8,184467.11,True,True,True,35,3,32.14,100.0,
hostnamespaces250.yaml,Pod,61,12,12,7,19,0,27,481,140,1,187653.76,33.4,187687.16,True,True,True,26,3,61.33,100.0,
hostnamespaces251.yaml,Pod,61,12,12,7,19,0,27,481,140,1,200377.34,33.54,200410.88,True,True,True,26,3,61.33,100.0,
hostnamespaces252.yaml,Pod,61,12,12,7,19,0,27,481,140,1,200441.39,33.11,200474.5,True,True,True,26,3,61.33,100.0,
hostnamespaces253.yaml,Pod,61,14,14,7,21,0,14,481,191,1,194212.03,29.91,194241.94,True,True,True,34,3,37.29,100.0,
hostnamespaces254.yaml,Pod,61,14,14,7,21,0,14,481,191,1,198742.6,30.1,198772.7,True,True,True,34,3,37.29,100.0,
hostnamespaces255.yaml,Pod,61,14,14,7,21,0,14,481,191,1,202873.91,29.49,202903.4,True,True,True,34,3,37.29,100.0,
hostnamespaces256.yaml,Pod,61,14,14,7,21,0,14,481,191,1,198443.11,29.89,198473.0,True,True,True,34,3,37.29,100.0,
hostnamespaces257.yaml,Pod,61,14,14,7,21,0,14,481,191,1,196454.58,29.19,196483.77,True,True,True,34,3,37.29,100.0,
hostnamespaces258.yaml,Pod,61,14,14,7,21,0,18,481,191,1,194397.52,32.28,194429.8,True,True,True,32,3,46.15,100.0,
hostnamespaces259.yaml,Pod,61,14,14,7,21,0,18,481,191,1,197077.03,31.64,197108.67,True,True,True,32,3,46.15,100.0,
hostnamespaces26.yaml,Pod,61,14,14,7,21,0,12,481,191,1,197154.01,29.03,197183.04,True,True,True,35,3,32.14,100.0,
hostnamespaces260.yaml,Pod,61,14,14,7,21,0,12,481,191,1,198031.9,29.43,198061.33,True,True,True,35,3,32.14,100.0,
hostnamespaces261.yaml,Pod,61,14,14,7,21,0,12,481,191,1,199129.23,28.87,199158.1,True,True,True,35,3,32.14,100.0,
hostnamespaces262.yaml,Pod,61,14,14,7,21,0,12,481,191,1,199349.16,28.83,199377.99,True,True,True,35,3,32.14,100.0,
hostnamespaces263.yaml,Pod,61,14,14,7,21,0,12,481,191,1,196647.33,29.04,196676.37,True,True,True,35,3,32.14,100.0,
hostnamespaces264.yaml,Pod,61,14,14,7,21,0,12,481,191,1,199581.38,28.72,199610.1,True,True,True,35,3,32.14,100.0,
hostnamespaces265.yaml,Pod,61,14,14,7,21,0,12,481,191,1,201425.53,29.02,201454.55,True,True,True,35,3,32.14,100.0,
hostnamespaces266.yaml,Pod,61,14,14,7,21,0,12,481,191,1,199603.02,29.28,199632.3,True,True,True,35,3,32.14,100.0,
hostnamespaces267.yaml,Pod,61,14,14,7,21,0,12,481,191,1,200249.34,28.96,200278.3,True,True,True,35,3,32.14,100.0,
hostnamespaces268.yaml,Pod,61,14,14,7,21,0,12,481,191,1,198767.42,28.91,198796.33,True,True,True,35,3,32.14,100.0,
hostnamespaces269.yaml,Pod,61,14,14,7,21,0,12,481,191,1,201446.12,28.91,201475.03,True,True,True,35,3,32.14,100.0,
hostnamespaces27.yaml,Pod,61,14,14,7,21,0,12,481,191,1,198578.3,29.33,198607.63,True,True,True,35,3,32.14,100.0,
hostnamespaces270.yaml,Pod,61,14,14,7,21,0,12,481,191,1,199887.14,29.15,199916.29,True,True,True,35,3,32.14,100.0,
hostnamespaces271.yaml,Pod,61,14,14,7,21,0,12,481,191,1,199022.93,29.0,199051.93,True,True,True,35,3,32.14,100.0,
hostnamespaces272.yaml,Pod,61,14,14,7,21,0,12,481,191,1,197176.36,28.45,197204.81,True,True,True,35,3,32.14,100.0,
hostnamespaces273.yaml,Pod,61,14,14,7,21,0,12,481,191,1,196819.71,28.45,196848.16,True,True,True,35,3,32.14,100.0,
hostnamespaces274.yaml,Pod,61,14,14,7,21,0,12,481,191,1,198795.5,29.1,198824.6,True,True,True,35,3,32.14,100.0,
hostnamespaces275.yaml,Pod,61,14,14,7,21,0,12,481,191,1,198794.6,29.32,198823.92,True,True,True,35,3,32.14,100.0,
hostnamespaces276.yaml,Pod,61,14,14,7,21,0,12,481,191,1,199261.97,29.19,199291.16,True,True,True,35,3,32.14,100.0,
hostnamespaces277.yaml,Pod,61,14,14,7,21,0,12,481,191,1,201477.63,29.07,201506.7,True,True,True,35,3,32.14,100.0,
hostnamespaces278.yaml,Pod,61,14,14,7,21,0,12,481,191,1,198771.74,29.17,198800.91,True,True,True,35,3,32.14,100.0,
hostnamespaces279.yaml,Pod,61,14,14,7,21,0,12,481,191,1,198666.12,29.04,198695.16,True,True,True,35,3,32.14,100.0,
hostnamespaces28.yaml,Pod,61,14,14,7,21,0,12,481,191,1,196624.37,28.3,196652.67,True,True,True,35,3,32.14,100.0,
hostnamespaces280.yaml,Pod,61,14,14,7,21,0,12,481,191,1,194812.99,28.6,194841.59,True,True,True,35,3,32.14,100.0,
hostnamespaces281.yaml,Pod,61,14,14,7,21,0,12,481,191,1,194227.0,28.38,194255.38,True,True,True,35,3,32.14,100.0,
hostnamespaces282.yaml,Pod,61,14,14,7,21,0,12,481,191,1,195153.4,28.46,195181.86,True,True,True,35,3,32.14,100.0,
hostnamespaces283.yaml,Pod,61,14,14,7,21,0,12,481,191,1,194609.58,28.88,194638.46,True,True,True,35,3,32.14,100.0,
hostnamespaces284.yaml,Pod,61,14,14,7,21,0,12,481,191,1,194019.01,30.76,194049.77,True,True,True,35,3,32.14,100.0,
hostnamespaces285.yaml,Pod,61,14,14,7,21,0,12,481,191,1,194100.25,29.03,194129.28,True,True,True,35,3,32.14,100.0,
hostnamespaces286.yaml,Pod,61,14,14,7,21,0,14,481,191,1,193915.76,29.49,193945.25,True,True,True,34,3,37.29,100.0,
hostnamespaces287.yaml,Pod,61,14,14,7,21,0,14,481,191,1,194659.52,29.3,194688.82,True,True,True,34,3,37.29,100.0,
hostnamespaces288.yaml,Pod,61,14,14,7,21,0,18,481,191,1,195905.04,30.88,195935.92,True,True,True,32,3,46.15,100.0,
hostnamespaces289.yaml,Pod,61,14,14,7,21,0,18,481,191,1,201235.72,33.04,201268.76,True,True,True,32,3,46.15,100.0,
hostnamespaces29.yaml,Pod,61,14,14,7,21,0,12,481,191,1,204039.93,29.18,204069.11,True,True,True,35,3,32.14,100.0,
hostnamespaces290.yaml,Pod,61,14,14,7,21,0,18,481,191,1,202957.08,30.85,202987.93,True,True,True,32,3,46.15,100.0,
hostnamespaces291.yaml,Pod,61,14,14,7,21,0,18,481,191,1,203790.3,31.0,203821.3,True,True,True,32,3,46.15,100.0,
hostnamespaces292.yaml,Pod,61,14,14,7,21,0,18,481,191,1,201982.4,31.81,202014.21,True,True,True,32,3,46.15,100.0,
hostnamespaces293.yaml,Pod,61,14,14,7,21,0,18,481,191,1,198414.49,31.55,198446.04,True,True,True,32,3,46.15,100.0,
hostnamespaces294.yaml,Pod,61,14,14,7,21,0,18,481,191,1,195060.41,30.08,195090.49,True,True,True,32,3,46.15,100.0,
hostnamespaces295.yaml,Pod,61,14,14,7,21,0,18,481,191,1,195451.78,30.26,195482.04,True,True,True,32,3,46.15,100.0,
hostnamespaces296.yaml,Pod,61,14,14,7,21,0,18,481,191,1,196997.93,30.41,197028.34,True,True,True,32,3,46.15,100.0,
hostnamespaces297.yaml,Pod,61,14,14,7,21,0,21,481,191,1,198039.76,31.84,198071.6,True,True,True,32,3,49.28,100.0,
hostnamespaces298.yaml,Pod,61,14,14,7,21,0,14,481,191,1,192131.21,29.84,192161.05,True,True,True,34,3,37.29,100.0,
hostnamespaces299.yaml,Pod,61,14,14,7,21,0,21,481,191,1,196800.64,32.12,196832.76,True,True,True,32,3,49.28,100.0,
hostName_1.yaml,StatefulSet,31,7,7,5,12,0,35,424,176,1,109281.0,32.44,109313.44,True,True,True,16,1,79.01,100.0,
host_based_ingress.yaml,Ingress,3,1,1,0,1,0,16,4,2,2,14970.68,21.7,14992.38,True,True,True,6,2,85.71,100.0,
role-binding-auth-reader1.yaml,RoleBinding,4,0,0,0,0,0,17,12,0,3,7673.14,0.0,7673.14,True,True,True,0,0,100.0,
role-binding-auth-reader3.yaml,RoleBinding,4,0,0,0,0,0,17,12,0,3,8017.15,0.0,8017.15,True,True,True,0,0,100.0,
Role-Binding1.yaml,RoleBinding,4,0,0,0,0,0,13,12,0,2,7669.14,0.0,7669.14,True,True,True,0,0,100.0,
Role-Binding10.yaml,RoleBinding,4,0,0,0,0,0,13,12,0,2,7872.1,0.0,7872.1,True,True,True,0,0,100.0,
role-binding11.yaml,RoleBinding,4,1,1,0,1,0,14,12,4,1,22634.0,10.96,22644.96,True,True,True,5,5,61.54,100.0,
role-binding12.yaml,RoleBinding,4,0,0,0,0,0,14,12,0,1,7817.4,0.0,7817.4,True,True,True,0,0,100.0,
role-binding13.yaml,RoleBinding,4,0,0,0,0,0,12,12,0,1,7637.87,0.0,7637.87,True,True,True,0,0,100.0,
role-binding14.yaml,RoleBinding,4,0,0,0,0,0,12,12,0,1,7635.18,0.0,7635.18,True,True,True,0,0,100.0,
role-binding15.yaml,RoleBinding,4,0,0,0,0,0,14,12,0,1,7839.85,0.0,7839.85,True,True,True,0,0,100.0,
role-binding16.yaml,RoleBinding,4,0,0,0,0,0,14,12,0,1,7562.28,0.0,7562.28,True,True,True,0,0,100.0,
role-binding17.yaml,RoleBinding,4,0,0,0,0,0,14,12,0,1,7913.76,0.0,7913.76,True,True,True,0,0,100.0,
role-binding18.yaml,RoleBinding,4,0,0,0,0,0,14,12,0,1,7686.7,0.0,7686.7,True,True,True,0,0,100.0,
role-binding19.yaml,RoleBinding,4,0,0,0,0,0,13,12,0,1,7571.6,0.0,7571.6,True,True,True,0,0,100.0,
role-binding2.yaml,RoleBinding,4,0,0,0,0,0,13,12,0,1,7877.75,0.0,7877.75,True,True,True,0,0,100.0,
role-binding20.yaml,RoleBinding,4,0,0,0,0,0,14,12,0,1,7621.83,0.0,7621.83,True,True,True,0,0,100.0,
role-binding21.yaml,RoleBinding,4,0,0,0,0,0,14,12,0,1,7684.42,0.0,7684.42,True,True,True,0,0,100.0,
role-binding22.yaml,RoleBinding,4,0,0,0,0,0,13,12,0,1,7941.9,0.0,7941.9,True,True,True,0,0,100.0,
role-binding27.yaml,RoleBinding,4,0,0,0,0,0,14,12,0,1,7763.48,0.0,7763.48,True,True,True,0,0,100.0,
role-binding3.yaml,RoleBinding,4,0,0,0,0,0,14,12,0,1,7766.48,0.0,7766.48,True,True,True,0,0,100.0,
role-binding31.yaml,RoleBinding,4,0,0,0,0,0,13,12,0,1,8002.59,0.0,8002.59,True,True,True,0,0,100.0,
role-binding32.yaml,RoleBinding,4,0,0,0,0,0,14,12,0,1,7630.77,0.0,7630.77,True,True,True,0,0,100.0,
role-binding33.yaml,RoleBinding,4,0,0,0,0,0,14,12,0,1,7664.64,0.0,7664.64,True,True,True,0,0,100.0,
role-binding34.yaml,RoleBinding,4,0,0,0,0,0,14,12,0,1,7931.92,0.0,7931.92,True,True,True,0,0,100.0,
role-binding35.yaml,RoleBinding,4,0,0,0,0,0,13,12,0,1,7616.18,0.0,7616.18,True,True,True,0,0,100.0,
role-binding36.yaml,RoleBinding,4,0,0,0,0,0,13,12,0,2,7952.62,0.0,7952.62,True,True,True,0,0,100.0,
role-binding37.yaml,RoleBinding,4,0,0,0,0,0,12,12,0,1,7559.88,0.0,7559.88,True,True,True,0,0,100.0,
role-binding38.yaml,RoleBinding,4,0,0,0,0,0,14,12,0,1,7489.85,0.0,7489.85,True,True,True,0,0,100.0,
role-binding39.yaml,RoleBinding,4,0,0,0,0,0,13,12,0,1,7921.18,0.0,7921.18,True,True,True,0,0,100.0,
Role-Binding4.yaml,RoleBinding,4,0,0,0,0,0,13,12,0,2,7597.84,0.0,7597.84,True,True,True,0,0,100.0,
role-binding41.yaml,RoleBinding,4,0,0,0,0,0,14,12,0,1,7593.86,0.0,7593.86,True,True,True,0,0,100.0,
role-binding42.yaml,RoleBinding,4,0,0,0,0,0,14,12,0,1,7828.38,0.0,7828.38,True,True,True,0,0,100.0,
role-binding46.yaml,RoleBinding,4,0,0,0,0,0,13,12,0,2,7542.36,0.0,7542.36,True,True,True,0,0,100.0,
role-binding47.yaml,RoleBinding,4,0,0,0,0,0,14,12,0,1,7671.84,0.0,7671.84,True,True,True,0,0,100.0,
role-binding48.yaml,RoleBinding,4,0,0,0,0,0,13,12,0,1,7712.51,0.0,7712.51,True,True,True,0,0,100.0,
role-binding49.yaml,RoleBinding,4,0,0,0,0,0,14,12,0,1,7583.3,0.0,7583.3,True,True,True,0,0,100.0,
role-binding5.yaml,RoleBinding,4,1,1,0,1,0,14,12,4,1,22321.23,10.82,22332.05,True,True,True,5,5,61.54,100.0,
role-binding52.yaml,RoleBinding,4,0,0,0,0,0,13,12,0,1,7894.22,0.0,7894.22,True,True,True,0,0,100.0,
role-binding53.yaml,RoleBinding,4,0,0,0,0,0,13,12,0,1,7606.69,0.0,7606.69,True,True,True,0,0,100.0,
role-binding54.yaml,RoleBinding,4,1,1,0,1,0,14,12,4,1,22558.65,11.11,22569.76,True,True,True,5,5,61.54,100.0,
role-binding55.yaml,RoleBinding,4,0,0,0,0,0,12,12,0,1,7960.62,0.0,7960.62,True,True,True,0,0,100.0,
role-binding57.yaml,RoleBinding,4,0,0,0,0,0,12,12,0,1,7925.4,0.0,7925.4,True,True,True,0,0,100.0,
role-binding58.yaml,ClusterRoleBinding,4,0,0,0,0,0,14,12,0,1,7626.11,0.0,7626.11,True,True,True,0,0,100.0,
role-binding60.yaml,RoleBinding,4,0,0,0,0,0,14,12,0,1,7642.19,0.0,7642.19,True,True,True,0,0,100.0,
role-binding61.yaml,ClusterRoleBinding,4,1,1,0,1,0,14,12,4,1,22601.13,10.91,22612.04,True,True,True,1,1,92.31,100.0,
role-binding61_1.yaml,ServiceAccount,3,0,0,0,0,0,5,7,0,1,7630.08,0.0,7630.08,True,True,True,0,0,100.0,
role-binding62.yaml,RoleBinding,4,0,0,0,0,0,13,12,0,1,7519.54,0.0,7519.54,True,True,True,0,0,100.0,
role-binding63.yaml,RoleBinding,4,0,0,0,0,0,14,12,0,1,7982.83,0.0,7982.83,True,True,True,0,0,100.0,
role-binding64_1.yaml,ClusterRoleBinding,4,0,0,0,0,0,13,12,0,1,7617.88,0.0,7617.88,True,True,True,0,0,100.0,
role-binding65.yaml,RoleBinding,4,0,0,0,0,0,14,12,0,1,7921.24,0.0,7921.24,True,True,True,0,0,100.0,
role-binding66.yaml,RoleBinding,4,0,0,0,0,0,13,12,0,1,8000.26,0.0,8000.26,True,True,True,0,0,100.0,
role-binding6_1.yaml,RoleBinding,4,0,0,0,0,0,14,12,0,1,7705.49,0.0,7705.49,True,True,True,0,0,100.0,
Role-Binding7.yaml,RoleBinding,4,0,0,0,0,0,13,12,0,2,7689.54,0.0,7689.54,True,True,True,0,0,100.0,
role-binding8.yaml,RoleBinding,4,0,0,0,0,0,13,12,0,1,7730.43,0.0,7730.43,True,True,True,0,0,100.0,
role-binding9.yaml,RoleBinding,4,0,0,0,0,0,14,12,0,1,7844.16,0.0,7844.16,True,True,True,0,0,100.0,
role-binding_1.yaml,RoleBinding,4,0,0,0,0,0,14,12,0,1,8053.23,0.0,8053.23,True,True,True,0,0,100.0,
role896_1.yaml,ClusterRoleBinding,4,0,0,0,0,0,13,12,0,1,8269.33,0.0,8269.33,True,True,True,0,0,100.0,
role896_2.yaml,ServiceAccount,3,0,0,0,0,0,4,7,0,1,8239.81,0.0,8239.81,True,True,True,0,0,100.0,
role896_3.yaml,Secret,4,0,0,0,0,0,8,14,0,1,7924.94,0.0,7924.94,True,True,True,0,0,100.0,
rolebiinding.yaml,RoleBinding,4,0,0,0,0,0,14,12,0,1,7644.69,0.0,7644.69,True,True,True,0,0,100.0,
rolebind.yaml,RoleBinding,4,0,0,0,0,0,14,12,0,1,7657.21,0.0,7657.21,True,True,True,0,0,100.0,
rolebind1.yaml,RoleBinding,4,0,0,0,0,0,14,12,0,1,8001.43,0.0,8001.43,True,True,True,0,0,100.0,
rolebind2.yaml,RoleBinding,4,0,0,0,0,0,14,12,0,1,7630.7,0.0,7630.7,True,True,True,0,0,100.0,
rolebind3.yaml,RoleBinding,4,0,0,0,0,0,14,12,0,1,7783.81,0.0,7783.81,True,True,True,0,0,100.0,
rolebinding-0.yaml,RoleBinding,4,0,0,0,0,0,17,12,0,1,8058.12,0.0,8058.12,True,True,True,0,0,100.0,
rolebinding-01.yaml,RoleBinding,4,0,0,0,0,0,17,12,0,1,7815.33,0.0,7815.33,True,True,True,0,0,100.0,
rolebinding-02.yaml,RoleBinding,4,0,0,0,0,0,17,12,0,1,7587.86,0.0,7587.86,True,True,True,0,0,100.0,
rolebinding-03.yaml,RoleBinding,4,0,0,0,0,0,17,12,0,1,8018.32,0.0,8018.32,True,True,True,0,0,100.0,
rolebinding-04.yaml,RoleBinding,4,0,0,0,0,0,17,12,0,2,7572.19,0.0,7572.19,True,True,True,0,0,100.0,
rolebinding-anvesh-pod-reader.yaml,RoleBinding,4,0,0,0,0,0,14,12,0,1,7824.64,0.0,7824.64,True,True,True,0,0,100.0,
RoleBinding-argocd-application-controller.yaml,RoleBinding,4,0,0,0,0,0,17,12,0,4,7443.13,0.0,7443.13,True,True,True,0,0,100.0,
RoleBinding-argocd-applicationset-controller.yaml,RoleBinding,4,0,0,0,0,0,17,12,0,4,7597.31,0.0,7597.31,True,True,True,0,0,100.0,
RoleBinding-argocd-dex-server.yaml,RoleBinding,4,0,0,0,0,0,17,12,0,4,7879.05,0.0,7879.05,True,True,True,0,0,100.0,
RoleBinding-argocd-notifications-controller.yaml,RoleBinding,4,0,0,0,0,0,17,12,0,4,7549.71,0.0,7549.71,True,True,True,0,0,100.0,
RoleBinding-argocd-redis-secret-init.yaml,RoleBinding,4,0,0,0,0,0,19,12,0,8,7725.85,0.0,7725.85,True,True,True,0,0,100.0,
RoleBinding-argocd-repo-server.yaml,RoleBinding,4,0,0,0,0,0,17,12,0,4,7778.2,0.0,7778.2,True,True,True,0,0,100.0,
RoleBinding-argocd-server.yaml,RoleBinding,4,0,0,0,0,0,17,12,0,4,7574.57,0.0,7574.57,True,True,True,0,0,100.0,
RoleBinding-cilium-config-agent.yaml,RoleBinding,4,0,0,0,0,0,17,12,0,1,7537.44,0.0,7537.44,True,True,True,0,0,100.0,
RoleBinding-cilium-operator-tlsinterception-secrets.yaml,RoleBinding,4,0,0,0,0,0,17,12,0,1,7823.67,0.0,7823.67,True,True,True,0,0,100.0,
RoleBinding.pod-reader.yaml,RoleBinding,4,0,0,0,0,0,12,12,0,1,7553.48,0.0,7553.48,True,True,True,0,0,100.0,
rolebinding.template.yaml,ClusterRoleBinding,4,0,0,0,0,0,13,12,0,1,7671.58,0.0,7671.58,True,True,True,0,0,100.0,
rolebinding.template1.yaml,ClusterRoleBinding,4,0,0,0,0,0,13,12,0,1,7860.28,0.0,7860.28,True,True,True,0,0,100.0,
rolebinding108.yaml,ClusterRoleBinding,4,0,0,0,0,0,13,12,0,1,7635.9,0.0,7635.9,True,True,True,0,0,100.0,
rolebinding109.yaml,ClusterRoleBinding,4,0,0,0,0,0,13,12,0,1,8138.44,0.0,8138.44,True,True,True,0,0,100.0,
rolebinding11.yaml,RoleBinding,4,0,0,0,0,0,14,12,0,1,7523.04,0.0,7523.04,True,True,True,0,0,100.0,
RoleBinding1100.yaml,RoleBinding,4,0,0,0,0,0,14,12,0,1,7518.77,0.0,7518.77,True,True,True,0,0,100.0,
rolebinding119.yaml,ClusterRoleBinding,4,0,0,0,0,0,13,12,0,1,7866.43,0.0,7866.43,True,True,True,0,0,100.0,
rolebinding12.yaml,RoleBinding,4,0,0,0,0,0,13,12,0,1,7696.28,0.0,7696.28,True,True,True,0,0,100.0,
rolebinding120.yaml,RoleBinding,4,0,0,0,0,0,12,12,0,1,7631.58,0.0,7631.58,True,True,True,0,0,100.0,
rolebinding13.yaml,RoleBinding,4,0,0,0,0,0,13,12,0,1,7908.72,0.0,7908.72,True,True,True,0,0,100.0,
rolebinding133.yaml,RoleBinding,4,0,0,0,0,0,14,12,0,1,7668.16,0.0,7668.16,True,True,True,0,0,100.0,
rolebinding134.yaml,RoleBinding,4,0,0,0,0,0,14,12,0,1,7682.16,0.0,7682.16,True,True,True,0,0,100.0,
rolebinding14.yaml,RoleBinding,4,0,0,0,0,0,14,12,0,1,7979.43,0.0,7979.43,True,True,True,0,0,100.0,
rolebinding15.yaml,RoleBinding,4,0,0,0,0,0,17,12,0,2,7676.14,0.0,7676.14,True,True,True,0,0,100.0,
roleBinding156.yaml,RoleBinding,4,0,0,0,0,0,13,12,0,1,7975.38,0.0,7975.38,True,True,True,0,0,100.0,
rolebinding157.yaml,RoleBinding,4,0,0,0,0,0,14,12,0,1,7475.54,0.0,7475.54,True,True,True,0,0,100.0,
rolebinding16.yaml,RoleBinding,4,0,0,0,0,0,17,12,0,5,8535.0,0.0,8535.0,True,True,True,0,0,100.0,
RoleBinding160.yaml,RoleBinding,4,0,0,0,0,0,14,12,0,1,8166.77,0.0,8166.77,True,True,True,0,0,100.0,
rolebinding17.yaml,RoleBinding,4,0,0,0,0,0,20,12,0,16,7668.92,0.0,7668.92,True,True,True,0,0,100.0,
rolebinding171.yaml,ClusterRoleBinding,4,0,0,0,0,0,13,12,0,1,7619.68,0.0,7619.68,True,True,True,0,0,100.0,
rolebinding172.yaml,ClusterRoleBinding,4,0,0,0,0,0,13,12,0,1,8026.07,0.0,8026.07,True,True,True,0,0,100.0,
rolebinding173.yaml,RoleBinding,4,0,0,0,0,0,14,12,0,1,7689.13,0.0,7689.13,True,True,True,0,0,100.0,
rolebinding18.yaml,RoleBinding,4,0,0,0,0,0,14,12,0,1,7748.8,0.0,7748.8,True,True,True,0,0,100.0,
rolebinding19.yaml,RoleBinding,4,0,0,0,0,0,14,12,0,1,7801.07,0.0,7801.07,True,True,True,0,0,100.0,
rolebinding20.yaml,RoleBinding,4,0,0,0,0,0,12,12,0,1,7575.65,0.0,7575.65,True,True,True,0,0,100.0,
rolebinding203.yaml,RoleBinding,4,0,0,0,0,0,15,12,0,1,7716.3,0.0,7716.3,True,True,True,0,0,100.0,
rolebinding204.yaml,RoleBinding,4,0,0,0,0,0,14,12,0,1,8073.74,0.0,8073.74,True,True,True,0,0,100.0,
RoleBinding225.yaml,RoleBinding,4,0,0,0,0,0,14,12,0,1,7713.2,0.0,7713.2,True,True,True,0,0,100.0,
rolebinding229.yaml,RoleBinding,4,0,0,0,0,0,14,12,0,1,7925.38,0.0,7925.38,True,True,True,0,0,100.0,
RoleBinding230.yaml,RoleBinding,4,0,0,0,0,0,13,12,0,1,7582.98,0.0,7582.98,True,True,True,0,0,100.0,
rolebinding231.yaml,RoleBinding,4,0,0,0,0,0,14,12,0,1,7619.26,0.0,7619.26,True,True,True,0,0,100.0,
rolebinding246.yaml,RoleBinding,4,0,0,0,0,0,14,12,0,1,7931.25,0.0,7931.25,True,True,True,0,0,100.0,
rolebinding271.yaml,ClusterRoleBinding,4,1,1,0,1,0,13,12,4,1,24101.47,11.04,24112.51,True,True,True,4,4,84.62,100.0,
rolebinding290.yaml,RoleBinding,4,0,0,0,0,0,14,12,0,1,7974.51,0.0,7974.51,True,True,True,0,0,100.0,
rolebinding291.yaml,RoleBinding,4,0,0,0,0,0,14,12,0,1,7676.58,0.0,7676.58,True,True,True,0,0,100.0,
rolebinding292.yaml,RoleBinding,4,0,0,0,0,0,14,12,0,1,8180.8,0.0,8180.8,True,True,True,0,0,100.0,
rolebinding293.yaml,RoleBinding,4,0,0,0,0,0,14,12,0,1,7808.7,0.0,7808.7,True,True,True,0,0,100.0,
RoleBinding296.yaml,RoleBinding,4,0,0,0,0,0,14,12,0,1,7659.21,0.0,7659.21,True,True,True,0,0,100.0,
RoleBinding297.yaml,RoleBinding,4,0,0,0,0,0,13,12,0,1,8244.53,0.0,8244.53,True,True,True,0,0,100.0,
rolebinding30.yaml,RoleBinding,4,0,0,0,0,0,14,12,0,1,7946.95,0.0,7946.95,True,True,True,0,0,100.0,
RoleBinding301.yaml,RoleBinding,4,0,0,0,0,0,13,12,0,4,8113.23,0.0,8113.23,True,True,True,0,0,100.0,
RoleBinding302.yaml,RoleBinding,4,0,0,0,0,0,13,12,0,1,7612.41,0.0,7612.41,True,True,True,0,0,100.0,
RoleBinding303.yaml,RoleBinding,4,0,0,0,0,0,14,12,0,1,7917.38,0.0,7917.38,True,True,True,0,0,100.0,
RoleBinding304.yaml,RoleBinding,4,0,0,0,0,0,14,12,0,1,8893.58,0.0,8893.58,True,True,True,0,0,100.0,
rolebinding31.yaml,ClusterRoleBinding,4,0,0,0,0,0,13,12,0,1,7994.73,0.0,7994.73,True,True,True,0,0,100.0,
rolebinding328.yaml,RoleBinding,4,0,0,0,0,0,14,12,0,1,7682.97,0.0,7682.97,True,True,True,0,0,100.0,
rolebinding329.yaml,RoleBinding,4,0,0,0,0,0,20,12,0,12,8066.0,0.0,8066.0,True,True,True,0,0,100.0,
rolebinding330.yaml,RoleBinding,4,0,0,0,0,0,17,12,0,2,7823.23,0.0,7823.23,True,True,True,0,0,100.0,
rolebinding331.yaml,RoleBinding,4,0,0,0,0,0,17,12,0,2,7959.32,0.0,7959.32,True,True,True,0,0,100.0,
rolebinding332.yaml,RoleBinding,4,0,0,0,0,0,17,12,0,2,7854.59,0.0,7854.59,True,True,True,0,0,100.0,
rolebinding333.yaml,RoleBinding,4,0,0,0,0,0,14,12,0,1,7883.87,0.0,7883.87,True,True,True,0,0,100.0,
rolebinding348.yaml,RoleBinding,4,0,0,0,0,0,14,12,0,1,8321.48,0.0,8321.48,True,True,True,0,0,100.0,
rolebinding349.yaml,RoleBinding,4,0,0,0,0,0,16,12,0,1,7904.23,0.0,7904.23,True,True,True,0,0,100.0,
rolebinding350.yaml,RoleBinding,4,0,0,0,0,0,13,12,0,1,7747.08,0.0,7747.08,True,True,True,0,0,100.0,
rolebinding351.yaml,RoleBinding,4,0,0,0,0,0,16,12,0,1,8050.47,0.0,8050.47,True,True,True,0,0,100.0,
rolebinding352.yaml,RoleBinding,4,0,0,0,0,0,13,12,0,1,7789.46,0.0,7789.46,True,True,True,0,0,100.0,
roleBinding353.yaml,RoleBinding,4,0,0,0,0,0,12,12,0,1,7785.09,0.0,7785.09,True,True,True,0,0,100.0,
rolebinding360.yaml,RoleBinding,4,0,0,0,0,0,14,12,0,1,8320.24,0.0,8320.24,True,True,True,0,0,100.0,
rolebinding361.yaml,RoleBinding,4,0,0,0,0,0,14,12,0,1,8040.18,0.0,8040.18,True,True,True,0,0,100.0,
roleBinding363.yaml,RoleBinding,4,0,0,0,0,0,13,12,0,1,8010.66,0.0,8010.66,True,True,True,0,0,100.0,
rolebinding371.yaml,RoleBinding,4,0,0,0,0,0,12,12,0,1,8663.36,0.0,8663.36,True,True,True,0,0,100.0,
RoleBinding372.yaml,RoleBinding,4,0,0,0,0,0,14,12,0,3,8072.99,0.0,8072.99,True,True,True,0,0,100.0,
rolebinding373.yaml,RoleBinding,4,0,0,0,0,0,14,12,0,1,8121.61,0.0,8121.61,True,True,True,0,0,100.0,
rolebinding378.yaml,RoleBinding,4,0,0,0,0,0,17,12,0,3,8347.06,0.0,8347.06,True,True,True,0,0,100.0,
rolebinding379.yaml,RoleBinding,4,0,0,0,0,0,17,12,0,3,7869.25,0.0,7869.25,True,True,True,0,0,100.0,
rolebinding38.yaml,RoleBinding,4,0,0,0,0,0,14,12,0,1,8295.41,0.0,8295.41,True,True,True,0,0,100.0,
rolebinding380.yaml,RoleBinding,4,0,0,0,0,0,15,12,0,1,7896.59,0.0,7896.59,True,True,True,0,0,100.0,
rolebinding381.yaml,RoleBinding,4,0,0,0,0,0,14,12,0,1,7937.22,0.0,7937.22,True,True,True,0,0,100.0,
rolebinding382.yaml,RoleBinding,4,0,0,0,0,0,14,12,0,1,8250.19,0.0,8250.19,True,True,True,0,0,100.0,
RoleBinding383.yaml,RoleBinding,4,0,0,0,0,0,14,12,0,1,7859.28,0.0,7859.28,True,True,True,0,0,100.0,
rolebinding388.yaml,RoleBinding,4,0,0,0,0,0,14,12,0,1,7623.96,0.0,7623.96,True,True,True,0,0,100.0,
RoleBinding389.yaml,RoleBinding,4,0,0,0,0,0,14,12,0,1,8393.64,0.0,8393.64,True,True,True,0,0,100.0,
rolebinding39.yaml,RoleBinding,4,0,0,0,0,0,14,12,0,1,8046.4,0.0,8046.4,True,True,True,0,0,100.0,
rolebinding396.yaml,RoleBinding,4,0,0,0,0,0,14,12,0,1,7951.61,0.0,7951.61,True,True,True,0,0,100.0,
rolebinding399.yaml,ClusterRoleBinding,4,0,0,0,0,0,13,12,0,1,8294.62,0.0,8294.62,True,True,True,0,0,100.0,
rolebinding40.yaml,RoleBinding,4,0,0,0,0,0,13,12,0,1,7945.61,0.0,7945.61,True,True,True,0,0,100.0,
rolebinding416.yaml,RoleBinding,4,0,0,0,0,0,20,12,0,12,8289.43,0.0,8289.43,True,True,True,0,0,100.0,
rolebinding417.yaml,RoleBinding,4,0,0,0,0,0,17,12,0,2,8080.25,0.0,8080.25,True,True,True,0,0,100.0,
rolebinding418.yaml,RoleBinding,4,0,0,0,0,0,17,12,0,2,8031.04,0.0,8031.04,True,True,True,0,0,100.0,
rolebinding419.yaml,RoleBinding,4,0,0,0,0,0,17,12,0,2,8255.87,0.0,8255.87,True,True,True,0,0,100.0,
rolebinding421.yaml,ClusterRoleBinding,4,1,1,0,1,0,14,12,4,1,23399.54,11.37,23410.91,True,True,True,4,4,71.43,100.0,
rolebinding422.yaml,RoleBinding,4,0,0,0,0,0,14,12,0,2,7883.31,0.0,7883.31,True,True,True,0,0,100.0,
rolebinding43.yaml,RoleBinding,4,0,0,0,0,0,14,12,0,1,7881.93,0.0,7881.93,True,True,True,0,0,100.0,
rolebinding44.yaml,RoleBinding,4,0,0,0,0,0,13,12,0,1,8092.98,0.0,8092.98,True,True,True,0,0,100.0,
rolebinding440.yaml,RoleBinding,4,0,0,0,0,0,14,12,0,1,7935.83,0.0,7935.83,True,True,True,0,0,100.0,
rolebinding448.yaml,RoleBinding,4,0,0,0,0,0,13,12,0,1,7909.6,0.0,7909.6,True,True,True,0,0,100.0,
rolebinding45.yaml,RoleBinding,4,0,0,0,0,0,13,12,0,1,8136.44,0.0,8136.44,True,True,True,0,0,100.0,
rolebinding46.yaml,RoleBinding,4,0,0,0,0,0,14,12,0,1,7900.58,0.0,7900.58,True,True,True,0,0,100.0,
rolebinding47.yaml,RoleBinding,4,0,0,0,0,0,17,12,0,2,8104.45,0.0,8104.45,True,True,True,0,0,100.0,
rolebinding475.yaml,RoleBinding,4,0,0,0,0,0,14,12,0,1,8269.78,0.0,8269.78,True,True,True,0,0,100.0,
rolebinding48.yaml,RoleBinding,4,0,0,0,0,0,17,12,0,5,8017.76,0.0,8017.76,True,True,True,0,0,100.0,
rolebinding480.yaml,Unknown,SCHEMA_ERROR,,,,,,0,0,0,0,108.62,0.0,108.62,,,,0,0,0.0,0.0,"C:\Users\CAOSD\projects\tool-security-rules\resources\dataset_yamls\original_yamls_10k\rolebinding480.yaml - RoleBinding loki-promtail is invalid: problem validating schema. Check JSON formatting: jsonschema validation failed with 'https://raw.githubusercontent.com/yannh/kubernetes-json-schema/master/master-standalone-strict/rolebinding-rbac-v1.json#' - at '/roleRef': additional properties 'namespace' not allowed | Summary: 1 resource found in 1 file - Valid: 0, Invalid: 1, Errors: 0, Skipped: 0"
rolebinding481.yaml,RoleBinding,4,0,0,0,0,0,15,12,0,1,8226.38,0.0,8226.38,True,True,True,0,0,100.0,
rolebinding483.yaml,RoleBinding,4,0,0,0,0,0,13,12,0,1,7799.13,0.0,7799.13,True,True,True,0,0,100.0,
rolebinding485.yaml,ClusterRoleBinding,4,0,0,0,0,0,17,12,0,5,8027.56,0.0,8027.56,True,True,True,0,0,100.0,
rolebinding486.yaml,RoleBinding,4,0,0,0,0,0,16,12,0,1,8469.85,0.0,8469.85,True,True,True,0,0,100.0,
rolebinding487.yaml,RoleBinding,4,0,0,0,0,0,16,12,0,1,8119.21,0.0,8119.21,True,True,True,0,0,100.0,
rolebinding488.yaml,RoleBinding,4,0,0,0,0,0,17,12,0,1,8057.8,0.0,8057.8,True,True,True,0,0,100.0,
rolebinding49.yaml,RoleBinding,4,0,0,0,0,0,20,12,0,16,8248.57,0.0,8248.57,True,True,True,0,0,100.0,
rolebinding493.yaml,RoleBinding,4,0,0,0,0,0,17,12,0,2,8150.04,0.0,8150.04,True,True,True,0,0,100.0,
rolebinding494.yaml,Unknown,SCHEMA_ERROR,,,,,,0,0,0,0,112.56,0.0,112.56,,,,0,0,0.0,0.0,"C:\Users\CAOSD\projects\tool-security-rules\resources\dataset_yamls\original_yamls_10k\rolebinding494.yaml - RoleBinding  is invalid: problem validating schema. Check JSON formatting: jsonschema validation failed with 'https://raw.githubusercontent.com/yannh/kubernetes-json-schema/master/master-standalone-strict/rolebinding-rbac-v1.json#' - at '/subjects/0': missing property 'name' - at '/roleRef': missing property 'name' | Summary: 1 resource found in 1 file - Valid: 0, Invalid: 1, Errors: 0, Skipped: 0"
rolebinding495.yaml,Unknown,SCHEMA_ERROR,,,,,,0,0,0,0,106.39,0.0,106.39,,,,0,0,0.0,0.0,"C:\Users\CAOSD\projects\tool-security-rules\resources\dataset_yamls\original_yamls_10k\rolebinding495.yaml - RoleBinding  is invalid: problem validating schema. Check JSON formatting: jsonschema validation failed with 'https://raw.githubusercontent.com/yannh/kubernetes-json-schema/master/master-standalone-strict/rolebinding-rbac-v1.json#' - at '/roleRef': missing property 'name' - at '/subjects/0': missing property 'name' | Summary: 1 resource found in 1 file - Valid: 0, Invalid: 1, Errors: 0, Skipped: 0"
rolebinding496.yaml,RoleBinding,4,0,0,0,0,0,13,12,0,1,8146.49,0.0,8146.49,True,True,True,0,0,100.0,
rolebinding497.yaml,RoleBinding,4,0,0,0,0,0,13,12,0,1,7839.13,0.0,7839.13,True,True,True,0,0,100.0,
rolebinding498.yaml,RoleBinding,4,0,0,0,0,0,14,12,0,1,8135.75,0.0,8135.75,True,True,True,0,0,100.0,
rolebinding50.yaml,RoleBinding,4,0,0,0,0,0,14,12,0,1,8171.64,0.0,8171.64,True,True,True,0,0,100.0,
rolebinding500.yaml,Unknown,SCHEMA_ERROR,,,,,,0,0,0,0,103.94,0.0,103.94,,,,0,0,0.0,0.0,"C:\Users\CAOSD\projects\tool-security-rules\resources\dataset_yamls\original_yamls_10k\rolebinding500.yaml - RoleBinding  is invalid: problem validating schema. Check JSON formatting: jsonschema validation failed with 'https://raw.githubusercontent.com/yannh/kubernetes-json-schema/master/master-standalone-strict/rolebinding-rbac-v1.json#' - at '/roleRef': missing property 'name' - at '/subjects/0': missing property 'name' | Summary: 1 resource found in 1 file - Valid: 0, Invalid: 1, Errors: 0, Skipped: 0"
rolebinding501.yaml,ClusterRoleBinding,4,0,0,0,0,0,17,12,0,5,7861.06,0.0,7861.06,True,True,True,0,0,100.0,
rolebinding502.yaml,ClusterRoleBinding,4,0,0,0,0,0,15,12,0,1,8055.04,0.0,8055.04,True,True,True,0,0,100.0,
rolebinding503.yaml,RoleBinding,4,0,0,0,0,0,15,12,0,1,8454.54,0.0,8454.54,True,True,True,0,0,100.0,
rolebinding506.yaml,RoleBinding,4,0,0,0,0,0,14,12,0,2,8122.92,0.0,8122.92,True,True,True,0,0,100.0,
rolebinding51.yaml,RoleBinding,4,0,0,0,0,0,14,12,0,1,7933.19,0.0,7933.19,True,True,True,0,0,100.0,
rolebinding52.yaml,RoleBinding,4,0,0,0,0,0,12,12,0,1,7807.07,0.0,7807.07,True,True,True,0,0,100.0,
rolebinding528.yaml,RoleBinding,4,0,0,0,0,0,12,12,0,2,7579.1,0.0,7579.1,True,True,True,0,0,100.0,
rolebinding563.yaml,ClusterRoleBinding,4,0,0,0,0,0,12,12,0,1,7710.26,0.0,7710.26,True,True,True,0,0,100.0,
rolebinding6.yaml,RoleBinding,4,0,0,0,0,0,14,12,0,1,8117.63,0.0,8117.63,True,True,True,0,0,100.0,
rolebinding62.yaml,RoleBinding,4,0,0,0,0,0,14,12,0,1,7755.28,0.0,7755.28,True,True,True,0,0,100.0,
rolebinding63.yaml,ClusterRoleBinding,4,0,0,0,0,0,13,12,0,1,8529.79,0.0,8529.79,True,True,True,0,0,100.0,
RoleBinding65.yaml,RoleBinding,4,0,0,0,0,0,14,12,0,1,7743.4,0.0,7743.4,True,True,True,0,0,100.0,
rolebinding7.yaml,RoleBinding,4,0,0,0,0,0,14,12,0,1,7553.7,0.0,7553.7,True,True,True,0,0,100.0,
rolebinding71.yaml,ServiceAccount,3,0,0,0,0,0,5,7,0,1,8111.83,0.0,8111.83,True,True,True,0,0,100.0,
rolebinding71_2.yaml,ClusterRoleBinding,4,0,0,0,0,0,13,12,0,1,7886.41,0.0,7886.41,True,True,True,0,0,100.0,
rolebinding71_4.yaml,RoleBinding,4,0,0,0,0,0,14,12,0,1,7992.32,0.0,7992.32,True,True,True,0,0,100.0,
rolebinding72.yaml,RoleBinding,4,0,0,0,0,0,12,12,0,1,7857.3,0.0,7857.3,True,True,True,0,0,100.0,
rolebinding8.yaml,Unknown,SCHEMA_ERROR,,,,,,0,0,0,0,7017.77,0.0,7017.77,,,,0,0,0.0,0.0,Timeout_Exceeded
rolebinding97.yaml,RoleBinding,4,0,0,0,0,0,14,12,0,1,8243.09,0.0,8243.09,True,True,True,0,0,100.0,
RoleBinding_11.yaml,RoleBinding,4,0,0,0,0,0,14,12,0,1,8244.42,0.0,8244.42,True,True,True,0,0,100.0,
RoleBinding_13.yaml,RoleBinding,4,0,0,0,0,0,14,12,0,1,8256.19,0.0,8256.19,True,True,True,0,0,100.0,
RoleBinding_14.yaml,RoleBinding,4,0,0,0,0,0,14,12,0,1,8018.65,0.0,8018.65,True,True,True,0,0,100.0,
RoleBinding_15.yaml,RoleBinding,4,0,0,0,0,0,14,12,0,1,7885.14,0.0,7885.14,True,True,True,0,0,100.0,
RoleBinding_16.yaml,RoleBinding,4,0,0,0,0,0,14,12,0,1,8103.15,0.0,8103.15,True,True,True,0,0,100.0,
RoleBinding_17.yaml,RoleBinding,4,0,0,0,0,0,14,12,0,1,7843.37,0.0,7843.37,True,True,True,0,0,100.0,
RoleBinding_19.yaml,RoleBinding,4,0,0,0,0,0,13,12,0,1,8467.8,0.0,8467.8,True,True,True,0,0,100.0,
RoleBinding_21.yaml,RoleBinding,4,0,0,0,0,0,14,12,0,1,7945.59,0.0,7945.59,True,True,True,0,0,100.0,
RoleBinding_22.yaml,RoleBinding,4,0,0,0,0,0,14,12,0,1,7912.26,0.0,7912.26,True,True,True,0,0,100.0,
RoleBinding_23.yaml,RoleBinding,4,0,0,0,0,0,14,12,0,1,8286.95,0.0,8286.95,True,True,True,0,0,100.0,
RoleBinding_3.yaml,RoleBinding,4,0,0,0,0,0,14,12,0,1,7544.17,0.0,7544.17,True,True,True,0,0,100.0,
RoleBinding_31.yaml,RoleBinding,4,0,0,0,0,0,14,12,0,1,7441.89,0.0,7441.89,True,True,True,0,0,100.0,
rolebinding_naveen.yaml,RoleBinding,4,0,0,0,0,0,14,12,0,1,8133.5,0.0,8133.5,True,True,True,0,0,100.0,
rolebinding_user.yaml,RoleBinding,4,0,0,0,0,0,13,12,0,1,7842.32,0.0,7842.32,True,True,True,0,0,100.0,
v-service.yaml,Service,6,2,2,0,2,0,18,13,4,4,29564.08,12.85,29576.93,True,True,True,6,6,66.67,100.0,
v0.13.10.metallb-frr1_14.yaml,RoleBinding,4,0,0,0,0,0,17,12,0,1,7779.76,0.0,7779.76,True,True,True,0,0,100.0,
v0.13.10.metallb-frr1_15.yaml,RoleBinding,4,0,0,0,0,0,17,12,0,1,7490.37,0.0,7490.37,True,True,True,0,0,100.0,
v0.13.10.metallb-frr1_16.yaml,ClusterRoleBinding,4,0,0,0,0,0,16,12,0,1,7861.8,0.0,7861.8,True,True,True,0,0,100.0,
v0.13.10.metallb-frr1_17.yaml,ClusterRoleBinding,4,0,0,0,0,0,16,12,0,1,7489.41,0.0,7489.41,True,True,True,0,0,100.0,
v0.13.10.metallb-frr1_20.yaml,Secret,4,0,0,0,0,0,5,14,0,1,7498.57,0.0,7498.57,True,True,True,0,0,100.0,
v0.13.10.metallb-frr1_21.yaml,Service,6,1,1,0,1,0,13,13,2,1,30151.05,9.77,30160.82,True,True,True,1,1,90.91,100.0,
v0.13.10.metallb-frr1_22.yaml,Deployment,31,6,6,4,10,0,79,422,128,192,110861.51,68.11,110929.62,True,True,True,12,1,92.66,100.0,
v0.13.10.metallb-frr1_8.yaml,ServiceAccount,3,0,0,0,0,0,8,7,0,1,7927.52,0.0,7927.52,True,True,True,0,0,100.0,
v0.13.10.metallb-frr1_9.yaml,ServiceAccount,3,0,0,0,0,0,8,7,0,1,7849.97,0.0,7849.97,True,True,True,0,0,100.0,
v0.13.10.metallb-frr_14.yaml,RoleBinding,4,0,0,0,0,0,17,12,0,1,8162.03,0.0,8162.03,True,True,True,0,0,100.0,
v0.13.10.metallb-frr_15.yaml,RoleBinding,4,0,0,0,0,0,17,12,0,1,7912.46,0.0,7912.46,True,True,True,0,0,100.0,
v0.13.10.metallb-frr_16.yaml,ClusterRoleBinding,4,0,0,0,0,0,16,12,0,1,8127.65,0.0,8127.65,True,True,True,0,0,100.0,
v0.13.10.metallb-frr_17.yaml,ClusterRoleBinding,4,0,0,0,0,0,16,12,0,1,7870.13,0.0,7870.13,True,True,True,0,0,100.0,
v0.13.10.metallb-frr_20.yaml,Secret,4,0,0,0,0,0,5,14,0,1,7862.14,0.0,7862.14,True,True,True,0,0,100.0,
v0.13.10.metallb-frr_21.yaml,Service,6,1,1,0,1,0,13,13,2,1,31136.63,9.21,31145.84,True,True,True,1,1,90.91,100.0,
v0.13.10.metallb-frr_22.yaml,Deployment,31,6,6,4,10,0,79,422,128,192,109704.05,67.17,109771.22,True,True,True,12,1,92.66,100.0,
v0.13.10.metallb-frr_8.yaml,ServiceAccount,3,0,0,0,0,0,8,7,0,1,8192.47,0.0,8192.47,True,True,True,0,0,100.0,
v0.13.10.metallb-frr_9.yaml,ServiceAccount,3,0,0,0,0,0,8,7,0,1,7810.25,0.0,7810.25,True,True,True,0,0,100.0,
v0.13.10.metallb-native_14.yaml,RoleBinding,4,0,0,0,0,0,17,12,0,1,8049.6,0.0,8049.6,True,True,True,0,0,100.0,
v0.13.10.metallb-native_15.yaml,RoleBinding,4,0,0,0,0,0,17,12,0,1,7691.27,0.0,7691.27,True,True,True,0,0,100.0,
v0.13.10.metallb-native_16.yaml,ClusterRoleBinding,4,0,0,0,0,0,16,12,0,1,8009.71,0.0,8009.71,True,True,True,0,0,100.0,
v0.13.10.metallb-native_17.yaml,ClusterRoleBinding,4,0,0,0,0,0,16,12,0,1,7623.99,0.0,7623.99,True,True,True,0,0,100.0,
v0.13.10.metallb-native_19.yaml,Secret,4,0,0,0,0,0,5,14,0,1,7738.41,0.0,7738.41,True,True,True,0,0,100.0,
v0.13.10.metallb-native_20.yaml,Service,6,1,1,0,1,0,13,13,2,1,31193.9,10.12,31204.02,True,True,True,1,1,90.91,100.0,
v0.13.10.metallb-native_21.yaml,Deployment,31,6,6,4,10,0,79,422,128,128,107442.46,66.46,107508.92,True,True,True,12,1,92.49,100.0,
v0.13.10.metallb-native_22.yaml,DaemonSet,31,7,7,4,11,0,83,423,151,3840,99091.08,83.2,99174.28,True,True,True,11,3,93.69,100.0,
v0.13.10.metallb-native_8.yaml,ServiceAccount,3,0,0,0,0,0,8,7,0,1,7129.47,0.0,7129.47,True,True,True,0,0,100.0,
v0.13.10.metallb-native_9.yaml,ServiceAccount,3,0,0,0,0,0,8,7,0,1,7140.02,0.0,7140.02,True,True,True,0,0,100.0,
v0.13.12.metallb-frr1_14.yaml,RoleBinding,4,0,0,0,0,0,17,12,0,1,7393.82,0.0,7393.82,True,True,True,0,0,100.0,
v0.13.12.metallb-frr1_15.yaml,RoleBinding,4,0,0,0,0,0,17,12,0,1,7125.97,0.0,7125.97,True,True,True,0,0,100.0,
v0.13.12.metallb-frr1_16.yaml,ClusterRoleBinding,4,0,0,0,0,0,16,12,0,1,7444.35,0.0,7444.35,True,True,True,0,0,100.0,
v0.13.12.metallb-frr1_17.yaml,ClusterRoleBinding,4,0,0,0,0,0,16,12,0,1,7123.51,0.0,7123.51,True,True,True,0,0,100.0,
v0.13.12.metallb-frr1_20.yaml,Secret,4,0,0,0,0,0,5,14,0,1,7172.49,0.0,7172.49,True,True,True,0,0,100.0,
v0.13.12.metallb-frr1_21.yaml,Service,6,1,1,0,1,0,13,13,2,1,28216.21,8.97,28225.18,True,True,True,1,1,90.91,100.0,
v0.13.12.metallb-frr1_22.yaml,Deployment,31,6,6,4,10,0,79,422,128,192,99334.13,67.29,99401.42,True,True,True,12,1,92.66,100.0,
v0.13.12.metallb-frr1_8.yaml,ServiceAccount,3,0,0,0,0,0,8,7,0,1,7114.66,0.0,7114.66,True,True,True,0,0,100.0,
v0.13.12.metallb-frr1_9.yaml,ServiceAccount,3,0,0,0,0,0,8,7,0,1,7418.48,0.0,7418.48,True,True,True,0,0,100.0,
v0.13.12.metallb-frr_14.yaml,RoleBinding,4,0,0,0,0,0,17,12,0,1,7149.89,0.0,7149.89,True,True,True,0,0,100.0,
v0.13.12.metallb-frr_15.yaml,RoleBinding,4,0,0,0,0,0,17,12,0,1,7125.26,0.0,7125.26,True,True,True,0,0,100.0,
v0.13.12.metallb-frr_16.yaml,ClusterRoleBinding,4,0,0,0,0,0,16,12,0,1,7426.54,0.0,7426.54,True,True,True,0,0,100.0,
v0.13.12.metallb-frr_17.yaml,ClusterRoleBinding,4,0,0,0,0,0,16,12,0,1,7163.68,0.0,7163.68,True,True,True,0,0,100.0,
v0.13.12.metallb-frr_20.yaml,Secret,4,0,0,0,0,0,5,14,0,1,7155.54,0.0,7155.54,True,True,True,0,0,100.0,
v0.13.12.metallb-frr_21.yaml,Service,6,1,1,0,1,0,13,13,2,1,28208.55,9.0,28217.55,True,True,True,1,1,90.91,100.0,
v0.13.12.metallb-frr_22.yaml,Deployment,31,6,6,4,10,0,79,422,128,192,99989.8,67.81,100057.61,True,True,True,12,1,92.66,100.0,
v0.13.12.metallb-frr_8.yaml,ServiceAccount,3,0,0,0,0,0,8,7,0,1,7146.41,0.0,7146.41,True,True,True,0,0,100.0,
v0.13.12.metallb-frr_9.yaml,ServiceAccount,3,0,0,0,0,0,8,7,0,1,7408.6,0.0,7408.6,True,True,True,0,0,100.0,
v0.13.12.metallb-native_14.yaml,RoleBinding,4,0,0,0,0,0,17,12,0,1,7170.56,0.0,7170.56,True,True,True,0,0,100.0,
v0.13.12.metallb-native_15.yaml,RoleBinding,4,0,0,0,0,0,17,12,0,1,7148.98,0.0,7148.98,True,True,True,0,0,100.0,
v0.13.12.metallb-native_16.yaml,ClusterRoleBinding,4,0,0,0,0,0,16,12,0,1,7408.51,0.0,7408.51,True,True,True,0,0,100.0,
v0.13.12.metallb-native_17.yaml,ClusterRoleBinding,4,0,0,0,0,0,16,12,0,1,7102.59,0.0,7102.59,True,True,True,0,0,100.0,
v0.13.12.metallb-native_19.yaml,Secret,4,0,0,0,0,0,5,14,0,1,7116.86,0.0,7116.86,True,True,True,0,0,100.0,
v0.13.12.metallb-native_20.yaml,Service,6,1,1,0,1,0,13,13,2,1,28242.89,9.24,28252.13,True,True,True,1,1,90.91,100.0,
v0.13.12.metallb-native_21.yaml,Deployment,31,6,6,4,10,0,79,422,128,128,99323.2,66.22,99389.42,True,True,True,12,1,92.49,100.0,
v0.13.12.metallb-native_22.yaml,DaemonSet,31,7,7,4,11,0,83,423,151,3840,99045.33,95.02,99140.35,True,True,True,11,3,93.69,100.0,
v0.13.12.metallb-native_8.yaml,ServiceAccount,3,0,0,0,0,0,8,7,0,1,7141.51,0.0,7141.51,True,True,True,0,0,100.0,
v0.13.12.metallb-native_9.yaml,ServiceAccount,3,0,0,0,0,0,8,7,0,1,7390.17,0.0,7390.17,True,True,True,0,0,100.0,
v0.13.9.metallb-native_14.yaml,RoleBinding,4,0,0,0,0,0,17,12,0,1,7108.49,0.0,7108.49,True,True,True,0,0,100.0,
v0.13.9.metallb-native_15.yaml,RoleBinding,4,0,0,0,0,0,17,12,0,1,7146.62,0.0,7146.62,True,True,True,0,0,100.0,
v0.13.9.metallb-native_16.yaml,ClusterRoleBinding,4,0,0,0,0,0,16,12,0,1,7414.81,0.0,7414.81,True,True,True,0,0,100.0,
v0.13.9.metallb-native_17.yaml,ClusterRoleBinding,4,0,0,0,0,0,16,12,0,1,7135.76,0.0,7135.76,True,True,True,0,0,100.0,
v0.13.9.metallb-native_18.yaml,Secret,4,0,0,0,0,0,5,14,0,1,7112.43,0.0,7112.43,True,True,True,0,0,100.0,
v0.13.9.metallb-native_19.yaml,Service,6,1,1,0,1,0,13,13,2,1,28124.96,9.06,28134.02,True,True,True,1,1,90.91,100.0,
v0.13.9.metallb-native_20.yaml,Deployment,31,6,6,4,10,0,79,422,128,128,99556.4,65.15,99621.55,True,True,True,12,1,92.49,100.0,
v0.13.9.metallb-native_21.yaml,DaemonSet,31,7,7,4,11,0,83,423,151,960,98869.57,78.32,98947.89,True,True,True,11,3,93.27,100.0,
v0.42.1_13.yaml,ClusterRoleBinding,4,0,0,0,0,0,16,12,0,3,7206.22,0.0,7206.22,True,True,True,0,0,100.0,
v0.42.1_15.yaml,Deployment,31,9,9,0,9,0,42,422,188,216,98169.39,37.29,98206.68,True,True,True,9,2,89.11,100.0,
v0.42.1_16.yaml,ServiceAccount,3,0,0,0,0,0,8,7,0,3,7138.95,0.0,7138.95,True,True,True,0,0,100.0,
v0.42.1_17.yaml,Service,6,1,1,0,1,0,18,13,2,6,28231.98,14.36,28246.34,True,True,True,1,1,94.44,100.0,
v1.0.0_4.yaml,Service,6,1,1,0,1,0,20,13,2,4,27986.62,13.37,27999.99,True,True,True,1,1,94.12,100.0,
v1.0.0_5.yaml,Service,6,1,1,0,1,0,20,13,2,4,28189.98,13.34,28203.32,True,True,True,1,1,94.12,100.0,
v1.0.1_5.yaml,ServiceAccount,3,0,0,0,0,0,5,7,0,1,7145.35,0.0,7145.35,True,True,True,0,0,100.0,
v1.0.1_6.yaml,Service,6,1,1,0,1,0,22,13,2,1,28174.05,13.5,28187.55,True,True,True,1,1,94.12,100.0,
v1.1.0-rc.0_5.yaml,ServiceAccount,3,0,0,0,0,0,5,7,0,1,7091.92,0.0,7091.92,True,True,True,0,0,100.0,
v1.1.0-rc.0_6.yaml,Service,6,1,1,0,1,0,22,13,2,1,28054.58,13.62,28068.2,True,True,True,1,1,94.12,100.0,
v1.1.01_1.yaml,Service,6,1,1,0,1,0,18,13,2,2,28326.37,11.95,28338.32,True,True,True,1,1,93.33,100.0,
v1.1.0_5.yaml,ServiceAccount,3,0,0,0,0,0,5,7,0,1,7163.55,0.0,7163.55,True,True,True,0,0,100.0,
v1.1.0_6.yaml,Service,6,1,1,0,1,0,22,13,2,1,28196.47,13.38,28209.85,True,True,True,1,1,94.12,100.0,
v1.1.1_1.yaml,ClusterRoleBinding,4,0,0,0,0,0,13,12,0,1,7148.91,0.0,7148.91,True,True,True,0,0,100.0,
v1.1.1_2.yaml,ServiceAccount,3,0,0,0,0,0,5,7,0,1,7098.48,0.0,7098.48,True,True,True,0,0,100.0,
v1.1.1_3.yaml,Secret,4,0,0,0,0,0,8,14,0,2,7399.25,0.0,7399.25,True,True,True,0,0,100.0,
v1.1.1_4.yaml,Deployment,31,9,9,4,13,0,45,422,203,52,98639.28,84.79,98724.07,True,True,True,32,4,82.69,100.0,
v1.1.1_5.yaml,Service,6,2,2,0,2,0,18,13,4,2,27763.22,13.41,27776.63,True,True,True,3,3,82.35,100.0,
v1.10.1.yaml,Secret,4,0,0,0,0,0,9,14,0,1,7395.53,0.0,7395.53,True,True,True,0,0,100.0,
v1.10.1_1.yaml,ServiceAccount,3,0,0,0,0,0,8,7,0,1,7152.19,0.0,7152.19,True,True,True,0,0,100.0,
v1.10.1_3.yaml,RoleBinding,4,0,0,0,0,0,14,12,0,1,7149.51,0.0,7149.51,True,True,True,0,0,100.0,
v1.10.1_5.yaml,Service,6,1,1,0,1,0,16,13,2,1,28266.27,10.41,28276.68,True,True,True,1,1,92.31,100.0,
v1.16.x.yaml,ServiceAccount,3,0,0,0,0,0,5,7,0,1,7175.02,0.0,7175.02,True,True,True,0,0,100.0,
v1.16.x_1.yaml,ClusterRoleBinding,4,0,0,0,0,0,13,12,0,1,7160.79,0.0,7160.79,True,True,True,0,0,100.0,
v1.16.x_2.yaml,RoleBinding,4,0,0,0,0,0,14,12,0,1,7419.81,0.0,7419.81,True,True,True,0,0,100.0,
v1.16.x_5.yaml,ClusterRoleBinding,4,0,0,0,0,0,13,12,0,1,7145.04,0.0,7145.04,True,True,True,0,0,100.0,
v1.16.x_7.yaml,Service,6,1,1,0,1,0,18,13,2,1,28026.86,11.01,28037.87,True,True,True,1,1,92.86,100.0,
v1.16.x_8.yaml,Deployment,31,8,8,4,12,0,33,422,178,3,98727.74,30.91,98758.65,True,True,True,16,1,78.48,100.0,
v1.4.01.yaml,Service,6,1,1,0,1,0,15,13,2,1,28064.03,9.8,28073.83,True,True,True,1,1,91.67,100.0,
v1.4.01_3.yaml,Service,6,2,2,0,2,0,21,13,4,2,27735.72,15.12,27750.84,True,True,True,3,3,84.21,100.0,
v1.4.02_1.yaml,Service,6,1,1,0,1,0,16,13,2,3,28300.52,11.91,28312.43,True,True,True,1,1,93.33,100.0,
v1.5.01_1.yaml,Service,6,1,1,0,1,0,18,13,2,4,27951.39,13.3,27964.69,True,True,True,1,1,94.12,100.0,
v1.5.01_4.yaml,Service,6,1,1,0,1,0,18,13,2,4,28267.3,13.84,28281.14,True,True,True,1,1,94.12,100.0,
v1.5.02.yaml,LimitRange,1,1,1,0,1,0,10,7,7,1,10048.76,14.56,10063.32,True,True,True,13,3,46.67,100.0,
v1.5.0_1.yaml,Service,6,1,1,0,1,0,16,13,2,3,28205.76,12.08,28217.84,True,True,True,1,1,93.33,100.0,
v1.6.0-gce_1.yaml,ServiceAccount,3,0,0,0,0,0,8,7,0,1,7116.68,0.0,7116.68,True,True,True,0,0,100.0,
v1.6.0-gce_6.yaml,Service,6,1,1,0,1,0,16,13,2,2,28239.52,11.25,28250.77,True,True,True,1,1,92.86,100.0,
v1.6.0-gce_9.yaml,Service,6,2,2,0,2,0,20,13,4,2,27740.72,14.84,27755.56,True,True,True,3,3,84.21,100.0,
v1.6.01_1.yaml,ServiceAccount,3,0,0,0,0,0,8,7,0,1,7156.23,0.0,7156.23,True,True,True,0,0,100.0,
v1.6.01_10.yaml,Deployment,31,7,7,4,11,0,56,422,176,240,98679.49,53.82,98733.31,True,True,True,15,0,89.36,100.0,
v1.6.01_6.yaml,Service,6,1,1,0,1,0,16,13,2,2,28315.35,11.44,28326.79,True,True,True,1,1,92.86,100.0,
v1.6.01_7.yaml,Deployment,31,8,8,0,8,0,43,422,178,24,98442.41,37.05,98479.46,True,True,True,9,1,89.36,100.0,
v1.6.01_9.yaml,Service,6,2,2,0,2,0,22,13,4,4,27700.76,17.31,27718.07,True,True,True,3,3,85.71,100.0,
v1.6.02.yaml,ServiceAccount,3,0,0,0,0,0,8,7,0,2,7439.18,0.0,7439.18,True,True,True,0,0,100.0,
v1.6.02_3.yaml,Service,6,1,1,0,1,0,16,13,2,3,27957.92,11.88,27969.8,True,True,True,1,1,93.33,100.0,
v1.6.03.yaml,ServiceAccount,3,0,0,0,0,0,8,7,0,1,7146.95,0.0,7146.95,True,True,True,0,0,100.0,
v1.6.03_10.yaml,Service,6,1,1,0,1,0,18,13,2,4,28266.05,13.65,28279.7,True,True,True,1,1,94.12,100.0,
v1.6.03_3.yaml,ServiceAccount,3,0,0,0,0,0,8,7,0,1,7186.64,0.0,7186.64,True,True,True,0,0,100.0,
v1.6.03_7.yaml,Service,6,1,1,0,1,0,18,13,2,4,28298.09,13.84,28311.93,True,True,True,1,1,94.12,100.0,
v1.6.1.yaml,ServiceAccount,3,0,0,0,0,0,8,7,0,2,7127.5,0.0,7127.5,True,True,True,0,0,100.0,
v1.6.1_3.yaml,Service,6,1,1,0,1,0,16,13,2,3,28034.78,11.85,28046.63,True,True,True,1,1,93.33,100.0,
v1.6.3.yaml,ServiceAccount,3,0,0,0,0,0,8,7,0,2,7415.86,0.0,7415.86,True,True,True,0,0,100.0,
v1.6.3_3.yaml,Service,6,1,1,0,1,0,16,13,2,3,28006.37,12.99,28019.36,True,True,True,1,1,93.33,100.0,
v1.7.0.yaml,ServiceAccount,3,0,0,0,0,0,8,7,0,1,7145.04,0.0,7145.04,True,True,True,0,0,100.0,
v1.7.01.yaml,ServiceAccount,3,0,0,0,0,0,8,7,0,1,7417.56,0.0,7417.56,True,True,True,0,0,100.0,
v1.7.01_10.yaml,Service,6,1,1,0,1,0,18,13,2,4,27871.38,13.39,27884.77,True,True,True,1,1,94.12,100.0,
v1.7.01_3.yaml,ServiceAccount,3,0,0,0,0,0,8,7,0,1,7435.37,0.0,7435.37,True,True,True,0,0,100.0,
v1.7.01_7.yaml,Service,6,1,1,0,1,0,18,13,2,4,27986.71,13.36,28000.07,True,True,True,1,1,94.12,100.0,
v1.7.0_4.yaml,Service,6,1,1,0,1,0,16,13,2,1,28024.22,10.55,28034.77,True,True,True,1,1,92.31,100.0,
v1.7.1.yaml,ServiceAccount,3,0,0,0,0,0,8,7,0,1,7411.06,0.0,7411.06,True,True,True,0,0,100.0,
v1.7.1_4.yaml,Service,6,1,1,0,1,0,16,13,2,1,28020.85,10.31,28031.16,True,True,True,1,1,92.31,100.0,
v1.8.01.yaml,Secret,4,0,0,0,0,0,9,14,0,1,7405.55,0.0,7405.55,True,True,True,0,0,100.0,
v1.8.01_1.yaml,ServiceAccount,3,0,0,0,0,0,8,7,0,1,7090.88,0.0,7090.88,True,True,True,0,0,100.0,
v1.8.01_3.yaml,RoleBinding,4,0,0,0,0,0,14,12,0,1,7120.24,0.0,7120.24,True,True,True,0,0,100.0,
v1.8.01_5.yaml,Service,6,1,1,0,1,0,16,13,2,1,28306.78,10.36,28317.14,True,True,True,1,1,92.31,100.0,
v1.8.1.yaml,Secret,4,0,0,0,0,0,9,14,0,1,7163.69,0.0,7163.69,True,True,True,0,0,100.0,
v1.8.1_1.yaml,ServiceAccount,3,0,0,0,0,0,8,7,0,1,7382.42,0.0,7382.42,True,True,True,0,0,100.0,
v1.8.1_3.yaml,RoleBinding,4,0,0,0,0,0,14,12,0,1,7138.76,0.0,7138.76,True,True,True,0,0,100.0,
v1.8.1_5.yaml,Service,6,1,1,0,1,0,16,13,2,1,27948.8,10.64,27959.44,True,True,True,1,1,92.31,100.0,
v1.8.3.yaml,Secret,4,0,0,0,0,0,9,14,0,1,7420.58,0.0,7420.58,True,True,True,0,0,100.0,
v1.8.3_1.yaml,ServiceAccount,3,0,0,0,0,0,8,7,0,1,7181.6,0.0,7181.6,True,True,True,0,0,100.0,
v1.8.3_3.yaml,RoleBinding,4,0,0,0,0,0,14,12,0,1,7135.22,0.0,7135.22,True,True,True,0,0,100.0,
v1.8.3_5.yaml,Service,6,1,1,0,1,0,16,13,2,1,28258.0,10.42,28268.42,True,True,True,1,1,92.31,100.0,
v1.8.x.yaml,ServiceAccount,3,0,0,0,0,0,5,7,0,1,7137.41,0.0,7137.41,True,True,True,0,0,100.0,
v1.8.x_1.yaml,ClusterRoleBinding,4,0,0,0,0,0,13,12,0,1,7369.83,0.0,7369.83,True,True,True,0,0,100.0,
v1.8.x_2.yaml,RoleBinding,4,0,0,0,0,0,14,12,0,1,7135.35,0.0,7135.35,True,True,True,0,0,100.0,
v1.8.x_5.yaml,ClusterRoleBinding,4,0,0,0,0,0,13,12,0,1,7189.49,0.0,7189.49,True,True,True,0,0,100.0,
v1.8.x_7.yaml,Service,6,1,1,0,1,0,18,13,2,1,28188.47,11.29,28199.76,True,True,True,1,1,92.86,100.0,
v1.9.5.yaml,ClusterRoleBinding,4,0,0,0,0,0,16,12,0,2,7176.31,0.0,7176.31,True,True,True,0,0,100.0,
v1.9.5_2.yaml,Deployment,31,7,7,4,11,0,46,422,153,8,98657.47,41.64,98699.11,True,True,True,14,1,85.15,100.0,
v1.9.5_3.yaml,ServiceAccount,3,0,0,0,0,0,8,7,0,2,7166.84,0.0,7166.84,True,True,True,0,0,100.0,
v1.9.5_4.yaml,Service,6,1,1,0,1,0,18,13,2,4,28364.84,15.04,28379.88,True,True,True,2,2,89.47,100.0,
v10-svc.yaml,ServiceAccount,3,0,0,0,0,0,5,7,0,1,7160.68,0.0,7160.68,True,True,True,0,0,100.0,
v10-svc_1.yaml,Service,6,1,1,0,1,0,14,13,2,4,28238.34,12.69,28251.03,True,True,True,2,2,87.5,100.0,
v110.yaml,Service,6,2,2,0,2,0,17,13,4,1,27657.95,10.47,27668.42,True,True,True,2,2,84.62,100.0,
v110_1.yaml,Deployment,31,8,8,4,12,0,24,422,178,1,100283.83,26.45,100310.28,True,True,True,16,0,72.41,100.0,
v111.yaml,Service,6,2,2,0,2,0,17,13,4,1,27949.61,10.46,27960.07,True,True,True,2,2,84.62,100.0,
v1110.yaml,ServiceAccount,3,0,0,0,0,0,5,7,0,1,7151.63,0.0,7151.63,True,True,True,0,0,100.0,
v1110_1.yaml,Service,6,1,1,0,1,0,14,13,2,4,28030.47,12.76,28043.23,True,True,True,2,2,87.5,100.0,
v1110_2.yaml,Deployment,31,8,8,3,11,0,33,422,178,48,98426.17,35.69,98461.86,True,True,True,13,1,84.09,100.0,
v111_1.yaml,Deployment,31,8,8,4,12,0,25,422,178,1,98617.8,27.5,98645.3,True,True,True,16,0,73.33,100.0,
v112.yaml,Deployment,31,7,7,5,12,0,26,422,176,1,98662.21,26.97,98689.18,True,True,True,16,1,73.85,100.0,
v113.yaml,Service,6,1,1,0,1,0,15,13,2,1,28236.65,9.51,28246.16,True,True,True,1,1,91.67,100.0,
v113_1.yaml,Deployment,31,8,8,4,12,0,24,422,178,1,98660.05,25.61,98685.66,True,True,True,16,0,72.41,100.0,
v114.yaml,Service,6,2,2,0,2,0,17,13,4,1,27639.8,10.95,27650.75,True,True,True,2,2,84.62,100.0,
v114_1.yaml,Deployment,31,8,8,4,12,0,24,422,178,1,98655.25,25.45,98680.7,True,True,True,16,0,72.41,100.0,
v115.yaml,Service,6,2,2,0,2,0,17,13,4,1,27997.88,10.45,28008.33,True,True,True,2,2,84.62,100.0,
v115_1.yaml,Deployment,31,8,8,4,12,0,25,422,178,1,98617.54,26.65,98644.19,True,True,True,16,0,73.33,100.0,
v122.yaml,Service,6,1,1,0,1,0,15,13,2,1,28004.1,9.53,28013.63,True,True,True,1,1,91.67,100.0,
v122_1.yaml,Deployment,31,8,8,4,12,0,24,422,178,1,98417.42,25.5,98442.92,True,True,True,16,0,72.41,100.0,
v123.yaml,Service,6,2,2,0,2,0,17,13,4,1,28000.81,10.27,28011.08,True,True,True,2,2,84.62,100.0,
v123_1.yaml,Deployment,31,8,8,4,12,0,24,422,178,1,98559.28,25.61,98584.89,True,True,True,16,0,72.41,100.0,
v124.yaml,Service,6,2,2,0,2,0,17,13,4,1,27636.13,10.24,27646.37,True,True,True,2,2,84.62,100.0,
v124_1.yaml,Deployment,31,8,8,4,12,0,25,422,178,1,98509.83,26.33,98536.16,True,True,True,16,0,73.33,100.0,
v13.yaml,Service,6,1,1,0,1,0,15,13,2,1,28332.49,9.68,28342.17,True,True,True,1,1,91.67,100.0,
v13_1.yaml,Deployment,31,8,8,4,12,0,24,422,178,1,98561.92,25.29,98587.21,True,True,True,16,0,72.41,100.0,
v14.yaml,Service,6,2,2,0,2,0,17,13,4,1,27734.61,10.3,27744.91,True,True,True,2,2,84.62,100.0,
v14_1.yaml,Deployment,31,8,8,4,12,0,24,422,178,1,98506.0,25.5,98531.5,True,True,True,16,0,72.41,100.0,
v15.yaml,Service,6,2,2,0,2,0,17,13,4,1,27718.56,10.42,27728.98,True,True,True,2,2,84.62,100.0,
v15_1.yaml,Deployment,31,8,8,4,12,0,25,422,178,1,98659.93,26.38,98686.31,True,True,True,16,0,73.33,100.0,
v19.yaml,Service,6,1,1,0,1,0,15,13,2,1,27950.85,9.64,27960.49,True,True,True,1,1,91.67,100.0,
v19_1.yaml,Deployment,31,8,8,4,12,0,24,422,178,1,98495.61,25.86,98521.47,True,True,True,16,0,72.41,100.0,
v1beta140_1.yaml,Unknown,SCHEMA_ERROR,,,,,,0,0,0,0,247.66,0.0,247.66,,,,0,0,0.0,0.0,"C:\Users\CAOSD\projects\tool-security-rules\resources\dataset_yamls\original_yamls_10k\v1beta140_1.yaml - failed validation: could not find schema for ClusterConfiguration | Summary: 1 resource found in 1 file - Valid: 0, Invalid: 0, Errors: 1, Skipped: 0"
v1beta173_1.yaml,Unknown,SCHEMA_ERROR,,,,,,0,0,0,0,250.23,0.0,250.23,,,,0,0,0.0,0.0,"C:\Users\CAOSD\projects\tool-security-rules\resources\dataset_yamls\original_yamls_10k\v1beta173_1.yaml - failed validation: could not find schema for ClusterConfiguration | Summary: 1 resource found in 1 file - Valid: 0, Invalid: 0, Errors: 1, Skipped: 0"
v1beta1_non_linux1_1.yaml,Unknown,SCHEMA_ERROR,,,,,,0,0,0,0,100.07,0.0,100.07,,,,0,0,0.0,0.0,"C:\Users\CAOSD\projects\tool-security-rules\resources\dataset_yamls\original_yamls_10k\v1beta1_non_linux1_1.yaml - failed validation: could not find schema for ClusterConfiguration | Summary: 1 resource found in 1 file - Valid: 0, Invalid: 0, Errors: 1, Skipped: 0"
v1beta1_non_linux_1.yaml,Unknown,SCHEMA_ERROR,,,,,,0,0,0,0,98.26,0.0,98.26,,,,0,0,0.0,0.0,"C:\Users\CAOSD\projects\tool-security-rules\resources\dataset_yamls\original_yamls_10k\v1beta1_non_linux_1.yaml - failed validation: could not find schema for ClusterConfiguration | Summary: 1 resource found in 1 file - Valid: 0, Invalid: 0, Errors: 1, Skipped: 0"
v1_serviceaccount_kubesync-controller-manager.yaml,ServiceAccount,3,0,0,0,0,0,8,7,0,6,7089.62,0.0,7089.62,True,True,True,0,0,100.0,
v1_serviceaccount_kubesync-controller-manager1.yaml,ServiceAccount,3,0,0,0,0,0,8,7,0,6,7365.69,0.0,7365.69,True,True,True,0,0,100.0,
v1_service_kubesync-controller-manager-metrics-service.yaml,Service,6,1,1,0,1,0,19,13,2,7,27977.63,16.23,27993.86,True,True,True,1,1,95.24,100.0,
v1_service_kubesync-controller-manager-metrics-service1.yaml,Service,6,1,1,0,1,0,19,13,2,7,28213.01,16.32,28229.33,True,True,True,1,1,95.24,100.0,
v1_service_neoncode.yaml,Service,6,1,1,0,1,0,23,13,2,10,28055.16,17.26,28072.42,True,True,True,1,1,95.45,100.0,
v1_service_sshd.yaml,Service,6,2,2,0,2,0,20,13,4,1,27673.35,12.09,27685.44,True,True,True,2,2,87.5,100.0,
v2.0.1_1.yaml,ServiceAccount,3,0,0,0,0,0,8,7,0,1,7417.37,0.0,7417.37,True,True,True,0,0,100.0,
v2.0.1_10.yaml,ClusterRoleBinding,4,0,0,0,0,0,13,12,0,1,7149.75,0.0,7149.75,True,True,True,0,0,100.0,
v2.0.1_11.yaml,Deployment,31,6,6,4,10,0,61,422,152,8,98745.78,48.34,98794.12,True,True,True,14,4,85.48,100.0,
v2.0.1_12.yaml,Service,6,1,1,0,1,0,16,13,2,1,28169.36,10.39,28179.75,True,True,True,1,1,92.31,100.0,
v2.0.1_13.yaml,Deployment,31,6,6,4,10,0,58,422,152,1,98795.98,43.76,98839.74,True,True,True,14,4,83.64,100.0,
v2.0.1_2.yaml,Service,6,1,1,0,1,0,16,13,2,1,28009.67,10.32,28019.99,True,True,True,1,1,92.31,100.0,
v2.0.1_3.yaml,Secret,4,0,0,0,0,0,9,14,0,1,7145.73,0.0,7145.73,True,True,True,0,0,100.0,
v2.0.1_4.yaml,Secret,4,0,0,0,0,0,11,14,0,1,7393.78,0.0,7393.78,True,True,True,0,0,100.0,
v2.0.1_5.yaml,Secret,4,0,0,0,0,0,9,14,0,1,7129.21,0.0,7129.21,True,True,True,0,0,100.0,
v2.0.1_9.yaml,RoleBinding,4,0,0,0,0,0,17,12,0,1,7154.63,0.0,7154.63,True,True,True,0,0,100.0,
v2.3.1_1.yaml,ServiceAccount,3,0,0,0,0,0,8,7,0,1,7374.09,0.0,7374.09,True,True,True,0,0,100.0,
v2.3.1_10.yaml,ClusterRoleBinding,4,0,0,0,0,0,13,12,0,1,7140.92,0.0,7140.92,True,True,True,0,0,100.0,
v2.3.1_11.yaml,Deployment,31,6,6,4,10,0,61,422,152,8,98637.38,46.62,98684.0,True,True,True,14,4,85.48,100.0,
v2.3.1_12.yaml,Service,6,1,1,0,1,0,16,13,2,1,28175.08,10.51,28185.59,True,True,True,1,1,92.31,100.0,
v2.3.1_13.yaml,Deployment,31,6,6,4,10,0,58,422,152,1,98770.34,43.34,98813.68,True,True,True,14,4,83.64,100.0,
v2.3.1_2.yaml,Service,6,1,1,0,1,0,16,13,2,1,27939.56,10.38,27949.94,True,True,True,1,1,92.31,100.0,
v2.3.1_3.yaml,Secret,4,0,0,0,0,0,9,14,0,1,7422.65,0.0,7422.65,True,True,True,0,0,100.0,
v2.3.1_4.yaml,Secret,4,0,0,0,0,0,11,14,0,1,7121.89,0.0,7121.89,True,True,True,0,0,100.0,
v2.3.1_5.yaml,Secret,4,0,0,0,0,0,9,14,0,1,7116.28,0.0,7116.28,True,True,True,0,0,100.0,
v2.3.1_9.yaml,RoleBinding,4,0,0,0,0,0,17,12,0,1,7420.36,0.0,7420.36,True,True,True,0,0,100.0,
v2.yaml,Service,6,1,1,0,1,0,15,13,2,1,28032.56,9.6,28042.16,True,True,True,1,1,91.67,100.0,
v21.yaml,Service,6,2,2,0,2,0,17,13,4,1,27759.93,10.52,27770.45,True,True,True,2,2,84.62,100.0,
v210.yaml,Service,6,2,2,0,2,0,17,13,4,1,28029.81,10.32,28040.13,True,True,True,2,2,84.62,100.0,
v210_1.yaml,Deployment,31,8,8,4,12,0,25,422,178,1,98347.12,26.53,98373.65,True,True,True,16,0,73.33,100.0,
v211.yaml,Deployment,31,8,8,4,12,0,27,422,178,1,98485.41,27.91,98513.32,True,True,True,22,6,57.58,100.0,
v212.yaml,Service,6,2,2,0,2,0,18,13,4,2,27698.82,11.8,27710.62,True,True,True,2,2,86.67,100.0,
v212_1.yaml,Deployment,31,8,8,5,13,0,24,422,178,4,98288.54,26.97,98315.51,True,True,True,17,2,68.85,100.0,
v21_1.yaml,Deployment,31,8,8,4,12,0,25,422,178,1,98432.62,26.25,98458.87,True,True,True,16,0,73.33,100.0,
v22.yaml,Deployment,31,8,8,4,12,0,27,422,178,1,98485.71,27.83,98513.54,True,True,True,22,6,57.58,100.0,
v23.yaml,Service,6,1,1,0,1,0,15,13,2,1,28238.0,9.62,28247.62,True,True,True,1,1,91.67,100.0,
v23_1.yaml,Deployment,31,8,8,4,12,0,24,422,178,1,98451.1,25.67,98476.77,True,True,True,16,0,72.41,100.0,
v24.yaml,Service,6,2,2,0,2,0,17,13,4,1,27776.44,10.34,27786.78,True,True,True,2,2,84.62,100.0,
v24_1.yaml,Deployment,31,8,8,4,12,0,25,422,178,1,98397.66,26.21,98423.87,True,True,True,16,0,73.33,100.0,
v25.yaml,Deployment,31,8,8,4,12,0,27,422,178,1,98516.31,27.71,98544.02,True,True,True,22,6,57.58,100.0,
v26.yaml,Service,6,1,1,0,1,0,15,13,2,1,28267.01,9.66,28276.67,True,True,True,1,1,91.67,100.0,
v26_1.yaml,Deployment,31,8,8,4,12,0,24,422,178,1,98546.05,25.7,98571.75,True,True,True,16,0,72.41,100.0,
v27.yaml,Service,6,2,2,0,2,0,17,13,4,1,27693.57,10.37,27703.94,True,True,True,2,2,84.62,100.0,
v27_1.yaml,Deployment,31,8,8,4,12,0,25,422,178,1,98521.94,26.38,98548.32,True,True,True,16,0,73.33,100.0,
v28.yaml,Deployment,31,8,8,4,12,0,27,422,178,1,98438.34,27.82,98466.16,True,True,True,22,6,57.58,100.0,
v29.yaml,Service,6,1,1,0,1,0,15,13,2,1,28267.75,9.67,28277.42,True,True,True,1,1,91.67,100.0,
v29_1.yaml,Deployment,31,8,8,4,12,0,24,422,178,1,98475.77,25.62,98501.39,True,True,True,16,0,72.41,100.0,
v2_1.yaml,Deployment,31,8,8,4,12,0,24,422,178,1,98542.22,25.5,98567.72,True,True,True,16,0,72.41,100.0,
v2_4_1_full1_2.yaml,ServiceAccount,3,0,0,0,0,0,11,7,0,2,7125.06,0.0,7125.06,True,True,True,0,0,100.0,
v2_4_1_full1_5.yaml,RoleBinding,4,0,0,0,0,0,17,12,0,1,7362.2,0.0,7362.2,True,True,True,0,0,100.0,
v2_4_1_full1_6.yaml,ClusterRoleBinding,4,0,0,0,0,0,16,12,0,1,7121.62,0.0,7121.62,True,True,True,0,0,100.0,
v2_4_1_full1_7.yaml,Service,6,1,1,0,1,0,16,13,2,2,28034.43,11.36,28045.79,True,True,True,1,1,92.86,100.0,
v2_4_1_full1_8.yaml,Deployment,31,6,6,0,6,0,63,422,128,64,99131.45,48.55,99180.0,True,True,True,6,1,94.66,100.0,
v2_4_1_full_2.yaml,ServiceAccount,3,0,0,0,0,0,11,7,0,2,7410.68,0.0,7410.68,True,True,True,0,0,100.0,
v2_4_1_full_5.yaml,RoleBinding,4,0,0,0,0,0,17,12,0,1,7140.31,0.0,7140.31,True,True,True,0,0,100.0,
v2_4_1_full_6.yaml,ClusterRoleBinding,4,0,0,0,0,0,16,12,0,1,7143.48,0.0,7143.48,True,True,True,0,0,100.0,
v2_4_1_full_7.yaml,Service,6,1,1,0,1,0,16,13,2,2,28250.21,11.13,28261.34,True,True,True,1,1,92.86,100.0,
v2_4_1_full_8.yaml,Deployment,31,6,6,0,6,0,63,422,128,64,99079.47,49.26,99128.73,True,True,True,6,1,94.66,100.0,
v2_4_7_full-new_2.yaml,ServiceAccount,3,0,0,0,0,0,8,7,0,2,7146.61,0.0,7146.61,True,True,True,0,0,100.0,
v2_4_7_full-new_5.yaml,RoleBinding,4,0,0,0,0,0,17,12,0,1,7393.55,0.0,7393.55,True,True,True,0,0,100.0,
v2_4_7_full-new_6.yaml,ClusterRoleBinding,4,0,0,0,0,0,16,12,0,1,7122.55,0.0,7122.55,True,True,True,0,0,100.0,
v2_4_7_full-new_7.yaml,Service,6,1,1,0,1,0,16,13,2,2,28055.39,11.27,28066.66,True,True,True,1,1,92.86,100.0,
v2_4_7_full-new_8.yaml,Deployment,31,6,6,0,6,0,63,422,128,128,99341.23,49.64,99390.87,True,True,True,6,1,94.81,100.0,
v2_4_7_full1_4.yaml,RoleBinding,4,0,0,0,0,0,17,12,0,1,7411.45,0.0,7411.45,True,True,True,0,0,100.0,
v2_4_7_full1_5.yaml,ClusterRoleBinding,4,0,0,0,0,0,16,12,0,1,7150.81,0.0,7150.81,True,True,True,0,0,100.0,
v2_4_7_full1_6.yaml,Service,6,1,1,0,1,0,16,13,2,2,28187.8,11.19,28198.99,True,True,True,1,1,92.86,100.0,
v2_4_7_full1_7.yaml,Deployment,31,6,6,0,6,0,63,422,128,64,99214.83,49.01,99263.84,True,True,True,6,1,94.66,100.0,
v2_4_7_full2_4.yaml,RoleBinding,4,0,0,0,0,0,17,12,0,1,7145.43,0.0,7145.43,True,True,True,0,0,100.0,
v2_4_7_full2_5.yaml,ClusterRoleBinding,4,0,0,0,0,0,16,12,0,1,7132.91,0.0,7132.91,True,True,True,0,0,100.0,
v2_4_7_full2_6.yaml,Service,6,1,1,0,1,0,16,13,2,2,28267.44,11.23,28278.67,True,True,True,1,1,92.86,100.0,
v2_4_7_full2_7.yaml,Deployment,31,6,6,0,6,0,63,422,128,64,99100.29,49.04,99149.33,True,True,True,6,1,94.66,100.0,
v2_4_7_full3_4.yaml,RoleBinding,4,0,0,0,0,0,17,12,0,1,7151.51,0.0,7151.51,True,True,True,0,0,100.0,
v2_4_7_full3_5.yaml,ClusterRoleBinding,4,0,0,0,0,0,16,12,0,1,7136.14,0.0,7136.14,True,True,True,0,0,100.0,
v2_4_7_full3_6.yaml,Service,6,1,1,0,1,0,16,13,2,2,28253.81,11.11,28264.92,True,True,True,1,1,92.86,100.0,
v2_4_7_full3_7.yaml,Deployment,31,6,6,0,6,0,63,422,128,128,99287.69,49.62,99337.31,True,True,True,6,1,94.81,100.0,
v2_4_7_full4_4.yaml,RoleBinding,4,0,0,0,0,0,17,12,0,1,7170.09,0.0,7170.09,True,True,True,0,0,100.0,
v2_4_7_full4_5.yaml,ClusterRoleBinding,4,0,0,0,0,0,16,12,0,1,7120.65,0.0,7120.65,True,True,True,0,0,100.0,
v2_4_7_full4_6.yaml,Service,6,1,1,0,1,0,16,13,2,2,28201.49,11.46,28212.95,True,True,True,1,1,92.86,100.0,
v2_4_7_full4_7.yaml,Deployment,31,6,6,0,6,0,63,422,128,128,99277.27,48.39,99325.66,True,True,True,6,1,94.81,100.0,
v2_4_7_full_4.yaml,RoleBinding,4,0,0,0,0,0,17,12,0,1,7128.6,0.0,7128.6,True,True,True,0,0,100.0,
v2_4_7_full_5.yaml,ClusterRoleBinding,4,0,0,0,0,0,16,12,0,1,7143.57,0.0,7143.57,True,True,True,0,0,100.0,
v2_4_7_full_6.yaml,Service,6,1,1,0,1,0,16,13,2,2,28264.32,11.11,28275.43,True,True,True,1,1,92.86,100.0,
v2_4_7_full_7.yaml,Deployment,31,6,6,0,6,0,63,422,128,64,99029.73,49.04,99078.77,True,True,True,6,1,94.66,100.0,
v2_4_7_full_modified1_4.yaml,RoleBinding,4,0,0,0,0,0,17,12,0,1,7132.97,0.0,7132.97,True,True,True,0,0,100.0,
v2_4_7_full_modified1_5.yaml,ClusterRoleBinding,4,0,0,0,0,0,16,12,0,1,7368.22,0.0,7368.22,True,True,True,0,0,100.0,
v2_4_7_full_modified1_6.yaml,Service,6,1,1,0,1,0,16,13,2,2,27927.1,11.58,27938.68,True,True,True,1,1,92.86,100.0,
v2_4_7_full_modified1_7.yaml,Deployment,31,6,6,0,6,0,63,422,128,128,99158.36,48.2,99206.56,True,True,True,6,1,94.81,100.0,
v2_4_7_full_modified_4.yaml,RoleBinding,4,0,0,0,0,0,17,12,0,1,7146.78,0.0,7146.78,True,True,True,0,0,100.0,
v2_4_7_full_modified_5.yaml,ClusterRoleBinding,4,0,0,0,0,0,16,12,0,1,7408.68,0.0,7408.68,True,True,True,0,0,100.0,
v2_4_7_full_modified_6.yaml,Service,6,1,1,0,1,0,16,13,2,2,28086.44,11.27,28097.71,True,True,True,1,1,92.86,100.0,
v2_4_7_full_modified_7.yaml,Deployment,31,6,6,0,6,0,63,422,128,128,99217.2,50.17,99267.37,True,True,True,6,1,94.81,100.0,
v2_5_4_full1_4.yaml,RoleBinding,4,0,0,0,0,0,17,12,0,1,7456.12,0.0,7456.12,True,True,True,0,0,100.0,
v2_5_4_full1_5.yaml,ClusterRoleBinding,4,0,0,0,0,0,16,12,0,1,7179.54,0.0,7179.54,True,True,True,0,0,100.0,
v2_5_4_full1_6.yaml,Service,6,1,1,0,1,0,16,13,2,2,27923.53,11.13,27934.66,True,True,True,1,1,92.86,100.0,
v2_5_4_full1_7.yaml,Deployment,31,6,6,0,6,0,63,422,128,128,99378.31,48.87,99427.18,True,True,True,6,1,94.81,100.0,
v2_5_4_full_4.yaml,RoleBinding,4,0,0,0,0,0,17,12,0,1,7414.94,0.0,7414.94,True,True,True,0,0,100.0,
v2_5_4_full_5.yaml,ClusterRoleBinding,4,0,0,0,0,0,16,12,0,1,7131.14,0.0,7131.14,True,True,True,0,0,100.0,
v2_5_4_full_6.yaml,Service,6,1,1,0,1,0,16,13,2,2,28022.93,11.28,28034.21,True,True,True,1,1,92.86,100.0,
v2_5_4_full_7.yaml,Deployment,31,6,6,0,6,0,63,422,128,64,99198.68,48.0,99246.68,True,True,True,6,1,94.66,100.0,
valid-pod.yaml,Pod,61,13,13,5,18,0,14,481,187,2,180033.87,21.82,180055.69,True,True,True,19,1,56.52,100.0,
valid-pod1.yaml,Pod,61,13,13,5,18,0,14,481,187,2,179672.01,21.52,179693.53,True,True,True,19,1,56.52,100.0,
valid-pod10.yaml,Pod,61,13,13,5,18,0,14,481,187,2,179557.77,21.74,179579.51,True,True,True,19,1,56.52,100.0,
valid-pod11.yaml,Pod,61,13,13,5,18,0,14,481,187,2,179683.93,21.55,179705.48,True,True,True,19,1,56.52,100.0,
valid-pod13.yaml,Pod,61,13,13,5,18,0,14,481,187,2,179942.34,21.49,179963.83,True,True,True,19,1,56.52,100.0,
valid-pod14.yaml,Pod,61,13,13,5,18,0,14,481,187,2,179586.7,21.27,179607.97,True,True,True,19,1,56.52,100.0,
valid-pod15.yaml,Pod,61,13,13,5,18,0,14,481,187,2,179691.15,21.09,179712.24,True,True,True,19,1,56.52,100.0,
valid-pod16.yaml,Pod,61,13,13,5,18,0,14,481,187,2,179988.92,21.38,180010.3,True,True,True,19,1,56.52,100.0,
valid-pod17.yaml,Pod,61,13,13,5,18,0,14,481,187,2,179752.17,21.41,179773.58,True,True,True,19,1,56.52,100.0,
valid-pod18.yaml,Pod,61,13,13,5,18,0,14,481,187,2,179886.83,21.35,179908.18,True,True,True,19,1,56.52,100.0,
valid-pod2.yaml,Pod,61,13,13,5,18,0,14,481,187,2,180133.73,21.43,180155.16,True,True,True,19,1,56.52,100.0,
valid-pod3.yaml,Pod,61,13,13,5,18,0,14,481,187,2,179745.25,21.48,179766.73,True,True,True,19,1,56.52,100.0,
valid-pod4.yaml,Pod,61,13,13,5,18,0,14,481,187,2,180013.04,21.31,180034.35,True,True,True,19,1,56.52,100.0,
valid-pod5.yaml,Pod,61,13,13,5,18,0,14,481,187,2,179834.07,21.51,179855.58,True,True,True,19,1,56.52,100.0,
valid-pod6.yaml,Pod,61,13,13,5,18,0,14,481,187,2,180338.5,21.27,180359.77,True,True,True,19,1,56.52,100.0,
valid-pod7.yaml,Pod,61,13,13,5,18,0,14,481,187,2,179464.28,21.5,179485.78,True,True,True,19,1,56.52,100.0,
valid-pod8.yaml,Pod,61,13,13,5,18,0,14,481,187,2,179792.43,21.61,179814.04,True,True,True,19,1,56.52,100.0,
valid-pod9.yaml,Pod,61,13,13,5,18,0,14,481,187,2,179770.26,21.45,179791.71,True,True,True,19,1,56.52,100.0,
valid1.yaml,Secret,4,0,0,0,0,0,14,14,0,8,7410.9,0.0,7410.9,True,True,True,0,0,100.0,
valid4.yaml,Pod,61,13,13,6,19,0,13,481,187,6,179652.39,26.02,179678.41,True,True,True,26,4,46.43,100.0,
validate_annotation_format.yaml,Unknown,SCHEMA_ERROR,,,,,,0,0,0,0,261.1,0.0,261.1,,,,0,0,0.0,0.0,"C:\Users\CAOSD\projects\tool-security-rules\resources\dataset_yamls\original_yamls_10k\validate_annotation_format.yaml - ValidatingAdmissionPolicy secrets-store-sync-validate-annotation-policy failed validation: could not find schema for ValidatingAdmissionPolicy | Summary: 1 resource found in 1 file - Valid: 0, Invalid: 0, Errors: 1, Skipped: 0"
validate_label_format.yaml,Unknown,SCHEMA_ERROR,,,,,,0,0,0,0,104.53,0.0,104.53,,,,0,0,0.0,0.0,"C:\Users\CAOSD\projects\tool-security-rules\resources\dataset_yamls\original_yamls_10k\validate_label_format.yaml - ValidatingAdmissionPolicy secrets-store-sync-validate-label-policy failed validation: could not find schema for ValidatingAdmissionPolicy | Summary: 1 resource found in 1 file - Valid: 0, Invalid: 0, Errors: 1, Skipped: 0"
validate_token_config1.yaml,Unknown,SCHEMA_ERROR,,,,,,0,0,0,0,268.11,0.0,268.11,,,,0,0,0.0,0.0,"C:\Users\CAOSD\projects\tool-security-rules\resources\dataset_yamls\original_yamls_10k\validate_token_config1.yaml - ValidatingAdmissionPolicy secrets-store-sync-controller-validate-token-policy failed validation: could not find schema for ValidatingAdmissionPolicy | Summary: 1 resource found in 1 file - Valid: 0, Invalid: 0, Errors: 1, Skipped: 0"
validatingwebhook.yaml,Service,6,1,1,0,1,0,16,13,2,1,27935.86,10.4,27946.26,True,True,True,1,1,92.31,100.0,
validatingwebhook_2.yaml,ServiceAccount,3,0,0,0,0,0,5,7,0,1,7131.07,0.0,7131.07,True,True,True,0,0,100.0,
validatingwebhook_4.yaml,ClusterRoleBinding,4,0,0,0,0,0,13,12,0,1,7391.28,0.0,7391.28,True,True,True,0,0,100.0,
validatingwebhook_6.yaml,RoleBinding,4,0,0,0,0,0,14,12,0,1,7151.74,0.0,7151.74,True,True,True,0,0,100.0,
validatingwebhook_7.yaml,Deployment,31,4,4,5,9,0,50,422,102,72,99362.3,47.19,99409.49,True,True,True,13,3,87.3,100.0,
validManagedIdentity.yaml,Secret,4,0,0,0,0,0,14,14,0,4,7398.63,0.0,7398.63,True,True,True,0,0,100.0,
validManagedIdentity_1.yaml,Secret,4,0,0,0,0,0,14,14,0,6,7144.92,0.0,7144.92,True,True,True,0,0,100.0,
validPod.yaml,Pod,61,13,13,6,19,0,13,481,187,5,179951.89,21.48,179973.37,True,True,True,23,1,55.56,100.0,
validPod1.yaml,Pod,61,13,13,6,19,0,13,481,187,5,180005.64,21.35,180026.99,True,True,True,23,1,55.56,100.0,
validPod10.yaml,Pod,61,13,13,6,19,0,13,481,187,5,179980.16,21.72,180001.88,True,True,True,23,1,55.56,100.0,
validPod11.yaml,Pod,61,13,13,6,19,0,13,481,187,5,180075.97,21.55,180097.52,True,True,True,23,1,55.56,100.0,
validPod12.yaml,Pod,61,13,13,6,19,0,13,481,187,5,180038.54,21.51,180060.05,True,True,True,23,1,55.56,100.0,
validPod13.yaml,Pod,61,13,13,6,19,0,13,481,187,5,179836.91,21.47,179858.38,True,True,True,23,1,55.56,100.0,
validPod14.yaml,Pod,61,13,13,6,19,0,13,481,187,5,179746.42,21.88,179768.3,True,True,True,23,1,55.56,100.0,
validPod15.yaml,Pod,61,13,13,6,19,0,13,481,187,5,179850.01,21.44,179871.45,True,True,True,23,1,55.56,100.0,
validPod16.yaml,Pod,61,13,13,6,19,0,13,481,187,5,179746.21,21.88,179768.09,True,True,True,23,1,55.56,100.0,
validPod17.yaml,Pod,61,13,13,6,19,0,13,481,187,5,180026.96,22.14,180049.1,True,True,True,23,1,55.56,100.0,
validPod2.yaml,Pod,61,13,13,6,19,0,13,481,187,5,180225.24,21.68,180246.92,True,True,True,23,1,55.56,100.0,
validPod20.yaml,Pod,61,13,13,6,19,0,13,481,187,5,179865.95,21.83,179887.78,True,True,True,23,1,55.56,100.0,
validPod21.yaml,Pod,61,13,13,6,19,0,13,481,187,5,179769.5,21.91,179791.41,True,True,True,23,1,55.56,100.0,
validPod22.yaml,Pod,61,13,13,6,19,0,13,481,187,5,179816.28,21.4,179837.68,True,True,True,23,1,55.56,100.0,
validPod23.yaml,Pod,61,13,13,6,19,0,13,481,187,5,180070.16,21.77,180091.93,True,True,True,23,1,55.56,100.0,
validPod24.yaml,Pod,61,13,13,6,19,0,13,481,187,5,179885.35,21.73,179907.08,True,True,True,23,1,55.56,100.0,
validPod25.yaml,Pod,61,13,13,6,19,0,13,481,187,5,180216.93,21.44,180238.37,True,True,True,23,1,55.56,100.0,
validPod26.yaml,Pod,61,13,13,6,19,0,13,481,187,5,179719.6,21.56,179741.16,True,True,True,23,1,55.56,100.0,
validPod3.yaml,Pod,61,13,13,6,19,0,13,481,187,5,179846.36,21.49,179867.85,True,True,True,23,1,55.56,100.0,
validPod4.yaml,Pod,61,13,13,6,19,0,13,481,187,5,179931.22,21.47,179952.69,True,True,True,23,1,55.56,100.0,
validPod5.yaml,Pod,61,13,13,6,19,0,13,481,187,5,180071.21,22.22,180093.43,True,True,True,23,1,55.56,100.0,
validPod6.yaml,Pod,61,13,13,6,19,0,13,481,187,5,179812.62,21.46,179834.08,True,True,True,23,1,55.56,100.0,
validPod7.yaml,Pod,61,13,13,6,19,0,13,481,187,5,179873.24,21.6,179894.84,True,True,True,23,1,55.56,100.0,
validPod8.yaml,Pod,61,13,13,6,19,0,13,481,187,5,179931.98,21.36,179953.34,True,True,True,23,1,55.56,100.0,
validPod9.yaml,Pod,61,13,13,6,19,0,13,481,187,5,179955.16,21.98,179977.14,True,True,True,23,1,55.56,100.0,
valkey-client_1.yaml,StatefulSet,31,7,7,4,11,0,40,424,176,3,99105.55,36.52,99142.07,True,True,True,16,0,88.57,100.0,
valkey-cluster.yaml,Secret,4,0,0,0,0,0,8,14,0,1,7109.73,0.0,7109.73,True,True,True,0,0,100.0,
valkey-cluster_1.yaml,StatefulSet,31,7,7,2,9,0,90,424,176,10000,109372.16,89.24,109461.4,True,True,True,13,9,92.86,100.0,
valkey-cluster_2.yaml,StatefulSet,31,7,7,2,9,0,81,424,176,10000,100054.54,79.09,100133.63,True,True,True,11,0,95.82,100.0,
valkey-cluster_3.yaml,Service,6,1,1,0,1,0,21,13,2,1,28257.5,12.66,28270.16,True,True,True,1,1,93.75,100.0,
valkey-cluster_4.yaml,Service,6,1,1,0,1,0,21,13,2,2,28062.19,13.48,28075.67,True,True,True,1,1,94.12,100.0,
valkey-cluster_5.yaml,Service,6,1,1,0,1,0,21,13,2,2,28007.74,13.43,28021.17,True,True,True,1,1,94.12,100.0,
valkey-cluster_6.yaml,PodDisruptionBudget,1,0,0,0,0,0,12,2,0,1,7504.3,0.0,7504.3,True,True,True,0,0,100.0,
values-dev65.yaml,Service,6,2,2,0,2,0,18,13,4,2,27763.4,11.98,27775.38,True,True,True,6,6,60.0,100.0,
values-pro.yaml,Service,6,2,2,0,2,0,18,13,4,2,27935.04,12.11,27947.15,True,True,True,6,6,60.0,100.0,
values-test4.yaml,Service,6,2,2,0,2,0,18,13,4,2,27805.38,11.85,27817.23,True,True,True,6,6,60.0,100.0,
values1684_23.yaml,ClusterRoleBinding,4,0,0,0,0,0,16,12,0,5,7167.58,0.0,7167.58,True,True,True,0,0,100.0,
values1684_24.yaml,ClusterRoleBinding,4,0,0,0,0,0,16,12,0,5,7396.57,0.0,7396.57,True,True,True,0,0,100.0,
values1684_25.yaml,ClusterRoleBinding,4,0,0,0,0,0,16,12,0,5,7114.45,0.0,7114.45,True,True,True,0,0,100.0,
values1684_26.yaml,ClusterRoleBinding,4,0,0,0,0,0,16,12,0,5,7410.08,0.0,7410.08,True,True,True,0,0,100.0,
values1684_27.yaml,ClusterRoleBinding,4,0,0,0,0,0,16,12,0,5,7150.17,0.0,7150.17,True,True,True,0,0,100.0,
values1684_28.yaml,ClusterRoleBinding,4,0,0,0,0,0,16,12,0,5,7114.86,0.0,7114.86,True,True,True,0,0,100.0,
values1684_29.yaml,ClusterRoleBinding,4,0,0,0,0,0,16,12,0,5,7366.18,0.0,7366.18,True,True,True,0,0,100.0,
values1684_30.yaml,ClusterRoleBinding,4,0,0,0,0,0,16,12,0,5,7141.32,0.0,7141.32,True,True,True,0,0,100.0,
values1684_31.yaml,ClusterRoleBinding,4,0,0,0,0,0,16,12,0,5,7158.1,0.0,7158.1,True,True,True,0,0,100.0,
values1684_32.yaml,ClusterRoleBinding,4,0,0,0,0,0,17,12,0,5,7400.62,0.0,7400.62,True,True,True,0,0,100.0,
values1684_36.yaml,RoleBinding,4,0,0,0,0,0,17,12,0,5,7155.85,0.0,7155.85,True,True,True,0,0,100.0,
values1684_37.yaml,RoleBinding,4,0,0,0,0,0,18,12,0,5,7138.21,0.0,7138.21,True,True,True,0,0,100.0,
values1684_38.yaml,RoleBinding,4,0,0,0,0,0,18,12,0,5,7400.69,0.0,7400.69,True,True,True,0,0,100.0,
values1684_39.yaml,Service,6,1,1,0,1,0,21,13,2,15,28004.1,17.37,28021.47,True,True,True,1,1,95.45,100.0,
values1684_40.yaml,Service,6,1,1,0,1,0,21,13,2,15,28314.69,17.21,28331.9,True,True,True,1,1,95.45,100.0,
values1684_41.yaml,Deployment,31,5,5,4,9,0,47,422,102,150,99157.38,44.7,99202.08,True,True,True,11,1,89.83,100.0,
values1684_42.yaml,Deployment,31,5,5,4,9,0,66,422,102,2700,99372.63,62.36,99434.99,True,True,True,11,1,92.86,100.0,
values1684_43.yaml,Deployment,31,5,5,4,9,0,74,422,102,1050,99537.21,65.82,99603.03,True,True,True,11,1,93.41,100.0,
values1684_7.yaml,ServiceAccount,3,1,1,0,1,0,9,7,2,5,17373.8,10.24,17384.04,True,True,True,1,1,91.67,100.0,
values1684_8.yaml,ServiceAccount,3,1,1,0,1,0,9,7,2,5,17405.06,10.66,17415.72,True,True,True,1,1,91.67,100.0,
values1684_9.yaml,ServiceAccount,3,1,1,0,1,0,9,7,2,5,17159.21,10.26,17169.47,True,True,True,1,1,91.67,100.0,
values3274_1.yaml,Deployment,31,8,8,4,12,0,29,422,178,1,98490.02,27.99,98518.01,True,True,True,16,0,75.76,100.0,
values3274_10.yaml,Service,6,1,1,0,1,0,15,13,2,1,28258.71,9.73,28268.44,True,True,True,1,1,91.67,100.0,
values3274_2.yaml,Service,6,1,1,0,1,0,15,13,2,1,27987.57,9.74,27997.31,True,True,True,1,1,91.67,100.0,
values3274_3.yaml,Deployment,31,8,8,4,12,0,32,422,178,3,98281.54,31.49,98313.03,True,True,True,15,1,78.95,100.0,
values3274_4.yaml,Service,6,1,1,0,1,0,15,13,2,1,28299.96,9.78,28309.74,True,True,True,1,1,91.67,100.0,
values3274_5.yaml,Deployment,31,8,8,4,12,0,26,422,178,1,98754.81,26.3,98781.11,True,True,True,16,0,73.33,100.0,
values3274_6.yaml,Service,6,1,1,0,1,0,15,13,2,1,27948.37,9.76,27958.13,True,True,True,1,1,91.67,100.0,
values3274_7.yaml,Deployment,31,8,8,4,12,0,26,422,178,1,98511.87,26.31,98538.18,True,True,True,16,0,73.33,100.0,
values3274_8.yaml,Service,6,1,1,0,1,0,15,13,2,1,28296.49,9.71,28306.2,True,True,True,1,1,91.67,100.0,
values3274_9.yaml,Deployment,31,8,8,4,12,0,26,422,178,1,98464.94,26.2,98491.14,True,True,True,16,0,73.33,100.0,
values3276_1.yaml,Deployment,31,8,8,5,13,0,23,422,178,1,98448.16,25.13,98473.29,True,True,True,17,2,65.45,100.0,
values3276_2.yaml,Service,6,1,1,0,1,0,17,13,2,2,28017.75,13.31,28031.06,True,True,True,2,2,88.24,100.0,
var-claim.yaml,PersistentVolumeClaim,2,1,1,0,1,0,11,7,3,1,13870.4,8.45,13878.85,True,True,True,1,1,90.91,100.0,
var1.yaml,Pod,61,13,13,6,19,0,14,481,187,2,179880.04,24.88,179904.92,True,True,True,24,2,51.85,100.0,
variable-explorer_1.yaml,Secret,4,0,0,0,0,0,6,14,0,1,7154.93,0.0,7154.93,True,True,True,0,0,100.0,
vault-auth-k8s-clusterrolebinding.yaml,ClusterRoleBinding,4,0,0,0,0,0,14,12,0,1,7384.18,0.0,7384.18,True,True,True,0,0,100.0,
vault-auth-k8s-clusterrolebinding1.yaml,ClusterRoleBinding,4,0,0,0,0,0,14,12,0,1,7154.6,0.0,7154.6,True,True,True,0,0,100.0,
vault-auth-k8s-clusterrolebinding2.yaml,ClusterRoleBinding,4,0,0,0,0,0,14,12,0,1,7129.08,0.0,7129.08,True,True,True,0,0,100.0,
vault-auth-k8s-clusterrolebinding3.yaml,ClusterRoleBinding,4,0,0,0,0,0,14,12,0,1,7410.13,0.0,7410.13,True,True,True,0,0,100.0,
vault-auth-k8s-sasecret.yaml,Secret,4,0,0,0,0,0,8,14,0,1,7150.39,0.0,7150.39,True,True,True,0,0,100.0,
vault-auth-k8s-sasecret1.yaml,Secret,4,0,0,0,0,0,8,14,0,1,7403.77,0.0,7403.77,True,True,True,0,0,100.0,
vault-auth-k8s-sasecret2.yaml,Secret,4,0,0,0,0,0,8,14,0,1,7110.57,0.0,7110.57,True,True,True,0,0,100.0,
vault-auth-k8s-sasecret3.yaml,Secret,4,0,0,0,0,0,8,14,0,1,7133.15,0.0,7133.15,True,True,True,0,0,100.0,
vault-auth-k8s-serviceaccount.yaml,ServiceAccount,3,0,0,0,0,0,5,7,0,1,7413.7,0.0,7413.7,True,True,True,0,0,100.0,
vault-auth-k8s-serviceaccount1.yaml,ServiceAccount,3,0,0,0,0,0,5,7,0,1,7164.59,0.0,7164.59,True,True,True,0,0,100.0,
vault-auth-k8s-serviceaccount2.yaml,ServiceAccount,3,0,0,0,0,0,5,7,0,1,7122.74,0.0,7122.74,True,True,True,0,0,100.0,
vault-auth-k8s-serviceaccount3.yaml,ServiceAccount,3,0,0,0,0,0,5,7,0,1,7382.06,0.0,7382.06,True,True,True,0,0,100.0,
vault-auth-service-account.yaml,ClusterRoleBinding,4,0,0,0,0,0,14,12,0,1,7155.45,0.0,7155.45,True,True,True,0,0,100.0,
vault-autounseal-config.yaml,Secret,4,0,0,0,0,0,6,14,0,1,7134.45,0.0,7134.45,True,True,True,0,0,100.0,
vault-autounseal.yaml,Deployment,31,8,8,1,9,0,32,422,178,8,98486.64,27.95,98514.59,True,True,True,27,19,39.47,100.0,
vault-iam-store-sa.yaml,ServiceAccount,3,0,0,0,0,0,8,7,0,1,7432.93,0.0,7432.93,True,True,True,0,0,100.0,
vault-ingress.yaml,Ingress,3,0,0,0,0,0,25,4,0,4,7179.54,0.0,7179.54,True,True,True,0,0,100.0,
vault-ingress1.yaml,Ingress,3,0,0,0,0,0,25,4,0,4,7150.1,0.0,7150.1,True,True,True,0,0,100.0,
vault-kms-provider.yaml,Pod,61,10,10,7,17,0,47,481,97,24,181051.41,50.28,181101.69,True,True,True,58,50,14.29,100.0,
vault-operator-sa.yaml,ServiceAccount,3,0,0,0,0,0,5,7,0,1,7105.23,0.0,7105.23,True,True,True,0,0,100.0,
vault-pipeline-feature.yaml,Deployment,31,8,8,3,11,0,30,422,178,6,98401.23,26.9,98428.13,True,True,True,22,11,50.75,100.0,
vault-pushsecret.yaml,Secret,4,0,0,0,0,0,7,14,0,2,7159.08,0.0,7159.08,True,True,True,0,0,100.0,
vault-pvc.yaml,PersistentVolumeClaim,2,1,1,0,1,0,10,7,3,1,13886.02,7.77,13893.79,True,True,True,2,2,80.0,100.0,
vault-raft-storage.yaml,PodDisruptionBudget,1,0,0,0,0,0,15,2,0,12,7141.22,0.0,7141.22,True,True,True,0,0,100.0,
vault-raft-storage_1.yaml,ServiceAccount,3,0,0,0,0,0,8,7,0,3,7407.6,0.0,7407.6,True,True,True,0,0,100.0,
vault-raft-storage_10.yaml,Service,6,1,1,0,1,0,19,13,2,40,28038.57,20.1,28058.67,True,True,True,2,2,92.31,100.0,
vault-raft-storage_11.yaml,Service,6,1,1,0,1,0,19,13,2,32,28325.44,19.29,28344.73,True,True,True,2,2,92.0,100.0,
vault-raft-storage_12.yaml,Service,6,1,1,0,1,0,20,13,2,30,27983.04,20.42,28003.46,True,True,True,2,2,92.31,100.0,
vault-raft-storage_13.yaml,Service,6,1,1,0,1,0,19,13,2,24,28304.68,19.13,28323.81,True,True,True,2,2,91.67,100.0,
vault-raft-storage_14.yaml,Service,6,1,1,0,1,0,20,13,2,12,28061.7,16.46,28078.16,True,True,True,1,1,95.24,100.0,
vault-raft-storage_15.yaml,Deployment,31,6,6,0,6,0,91,422,127,10000,100011.4,95.73,100107.13,True,True,True,5,1,97.62,100.0,
vault-raft-storage_16.yaml,StatefulSet,31,7,7,0,7,0,102,424,176,10000,100782.21,118.0,100900.21,True,True,True,8,10,94.61,100.0,
vault-raft-storage_18.yaml,Pod,61,14,14,6,20,0,30,481,195,12,179866.3,33.67,179899.97,True,True,True,24,10,63.04,100.0,
vault-raft-storage_2.yaml,ServiceAccount,3,0,0,0,0,0,8,7,0,4,7416.78,0.0,7416.78,True,True,True,0,0,100.0,
vault-raft-storage_5.yaml,ClusterRoleBinding,4,0,0,0,0,0,16,12,0,3,7160.41,0.0,7160.41,True,True,True,0,0,100.0,
vault-raft-storage_6.yaml,ClusterRoleBinding,4,0,0,0,0,0,16,12,0,4,7187.8,0.0,7187.8,True,True,True,0,0,100.0,
vault-raft-storage_8.yaml,RoleBinding,4,0,0,0,0,0,17,12,0,4,7402.44,0.0,7402.44,True,True,True,0,0,100.0,
vault-raft-storage_9.yaml,Service,6,1,1,0,1,0,17,13,2,9,28021.73,14.28,28036.01,True,True,True,1,1,94.44,100.0,
vault-sa.yaml,ServiceAccount,3,0,0,0,0,0,7,7,0,1,7371.04,0.0,7371.04,True,True,True,0,0,100.0,
vault-secret.yaml,Secret,4,0,0,0,0,0,8,14,0,4,7165.23,0.0,7165.23,True,True,True,0,0,100.0,
vault-secretstore1_1.yaml,Secret,4,0,0,0,0,0,6,14,0,1,7171.82,0.0,7171.82,True,True,True,0,0,100.0,
vault-secretstore_1.yaml,Secret,4,0,0,0,0,0,6,14,0,1,7396.48,0.0,7396.48,True,True,True,0,0,100.0,
vault-service.yaml,Service,6,1,1,0,1,0,13,13,2,1,27982.89,9.05,27991.94,True,True,True,2,2,81.82,100.0,
vault-service1.yaml,Service,6,1,1,0,1,0,13,13,2,1,27976.35,9.03,27985.38,True,True,True,2,2,81.82,100.0,
vault-unseal-rolebinding.yaml,RoleBinding,4,0,0,0,0,0,14,12,0,1,7450.4,0.0,7450.4,True,True,True,0,0,100.0,
vault-unseal-serviceaccount.yaml,ServiceAccount,3,0,0,0,0,0,5,7,0,1,7112.1,0.0,7112.1,True,True,True,0,0,100.0,
vault10.yaml,ServiceAccount,3,0,0,0,0,0,7,7,0,2,7384.68,0.0,7384.68,True,True,True,0,0,100.0,
vault10_10.yaml,Ingress,3,0,0,0,0,0,27,4,0,4,7130.13,0.0,7130.13,True,True,True,0,0,100.0,
vault10_2.yaml,RoleBinding,4,0,0,0,0,0,15,12,0,2,7171.26,0.0,7171.26,True,True,True,0,0,100.0,
vault10_3.yaml,ClusterRoleBinding,4,0,0,0,0,0,15,12,0,2,7434.7,0.0,7434.7,True,True,True,0,0,100.0,
vault10_5.yaml,PersistentVolumeClaim,2,1,1,0,1,0,14,7,3,1,13586.95,10.04,13596.99,True,True,True,1,1,92.31,100.0,
vault10_6.yaml,Service,6,1,1,0,1,0,18,13,2,18,28273.74,17.14,28290.88,True,True,True,2,2,90.91,100.0,
vault10_7.yaml,Service,6,1,1,0,1,0,17,13,2,12,28031.67,15.62,28047.29,True,True,True,2,2,90.0,100.0,
vault10_8.yaml,Deployment,31,8,8,5,13,0,35,422,178,72,98656.78,37.09,98693.87,True,True,True,26,4,70.0,100.0,
vault10_9.yaml,StatefulSet,31,7,7,4,11,0,83,424,176,10000,99976.9,105.64,100082.54,True,True,True,15,11,91.33,100.0,
vault11_1.yaml,ServiceAccount,3,0,0,0,0,0,8,7,0,3,7431.21,0.0,7431.21,True,True,True,0,0,100.0,
vault11_10.yaml,Service,6,1,1,0,1,0,19,13,2,32,28031.23,19.74,28050.97,True,True,True,2,2,92.0,100.0,
vault11_11.yaml,Service,6,1,1,0,1,0,19,13,2,32,28044.71,19.65,28064.36,True,True,True,2,2,92.0,100.0,
vault11_12.yaml,Service,6,1,1,0,1,0,20,13,2,24,28299.61,19.25,28318.86,True,True,True,2,2,92.0,100.0,
vault11_13.yaml,Service,6,1,1,0,1,0,19,13,2,24,28060.99,18.59,28079.58,True,True,True,2,2,91.67,100.0,
vault11_14.yaml,Service,6,1,1,0,1,0,20,13,2,12,28350.97,16.68,28367.65,True,True,True,1,1,95.24,100.0,
vault11_15.yaml,Deployment,31,8,8,0,8,0,75,422,178,10000,98990.45,85.77,99076.22,True,True,True,8,1,96.04,100.0,
vault11_16.yaml,StatefulSet,31,7,7,0,7,0,101,424,176,10000,100033.83,117.42,100151.25,True,True,True,8,10,94.51,100.0,
vault11_18.yaml,Pod,61,13,13,6,19,0,23,481,187,6,179835.43,27.31,179862.74,True,True,True,24,7,57.53,100.0,
vault11_2.yaml,ServiceAccount,3,0,0,0,0,0,8,7,0,4,7398.84,0.0,7398.84,True,True,True,0,0,100.0,
vault11_5.yaml,ClusterRoleBinding,4,0,0,0,0,0,16,12,0,3,7152.77,0.0,7152.77,True,True,True,0,0,100.0,
vault11_6.yaml,ClusterRoleBinding,4,0,0,0,0,0,16,12,0,4,7154.48,0.0,7154.48,True,True,True,0,0,100.0,
vault11_8.yaml,RoleBinding,4,0,0,0,0,0,17,12,0,4,7402.3,0.0,7402.3,True,True,True,0,0,100.0,
vault11_9.yaml,Service,6,1,1,0,1,0,17,13,2,9,28048.88,13.98,28062.86,True,True,True,1,1,94.44,100.0,
vault13.yaml,PodDisruptionBudget,1,1,1,0,1,0,15,2,2,12,10331.96,13.79,10345.75,True,True,True,1,1,94.12,100.0,
vault13_1.yaml,ServiceAccount,3,0,0,0,0,0,8,7,0,3,7153.33,0.0,7153.33,True,True,True,0,0,100.0,
vault13_10.yaml,Service,6,1,1,0,1,0,19,13,2,40,27990.95,19.99,28010.94,True,True,True,2,2,92.31,100.0,
vault13_11.yaml,Service,6,1,1,0,1,0,19,13,2,32,28298.01,19.42,28317.43,True,True,True,2,2,92.0,100.0,
vault13_12.yaml,Service,6,1,1,0,1,0,20,13,2,30,28071.86,20.41,28092.27,True,True,True,2,2,92.31,100.0,
vault13_13.yaml,Service,6,1,1,0,1,0,19,13,2,24,28208.08,18.57,28226.65,True,True,True,2,2,91.67,100.0,
vault13_14.yaml,Service,6,1,1,0,1,0,20,13,2,12,27973.48,16.34,27989.82,True,True,True,1,1,95.24,100.0,
vault13_15.yaml,Deployment,31,6,6,0,6,0,91,422,127,10000,99541.0,94.23,99635.23,True,True,True,5,1,97.62,100.0,
vault13_16.yaml,StatefulSet,31,7,7,0,7,0,102,424,176,10000,99921.23,118.17,100039.4,True,True,True,8,3,96.9,100.0,
vault13_18.yaml,Pod,61,13,13,6,19,0,23,481,187,6,180057.57,27.8,180085.37,True,True,True,24,7,57.53,100.0,
vault13_2.yaml,ServiceAccount,3,0,0,0,0,0,8,7,0,4,7423.03,0.0,7423.03,True,True,True,0,0,100.0,
vault13_5.yaml,ClusterRoleBinding,4,0,0,0,0,0,16,12,0,3,7124.03,0.0,7124.03,True,True,True,0,0,100.0,
vault13_6.yaml,ClusterRoleBinding,4,0,0,0,0,0,16,12,0,4,7400.52,0.0,7400.52,True,True,True,0,0,100.0,
vault13_8.yaml,RoleBinding,4,0,0,0,0,0,17,12,0,4,7134.77,0.0,7134.77,True,True,True,0,0,100.0,
vault13_9.yaml,Service,6,1,1,0,1,0,17,13,2,9,27991.6,14.01,28005.61,True,True,True,1,1,94.44,100.0,
vault20.yaml,PodDisruptionBudget,1,0,0,0,0,0,15,2,0,12,7411.64,0.0,7411.64,True,True,True,0,0,100.0,
vault20_1.yaml,ServiceAccount,3,0,0,0,0,0,8,7,0,3,7148.98,0.0,7148.98,True,True,True,0,0,100.0,
vault20_10.yaml,Service,6,1,1,0,1,0,19,13,2,40,28039.49,20.21,28059.7,True,True,True,2,2,92.31,100.0,
vault20_11.yaml,Service,6,1,1,0,1,0,19,13,2,32,28291.61,19.41,28311.02,True,True,True,2,2,92.0,100.0,
vault20_12.yaml,Service,6,1,1,0,1,0,20,13,2,30,28045.44,20.08,28065.52,True,True,True,2,2,92.31,100.0,
vault20_13.yaml,Service,6,1,1,0,1,0,19,13,2,24,28308.19,18.48,28326.67,True,True,True,2,2,91.67,100.0,
vault20_14.yaml,Service,6,1,1,0,1,0,20,13,2,12,28077.65,16.27,28093.92,True,True,True,1,1,95.24,100.0,
vault20_15.yaml,Deployment,31,6,6,0,6,0,91,422,127,10000,99548.22,94.29,99642.51,True,True,True,5,1,97.62,100.0,
vault20_16.yaml,StatefulSet,31,7,7,0,7,0,90,424,176,10000,99943.13,108.96,100052.09,True,True,True,8,10,94.27,100.0,
vault20_18.yaml,Pod,61,13,13,6,19,0,23,481,187,6,179998.42,27.6,180026.02,True,True,True,24,7,57.53,100.0,
vault20_2.yaml,ServiceAccount,3,0,0,0,0,0,8,7,0,4,7429.2,0.0,7429.2,True,True,True,0,0,100.0,
vault20_5.yaml,ClusterRoleBinding,4,0,0,0,0,0,16,12,0,3,7137.4,0.0,7137.4,True,True,True,0,0,100.0,
vault20_6.yaml,ClusterRoleBinding,4,0,0,0,0,0,16,12,0,4,7424.2,0.0,7424.2,True,True,True,0,0,100.0,
vault20_8.yaml,RoleBinding,4,0,0,0,0,0,17,12,0,4,7149.16,0.0,7149.16,True,True,True,0,0,100.0,
vault20_9.yaml,Service,6,1,1,0,1,0,17,13,2,9,28028.45,14.16,28042.61,True,True,True,1,1,94.44,100.0,
vault22.yaml,Deployment,31,8,8,5,13,0,26,422,178,3,98405.7,26.22,98431.92,True,True,True,18,3,64.41,100.0,
vault23.yaml,Deployment,31,8,8,5,13,0,26,422,178,3,98472.47,25.85,98498.32,True,True,True,18,3,64.41,100.0,
vault26_1.yaml,PersistentVolumeClaim,2,1,1,0,1,0,10,7,3,1,13879.12,7.8,13886.92,True,True,True,1,1,90.0,100.0,
vault31.yaml,PodDisruptionBudget,1,0,0,0,0,0,15,2,0,12,7146.97,0.0,7146.97,True,True,True,0,0,100.0,
vault31_1.yaml,ServiceAccount,3,0,0,0,0,0,8,7,0,3,7418.44,0.0,7418.44,True,True,True,0,0,100.0,
vault31_10.yaml,Service,6,1,1,0,1,0,19,13,2,40,27964.92,19.96,27984.88,True,True,True,2,2,92.31,100.0,
vault31_11.yaml,Service,6,1,1,0,1,0,19,13,2,32,28301.0,19.45,28320.45,True,True,True,2,2,92.0,100.0,
vault31_12.yaml,Service,6,1,1,0,1,0,20,13,2,30,27991.6,20.49,28012.09,True,True,True,2,2,92.31,100.0,
vault31_13.yaml,Service,6,1,1,0,1,0,19,13,2,24,28070.35,18.67,28089.02,True,True,True,2,2,91.67,100.0,
vault31_14.yaml,Service,6,1,1,0,1,0,20,13,2,12,28312.8,16.26,28329.06,True,True,True,1,1,95.24,100.0,
vault31_15.yaml,Deployment,31,6,6,0,6,0,91,422,127,10000,99578.81,95.03,99673.84,True,True,True,5,1,97.62,100.0,
vault31_16.yaml,StatefulSet,31,7,7,0,7,0,102,424,176,10000,99922.74,118.78,100041.52,True,True,True,8,10,94.55,100.0,
vault31_18.yaml,Pod,61,13,13,6,19,0,23,481,187,6,179903.58,27.17,179930.75,True,True,True,24,7,57.53,100.0,
vault31_2.yaml,ServiceAccount,3,0,0,0,0,0,8,7,0,4,7420.32,0.0,7420.32,True,True,True,0,0,100.0,
vault31_5.yaml,ClusterRoleBinding,4,0,0,0,0,0,16,12,0,3,7150.3,0.0,7150.3,True,True,True,0,0,100.0,
vault31_6.yaml,ClusterRoleBinding,4,0,0,0,0,0,16,12,0,4,7146.67,0.0,7146.67,True,True,True,0,0,100.0,
vault31_8.yaml,RoleBinding,4,0,0,0,0,0,17,12,0,4,7385.65,0.0,7385.65,True,True,True,0,0,100.0,
vault31_9.yaml,Service,6,1,1,0,1,0,17,13,2,9,27995.69,14.16,28009.85,True,True,True,1,1,94.44,100.0,
vault32.yaml,Secret,4,0,0,0,0,0,9,14,0,1,7463.85,0.0,7463.85,True,True,True,0,0,100.0,
vault4.yaml,ServiceAccount,3,0,0,0,0,0,7,7,0,2,7100.33,0.0,7100.33,True,True,True,0,0,100.0,
vault4_10.yaml,Ingress,3,0,0,0,0,0,27,4,0,4,7164.94,0.0,7164.94,True,True,True,0,0,100.0,
vault4_2.yaml,RoleBinding,4,0,0,0,0,0,15,12,0,2,7430.76,0.0,7430.76,True,True,True,0,0,100.0,
vault4_3.yaml,ClusterRoleBinding,4,0,0,0,0,0,15,12,0,2,7156.45,0.0,7156.45,True,True,True,0,0,100.0,
vault4_5.yaml,PersistentVolumeClaim,2,1,1,0,1,0,14,7,3,1,13918.42,9.95,13928.37,True,True,True,1,1,92.31,100.0,
vault4_6.yaml,Service,6,1,1,0,1,0,18,13,2,18,27945.79,17.42,27963.21,True,True,True,2,2,90.91,100.0,
vault4_7.yaml,Service,6,1,1,0,1,0,17,13,2,12,28329.35,16.36,28345.71,True,True,True,2,2,90.0,100.0,
vault4_8.yaml,Deployment,31,8,8,5,13,0,35,422,178,72,98591.28,36.91,98628.19,True,True,True,26,4,70.0,100.0,
vault4_9.yaml,StatefulSet,31,7,7,4,11,0,83,424,176,10000,99343.28,105.61,99448.89,True,True,True,15,11,91.33,100.0,
vault5_1.yaml,ServiceAccount,3,0,0,0,0,0,8,7,0,3,7113.99,0.0,7113.99,True,True,True,0,0,100.0,
vault5_10.yaml,Service,6,1,1,0,1,0,19,13,2,32,28036.66,19.65,28056.31,True,True,True,2,2,92.0,100.0,
vault5_11.yaml,Service,6,1,1,0,1,0,19,13,2,32,28287.32,19.36,28306.68,True,True,True,2,2,92.0,100.0,
vault5_12.yaml,Service,6,1,1,0,1,0,20,13,2,24,28077.74,19.35,28097.09,True,True,True,2,2,92.0,100.0,
vault5_13.yaml,Service,6,1,1,0,1,0,19,13,2,24,28281.11,18.68,28299.79,True,True,True,2,2,91.67,100.0,
vault5_14.yaml,Service,6,1,1,0,1,0,20,13,2,12,27977.66,16.5,27994.16,True,True,True,1,1,95.24,100.0,
vault5_15.yaml,Deployment,31,8,8,0,8,0,75,422,178,10000,99071.38,86.55,99157.93,True,True,True,8,1,96.04,100.0,
vault5_16.yaml,StatefulSet,31,7,7,0,7,0,101,424,176,10000,100022.39,116.78,100139.17,True,True,True,8,10,94.51,100.0,
vault5_18.yaml,Pod,61,13,13,6,19,0,23,481,187,6,180655.0,27.75,180682.75,True,True,True,24,7,57.53,100.0,
vault5_2.yaml,ServiceAccount,3,0,0,0,0,0,8,7,0,4,7140.96,0.0,7140.96,True,True,True,0,0,100.0,
vault5_5.yaml,ClusterRoleBinding,4,0,0,0,0,0,16,12,0,3,7134.9,0.0,7134.9,True,True,True,0,0,100.0,
vault5_6.yaml,ClusterRoleBinding,4,0,0,0,0,0,16,12,0,4,7401.14,0.0,7401.14,True,True,True,0,0,100.0,
vault5_8.yaml,RoleBinding,4,0,0,0,0,0,17,12,0,4,7132.2,0.0,7132.2,True,True,True,0,0,100.0,
vault5_9.yaml,Service,6,1,1,0,1,0,17,13,2,9,28092.27,14.33,28106.6,True,True,True,1,1,94.44,100.0,
VaultAuth.yaml,ServiceAccount,3,1,1,0,1,0,6,7,2,1,17440.86,5.97,17446.83,True,True,True,3,3,50.0,100.0,
vaultCRB.yaml,ClusterRoleBinding,4,0,0,0,0,0,14,12,0,1,7456.78,0.0,7456.78,True,True,True,0,0,100.0,
vaultDeploy.yaml,Unknown,SCHEMA_ERROR,,,,,,0,0,0,0,31.72,0.0,31.72,,,,0,0,0.0,0.0,"C:\Users\CAOSD\projects\tool-security-rules\resources\dataset_yamls\original_yamls_10k\vaultDeploy.yaml - Deployment sample-deployment failed validation: error unmarshalling resource: error converting YAML to JSON: yaml: unmarshal errors: |   line 10: key ""spec"" already set in map | Summary: 1 resource found in 1 file - Valid: 0, Invalid: 0, Errors: 1, Skipped: 0"
vaultSA.yaml,ServiceAccount,3,0,0,0,0,0,5,7,0,1,7162.6,0.0,7162.6,True,True,True,0,0,100.0,
vaultSASecret.yaml,Secret,4,0,0,0,0,0,9,14,0,1,7116.13,0.0,7116.13,True,True,True,0,0,100.0,
vaultwarden-claim0-persistentvolumeclaim.yaml,PersistentVolumeClaim,2,1,1,0,1,0,15,7,3,1,13850.04,10.26,13860.3,True,True,True,1,2,88.89,100.0,
vaultwarden-cloudflare-tunnel.yaml,Deployment,31,8,8,1,9,0,34,422,178,48,98566.91,29.47,98596.38,True,True,True,26,17,42.67,100.0,
vaultwarden-deployment.yaml,Deployment,31,8,8,5,13,0,47,422,178,8,98435.04,40.11,98475.15,True,True,True,27,14,63.06,100.0,
vaultwarden-pvc.yaml,PersistentVolumeClaim,2,1,1,0,1,0,13,7,3,1,13853.73,9.2,13862.93,True,True,True,1,2,88.0,100.0,
vault_k8s_service_account_1.yaml,ServiceAccount,3,0,0,0,0,0,6,7,0,1,7107.33,0.0,7107.33,True,True,True,0,0,100.0,
vault_k8s_service_account_2.yaml,ClusterRoleBinding,4,0,0,0,0,0,14,12,0,1,7431.0,0.0,7431.0,True,True,True,0,0,100.0,
vault_k8s_service_account_3.yaml,Secret,4,0,0,0,0,0,9,14,0,1,7164.82,0.0,7164.82,True,True,True,0,0,100.0,
vector-add-2.yaml,Pod,61,13,13,6,19,0,23,481,187,2,180259.12,24.58,180283.7,True,True,True,27,7,43.33,100.0,
vector-add-3.yaml,Pod,61,13,13,6,19,0,23,481,187,2,180235.23,24.87,180260.1,True,True,True,21,1,64.52,100.0,
vector-add.yaml,Pod,61,13,13,6,19,0,23,481,187,2,180152.22,24.81,180177.03,True,True,True,27,7,41.38,100.0,
vector-aggregator-assert.yaml,Unknown,SCHEMA_ERROR,,,,,,0,0,0,0,454.26,0.0,454.26,,,,0,0,0.0,0.0,"C:\Users\CAOSD\projects\tool-security-rules\resources\dataset_yamls\original_yamls_10k\vector-aggregator-assert.yaml - StatefulSet vector-aggregator is invalid: problem validating schema. Check JSON formatting: jsonschema validation failed with 'https://raw.githubusercontent.com/yannh/kubernetes-json-schema/master/master-standalone-strict/statefulset-apps-v1.json#' - at '': missing property 'spec' | Summary: 1 resource found in 1 file - Valid: 0, Invalid: 1, Errors: 0, Skipped: 0"
vector-aggregator-assert1.yaml,Unknown,SCHEMA_ERROR,,,,,,0,0,0,0,496.6,0.0,496.6,,,,0,0,0.0,0.0,"C:\Users\CAOSD\projects\tool-security-rules\resources\dataset_yamls\original_yamls_10k\vector-aggregator-assert1.yaml - StatefulSet vector-aggregator is invalid: problem validating schema. Check JSON formatting: jsonschema validation failed with 'https://raw.githubusercontent.com/yannh/kubernetes-json-schema/master/master-standalone-strict/statefulset-apps-v1.json#' - at '': missing property 'spec' | Summary: 1 resource found in 1 file - Valid: 0, Invalid: 1, Errors: 0, Skipped: 0"
vector-aggregator-assert2.yaml,Unknown,SCHEMA_ERROR,,,,,,0,0,0,0,287.26,0.0,287.26,,,,0,0,0.0,0.0,"C:\Users\CAOSD\projects\tool-security-rules\resources\dataset_yamls\original_yamls_10k\vector-aggregator-assert2.yaml - StatefulSet vector-aggregator is invalid: problem validating schema. Check JSON formatting: jsonschema validation failed with 'https://raw.githubusercontent.com/yannh/kubernetes-json-schema/master/master-standalone-strict/statefulset-apps-v1.json#' - at '': missing property 'spec' | Summary: 1 resource found in 1 file - Valid: 0, Invalid: 1, Errors: 0, Skipped: 0"
vector-rbac.yaml,ServiceAccount,3,1,1,0,1,0,8,7,2,4,17388.1,8.94,17397.04,True,True,True,1,1,90.0,100.0,
vector-rbac_2.yaml,ClusterRoleBinding,4,0,0,0,0,0,16,12,0,4,7409.03,0.0,7409.03,True,True,True,0,0,100.0,
vector15.yaml,Deployment,31,8,8,4,12,0,44,422,178,36,99032.44,59.43,99091.87,True,True,True,67,52,22.22,100.0,
vectordb-service.yaml,Service,6,1,1,0,1,0,17,13,2,1,27993.43,10.2,28003.63,True,True,True,9,9,30.77,100.0,
velero9.yaml,ServiceAccount,3,0,0,0,0,0,11,7,0,4,7158.3,0.0,7158.3,True,True,True,0,0,100.0,
velero9_1.yaml,ClusterRoleBinding,4,1,1,0,1,0,16,12,4,5,21246.29,14.5,21260.79,True,True,True,1,1,94.44,100.0,
velero9_3.yaml,RoleBinding,4,0,0,0,0,0,17,12,0,5,7149.54,0.0,7149.54,True,True,True,0,0,100.0,
velero9_4.yaml,Service,6,1,1,0,1,0,19,13,2,12,27975.3,25.09,28000.39,True,True,True,1,1,95.0,100.0,
velero9_5.yaml,Deployment,31,8,8,0,8,0,85,422,178,10000,99541.14,80.07,99621.21,True,True,True,17,3,90.74,100.0,
verdaccio-helm_1.yaml,PersistentVolumeClaim,2,1,1,0,1,0,12,7,3,1,13907.11,9.28,13916.39,True,True,True,1,1,91.67,100.0,
verdaccio-ingress.yaml,Ingress,3,0,0,0,0,0,25,4,0,3,7185.61,0.0,7185.61,True,True,True,0,0,100.0,
verifica-liveness.yaml,Deployment,31,7,7,0,7,0,36,422,176,4,99115.61,31.3,99146.91,True,True,True,9,2,85.71,100.0,
verifica-liveness1.yaml,Deployment,31,7,7,0,7,0,36,422,176,4,98829.01,30.66,98859.67,True,True,True,9,2,85.71,100.0,
verifica-readiness.yaml,Deployment,31,7,7,0,7,0,37,422,176,4,98636.38,31.41,98667.79,True,True,True,9,2,86.08,100.0,
verifica-readiness1.yaml,Deployment,31,7,7,0,7,0,37,422,176,4,99165.27,31.89,99197.16,True,True,True,9,2,86.08,100.0,
verifica-startup.yaml,Deployment,31,7,7,0,7,0,37,422,176,4,98642.6,31.95,98674.55,True,True,True,9,2,86.08,100.0,
verifica-startup1.yaml,Deployment,31,7,7,0,7,0,37,422,176,4,99035.63,32.4,99068.03,True,True,True,9,2,86.08,100.0,
verifica-todos-aspectos.yaml,Deployment,31,7,7,0,7,0,57,422,176,4,98997.24,45.12,99042.36,True,True,True,9,2,90.43,100.0,
verifica-todos-aspectos1.yaml,Deployment,31,7,7,0,7,0,57,422,176,4,99040.92,45.36,99086.28,True,True,True,9,2,90.43,100.0,
verification-pod.yaml,Pod,61,13,13,6,19,0,16,481,187,1,180151.0,23.39,180174.39,True,True,True,23,2,48.98,100.0,
verification-pod_1.yaml,Pod,61,13,13,6,19,0,16,481,187,2,180187.13,24.12,180211.25,True,True,True,23,2,50.98,100.0,
verify-cleanup.yaml,ServiceAccount,3,0,0,0,0,0,5,7,0,1,7150.51,0.0,7150.51,True,True,True,0,0,100.0,
verify-cleanup_1.yaml,ClusterRoleBinding,4,1,1,0,1,0,13,12,4,1,20950.63,10.04,20960.67,True,True,True,1,1,91.67,100.0,
verify-cleanup_2.yaml,Job,31,7,7,6,13,1,22,420,176,1,95379.01,23.66,95402.67,False,True,True,16,1,67.92,100.0,
verify-pod.yaml,Unknown,SCHEMA_ERROR,,,,,,0,0,0,0,276.82,0.0,276.82,,,,0,0,0.0,0.0,"C:\Users\CAOSD\projects\tool-security-rules\resources\dataset_yamls\original_yamls_10k\verify-pod.yaml - Pod verify is invalid: problem validating schema. Check JSON formatting: jsonschema validation failed with 'https://raw.githubusercontent.com/yannh/kubernetes-json-schema/master/master-standalone-strict/pod-v1.json#' - at '/metadata/labels/verify': got boolean, want null or string | Summary: 1 resource found in 1 file - Valid: 0, Invalid: 1, Errors: 0, Skipped: 0"
verify-secret-created.yaml,Job,31,7,7,5,12,1,13,420,176,1,95379.46,19.38,95398.84,False,True,True,15,1,60.0,100.0,
verify-secret-works-with-wg.yaml,Job,31,7,7,5,12,1,28,420,176,2,95600.78,27.09,95627.87,False,True,True,24,11,47.76,100.0,
verticalscaling_10.yaml,ClusterRoleBinding,4,0,0,0,0,0,13,12,0,3,7142.4,0.0,7142.4,True,True,True,0,0,100.0,
verticalscaling_11.yaml,ClusterRoleBinding,4,0,0,0,0,0,13,12,0,1,7404.47,0.0,7404.47,True,True,True,0,0,100.0,
verticalscaling_12.yaml,ServiceAccount,3,0,0,0,0,0,5,7,0,1,7165.4,0.0,7165.4,True,True,True,0,0,100.0,
verticalscaling_13.yaml,ServiceAccount,3,0,0,0,0,0,5,7,0,1,7149.32,0.0,7149.32,True,True,True,0,0,100.0,
verticalscaling_14.yaml,ServiceAccount,3,0,0,0,0,0,5,7,0,1,7388.98,0.0,7388.98,True,True,True,0,0,100.0,
verticalscaling_16.yaml,ClusterRoleBinding,4,0,0,0,0,0,13,12,0,1,7177.14,0.0,7177.14,True,True,True,0,0,100.0,
verticalscaling_18.yaml,ClusterRoleBinding,4,0,0,0,0,0,13,12,0,1,7190.82,0.0,7190.82,True,True,True,0,0,100.0,
verticalscaling_5.yaml,ClusterRoleBinding,4,0,0,0,0,0,13,12,0,1,7442.53,0.0,7442.53,True,True,True,0,0,100.0,
verticalscaling_6.yaml,ClusterRoleBinding,4,0,0,0,0,0,13,12,0,2,7139.17,0.0,7139.17,True,True,True,0,0,100.0,
verticalscaling_7.yaml,ClusterRoleBinding,4,0,0,0,0,0,13,12,0,1,7162.17,0.0,7162.17,True,True,True,0,0,100.0,
verticalscaling_8.yaml,ClusterRoleBinding,4,0,0,0,0,0,13,12,0,1,7419.55,0.0,7419.55,True,True,True,0,0,100.0,
vertx-create-span.yaml,Pod,61,13,13,6,19,0,16,481,187,1,180059.36,24.58,180083.94,True,True,True,27,5,36.0,100.0,
vets-service-deployment.yaml,Unknown,SCHEMA_ERROR,,,,,,0,0,0,0,32.22,0.0,32.22,,,,0,0,0.0,0.0,"C:\Users\CAOSD\projects\tool-security-rules\resources\dataset_yamls\original_yamls_10k\vets-service-deployment.yaml - Deployment vets-service failed validation: error unmarshalling resource: error converting YAML to JSON: yaml: unmarshal errors: |   line 50: key ""resources"" already set in map | Summary: 1 resource found in 1 file - Valid: 0, Invalid: 0, Errors: 1, Skipped: 0"
vets-service-deployment1.yaml,Unknown,SCHEMA_ERROR,,,,,,0,0,0,0,13.77,0.0,13.77,,,,0,0,0.0,0.0,"C:\Users\CAOSD\projects\tool-security-rules\resources\dataset_yamls\original_yamls_10k\vets-service-deployment1.yaml - Deployment vets-service failed validation: error unmarshalling resource: error converting YAML to JSON: yaml: unmarshal errors: |   line 50: key ""resources"" already set in map | Summary: 1 resource found in 1 file - Valid: 0, Invalid: 0, Errors: 1, Skipped: 0"
vets-service-deployment2.yaml,Unknown,SCHEMA_ERROR,,,,,,0,0,0,0,19.81,0.0,19.81,,,,0,0,0.0,0.0,"C:\Users\CAOSD\projects\tool-security-rules\resources\dataset_yamls\original_yamls_10k\vets-service-deployment2.yaml - Deployment vets-service failed validation: error unmarshalling resource: error converting YAML to JSON: yaml: unmarshal errors: |   line 59: key ""resources"" already set in map | Summary: 1 resource found in 1 file - Valid: 0, Invalid: 0, Errors: 1, Skipped: 0"
vets-service-service.yaml,Service,6,1,1,0,1,0,16,13,2,1,28078.79,10.59,28089.38,True,True,True,1,4,82.76,100.0,
vets-service-service1.yaml,Service,6,1,1,0,1,0,16,13,2,1,28314.15,10.63,28324.78,True,True,True,1,4,82.76,100.0,
vets-service-service2.yaml,Service,6,1,1,0,1,0,19,13,2,3,28016.13,13.33,28029.46,True,True,True,3,3,82.35,100.0,
viacep-api.yaml,Service,6,1,1,0,1,0,15,13,2,1,28257.45,9.91,28267.36,True,True,True,1,1,91.67,100.0,
viacep-api_1.yaml,Ingress,3,1,1,0,1,0,19,4,2,3,13651.52,17.35,13668.87,True,True,True,4,0,90.91,100.0,
victim-pod.yaml,Pod,61,13,13,7,20,0,12,481,187,1,180364.11,20.67,180384.78,True,True,True,23,2,41.86,100.0,
victoria-deployment.yaml,Deployment,31,9,9,4,13,0,35,422,203,8,98309.89,32.09,98341.98,True,True,True,21,7,63.16,100.0,
victoria-metrics2.yaml,Deployment,31,8,8,4,12,0,27,422,178,1,98670.84,25.94,98696.78,True,True,True,16,1,73.02,100.0,
victoria-metrics2_1.yaml,Service,6,1,1,0,1,0,15,13,2,1,28097.26,9.61,28106.87,True,True,True,1,1,91.67,100.0,
victoria-metrics2_2.yaml,Ingress,3,1,1,0,1,0,16,4,2,1,13937.43,14.54,13951.97,True,True,True,4,0,88.89,100.0,
victoria-service.yaml,Service,6,1,1,0,1,0,19,13,2,2,28062.6,12.88,28075.48,True,True,True,3,3,81.25,100.0,
victoriametrics-pvc.yaml,PersistentVolumeClaim,2,1,1,0,1,0,10,7,3,1,13900.19,7.9,13908.09,True,True,True,2,2,80.0,100.0,
victoriametrics-pvc1.yaml,PersistentVolumeClaim,2,1,1,0,1,0,10,7,3,1,13906.9,7.81,13914.71,True,True,True,2,2,80.0,100.0,
victoriametrics-service.yaml,Service,6,1,1,0,1,0,14,13,2,1,28117.61,9.11,28126.72,True,True,True,1,1,90.91,100.0,
victoriametrics-service1.yaml,Service,6,1,1,0,1,0,14,13,2,1,28055.47,9.03,28064.5,True,True,True,1,1,90.91,100.0,
victoriametrics-statefulset.yaml,StatefulSet,31,7,7,1,8,0,34,424,176,4,99497.06,29.49,99526.55,True,True,True,9,1,86.84,100.0,
victoriametrics-statefulset1.yaml,StatefulSet,31,7,7,1,8,0,34,424,176,4,99114.66,29.44,99144.1,True,True,True,9,1,86.84,100.0,
video-clusterip.yaml,Service,6,1,1,0,1,0,17,13,2,1,27927.54,10.58,27938.12,True,True,True,1,1,92.31,100.0,
video-deploy.yaml,Deployment,31,8,8,4,12,0,24,422,178,1,98655.71,25.08,98680.79,True,True,True,16,1,70.18,100.0,
video-mongo-deployment.yaml,Deployment,31,8,8,1,9,0,36,422,178,4,98553.28,30.45,98583.73,True,True,True,10,2,85.0,100.0,
video-mongo-deployment_1.yaml,PersistentVolumeClaim,2,1,1,0,1,0,10,7,3,1,13874.44,7.87,13882.31,True,True,True,1,1,90.0,100.0,
video-mongo-deployment_2.yaml,Service,6,1,1,0,1,0,14,13,2,1,28078.22,9.02,28087.24,True,True,True,1,1,90.91,100.0,
video-process.yaml,Deployment,31,8,8,3,11,0,26,422,178,2,98771.76,25.31,98797.07,True,True,True,13,2,75.41,100.0,
video-process_1.yaml,Service,6,1,1,0,1,0,15,13,2,1,28273.64,9.75,28283.39,True,True,True,1,1,91.67,100.0,
video-process_2.yaml,Service,6,2,2,0,2,0,15,13,4,1,27854.29,9.85,27864.14,True,True,True,2,2,83.33,100.0,
video-recommender.yaml,Deployment,31,8,8,1,9,0,29,422,178,4,98608.28,25.55,98633.83,True,True,True,10,2,81.25,100.0,
video-recommender_1.yaml,Service,6,2,2,0,2,0,19,13,4,1,28078.8,11.12,28089.92,True,True,True,2,2,85.71,100.0,
video-service-deployment.yaml,Deployment,31,8,8,1,9,0,29,422,178,4,98725.87,26.31,98752.18,True,True,True,10,2,81.25,100.0,
video-service-deployment_1.yaml,Service,6,2,2,0,2,0,16,13,4,1,27770.43,9.77,27780.2,True,True,True,2,2,83.33,100.0,
video-streaming-deployment.yaml,Deployment,31,8,8,0,8,0,40,422,178,8,98762.26,35.2,98797.46,True,True,True,9,1,88.64,100.0,
video-streaming-deployment_1.yaml,Service,6,1,1,0,1,0,15,13,2,1,28073.55,9.67,28083.22,True,True,True,1,1,91.67,100.0,
video-streaming.yaml,Deployment,31,9,9,5,14,0,43,422,187,9,98533.32,38.8,98572.12,True,True,True,18,8,73.47,100.0,
video-streaming1.yaml,Deployment,31,9,9,5,14,0,43,422,187,9,98597.37,38.58,98635.95,True,True,True,18,8,73.47,100.0,
video-uploader-deployment.yaml,Deployment,31,8,8,0,8,0,40,422,178,8,98627.91,34.46,98662.37,True,True,True,9,1,88.64,100.0,
video-uploader-deployment_1.yaml,Service,6,1,1,0,1,0,15,13,2,1,28108.76,9.69,28118.45,True,True,True,1,1,91.67,100.0,
videopacket-sample.yaml,Deployment,31,8,8,5,13,0,30,422,178,6,98694.72,30.81,98725.53,True,True,True,17,2,73.97,100.0,
videopacket-sample_1.yaml,Deployment,31,8,8,5,13,0,30,422,178,6,98824.22,30.61,98854.83,True,True,True,17,2,73.97,100.0,
videopacket-sample_2.yaml,Deployment,31,8,8,5,13,0,28,422,178,3,98537.51,28.94,98566.45,True,True,True,17,2,71.64,100.0,
videopacket-sample_3.yaml,Service,6,1,1,0,1,0,15,13,2,1,28401.01,9.68,28410.69,True,True,True,1,1,91.67,100.0,
videos-storage-deployment.yaml,Deployment,31,8,8,0,8,0,40,422,178,20,98385.35,49.63,98434.98,True,True,True,9,1,91.94,100.0,
videos-storage-deployment_1.yaml,Service,6,1,1,0,1,0,15,13,2,1,28382.16,9.84,28392.0,True,True,True,1,1,91.67,100.0,
videos-web-v2.yaml,Deployment,31,8,8,4,12,0,34,422,178,1,98646.1,29.41,98675.51,True,True,True,16,1,75.36,100.0,
videos-web-v21.yaml,Deployment,31,8,8,4,12,0,34,422,178,1,98561.34,29.58,98590.92,True,True,True,16,1,75.36,100.0,
videos-web-v21_1.yaml,Service,6,1,1,0,1,0,20,13,2,1,28009.59,11.75,28021.34,True,True,True,1,1,93.33,100.0,
videos-web-v2_1.yaml,Service,6,1,1,0,1,0,20,13,2,1,28419.5,11.83,28431.33,True,True,True,1,1,93.33,100.0,
video_game_backend.yaml,Deployment,31,7,7,3,10,0,27,422,176,4,98936.98,27.51,98964.49,True,True,True,12,1,80.6,100.0,
video_game_backend_1.yaml,Service,6,1,1,0,1,0,14,13,2,1,28133.17,9.11,28142.28,True,True,True,1,1,90.91,100.0,
video_game_backend_2.yaml,Ingress,3,1,1,0,1,0,20,4,2,1,13935.81,16.86,13952.67,True,True,True,4,0,90.48,100.0,
video_game_frontend.yaml,Deployment,31,8,8,3,11,0,26,422,178,2,98794.29,25.93,98820.22,True,True,True,13,1,77.42,100.0,
video_game_frontend_1.yaml,Service,6,1,1,0,1,0,12,13,2,1,28064.02,8.29,28072.31,True,True,True,1,1,90.0,100.0,
video_service.yaml,Service,6,1,1,0,1,0,20,13,2,1,28349.89,12.02,28361.91,True,True,True,1,1,93.33,100.0,
video_service1.yaml,Service,6,1,1,0,1,0,31,13,2,1,28148.64,19.08,28167.72,True,True,True,1,3,92.31,100.0,
video_service2.yaml,Service,6,1,1,0,1,0,20,13,2,1,28377.24,12.02,28389.26,True,True,True,1,1,93.33,100.0,
video_service3.yaml,Service,6,1,1,0,1,0,31,13,2,1,28153.56,19.27,28172.83,True,True,True,1,3,92.31,100.0,
view-binding.yaml,ClusterRoleBinding,4,0,0,0,0,0,13,12,0,1,7450.8,0.0,7450.8,True,True,True,0,0,100.0,
view-generator-serv.yaml,Deployment,31,8,8,5,13,0,19,422,178,1,98524.47,22.47,98546.94,True,True,True,17,2,61.22,100.0,
view-generator-serv1.yaml,Deployment,31,8,8,5,13,0,19,422,178,1,98605.94,22.53,98628.47,True,True,True,17,2,61.22,100.0,
view-generator-serv1_1.yaml,Service,6,1,1,0,1,0,15,13,2,1,28124.9,9.69,28134.59,True,True,True,1,1,91.67,100.0,
view-generator-serv_1.yaml,Service,6,1,1,0,1,0,15,13,2,1,28311.89,9.8,28321.69,True,True,True,1,1,91.67,100.0,
view-pods-rolebinding.yaml,RoleBinding,4,0,0,0,0,0,13,12,0,1,7186.57,0.0,7186.57,True,True,True,0,0,100.0,
viewer-ingress-nginx.yaml,Ingress,3,1,1,0,1,0,24,4,2,6,13940.32,22.81,13963.13,True,True,True,14,10,63.64,100.0,
viewer-ingress-nginx1.yaml,Ingress,3,1,1,0,1,0,24,4,2,6,13644.79,23.33,13668.12,True,True,True,14,10,63.64,100.0,
viewer-ingress-traefik.yaml,Ingress,3,1,1,0,1,0,18,4,2,1,13872.72,15.93,13888.65,True,True,True,14,10,61.29,100.0,
viewer-ingress-traefik1.yaml,Ingress,3,1,1,0,1,0,18,4,2,1,13923.47,15.76,13939.23,True,True,True,14,10,61.29,100.0,
vip.yaml,Pod,61,14,14,7,21,0,12,481,190,8,180015.12,55.39,180070.51,True,True,True,74,6,35.48,100.0,
vip1.yaml,Pod,61,14,14,7,21,0,12,481,190,8,179938.38,55.33,179993.71,True,True,True,74,6,35.48,100.0,
virt-ingress-routes.yaml,Ingress,3,1,1,0,1,0,21,4,2,4,13932.85,25.14,13957.99,True,True,True,4,0,93.94,100.0,
virtual-node.yaml,Deployment,31,8,8,5,13,0,27,422,178,6,98672.3,30.64,98702.94,True,True,True,18,3,70.42,100.0,
virtualhosting.yaml,Ingress,3,1,1,0,1,0,15,4,2,2,13624.2,20.17,13644.37,True,True,True,22,19,22.64,100.0,
virtualservice19_1.yaml,Service,6,1,1,0,1,0,22,13,2,4,28354.97,15.68,28370.65,True,True,True,1,1,95.0,100.0,
virtualservice19_4.yaml,Deployment,31,5,5,2,7,0,87,422,102,108,99922.31,73.45,99995.76,True,True,True,7,4,94.42,100.0,
virtualservice42_1.yaml,Service,6,1,1,0,1,0,13,13,2,1,28121.75,9.07,28130.82,True,True,True,1,1,90.91,100.0,
virtualservice_destinationhosts.yaml,Service,6,1,1,0,1,0,11,13,2,1,28356.95,8.63,28365.58,True,True,True,1,1,90.0,100.0,
virtualservice_destinationhosts_1.yaml,Service,6,6,1,0,1,0,10,13,13,2,26500.59,10.83,26511.42,True,False,True,2,2,84.62,100.0,
virtualservice_destinationhosts_20.yaml,Service,6,1,1,0,1,0,18,13,2,2,28447.08,12.55,28459.63,True,True,True,1,1,93.75,100.0,
virtualservice_destinationhosts_23.yaml,Service,6,1,1,0,1,0,18,13,2,2,28155.56,12.52,28168.08,True,True,True,1,1,93.75,100.0,
virtualservice_route_rule_no_effects_ingress_4.yaml,Service,6,6,1,0,1,0,10,13,13,1,26520.43,8.76,26529.19,True,False,True,1,1,90.0,100.0,
virtvnc.yaml,ServiceAccount,3,0,0,0,0,0,5,7,0,1,7419.66,0.0,7419.66,True,True,True,0,0,100.0,
virtvnc1.yaml,ServiceAccount,3,0,0,0,0,0,5,7,0,1,7177.26,0.0,7177.26,True,True,True,0,0,100.0,
virtvnc1_1.yaml,ClusterRoleBinding,4,0,0,0,0,0,13,12,0,1,7152.4,0.0,7152.4,True,True,True,0,0,100.0,
virtvnc1_3.yaml,Service,6,2,2,0,2,0,21,13,4,1,28144.63,12.58,28157.21,True,True,True,2,2,87.5,100.0,
virtvnc1_4.yaml,Deployment,31,8,8,4,12,0,39,422,178,1,98694.79,35.07,98729.86,True,True,True,16,1,79.52,100.0,
virtvnc2.yaml,ServiceAccount,3,0,0,0,0,0,5,7,0,1,7163.55,0.0,7163.55,True,True,True,0,0,100.0,
virtvnc2_1.yaml,ClusterRoleBinding,4,0,0,0,0,0,13,12,0,1,7433.11,0.0,7433.11,True,True,True,0,0,100.0,
virtvnc2_3.yaml,Service,6,1,1,0,1,0,20,13,2,1,28168.79,11.99,28180.78,True,True,True,1,1,93.33,100.0,
virtvnc2_4.yaml,Deployment,31,8,8,5,13,0,34,422,178,1,98754.91,32.72,98787.63,True,True,True,17,2,74.67,100.0,
virtvnc_1.yaml,ClusterRoleBinding,4,0,0,0,0,0,13,12,0,1,7425.47,0.0,7425.47,True,True,True,0,0,100.0,
virtvnc_3.yaml,Service,6,2,2,0,2,0,21,13,4,1,27770.25,13.08,27783.33,True,True,True,2,2,87.5,100.0,
virtvnc_4.yaml,Deployment,31,8,8,4,12,0,39,422,178,1,98602.26,35.05,98637.31,True,True,True,16,1,79.52,100.0,
visit-cnt-stfs.yaml,Service,6,1,1,0,1,0,16,13,2,1,28068.53,10.27,28078.8,True,True,True,1,1,92.31,100.0,
visit-cnt-stfs1.yaml,Service,6,1,1,0,1,0,16,13,2,1,28430.21,10.4,28440.61,True,True,True,1,1,92.31,100.0,
visit-cnt-stfs1_1.yaml,StatefulSet,31,7,7,4,11,0,36,424,176,1,99028.59,33.88,99062.47,True,True,True,15,0,81.93,100.0,
visit-cnt-stfs_1.yaml,StatefulSet,31,7,7,4,11,0,36,424,176,1,98955.3,32.97,98988.27,True,True,True,15,0,81.93,100.0,
visit-counter-app-database-migration-job.yaml,Job,31,7,7,6,13,1,24,420,176,2,95582.53,31.19,95613.72,False,True,True,31,16,33.8,100.0,
visit-counter-app-deployment.yaml,Deployment,31,8,8,3,11,0,37,422,178,1,98752.23,31.51,98783.74,True,True,True,28,17,41.56,100.0,
visit-counter-app-service.yaml,Service,6,2,2,0,2,0,16,13,4,1,27808.9,9.83,27818.73,True,True,True,4,4,66.67,100.0,
visits-service-deployment.yaml,Unknown,SCHEMA_ERROR,,,,,,0,0,0,0,19.82,0.0,19.82,,,,0,0,0.0,0.0,"C:\Users\CAOSD\projects\tool-security-rules\resources\dataset_yamls\original_yamls_10k\visits-service-deployment.yaml - Deployment visits-service failed validation: error unmarshalling resource: error converting YAML to JSON: yaml: unmarshal errors: |   line 50: key ""resources"" already set in map | Summary: 1 resource found in 1 file - Valid: 0, Invalid: 0, Errors: 1, Skipped: 0"
visits-service-deployment1.yaml,Unknown,SCHEMA_ERROR,,,,,,0,0,0,0,14.28,0.0,14.28,,,,0,0,0.0,0.0,"C:\Users\CAOSD\projects\tool-security-rules\resources\dataset_yamls\original_yamls_10k\visits-service-deployment1.yaml - Deployment visits-service failed validation: error unmarshalling resource: error converting YAML to JSON: yaml: unmarshal errors: |   line 50: key ""resources"" already set in map | Summary: 1 resource found in 1 file - Valid: 0, Invalid: 0, Errors: 1, Skipped: 0"
visits-service-deployment2.yaml,Unknown,SCHEMA_ERROR,,,,,,0,0,0,0,20.22,0.0,20.22,,,,0,0,0.0,0.0,"C:\Users\CAOSD\projects\tool-security-rules\resources\dataset_yamls\original_yamls_10k\visits-service-deployment2.yaml - Deployment visits-service failed validation: error unmarshalling resource: error converting YAML to JSON: yaml: unmarshal errors: |   line 59: key ""resources"" already set in map | Summary: 1 resource found in 1 file - Valid: 0, Invalid: 0, Errors: 1, Skipped: 0"
visits-service-service.yaml,Service,6,1,1,0,1,0,16,13,2,1,28385.38,10.6,28395.98,True,True,True,1,4,82.76,100.0,
visits-service-service1.yaml,Service,6,1,1,0,1,0,16,13,2,1,28104.26,10.79,28115.05,True,True,True,1,4,82.76,100.0,
visits-service-service2.yaml,Service,6,1,1,0,1,0,19,13,2,3,28492.46,13.46,28505.92,True,True,True,3,3,82.35,100.0,
viz2code.yaml,Deployment,31,8,8,3,11,0,40,422,178,8,99086.71,34.95,99121.66,True,True,True,14,4,82.0,100.0,
viz2code1.yaml,Deployment,31,8,8,3,11,0,40,422,178,8,98936.98,34.17,98971.15,True,True,True,14,4,82.0,100.0,
viz2code1_1.yaml,Service,6,2,2,0,2,0,15,13,4,1,27864.66,9.76,27874.42,True,True,True,2,2,83.33,100.0,
viz2codenfs.yaml,PersistentVolume,1,0,0,1,1,0,17,0,0,1,89.59,11.71,101.3,True,True,True,1,1,93.33,100.0,
viz2codenfs1.yaml,PersistentVolume,1,0,0,1,1,0,17,0,0,1,47.93,11.63,59.56,True,True,True,1,1,93.33,100.0,
viz2codenfs1_1.yaml,PersistentVolumeClaim,2,1,1,0,1,0,15,7,3,1,13925.72,10.6,13936.32,True,True,True,1,1,92.86,100.0,
viz2codenfs_1.yaml,PersistentVolumeClaim,2,1,1,0,1,0,15,7,3,1,13675.35,10.33,13685.68,True,True,True,1,1,92.86,100.0,
viz2code_1.yaml,Service,6,2,2,0,2,0,15,13,4,1,28082.02,9.82,28091.84,True,True,True,2,2,83.33,100.0,
vk7b.yaml,StatefulSet,31,8,8,4,12,0,24,424,186,1,98540.27,25.78,98566.05,True,True,True,16,1,71.19,100.0,
vk7b_1.yaml,Unknown,SCHEMA_ERROR,,,,,,0,0,0,0,122.95,0.0,122.95,,,,0,0,0.0,0.0,"C:\Users\CAOSD\projects\tool-security-rules\resources\dataset_yamls\original_yamls_10k\vk7b_1.yaml - Service eureka is invalid: problem validating schema. Check JSON formatting: jsonschema validation failed with 'https://raw.githubusercontent.com/yannh/kubernetes-json-schema/master/master-standalone-strict/service-v1.json#' - at '/spec': additional properties 'ClusterIP' not allowed | Summary: 1 resource found in 1 file - Valid: 0, Invalid: 1, Errors: 0, Skipped: 0"
vk7b_2.yaml,Service,6,2,2,0,2,0,17,13,4,1,27788.43,10.46,27798.89,True,True,True,2,2,84.62,100.0,
vllm_cache.yaml,Secret,4,0,0,0,0,0,7,14,0,1,7415.01,0.0,7415.01,True,True,True,0,0,100.0,
vllm_cache_1.yaml,PersistentVolume,1,0,0,0,0,0,12,0,0,1,47.4,0.0,47.4,True,True,True,0,0,100.0,
vllm_cache_2.yaml,PersistentVolumeClaim,2,1,1,0,1,0,11,7,3,1,13679.35,8.71,13688.06,True,True,True,1,1,90.91,100.0,
vllm_dep.yaml,Deployment,31,8,8,5,13,0,42,422,178,2,98709.41,36.59,98746.0,True,True,True,15,2,81.72,100.0,
vllm_dep_1.yaml,Service,6,1,1,0,1,0,15,13,2,1,28391.57,9.83,28401.4,True,True,True,1,1,91.67,100.0,
vlmcsd1_1.yaml,Deployment,31,4,4,1,5,0,37,422,102,4,99360.54,27.81,99388.35,True,True,True,6,2,88.89,100.0,
vlmcsd1_2.yaml,Service,6,2,2,0,2,0,20,13,4,1,27879.48,11.81,27891.29,True,True,True,2,2,86.67,100.0,
vlmcsd3_1.yaml,Deployment,31,4,4,1,5,0,37,422,102,4,99505.93,27.21,99533.14,True,True,True,6,2,88.89,100.0,
vlmcsd3_2.yaml,Service,6,2,2,0,2,0,20,13,4,1,28167.55,11.95,28179.5,True,True,True,2,2,86.67,100.0,
vm-loadbalancer.yaml,Service,6,2,2,0,2,0,20,13,4,1,27813.06,12.45,27825.51,True,True,True,5,5,66.67,100.0,
VM.original.yaml,PersistentVolumeClaim,2,1,1,0,1,0,10,7,3,1,13979.71,7.88,13987.59,True,True,True,1,1,90.0,100.0,
vm2.yaml,PersistentVolumeClaim,2,1,1,0,1,0,10,7,3,1,13921.26,7.87,13929.13,True,True,True,1,1,90.0,100.0,
VM21.yaml,PersistentVolumeClaim,2,1,1,0,1,0,10,7,3,1,13607.67,7.9,13615.57,True,True,True,1,1,90.0,100.0,
vm5.yaml,PersistentVolumeClaim,2,1,1,0,1,0,10,7,3,1,13879.79,7.77,13887.56,True,True,True,1,1,90.0,100.0,
VM7.yaml,PersistentVolumeClaim,2,1,1,0,1,0,10,7,3,1,13961.16,7.86,13969.02,True,True,True,1,1,90.0,100.0,
vm9_1.yaml,Service,6,2,2,0,2,0,27,13,4,2,27932.74,18.82,27951.56,True,True,True,3,3,87.5,100.0,
vnc-deployments1_1.yaml,Deployment,31,8,8,4,12,0,22,422,178,1,98663.19,24.59,98687.78,True,True,True,16,1,69.09,100.0,
vnc-deployments1_2.yaml,Service,6,2,2,0,2,0,17,13,4,1,28059.86,10.58,28070.44,True,True,True,2,2,84.62,100.0,
vnc-deployments_1.yaml,Deployment,31,7,7,4,11,0,22,422,176,1,98928.52,24.49,98953.01,True,True,True,15,0,72.73,100.0,
vnc-deployments_2.yaml,Service,6,2,2,0,2,0,18,13,4,1,27810.96,11.28,27822.24,True,True,True,2,2,85.71,100.0,
vnc-pod.yaml,Pod,61,13,13,6,19,0,11,481,187,2,180449.08,22.11,180471.19,True,True,True,24,2,43.48,100.0,
vnc-service.yaml,Service,6,2,2,0,2,0,18,13,4,2,27982.23,14.44,27996.67,True,True,True,3,3,84.21,100.0,
vol-deployment.yaml,Deployment,31,7,7,5,12,0,26,422,176,1,98911.89,26.9,98938.79,True,True,True,22,7,53.97,100.0,
vol-deployment1.yaml,Deployment,31,7,7,5,12,0,26,422,176,1,98953.17,27.33,98980.5,True,True,True,22,7,53.97,100.0,
vol-hostpath.yaml,Pod,61,15,15,7,22,0,17,481,197,1,179938.79,23.03,179961.82,True,True,True,23,6,43.14,100.0,
vol-pod.yaml,Pod,61,14,14,7,21,0,15,481,195,1,180259.83,22.74,180282.57,True,True,True,24,4,44.0,100.0,
vol-pod1.yaml,Pod,61,14,14,7,21,0,15,481,195,1,180273.7,22.66,180296.36,True,True,True,24,4,44.0,100.0,
vol-samba.yaml,PersistentVolumeClaim,2,1,1,0,1,0,10,7,3,1,13930.66,8.05,13938.71,True,True,True,1,1,90.0,100.0,
vol.yaml,Deployment,31,7,7,5,12,0,26,422,176,1,98994.25,28.18,99022.43,True,True,True,28,14,40.0,100.0,
vol1.yaml,PersistentVolume,1,0,0,1,1,0,16,0,0,1,51.65,10.9,62.55,True,True,True,1,1,92.86,100.0,
vol2.yaml,PersistentVolume,1,0,0,1,1,0,16,0,0,1,47.56,10.8,58.36,True,True,True,1,1,92.86,100.0,
voll-med.yaml,Deployment,31,7,7,4,11,0,30,422,176,3,98954.44,36.86,98991.3,True,True,True,19,4,77.23,100.0,
voll-med1.yaml,Deployment,31,7,7,4,11,0,30,422,176,3,98987.47,37.13,99024.6,True,True,True,19,4,77.23,100.0,
Voll-med2.yaml,Deployment,31,8,8,3,11,0,40,422,178,4,98847.77,46.57,98894.34,True,True,True,13,1,87.72,100.0,
Voll-med3.yaml,Deployment,31,7,7,4,11,0,37,422,176,4,99087.27,47.44,99134.71,True,True,True,15,0,87.6,100.0,
voll-med4.yaml,Deployment,31,7,7,4,11,0,37,422,176,4,99009.3,46.38,99055.68,True,True,True,46,31,30.63,100.0,
voll-med5.yaml,Deployment,31,7,7,4,11,0,37,422,176,4,98924.84,46.54,98971.38,True,True,True,46,31,30.63,100.0,
voll-med6.yaml,Deployment,31,7,7,4,11,0,37,422,176,4,99007.66,46.53,99054.19,True,True,True,15,1,86.89,100.0,
voll-med7.yaml,Deployment,31,7,7,4,11,0,37,422,176,3,98881.87,41.75,98923.62,True,True,True,16,1,83.17,100.0,
vols-demo.yaml,Pod,61,13,13,7,20,0,15,481,187,4,180389.51,36.94,180426.45,True,True,True,45,8,39.08,100.0,
volume-and-pvc.yaml,PersistentVolume,1,0,0,0,0,0,11,0,0,1,46.35,0.0,46.35,True,True,True,0,0,100.0,
volume-and-pvc_1.yaml,PersistentVolumeClaim,2,1,1,0,1,0,10,7,3,1,13941.69,7.81,13949.5,True,True,True,1,1,90.0,100.0,
volume-claim.yaml,PersistentVolumeClaim,2,1,1,0,1,0,13,7,3,1,13923.31,9.28,13932.59,True,True,True,2,2,83.33,100.0,
volume-claim10.yaml,PersistentVolumeClaim,2,1,1,0,1,0,12,7,3,1,13631.71,9.48,13641.19,True,True,True,1,1,92.31,100.0,
volume-claim5.yaml,PersistentVolumeClaim,2,1,1,0,1,0,14,7,3,1,13940.14,10.08,13950.22,True,True,True,9,9,30.77,100.0,
volume-claim6.yaml,PersistentVolumeClaim,2,1,1,0,1,0,11,7,3,1,13871.7,8.51,13880.21,True,True,True,1,1,90.91,100.0,
volume-claim6_1.yaml,PersistentVolumeClaim,2,1,1,0,1,0,11,7,3,1,13661.92,8.55,13670.47,True,True,True,1,1,90.91,100.0,
volume-claim7.yaml,PersistentVolumeClaim,2,1,1,0,1,0,14,7,3,1,13924.86,10.05,13934.91,True,True,True,1,1,92.31,100.0,
volume-claim8.yaml,PersistentVolumeClaim,2,1,1,0,1,0,14,7,3,1,13977.95,10.11,13988.06,True,True,True,1,1,92.31,100.0,
volume-claim9.yaml,PersistentVolumeClaim,2,1,1,0,1,0,11,7,3,1,13870.41,8.65,13879.06,True,True,True,1,1,91.67,100.0,
volume-configmap-pod.yaml,Pod,61,13,13,6,19,0,21,481,187,4,180294.23,32.1,180326.33,True,True,True,27,9,53.85,100.0,
volume-configmap-pod1.yaml,Pod,61,13,13,6,19,0,21,481,187,4,180546.2,32.23,180578.43,True,True,True,27,9,53.85,100.0,
volume-configmap-pod2.yaml,Pod,61,13,13,6,19,0,21,481,187,4,180684.64,31.73,180716.37,True,True,True,27,9,53.85,100.0,
volume-configmap-pod3.yaml,Pod,61,13,13,6,19,0,21,481,187,4,181236.67,31.73,181268.4,True,True,True,27,9,53.85,100.0,
volume-configmap-pod4.yaml,Pod,61,13,13,6,19,0,21,481,187,4,184274.37,32.03,184306.4,True,True,True,27,9,53.85,100.0,
volume-configmap-pod5.yaml,Pod,61,13,13,6,19,0,21,481,187,4,180502.79,31.79,180534.58,True,True,True,27,9,53.85,100.0,
volume-configmap-pod6.yaml,Pod,61,13,13,6,19,0,21,481,187,4,180651.13,32.33,180683.46,True,True,True,27,9,53.85,100.0,
volume-configmap-pod7.yaml,Pod,61,13,13,6,19,0,21,481,187,4,180652.79,31.37,180684.16,True,True,True,27,9,53.85,100.0,
volume-configmap-pod8.yaml,Pod,61,13,13,6,19,0,21,481,187,4,180555.3,31.53,180586.83,True,True,True,27,9,53.85,100.0,
volume-gitlab.yaml,PersistentVolume,1,0,0,0,0,0,17,0,0,1,48.19,0.0,48.19,True,True,True,0,0,100.0,
volume-gitlab_1.yaml,PersistentVolumeClaim,2,1,1,0,1,0,17,7,3,1,13631.13,11.31,13642.44,True,True,True,1,1,93.33,100.0,
volume-hostpath.yaml,Pod,61,15,15,7,22,0,18,481,197,1,180188.87,23.13,180212.0,True,True,True,23,6,45.28,100.0,
volume-hostpath1.yaml,Pod,61,15,15,7,22,0,18,481,197,1,179859.07,22.83,179881.9,True,True,True,23,6,45.28,100.0,
volume-hostpath2.yaml,Pod,61,15,15,7,22,0,18,481,197,1,180020.3,23.11,180043.41,True,True,True,23,6,45.28,100.0,
volume-jenkins.yaml,StorageClass,1,1,1,0,1,0,6,3,3,1,10339.84,6.81,10346.65,True,True,True,1,0,92.31,100.0,
volume-jenkins_1.yaml,PersistentVolume,1,0,0,0,0,0,27,0,0,1,51.23,0.0,51.23,True,True,True,0,0,100.0,
volume-jenkins_2.yaml,PersistentVolumeClaim,2,1,1,0,1,0,12,7,3,1,13659.42,9.37,13668.79,True,True,True,1,1,91.67,100.0,
volume-maven-repo.yaml,PersistentVolumeClaim,2,1,1,0,1,0,12,7,3,1,13937.33,9.41,13946.74,True,True,True,1,2,88.0,100.0,
volume-mount-pod-definition.yaml,Pod,61,16,16,7,23,0,24,481,214,2,179859.37,22.77,179882.14,True,True,True,29,16,21.05,0.0,
volume-mount_1.yaml,PersistentVolumeClaim,2,1,1,0,1,0,11,7,3,1,13896.36,8.56,13904.92,True,True,True,1,1,90.91,100.0,
volume-mount_2.yaml,PersistentVolume,1,0,0,1,1,0,15,0,0,1,47.24,10.61,57.85,True,True,True,1,1,92.86,100.0,
volume-persistent-claim.yaml,PersistentVolumeClaim,2,1,1,0,1,0,15,7,3,1,13923.98,10.64,13934.62,True,True,True,7,7,50.0,100.0,
volume-persistent.yaml,PersistentVolume,1,0,0,1,1,0,18,0,0,1,48.88,12.8,61.68,True,True,True,2,2,87.5,100.0,
volume-pod1_1.yaml,Pod,61,13,13,7,20,0,19,481,187,2,180364.52,25.41,180389.93,True,True,True,23,1,60.0,100.0,
volume-pod2.yaml,Pod,61,15,15,6,21,0,20,481,197,3,180032.45,22.9,180055.35,True,True,True,23,6,49.12,100.0,
volume-pod3.yaml,Pod,61,15,15,7,22,0,20,481,197,3,179974.03,22.97,179997.0,True,True,True,24,7,43.64,100.0,
volume-pod_1.yaml,Pod,61,13,13,7,20,0,19,481,187,2,180471.88,25.13,180497.01,True,True,True,23,1,60.0,100.0,
volume-setup.yaml,StorageClass,1,1,1,0,1,0,6,3,3,1,10373.71,12.67,10386.38,True,True,True,1,0,92.31,100.0,
volume-setup1.yaml,StorageClass,1,1,1,0,1,0,6,3,3,1,10080.05,6.81,10086.86,True,True,True,1,0,92.31,100.0,
volume-setup1_1.yaml,PersistentVolume,1,0,0,1,1,0,15,0,0,1,42.02,10.79,52.81,True,True,True,1,1,92.86,100.0,
volume-setup1_2.yaml,PersistentVolumeClaim,2,1,1,0,1,0,12,7,3,1,13935.23,9.22,13944.45,True,True,True,1,1,91.67,100.0,
volume-setup1_3.yaml,Pod,61,13,13,7,20,0,18,481,187,1,180407.06,26.0,180433.06,True,True,True,23,1,58.62,100.0,
volume-setup_1.yaml,PersistentVolume,1,0,0,1,1,0,15,0,0,1,48.52,10.9,59.42,True,True,True,1,1,92.86,100.0,
volume-setup_2.yaml,PersistentVolumeClaim,2,1,1,0,1,0,12,7,3,1,13953.92,9.26,13963.18,True,True,True,1,1,91.67,100.0,
volume-setup_3.yaml,Pod,61,13,13,7,20,0,18,481,187,1,180109.67,26.08,180135.75,True,True,True,23,1,58.62,100.0,
volume-simple.yaml,Pod,61,15,15,7,22,0,20,481,197,2,179940.66,22.63,179963.29,True,True,True,24,7,41.51,100.0,
volume-simple1.yaml,Pod,61,15,15,7,22,0,20,481,197,2,180110.14,22.53,180132.67,True,True,True,24,7,41.51,100.0,
volume-snapshot-controller-deployment.yaml,StatefulSet,31,7,7,4,11,0,27,424,176,3,99029.44,27.1,99056.54,True,True,True,21,9,57.14,0.0,
volume-snapshot-controller-deployment1.yaml,StatefulSet,31,7,7,4,11,0,27,424,176,3,98870.25,26.8,98897.05,True,True,True,21,9,57.14,0.0,
volume-snapshot-controller-deployment10.yaml,StatefulSet,31,7,7,4,11,0,27,424,176,3,98916.94,26.95,98943.89,True,True,True,21,9,57.14,0.0,
volume-snapshot-controller-deployment12.yaml,StatefulSet,31,7,7,4,11,0,27,424,176,1,98999.42,26.61,99026.03,True,True,True,19,7,60.61,0.0,
volume-snapshot-controller-deployment13.yaml,StatefulSet,31,7,7,4,11,0,27,424,176,3,98969.64,27.03,98996.67,True,True,True,21,9,57.14,0.0,
volume-snapshot-controller-deployment14.yaml,StatefulSet,31,7,7,4,11,0,27,424,176,3,98991.19,26.61,99017.8,True,True,True,21,9,57.14,0.0,
volume-snapshot-controller-deployment15.yaml,StatefulSet,31,7,7,4,11,0,27,424,176,3,98926.89,27.2,98954.09,True,True,True,21,9,57.14,0.0,
volume-snapshot-controller-deployment16.yaml,StatefulSet,31,7,7,4,11,0,27,424,176,3,99044.7,27.31,99072.01,True,True,True,21,9,57.14,0.0,
volume-snapshot-controller-deployment17.yaml,StatefulSet,31,7,7,4,11,0,27,424,176,3,98959.43,26.89,98986.32,True,True,True,21,9,57.14,0.0,
volume-snapshot-controller-deployment2.yaml,StatefulSet,31,7,7,4,11,0,27,424,176,3,98926.65,26.55,98953.2,True,True,True,21,9,57.14,0.0,
volume-snapshot-controller-deployment3.yaml,StatefulSet,31,7,7,4,11,0,27,424,176,3,99180.67,27.26,99207.93,True,True,True,21,9,57.14,0.0,
volume-snapshot-controller-deployment4.yaml,StatefulSet,31,7,7,4,11,0,27,424,176,3,98749.08,26.59,98775.67,True,True,True,21,9,57.14,0.0,
volume-snapshot-controller-deployment5.yaml,StatefulSet,31,7,7,4,11,0,27,424,176,3,99327.6,27.06,99354.66,True,True,True,21,9,57.14,0.0,
volume-snapshot-controller-deployment6.yaml,StatefulSet,31,7,7,4,11,0,27,424,176,3,98605.47,26.73,98632.2,True,True,True,21,9,57.14,0.0,
volume-snapshot-controller-deployment7.yaml,StatefulSet,31,7,7,4,11,0,29,424,176,1,99278.16,27.81,99305.97,True,True,True,20,8,60.0,50.0,
volume-snapshot-controller-deployment8.yaml,StatefulSet,31,7,7,4,11,0,27,424,176,3,99031.6,26.78,99058.38,True,True,True,21,9,57.14,0.0,
volume-snapshot-controller-deployment9.yaml,StatefulSet,31,7,7,4,11,0,27,424,176,3,99060.66,27.07,99087.73,True,True,True,21,9,57.14,0.0,
volume-test.yaml,Pod,61,15,15,6,21,0,23,481,197,8,179968.76,39.16,180007.92,True,True,True,40,7,50.53,100.0,
volume-test1.yaml,Pod,61,15,15,6,21,0,23,481,197,8,179942.53,39.23,179981.76,True,True,True,40,7,50.53,100.0,
volume-test2.yaml,PersistentVolumeClaim,2,1,1,0,1,0,12,7,3,1,13911.5,9.32,13920.82,True,True,True,1,1,91.67,100.0,
volume-test2_1.yaml,Pod,61,13,13,6,19,0,18,481,187,1,180615.35,24.74,180640.09,True,True,True,23,2,54.55,100.0,
volume.yaml,Pod,61,13,13,7,20,0,16,481,187,1,180500.16,23.8,180523.96,True,True,True,28,7,33.96,100.0,
volume1.yaml,PersistentVolumeClaim,2,1,1,0,1,0,11,7,3,1,13931.93,8.75,13940.68,True,True,True,1,1,90.91,100.0,
volume10.yaml,PersistentVolume,1,0,0,0,0,0,20,0,0,6,108.78,0.0,108.78,True,True,True,0,0,100.0,
volume100.yaml,PersistentVolumeClaim,2,1,1,0,1,0,11,7,3,1,13650.83,8.73,13659.56,True,True,True,2,2,81.82,100.0,
volume11.yaml,Pod,61,13,13,7,20,0,16,481,187,1,180737.36,23.83,180761.19,True,True,True,28,7,33.96,100.0,
volume12_1.yaml,ServiceAccount,3,0,0,0,0,0,5,7,0,1,7168.51,0.0,7168.51,True,True,True,0,0,100.0,
volume12_2.yaml,ClusterRoleBinding,4,0,0,0,0,0,13,12,0,1,7159.82,0.0,7159.82,True,True,True,0,0,100.0,
volume13.yaml,PersistentVolume,1,0,0,1,1,0,16,0,0,1,59.88,11.88,71.76,True,True,True,1,1,93.33,100.0,
volume13_1.yaml,PersistentVolumeClaim,2,1,1,0,1,0,12,7,3,1,13972.51,9.3,13981.81,True,True,True,1,1,91.67,100.0,
volume14.yaml,PersistentVolumeClaim,2,1,1,0,1,0,13,7,3,1,13915.11,10.04,13925.15,True,True,True,1,1,92.31,100.0,
volume14_1.yaml,PersistentVolume,1,0,0,0,0,0,12,0,0,1,47.59,0.0,47.59,True,True,True,0,0,100.0,
volume15.yaml,PersistentVolume,1,0,0,1,1,0,16,0,0,1,47.68,11.4,59.08,True,True,True,1,1,93.33,100.0,
volume15_1.yaml,PersistentVolumeClaim,2,1,1,0,1,0,15,7,3,1,13694.91,10.68,13705.59,True,True,True,1,1,92.86,100.0,
volume16.yaml,Unknown,SCHEMA_ERROR,,,,,,0,0,0,0,378.6,0.0,378.6,,,,0,0,0.0,0.0,"C:\Users\CAOSD\projects\tool-security-rules\resources\dataset_yamls\original_yamls_10k\volume16.yaml - Pod mypod is invalid: problem validating schema. Check JSON formatting: jsonschema validation failed with 'https://raw.githubusercontent.com/yannh/kubernetes-json-schema/master/master-standalone-strict/pod-v1.json#' - at '/spec/volumes/0': missing property 'name' | Summary: 1 resource found in 1 file - Valid: 0, Invalid: 1, Errors: 0, Skipped: 0"
volume17.yaml,Pod,61,13,13,7,20,0,28,481,187,8,180995.92,32.99,181028.91,True,True,True,39,23,27.91,100.0,
volume18.yaml,StorageClass,1,1,1,0,1,0,6,3,3,1,10078.67,6.64,10085.31,True,True,True,1,0,92.31,100.0,
volume18_1.yaml,PersistentVolume,1,0,0,0,0,0,27,0,0,1,49.03,0.0,49.03,True,True,True,0,0,100.0,
volume18_2.yaml,PersistentVolumeClaim,2,1,1,0,1,0,12,7,3,1,13874.11,9.3,13883.41,True,True,True,1,1,91.67,100.0,
volume2.yaml,PersistentVolume,1,0,0,0,0,0,20,0,0,6,50.65,0.0,50.65,True,True,True,0,0,100.0,
volume20.yaml,PersistentVolumeClaim,2,1,1,0,1,0,11,7,3,1,13873.92,8.55,13882.47,True,True,True,2,2,81.82,100.0,
volume21.yaml,PersistentVolume,1,0,0,1,1,0,15,0,0,2,48.35,11.46,59.81,True,True,True,1,1,93.33,100.0,
volume21_1.yaml,PersistentVolumeClaim,2,1,1,0,1,0,14,7,3,1,13719.56,9.93,13729.49,True,True,True,1,1,92.31,100.0,
volume22.yaml,Pod,61,13,13,7,20,0,28,481,187,8,180480.9,33.46,180514.36,True,True,True,39,23,27.91,100.0,
volume23.yaml,Pod,61,13,13,7,20,0,28,481,187,8,180488.3,32.93,180521.23,True,True,True,39,23,27.91,100.0,
volume24.yaml,PersistentVolume,1,0,0,0,0,0,20,0,0,1,49.36,0.0,49.36,True,True,True,0,0,100.0,
volume25.yaml,StorageClass,1,1,1,0,1,0,6,3,3,1,10338.85,13.61,10352.46,True,True,True,1,0,92.31,100.0,
volume25_1.yaml,PersistentVolume,1,0,0,0,0,0,27,0,0,1,51.78,0.0,51.78,True,True,True,0,0,100.0,
volume25_2.yaml,PersistentVolumeClaim,2,1,1,0,1,0,12,7,3,1,13906.86,9.21,13916.07,True,True,True,1,1,91.67,100.0,
volume26.yaml,Pod,61,13,13,7,20,0,28,481,187,8,180556.95,32.63,180589.58,True,True,True,39,23,27.91,100.0,
volume27.yaml,PersistentVolume,1,0,0,1,1,0,19,0,0,1,48.21,12.98,61.19,True,True,True,1,1,94.12,100.0,
volume27_1.yaml,PersistentVolumeClaim,2,1,1,0,1,0,14,7,3,1,13658.14,10.96,13669.1,True,True,True,1,1,92.86,100.0,
volume28.yaml,PersistentVolumeClaim,2,1,1,0,1,0,12,7,3,1,13950.9,9.3,13960.2,True,True,True,1,2,88.0,100.0,
volume29.yaml,PersistentVolumeClaim,2,1,1,0,1,0,11,7,3,1,13926.82,8.65,13935.47,True,True,True,1,1,90.91,100.0,
volume3.yaml,Pod,61,13,13,7,20,0,16,481,187,1,180467.53,23.7,180491.23,True,True,True,28,7,33.96,100.0,
volume31.yaml,StorageClass,1,1,1,0,1,0,6,3,3,1,10347.14,6.73,10353.87,True,True,True,1,0,92.31,100.0,
volume31_1.yaml,PersistentVolume,1,0,0,0,0,0,27,0,0,1,52.23,0.0,52.23,True,True,True,0,0,100.0,
volume31_2.yaml,PersistentVolumeClaim,2,1,1,0,1,0,12,7,3,1,13701.37,9.37,13710.74,True,True,True,1,1,91.67,100.0,
volume32.yaml,StorageClass,1,1,1,0,1,0,6,3,3,1,10408.88,6.63,10415.51,True,True,True,1,0,92.31,100.0,
volume32_1.yaml,PersistentVolume,1,0,0,0,0,0,27,0,0,1,52.05,0.0,52.05,True,True,True,0,0,100.0,
volume32_2.yaml,PersistentVolumeClaim,2,1,1,0,1,0,12,7,3,1,13920.03,9.45,13929.48,True,True,True,1,1,91.67,100.0,
volume33.yaml,PersistentVolume,1,0,0,1,1,0,17,0,0,1,48.01,11.5,59.51,True,True,True,1,1,93.33,100.0,
volume33_1.yaml,PersistentVolumeClaim,2,1,1,0,1,0,11,7,3,1,13653.99,8.52,13662.51,True,True,True,1,1,90.91,100.0,
volume34.yaml,PersistentVolumeClaim,2,1,1,0,1,0,11,7,3,1,13905.34,8.74,13914.08,True,True,True,1,1,90.91,100.0,
volume35.yaml,Pod,61,13,13,7,20,0,28,481,187,8,180506.96,32.64,180539.6,True,True,True,39,23,27.91,100.0,
volume37.yaml,StorageClass,1,1,1,0,1,0,6,3,3,1,10363.76,6.64,10370.4,True,True,True,1,0,92.31,100.0,
volume37_1.yaml,PersistentVolume,1,0,0,0,0,0,27,0,0,1,50.54,0.0,50.54,True,True,True,0,0,100.0,
volume37_2.yaml,PersistentVolumeClaim,2,1,1,0,1,0,12,7,3,1,13697.9,9.2,13707.1,True,True,True,1,1,91.67,100.0,
volume38.yaml,StorageClass,1,1,1,0,1,0,6,3,3,1,10349.66,6.63,10356.29,True,True,True,1,0,92.31,100.0,
volume38_1.yaml,PersistentVolume,1,0,0,0,0,0,27,0,0,1,51.56,0.0,51.56,True,True,True,0,0,100.0,
volume38_2.yaml,PersistentVolumeClaim,2,1,1,0,1,0,12,7,3,1,13949.45,9.32,13958.77,True,True,True,1,1,91.67,100.0,
volume39.yaml,PersistentVolumeClaim,2,1,1,0,1,0,11,7,3,1,13659.12,8.62,13667.74,True,True,True,2,2,81.82,100.0,
volume40.yaml,Pod,61,13,13,7,20,0,28,481,187,8,180645.32,32.93,180678.25,True,True,True,39,23,27.91,100.0,
volume41.yaml,Pod,61,13,13,7,20,0,28,481,187,8,180782.52,33.59,180816.11,True,True,True,39,23,27.91,100.0,
volume42.yaml,Pod,61,13,13,7,20,0,16,481,187,1,180486.0,23.96,180509.96,True,True,True,28,7,33.96,100.0,
volume44.yaml,PersistentVolume,1,0,0,0,0,0,14,0,0,1,47.08,0.0,47.08,True,True,True,0,0,100.0,
volume44_1.yaml,PersistentVolumeClaim,2,1,1,0,1,0,13,7,3,1,13676.65,10.17,13686.82,True,True,True,1,1,92.31,100.0,
volume45.yaml,PersistentVolume,1,0,0,0,0,0,16,0,0,1,47.26,0.0,47.26,True,True,True,0,0,100.0,
volume45_1.yaml,PersistentVolumeClaim,2,1,1,0,1,0,13,7,3,1,13910.27,10.09,13920.36,True,True,True,1,1,92.31,100.0,
volume46.yaml,PersistentVolume,1,0,0,0,0,0,14,0,0,1,47.84,0.0,47.84,True,True,True,0,0,100.0,
volume46_1.yaml,PersistentVolumeClaim,2,1,1,0,1,0,13,7,3,1,13915.1,9.97,13925.07,True,True,True,1,1,92.31,100.0,
volume47.yaml,PersistentVolume,1,0,0,0,0,0,14,0,0,1,47.7,0.0,47.7,True,True,True,0,0,100.0,
volume47_1.yaml,PersistentVolume,1,0,0,0,0,0,14,0,0,1,47.3,0.0,47.3,True,True,True,0,0,100.0,
volume47_2.yaml,PersistentVolumeClaim,2,1,1,0,1,0,13,7,3,1,13946.44,9.99,13956.43,True,True,True,1,1,92.31,100.0,
volume47_3.yaml,PersistentVolumeClaim,2,1,1,0,1,0,13,7,3,1,13679.86,10.01,13689.87,True,True,True,1,1,92.31,100.0,
volume48.yaml,PersistentVolume,1,0,0,0,0,0,14,0,0,1,47.53,0.0,47.53,True,True,True,0,0,100.0,
volume48_1.yaml,PersistentVolumeClaim,2,1,1,0,1,0,13,7,3,1,13933.76,10.08,13943.84,True,True,True,1,1,92.31,100.0,
volume49.yaml,PersistentVolume,1,0,0,0,0,0,14,0,0,1,47.78,0.0,47.78,True,True,True,0,0,100.0,
volume49_1.yaml,PersistentVolumeClaim,2,1,1,0,1,0,13,7,3,1,13919.49,10.04,13929.53,True,True,True,1,1,92.31,100.0,
volume4_1.yaml,ServiceAccount,3,0,0,0,0,0,5,7,0,1,7166.39,0.0,7166.39,True,True,True,0,0,100.0,
volume4_2.yaml,ClusterRoleBinding,4,0,0,0,0,0,13,12,0,1,7410.84,0.0,7410.84,True,True,True,0,0,100.0,
volume5.yaml,PersistentVolume,1,0,0,1,1,0,16,0,0,1,47.76,11.31,59.07,True,True,True,1,1,93.33,100.0,
volume50.yaml,PersistentVolume,1,0,0,0,0,0,14,0,0,1,47.3,0.0,47.3,True,True,True,0,0,100.0,
volume50_1.yaml,PersistentVolume,1,0,0,0,0,0,14,0,0,1,47.89,0.0,47.89,True,True,True,0,0,100.0,
volume50_2.yaml,PersistentVolume,1,0,0,0,0,0,14,0,0,1,46.19,0.0,46.19,True,True,True,0,0,100.0,
volume50_3.yaml,PersistentVolume,1,0,0,0,0,0,14,0,0,1,47.97,0.0,47.97,True,True,True,0,0,100.0,
volume50_4.yaml,PersistentVolumeClaim,2,1,1,0,1,0,13,7,3,1,13674.39,10.06,13684.45,True,True,True,1,1,92.31,100.0,
volume50_5.yaml,PersistentVolumeClaim,2,1,1,0,1,0,13,7,3,1,13945.06,9.96,13955.02,True,True,True,1,1,92.31,100.0,
volume50_6.yaml,PersistentVolumeClaim,2,1,1,0,1,0,13,7,3,1,13889.09,9.91,13899.0,True,True,True,1,1,92.31,100.0,
volume50_7.yaml,PersistentVolumeClaim,2,1,1,0,1,0,13,7,3,1,13663.36,9.92,13673.28,True,True,True,1,1,92.31,100.0,
volume51.yaml,PersistentVolume,1,0,0,0,0,0,14,0,0,1,47.87,0.0,47.87,True,True,True,0,0,100.0,
volume51_1.yaml,PersistentVolumeClaim,2,1,1,0,1,0,13,7,3,1,13904.56,9.99,13914.55,True,True,True,1,1,92.31,100.0,
volume52.yaml,PersistentVolume,1,0,0,0,0,0,14,0,0,1,48.83,0.0,48.83,True,True,True,0,0,100.0,
volume52_1.yaml,PersistentVolumeClaim,2,1,1,0,1,0,13,7,3,1,13960.32,10.0,13970.32,True,True,True,1,1,92.31,100.0,
volume53.yaml,PersistentVolume,1,0,0,0,0,0,14,0,0,1,47.68,0.0,47.68,True,True,True,0,0,100.0,
volume53_1.yaml,PersistentVolumeClaim,2,1,1,0,1,0,13,7,3,1,13648.46,10.22,13658.68,True,True,True,1,1,92.31,100.0,
volume54.yaml,PersistentVolume,1,0,0,0,0,0,14,0,0,1,46.92,0.0,46.92,True,True,True,0,0,100.0,
volume54_1.yaml,PersistentVolumeClaim,2,1,1,0,1,0,13,7,3,1,13915.08,9.98,13925.06,True,True,True,1,1,92.31,100.0,
volume55.yaml,PersistentVolume,1,0,0,0,0,0,14,0,0,1,47.27,0.0,47.27,True,True,True,0,0,100.0,
volume55_1.yaml,PersistentVolume,1,0,0,0,0,0,14,0,0,1,47.53,0.0,47.53,True,True,True,0,0,100.0,
volume55_2.yaml,PersistentVolumeClaim,2,1,1,0,1,0,13,7,3,1,13955.76,10.16,13965.92,True,True,True,1,1,92.31,100.0,
volume55_3.yaml,PersistentVolumeClaim,2,1,1,0,1,0,13,7,3,1,13931.93,10.19,13942.12,True,True,True,1,1,92.31,100.0,
volume56.yaml,PersistentVolume,1,0,0,0,0,0,14,0,0,1,47.33,0.0,47.33,True,True,True,0,0,100.0,
volume56_1.yaml,PersistentVolumeClaim,2,1,1,0,1,0,13,7,3,1,13628.39,10.15,13638.54,True,True,True,1,1,92.31,100.0,
volume57.yaml,PersistentVolume,1,0,0,0,0,0,14,0,0,1,47.72,0.0,47.72,True,True,True,0,0,100.0,
volume57_1.yaml,PersistentVolumeClaim,2,1,1,0,1,0,13,7,3,1,13950.18,9.9,13960.08,True,True,True,1,1,92.31,100.0,
volume58.yaml,PersistentVolume,1,0,0,0,0,0,14,0,0,1,47.83,0.0,47.83,True,True,True,0,0,100.0,
volume58_1.yaml,PersistentVolumeClaim,2,1,1,0,1,0,13,7,3,1,13897.53,9.98,13907.51,True,True,True,1,1,92.31,100.0,
volume59.yaml,PersistentVolume,1,0,0,0,0,0,14,0,0,1,46.94,0.0,46.94,True,True,True,0,0,100.0,
volume59_1.yaml,PersistentVolumeClaim,2,1,1,0,1,0,13,7,3,1,13917.92,10.07,13927.99,True,True,True,1,1,92.31,100.0,
volume5_1.yaml,PersistentVolumeClaim,2,1,1,0,1,0,12,7,3,1,13667.54,9.26,13676.8,True,True,True,1,1,91.67,100.0,
volume6.yaml,PersistentVolumeClaim,2,1,1,0,1,0,13,7,3,1,13898.04,10.3,13908.34,True,True,True,1,1,92.31,100.0,
volume60.yaml,PersistentVolume,1,0,0,1,1,0,14,0,0,1,46.95,9.96,56.91,True,True,True,1,1,92.31,100.0,
volume60_1.yaml,PersistentVolumeClaim,2,1,1,0,1,0,11,7,3,1,13909.46,8.46,13917.92,True,True,True,1,1,90.91,100.0,
volume61.yaml,PersistentVolume,1,0,0,0,0,0,26,0,0,1,86.19,0.0,86.19,True,True,True,0,0,100.0,
volume62.yaml,PersistentVolume,1,0,0,0,0,0,26,0,0,1,50.93,0.0,50.93,True,True,True,0,0,100.0,
volume63.yaml,PersistentVolumeClaim,2,1,1,0,1,0,14,7,3,1,13649.52,9.89,13659.41,True,True,True,1,1,92.31,100.0,
volume64.yaml,StorageClass,1,1,1,0,1,0,6,3,3,1,10403.08,7.54,10410.62,True,True,True,1,0,92.31,100.0,
volume64_1.yaml,PersistentVolume,1,0,0,0,0,0,27,0,0,1,52.19,0.0,52.19,True,True,True,0,0,100.0,
volume64_2.yaml,PersistentVolumeClaim,2,1,1,0,1,0,12,7,3,1,13948.47,9.34,13957.81,True,True,True,1,1,91.67,100.0,
volume65.yaml,Pod,61,15,15,7,22,0,13,481,197,1,179810.75,20.03,179830.78,True,True,True,24,7,31.11,100.0,
volume66.yaml,PersistentVolumeClaim,2,1,1,0,1,0,14,7,3,1,13921.35,9.93,13931.28,True,True,True,2,2,84.62,100.0,
volume67.yaml,PersistentVolume,1,0,0,0,0,0,11,0,0,1,46.31,0.0,46.31,True,True,True,0,0,100.0,
volume67_1.yaml,PersistentVolumeClaim,2,1,1,0,1,0,10,7,3,1,13645.25,7.79,13653.04,True,True,True,1,1,90.0,100.0,
volume68.yaml,PersistentVolume,1,0,0,0,0,0,15,0,0,2,48.04,0.0,48.04,True,True,True,0,0,100.0,
volume68_1.yaml,PersistentVolumeClaim,2,1,1,0,1,0,14,7,3,1,13996.19,9.95,14006.14,True,True,True,1,1,92.31,100.0,
volume69.yaml,PersistentVolumeClaim,2,1,1,0,1,0,10,7,3,1,13918.16,7.96,13926.12,True,True,True,1,1,90.0,100.0,
volume69_1.yaml,Deployment,31,7,7,0,7,0,48,422,176,4,99011.47,37.24,99048.71,True,True,True,8,0,91.67,100.0,
volume6_1.yaml,PersistentVolume,1,0,0,0,0,0,12,0,0,1,45.75,0.0,45.75,True,True,True,0,0,100.0,
volume7.yaml,PersistentVolume,1,0,0,1,1,0,16,0,0,1,50.71,11.57,62.28,True,True,True,1,1,93.33,100.0,
volume70.yaml,Pod,61,13,13,7,20,0,16,481,187,1,180790.64,23.94,180814.58,True,True,True,28,7,33.96,100.0,
volume71.yaml,PersistentVolumeClaim,2,1,1,0,1,0,14,7,3,1,13920.93,10.03,13930.96,True,True,True,2,2,84.62,100.0,
volume73.yaml,StorageClass,1,1,1,0,1,0,6,3,3,1,10104.38,7.05,10111.43,True,True,True,1,0,92.31,100.0,
volume73_1.yaml,PersistentVolume,1,0,0,0,0,0,27,0,0,1,51.45,0.0,51.45,True,True,True,0,0,100.0,
volume73_2.yaml,PersistentVolumeClaim,2,1,1,0,1,0,12,7,3,1,13946.41,9.29,13955.7,True,True,True,1,1,91.67,100.0,
volume75.yaml,StorageClass,1,1,1,0,1,0,6,3,3,1,10110.45,7.19,10117.64,True,True,True,1,0,92.31,100.0,
volume75_1.yaml,PersistentVolume,1,0,0,0,0,0,27,0,0,1,52.12,0.0,52.12,True,True,True,0,0,100.0,
volume75_2.yaml,PersistentVolumeClaim,2,1,1,0,1,0,12,7,3,1,13953.74,9.22,13962.96,True,True,True,1,1,91.67,100.0,
volume76.yaml,StorageClass,1,1,1,0,1,0,6,3,3,1,10335.16,7.26,10342.42,True,True,True,1,0,92.31,100.0,
volume76_1.yaml,PersistentVolume,1,0,0,0,0,0,27,0,0,1,52.24,0.0,52.24,True,True,True,0,0,100.0,
volume76_2.yaml,PersistentVolumeClaim,2,1,1,0,1,0,12,7,3,1,13649.49,9.53,13659.02,True,True,True,1,1,91.67,100.0,
volume77.yaml,PersistentVolume,1,0,0,1,1,0,17,0,0,1,48.66,11.92,60.58,True,True,True,1,1,93.33,100.0,
volume77_1.yaml,PersistentVolumeClaim,2,1,1,0,1,0,11,7,3,1,13917.4,8.53,13925.93,True,True,True,1,1,90.91,100.0,
volume78.yaml,PersistentVolume,1,0,0,1,1,0,17,0,0,1,48.47,11.75,60.22,True,True,True,1,1,93.33,100.0,
volume78_1.yaml,PersistentVolumeClaim,2,1,1,0,1,0,11,7,3,1,13921.78,8.61,13930.39,True,True,True,1,1,90.91,100.0,
volume79.yaml,PersistentVolumeClaim,2,1,1,0,1,0,12,7,3,1,13693.42,9.27,13702.69,True,True,True,2,2,83.33,100.0,
volume7_1.yaml,PersistentVolumeClaim,2,1,1,0,1,0,15,7,3,1,13886.4,10.7,13897.1,True,True,True,1,1,92.86,100.0,
volume8.yaml,Pod,61,13,13,7,20,0,16,481,187,1,180569.31,34.9,180604.21,True,True,True,28,7,33.96,100.0,
volume80.yaml,Pod,61,13,13,7,20,0,16,481,187,1,180738.78,24.07,180762.85,True,True,True,28,7,33.96,100.0,
volume81.yaml,StorageClass,1,1,1,0,1,0,6,3,3,1,10098.03,6.56,10104.59,True,True,True,1,0,92.31,100.0,
volume81_1.yaml,PersistentVolume,1,0,0,0,0,0,27,0,0,2,50.47,0.0,50.47,True,True,True,0,0,100.0,
volume81_2.yaml,PersistentVolumeClaim,2,1,1,0,1,0,12,7,3,1,13931.86,9.27,13941.13,True,True,True,1,1,91.67,100.0,
volume82.yaml,PersistentVolume,1,0,0,0,0,0,15,0,0,2,58.7,0.0,58.7,True,True,True,0,0,100.0,
volume83.yaml,Pod,61,13,13,7,20,0,28,481,187,8,180653.69,32.69,180686.38,True,True,True,39,23,27.91,100.0,
volume84.yaml,PersistentVolume,1,0,0,0,0,0,13,0,0,1,46.59,0.0,46.59,True,True,True,0,0,100.0,
volume84_1.yaml,PersistentVolumeClaim,2,1,1,0,1,0,13,7,3,1,13873.86,10.0,13883.86,True,True,True,1,1,92.31,100.0,
volume85.yaml,PersistentVolume,1,0,0,0,0,0,14,0,0,1,47.22,0.0,47.22,True,True,True,0,0,100.0,
volume85_1.yaml,PersistentVolumeClaim,2,1,1,0,1,0,11,7,3,1,13652.69,8.54,13661.23,True,True,True,1,1,90.91,100.0,
volume86.yaml,Pod,61,13,13,7,20,0,20,481,187,3,180833.38,26.34,180859.72,True,True,True,36,14,19.35,100.0,
volume88.yaml,PersistentVolume,1,0,0,0,0,0,11,0,0,1,46.66,0.0,46.66,True,True,True,0,0,100.0,
volume88_1.yaml,PersistentVolumeClaim,2,1,1,0,1,0,11,7,3,1,13635.12,8.57,13643.69,True,True,True,1,1,90.91,100.0,
volume88_2.yaml,Pod,61,13,13,7,20,0,19,481,187,2,180471.6,24.54,180496.14,True,True,True,23,1,61.29,100.0,
volume89.yaml,PersistentVolumeClaim,2,1,1,0,1,0,10,7,3,1,13926.54,7.71,13934.25,True,True,True,1,1,90.0,100.0,
volume9.yaml,PersistentVolumeClaim,2,1,1,0,1,0,11,7,3,1,13873.84,8.73,13882.57,True,True,True,1,1,90.91,100.0,
volume90.yaml,PersistentVolumeClaim,2,1,1,0,1,0,10,7,3,1,13623.39,8.06,13631.45,True,True,True,1,1,90.0,100.0,
volume91.yaml,Pod,61,13,13,7,20,0,16,481,187,1,180774.18,23.69,180797.87,True,True,True,28,7,33.96,100.0,
volume93.yaml,Pod,61,13,13,7,20,0,16,481,187,1,180403.02,23.98,180427.0,True,True,True,28,7,33.96,100.0,
volume94.yaml,Pod,61,13,13,7,20,0,28,481,187,8,181028.41,33.49,181061.9,True,True,True,39,23,27.91,100.0,
volume95.yaml,PersistentVolumeClaim,2,1,1,0,1,0,10,7,3,1,13895.02,7.78,13902.8,True,True,True,2,2,80.0,100.0,
volume96.yaml,PersistentVolume,1,0,0,0,0,0,17,0,0,1,46.07,0.0,46.07,True,True,True,0,0,100.0,
volume96_1.yaml,PersistentVolumeClaim,2,1,1,0,1,0,17,7,3,1,13714.21,10.99,13725.2,True,True,True,1,1,93.33,100.0,
volume97.yaml,PersistentVolume,1,0,0,0,0,0,17,0,0,1,47.44,0.0,47.44,True,True,True,0,0,100.0,
volume97_1.yaml,PersistentVolumeClaim,2,1,1,0,1,0,17,7,3,1,13922.52,11.19,13933.71,True,True,True,1,1,93.33,100.0,
volume98.yaml,PersistentVolume,1,0,0,0,0,0,17,0,0,1,47.88,0.0,47.88,True,True,True,0,0,100.0,
volume98_1.yaml,PersistentVolumeClaim,2,1,1,0,1,0,17,7,3,1,13961.79,11.04,13972.83,True,True,True,1,1,93.33,100.0,
volume99.yaml,Pod,61,13,13,7,20,0,28,481,187,8,180690.36,33.72,180724.08,True,True,True,39,23,27.91,100.0,
volumeClaim1.yaml,PersistentVolume,1,0,0,0,0,0,12,0,0,1,47.22,0.0,47.22,True,True,True,0,0,100.0,
volumeClaim1_1.yaml,PersistentVolumeClaim,2,1,1,0,1,0,14,7,3,1,13910.75,9.54,13920.29,True,True,True,1,1,92.31,100.0,
volumeClaim2.yaml,PersistentVolumeClaim,2,1,1,0,1,0,11,7,3,1,13659.1,8.55,13667.65,True,True,True,1,1,90.91,100.0,
VolumeClaimPod.yaml,Pod,61,13,13,7,20,0,15,481,187,1,180693.0,23.68,180716.68,True,True,True,30,8,26.92,100.0,
VolumeconfigMap.yaml,Pod,61,13,13,7,20,0,20,481,187,3,180406.45,26.19,180432.64,True,True,True,26,4,50.0,100.0,
volumen.yaml,Pod,61,15,15,7,22,0,16,481,197,1,179955.52,21.67,179977.19,True,True,True,27,12,23.53,0.0,
volumenperisitente.yaml,PersistentVolumeClaim,2,1,1,0,1,0,10,7,3,1,13609.36,7.95,13617.31,True,True,True,1,1,90.0,100.0,
volumePremium.yaml,PersistentVolumeClaim,2,1,1,0,1,0,11,7,3,1,13891.82,8.82,13900.64,True,True,True,1,1,90.91,100.0,
volumes-definition.yaml,Pod,61,15,15,7,22,0,20,481,197,1,179921.97,22.84,179944.81,True,True,True,29,17,23.33,0.0,
volumes-hostpath.yaml,Pod,61,15,15,7,22,0,15,481,197,1,179955.79,21.93,179977.72,True,True,True,23,6,40.82,100.0,
volumes-persist.yaml,Pod,61,15,15,5,20,0,18,481,197,2,179979.79,22.29,180002.08,True,True,True,21,7,48.15,100.0,
volumes-persist1.yaml,Pod,61,15,15,5,20,0,21,481,197,2,179909.17,23.48,179932.65,True,True,True,19,5,57.14,100.0,
volumes.yaml,PersistentVolumeClaim,2,1,1,0,1,0,13,7,3,1,13925.23,10.01,13935.24,True,True,True,1,1,92.31,100.0,
volumes1.yaml,PersistentVolumeClaim,2,1,1,0,1,0,13,7,3,1,13661.7,10.03,13671.73,True,True,True,1,1,92.31,100.0,
volumes10.yaml,PersistentVolume,1,0,0,0,0,0,14,0,0,1,46.82,0.0,46.82,True,True,True,0,0,100.0,
volumes10_1.yaml,PersistentVolume,1,0,0,0,0,0,14,0,0,1,48.12,0.0,48.12,True,True,True,0,0,100.0,
volumes10_2.yaml,PersistentVolume,1,0,0,0,0,0,14,0,0,1,43.52,0.0,43.52,True,True,True,0,0,100.0,
volumes10_3.yaml,PersistentVolume,1,0,0,0,0,0,14,0,0,1,47.25,0.0,47.25,True,True,True,0,0,100.0,
volumes10_4.yaml,PersistentVolumeClaim,2,1,1,0,1,0,13,7,3,1,13915.14,10.03,13925.17,True,True,True,1,1,92.31,100.0,
volumes10_5.yaml,PersistentVolumeClaim,2,1,1,0,1,0,13,7,3,1,13929.42,10.04,13939.46,True,True,True,1,1,92.31,100.0,
volumes10_6.yaml,PersistentVolumeClaim,2,1,1,0,1,0,13,7,3,1,13706.93,10.03,13716.96,True,True,True,1,1,92.31,100.0,
volumes10_7.yaml,PersistentVolumeClaim,2,1,1,0,1,0,13,7,3,1,13941.45,10.09,13951.54,True,True,True,1,1,92.31,100.0,
volumes11.yaml,PersistentVolume,1,0,0,0,0,0,14,0,0,1,47.62,0.0,47.62,True,True,True,0,0,100.0,
volumes11_1.yaml,PersistentVolumeClaim,2,1,1,0,1,0,13,7,3,1,13956.05,10.05,13966.1,True,True,True,1,1,92.31,100.0,
volumes11_2.yaml,PersistentVolume,1,0,0,0,0,0,14,0,0,1,47.42,0.0,47.42,True,True,True,0,0,100.0,
volumes11_3.yaml,PersistentVolumeClaim,2,1,1,0,1,0,13,7,3,1,13933.04,10.08,13943.12,True,True,True,1,1,92.31,100.0,
volumes12.yaml,PersistentVolume,1,0,0,0,0,0,20,0,0,2,123.34,0.0,123.34,True,True,True,0,0,100.0,
volumes12_1.yaml,PersistentVolumeClaim,2,1,1,0,1,0,19,7,3,2,13834.86,13.77,13848.63,True,True,True,1,1,94.44,100.0,
volumes13.yaml,PersistentVolume,1,0,0,0,0,0,14,0,0,1,48.16,0.0,48.16,True,True,True,0,0,100.0,
volumes13_1.yaml,PersistentVolume,1,0,0,0,0,0,14,0,0,1,48.34,0.0,48.34,True,True,True,0,0,100.0,
volumes13_2.yaml,PersistentVolume,1,0,0,0,0,0,14,0,0,1,53.64,0.0,53.64,True,True,True,0,0,100.0,
volumes13_3.yaml,PersistentVolumeClaim,2,1,1,0,1,0,13,7,3,1,13964.23,10.0,13974.23,True,True,True,1,1,92.31,100.0,
volumes13_4.yaml,PersistentVolumeClaim,2,1,1,0,1,0,13,7,3,1,13908.39,9.95,13918.34,True,True,True,1,1,92.31,100.0,
volumes13_5.yaml,PersistentVolumeClaim,2,1,1,0,1,0,13,7,3,1,13872.32,10.05,13882.37,True,True,True,1,1,92.31,100.0,
volumes14.yaml,PersistentVolume,1,0,0,0,0,0,14,0,0,1,47.71,0.0,47.71,True,True,True,0,0,100.0,
volumes14_1.yaml,PersistentVolumeClaim,2,1,1,0,1,0,13,7,3,1,13678.57,10.05,13688.62,True,True,True,1,1,92.31,100.0,
volumes14_2.yaml,PersistentVolume,1,0,0,0,0,0,14,0,0,1,48.25,0.0,48.25,True,True,True,0,0,100.0,
volumes14_3.yaml,PersistentVolumeClaim,2,1,1,0,1,0,13,7,3,1,13981.08,10.06,13991.14,True,True,True,1,1,92.31,100.0,
volumes15.yaml,PersistentVolume,1,0,0,0,0,0,14,0,0,1,48.03,0.0,48.03,True,True,True,0,0,100.0,
volumes15_1.yaml,PersistentVolume,1,0,0,0,0,0,14,0,0,1,57.63,0.0,57.63,True,True,True,0,0,100.0,
volumes15_2.yaml,PersistentVolume,1,0,0,0,0,0,14,0,0,1,47.69,0.0,47.69,True,True,True,0,0,100.0,
volumes15_3.yaml,PersistentVolume,1,0,0,0,0,0,14,0,0,1,48.23,0.0,48.23,True,True,True,0,0,100.0,
volumes15_4.yaml,PersistentVolumeClaim,2,1,1,0,1,0,13,7,3,1,13922.25,9.97,13932.22,True,True,True,1,1,92.31,100.0,
volumes15_5.yaml,PersistentVolumeClaim,2,1,1,0,1,0,13,7,3,1,13687.16,10.06,13697.22,True,True,True,1,1,92.31,100.0,
volumes15_6.yaml,PersistentVolumeClaim,2,1,1,0,1,0,13,7,3,1,13908.36,10.23,13918.59,True,True,True,1,1,92.31,100.0,
volumes15_7.yaml,PersistentVolumeClaim,2,1,1,0,1,0,13,7,3,1,13936.38,10.09,13946.47,True,True,True,1,1,92.31,100.0,
volumes16.yaml,PersistentVolume,1,0,0,0,0,0,14,0,0,1,47.88,0.0,47.88,True,True,True,0,0,100.0,
volumes16_1.yaml,PersistentVolume,1,0,0,0,0,0,14,0,0,1,47.61,0.0,47.61,True,True,True,0,0,100.0,
volumes16_2.yaml,PersistentVolumeClaim,2,1,1,0,1,0,13,7,3,1,13681.55,10.0,13691.55,True,True,True,1,1,92.31,100.0,
volumes16_3.yaml,PersistentVolumeClaim,2,1,1,0,1,0,13,7,3,1,13971.06,10.16,13981.22,True,True,True,1,1,92.31,100.0,
volumes17.yaml,PersistentVolume,1,0,0,0,0,0,14,0,0,1,47.98,0.0,47.98,True,True,True,0,0,100.0,
volumes17_1.yaml,PersistentVolume,1,0,0,0,0,0,14,0,0,1,48.29,0.0,48.29,True,True,True,0,0,100.0,
volumes17_2.yaml,PersistentVolumeClaim,2,1,1,0,1,0,13,7,3,1,13896.72,10.3,13907.02,True,True,True,1,1,92.31,100.0,
volumes17_3.yaml,PersistentVolumeClaim,2,1,1,0,1,0,13,7,3,1,13939.85,10.01,13949.86,True,True,True,1,1,92.31,100.0,
volumes18.yaml,Unknown,SCHEMA_ERROR,,,,,,0,0,0,0,131.05,0.0,131.05,,,,0,0,0.0,0.0,"C:\Users\CAOSD\projects\tool-security-rules\resources\dataset_yamls\original_yamls_10k\volumes18.yaml - PersistentVolume pv-name is invalid: problem validating schema. Check JSON formatting: jsonschema validation failed with 'https://raw.githubusercontent.com/yannh/kubernetes-json-schema/master/master-standalone-strict/persistentvolume-v1.json#' - at '/spec': additional properties 'volumes' not allowed | Summary: 1 resource found in 1 file - Valid: 0, Invalid: 1, Errors: 0, Skipped: 0"
volumes19.yaml,PersistentVolume,1,0,0,0,0,0,24,0,0,1,51.24,0.0,51.24,True,True,True,0,0,100.0,
volumes19_1.yaml,PersistentVolumeClaim,2,1,1,0,1,0,11,7,3,1,13989.6,9.14,13998.74,True,True,True,1,1,90.91,100.0,
volumes1_1.yaml,PersistentVolume,1,0,0,0,0,0,16,0,0,1,48.31,0.0,48.31,True,True,True,0,0,100.0,
volumes22.yaml,PersistentVolume,1,0,0,0,0,0,19,0,0,1,211.92,0.0,211.92,True,True,True,0,0,100.0,
volumes22_1.yaml,PersistentVolume,1,0,0,0,0,0,19,0,0,1,53.66,0.0,53.66,True,True,True,0,0,100.0,
volumes22_2.yaml,PersistentVolume,1,0,0,0,0,0,19,0,0,1,47.9,0.0,47.9,True,True,True,0,0,100.0,
volumes24.yaml,Pod,61,13,13,5,18,0,19,481,187,2,183745.97,24.8,183770.77,True,True,True,20,3,59.65,100.0,
volumes27.yaml,PersistentVolumeClaim,2,1,1,0,1,0,10,7,3,1,13884.93,7.99,13892.92,True,True,True,1,1,90.0,100.0,
volumes27_1.yaml,Deployment,31,7,7,1,8,0,48,422,176,4,98829.01,37.63,98866.64,True,True,True,9,1,89.58,100.0,
volumes3.yaml,PersistentVolumeClaim,2,1,1,0,1,0,15,7,3,1,13783.64,10.77,13794.41,True,True,True,1,1,92.86,100.0,
volumes3_1.yaml,PersistentVolumeClaim,2,1,1,0,1,0,15,7,3,1,13818.33,10.66,13828.99,True,True,True,1,1,92.86,100.0,
volumes3_2.yaml,PersistentVolumeClaim,2,1,1,0,1,0,15,7,3,1,13661.58,10.69,13672.27,True,True,True,1,1,92.86,100.0,
volumes5.yaml,Pod,61,13,13,7,20,0,13,481,187,1,179896.21,23.09,179919.3,True,True,True,23,3,48.0,100.0,
volumes6.yaml,Pod,61,13,13,6,19,0,17,481,187,2,179625.64,23.71,179649.35,True,True,True,26,5,45.61,100.0,
volumes7.yaml,PersistentVolume,1,0,0,0,0,0,15,0,0,1,46.28,0.0,46.28,True,True,True,0,0,100.0,
volumes7_1.yaml,PersistentVolume,1,0,0,0,0,0,15,0,0,1,47.86,0.0,47.86,True,True,True,0,0,100.0,
volumes7_2.yaml,PersistentVolume,1,0,0,0,0,0,15,0,0,1,47.66,0.0,47.66,True,True,True,0,0,100.0,
volumes7_3.yaml,PersistentVolume,1,0,0,0,0,0,15,0,0,1,47.01,0.0,47.01,True,True,True,0,0,100.0,
volumes7_4.yaml,PersistentVolumeClaim,2,1,1,0,1,0,15,7,3,1,13601.25,10.27,13611.52,True,True,True,1,1,92.86,100.0,
volumes7_5.yaml,PersistentVolumeClaim,2,1,1,0,1,0,15,7,3,1,13841.53,10.46,13851.99,True,True,True,1,1,92.86,100.0,
volumes7_6.yaml,PersistentVolumeClaim,2,1,1,0,1,0,15,7,3,1,13888.0,10.52,13898.52,True,True,True,1,1,92.86,100.0,
volumes7_7.yaml,PersistentVolumeClaim,2,1,1,0,1,0,15,7,3,1,13787.82,10.43,13798.25,True,True,True,1,1,92.86,100.0,
volumes8.yaml,Pod,61,15,15,6,21,0,22,481,197,2,179246.81,24.13,179270.94,True,True,True,24,8,50.0,100.0,
volumes8_1.yaml,Pod,61,15,15,6,21,0,22,481,197,2,179175.65,24.44,179200.09,True,True,True,24,8,50.0,100.0,
volumes9.yaml,Pod,61,13,13,5,18,0,16,481,187,2,179437.12,23.19,179460.31,True,True,True,19,2,61.82,100.0,
volumes_1.yaml,PersistentVolume,1,0,0,0,0,0,16,0,0,1,46.9,0.0,46.9,True,True,True,0,0,100.0,
volume_secret_deployment.yaml,Pod,61,14,14,7,21,0,17,481,195,3,179202.15,23.39,179225.54,True,True,True,32,12,15.38,100.0,
voron.yaml,Service,6,1,1,0,1,0,15,13,2,1,28206.91,9.62,28216.53,True,True,True,1,1,91.67,100.0,
voron_2.yaml,Ingress,3,0,0,0,0,0,27,4,0,2,7131.12,0.0,7131.12,True,True,True,0,0,100.0,
Vortel_1.yaml,Deployment,31,8,8,5,13,0,25,422,178,1,98320.27,25.77,98346.04,True,True,True,17,2,67.8,100.0,
Vortel_2.yaml,Service,6,2,2,0,2,0,18,13,4,1,27696.23,11.37,27707.6,True,True,True,2,2,85.71,100.0,
vote-app-deploy.yaml,Deployment,31,8,8,4,12,0,25,422,178,8,98322.09,28.73,98350.82,True,True,True,20,5,62.69,100.0,
vote-app-deploy1.yaml,Deployment,31,7,7,4,11,0,31,422,176,8,98478.96,30.13,98509.09,True,True,True,15,0,78.87,100.0,
vote-app-deploy1_1.yaml,Service,6,2,2,0,2,0,17,13,4,2,27977.61,11.18,27988.79,True,True,True,2,2,85.71,100.0,
vote-app-pod.yaml,Pod,61,13,13,7,20,0,13,481,187,2,179479.11,22.9,179502.01,True,True,True,26,4,37.5,100.0,
vote-app-service.yaml,Service,6,2,2,0,2,0,18,13,4,4,27946.98,12.62,27959.6,True,True,True,5,5,68.75,100.0,
vote-app-service1.yaml,Service,6,2,2,0,2,0,17,13,4,4,27746.89,11.83,27758.72,True,True,True,3,3,80.0,100.0,
vote-app.yaml,Deployment,31,8,8,4,12,0,33,422,178,2,98311.55,32.05,98343.6,True,True,True,16,2,77.5,100.0,
vote-app1_1.yaml,Deployment,31,7,7,0,7,0,67,422,176,8,98668.38,53.41,98721.79,True,True,True,8,0,94.67,100.0,
vote-app1_2.yaml,Service,6,2,2,0,2,0,16,13,4,1,27681.38,9.7,27691.08,True,True,True,2,2,83.33,100.0,
vote-app2_1.yaml,Deployment,31,7,7,0,7,0,67,422,176,8,98688.96,53.21,98742.17,True,True,True,8,0,94.67,100.0,
vote-app2_2.yaml,Service,6,2,2,0,2,0,16,13,4,1,27996.27,9.85,28006.12,True,True,True,2,2,83.33,100.0,
vote-app3.yaml,Pod,61,13,13,6,19,0,19,481,187,2,179597.58,24.64,179622.22,True,True,True,23,2,52.83,100.0,
vote-app3_1.yaml,Service,6,2,2,0,2,0,17,13,4,2,27716.74,11.16,27727.9,True,True,True,2,2,85.71,100.0,
vote-app_1.yaml,Deployment,31,8,8,4,12,0,30,422,178,1,98215.51,28.73,98244.24,True,True,True,16,2,74.29,100.0,
vote-app_2.yaml,Deployment,31,8,8,4,12,0,25,422,178,1,98252.34,25.66,98278.0,True,True,True,16,1,71.19,100.0,
vote-app_3.yaml,Deployment,31,8,8,4,12,0,25,422,178,1,98170.55,25.79,98196.34,True,True,True,16,1,71.19,100.0,
vote-app_4.yaml,Deployment,31,8,8,5,13,0,22,422,178,1,98166.86,24.14,98191.0,True,True,True,17,2,64.15,100.0,
vote-app_5.yaml,Service,6,1,1,0,1,0,18,13,2,1,28266.28,11.08,28277.36,True,True,True,1,1,92.86,100.0,
vote-app_6.yaml,Service,6,1,1,0,1,0,18,13,2,1,27994.39,11.12,28005.51,True,True,True,1,1,92.86,100.0,
vote-app_7.yaml,Service,6,2,2,0,2,0,19,13,4,1,28006.91,11.82,28018.73,True,True,True,2,2,86.67,100.0,
vote-app_8.yaml,Service,6,2,2,0,2,0,19,13,4,1,27742.03,11.76,27753.79,True,True,True,2,2,86.67,100.0,
vote-deploy-probes.yaml,Deployment,31,7,7,0,7,0,54,422,176,60,98810.55,41.16,98851.71,True,True,True,29,21,50.98,100.0,
vote-deployment.yaml,Deployment,31,8,8,4,12,0,26,422,178,1,98228.99,26.57,98255.56,True,True,True,16,1,72.13,100.0,
vote-deployment1.yaml,Deployment,31,8,8,5,13,0,25,422,178,1,98357.71,25.71,98383.42,True,True,True,17,2,67.8,100.0,
vote-deployment10.yaml,Deployment,31,8,8,4,12,0,22,422,178,1,98219.05,24.4,98243.45,True,True,True,20,5,54.55,100.0,
vote-deployment11.yaml,Deployment,31,8,8,4,12,0,27,422,178,1,98448.85,26.36,98475.21,True,True,True,16,9,63.77,0.0,
vote-deployment12.yaml,Deployment,31,8,8,4,12,0,27,422,178,1,98288.75,27.28,98316.03,True,True,True,16,2,71.88,100.0,
vote-deployment13.yaml,Deployment,31,8,8,5,13,0,25,422,178,1,98403.3,25.71,98429.01,True,True,True,17,2,67.8,100.0,
vote-deployment14.yaml,Deployment,31,8,8,5,13,0,25,422,178,1,98290.61,25.86,98316.47,True,True,True,17,2,67.8,100.0,
vote-deployment15.yaml,Deployment,31,8,8,4,12,0,27,422,178,1,98319.51,26.89,98346.4,True,True,True,17,2,70.77,100.0,
vote-deployment16.yaml,Deployment,31,8,8,5,13,0,25,422,178,1,98190.7,25.79,98216.49,True,True,True,17,2,67.8,100.0,
vote-deployment17.yaml,Deployment,31,7,7,0,7,0,49,422,176,36,98610.01,37.53,98647.54,True,True,True,24,16,58.33,100.0,
vote-deployment18.yaml,Deployment,31,8,8,2,10,0,26,422,178,4,98465.47,25.84,98491.31,True,True,True,13,2,75.41,100.0,
vote-deployment19.yaml,Deployment,31,8,8,5,13,0,25,422,178,1,98270.1,25.67,98295.77,True,True,True,17,2,67.8,100.0,
vote-deployment2.yaml,Deployment,31,8,8,4,12,0,23,422,178,1,98388.93,24.36,98413.29,True,True,True,17,2,65.45,100.0,
vote-deployment20.yaml,Deployment,31,8,8,4,12,0,25,422,178,1,98171.94,26.12,98198.06,True,True,True,16,1,71.19,100.0,
vote-deployment21.yaml,Deployment,31,8,8,5,13,0,27,422,178,27,98322.56,31.0,98353.56,True,True,True,22,7,60.27,100.0,
vote-deployment22.yaml,Deployment,31,8,8,5,13,0,25,422,178,1,98187.86,25.6,98213.46,True,True,True,17,2,67.8,100.0,
vote-deployment3.yaml,Deployment,31,8,8,5,13,0,25,422,178,1,98244.75,26.35,98271.1,True,True,True,17,2,67.8,100.0,
vote-deployment4.yaml,Deployment,31,8,8,5,13,0,25,422,178,1,98277.44,25.71,98303.15,True,True,True,17,2,67.8,100.0,
vote-deployment5.yaml,Deployment,31,8,8,4,12,0,26,422,178,1,98425.29,26.81,98452.1,True,True,True,16,1,72.13,100.0,
vote-deployment5_1.yaml,Service,6,2,2,0,2,0,20,13,4,1,27997.7,12.63,28010.33,True,True,True,2,2,87.5,100.0,
vote-deployment6.yaml,Deployment,31,8,8,4,12,0,27,422,178,1,98059.29,26.71,98086.0,True,True,True,16,3,70.77,100.0,
vote-deployment7.yaml,Deployment,31,8,8,5,13,0,25,422,178,1,98412.51,25.76,98438.27,True,True,True,17,2,67.8,100.0,
vote-deployment8.yaml,Deployment,31,8,8,5,13,0,25,422,178,1,97983.72,25.68,98009.4,True,True,True,17,2,67.8,100.0,
vote-deployment9.yaml,Deployment,31,8,8,4,12,0,27,422,178,1,104211.64,26.99,104238.63,True,True,True,17,2,69.84,100.0,
vote-pod1.yaml,Pod,61,13,13,7,20,0,15,481,187,3,180849.99,24.04,180874.03,True,True,True,27,6,35.29,100.0,
vote-rs.yaml,ReplicaSet,30,7,7,4,11,0,31,420,176,9,95717.87,30.43,95748.3,True,True,True,21,6,59.7,100.0,
vote-service.yaml,Service,6,2,2,0,2,0,20,13,4,1,27847.52,12.89,27860.41,True,True,True,3,3,82.35,100.0,
vote-service1.yaml,Service,6,2,2,0,2,0,19,13,4,1,27845.7,12.03,27857.73,True,True,True,3,3,81.25,100.0,
vote-service10.yaml,Service,6,2,2,0,2,0,19,13,4,1,28095.32,11.73,28107.05,True,True,True,3,3,81.25,100.0,
vote-service11.yaml,Service,6,2,2,0,2,0,19,13,4,1,27896.45,11.94,27908.39,True,True,True,3,3,81.25,100.0,
vote-service12.yaml,Service,6,2,2,0,2,0,19,13,4,1,28155.11,11.95,28167.06,True,True,True,3,3,81.25,100.0,
vote-service13.yaml,Service,6,2,2,0,2,0,19,13,4,1,27829.54,12.34,27841.88,True,True,True,3,3,81.25,100.0,
vote-service14.yaml,Service,6,2,2,0,2,0,19,13,4,1,28176.28,11.91,28188.19,True,True,True,3,3,81.25,100.0,
vote-service15.yaml,Service,6,2,2,0,2,0,21,13,4,2,27871.76,13.39,27885.15,True,True,True,5,5,70.59,100.0,
vote-service16.yaml,Service,6,2,2,0,2,0,19,13,4,1,27910.76,11.99,27922.75,True,True,True,3,3,81.25,100.0,
vote-service17.yaml,Service,6,2,2,0,2,0,19,13,4,1,28085.7,11.95,28097.65,True,True,True,3,3,81.25,100.0,
vote-service18.yaml,Service,6,2,2,0,2,0,18,13,4,9,27913.86,14.12,27927.98,True,True,True,5,5,72.22,100.0,
vote-service19.yaml,Service,6,2,2,0,2,0,19,13,4,1,28083.23,11.83,28095.06,True,True,True,3,3,81.25,100.0,
vote-service2.yaml,Service,6,2,2,0,2,0,19,13,4,1,27827.81,12.01,27839.82,True,True,True,3,3,81.25,100.0,
vote-service4.yaml,Service,6,2,2,0,2,0,16,13,4,1,28104.18,10.6,28114.78,True,True,True,8,8,38.46,100.0,
vote-service6.yaml,Service,6,2,2,0,2,0,19,13,4,1,27876.86,12.0,27888.86,True,True,True,3,3,81.25,100.0,
vote-service7.yaml,Service,6,2,2,0,2,0,19,13,4,1,27821.9,12.14,27834.04,True,True,True,3,3,81.25,100.0,
vote-service8.yaml,Service,6,2,2,0,2,0,16,13,4,1,28119.21,10.65,28129.86,True,True,True,4,4,69.23,100.0,
vote-service9.yaml,Service,6,2,2,0,2,0,16,13,4,1,27841.61,10.65,27852.26,True,True,True,8,11,38.71,0.0,
vote-sv-depl.yaml,Deployment,31,8,8,4,12,0,27,422,178,1,98734.58,26.95,98761.53,True,True,True,16,1,73.02,100.0,
vote-sv-depl_1.yaml,Service,6,2,2,0,2,0,19,13,4,1,28080.03,11.78,28091.81,True,True,True,2,2,86.67,100.0,
vote-svc.yaml,Service,6,2,2,0,2,0,17,13,4,1,27865.56,11.37,27876.93,True,True,True,3,3,78.57,100.0,
vote-ui-deployment.yaml,Deployment,31,8,8,5,13,0,22,422,178,1,98632.08,24.65,98656.73,True,True,True,17,2,65.45,100.0,
vote-ui-svc.yaml,Service,6,2,2,0,2,0,17,13,4,1,28139.28,10.42,28149.7,True,True,True,2,2,84.62,100.0,
vote.yaml,Deployment,31,8,8,4,12,0,26,422,178,1,98643.28,26.46,98669.74,True,True,True,21,7,54.84,100.0,
vote10.yaml,Unknown,SCHEMA_ERROR,,,,,,0,0,0,0,328.78,0.0,328.78,,,,0,0,0.0,0.0,"C:\Users\CAOSD\projects\tool-security-rules\resources\dataset_yamls\original_yamls_10k\vote10.yaml - Deployment vote is invalid: problem validating schema. Check JSON formatting: jsonschema validation failed with 'https://raw.githubusercontent.com/yannh/kubernetes-json-schema/master/master-standalone-strict/deployment-apps-v1.json#' - at '/spec/template/spec': additional properties 'image', 'ports' not allowed | Summary: 1 resource found in 1 file - Valid: 0, Invalid: 1, Errors: 0, Skipped: 0"
vote12.yaml,Service,6,2,2,0,2,0,20,13,4,1,27825.93,12.53,27838.46,True,True,True,2,2,87.5,100.0,
vote13.yaml,Deployment,31,8,8,4,12,0,26,422,178,1,98687.46,26.47,98713.93,True,True,True,16,1,72.13,100.0,
vote15.yaml,Service,6,2,2,0,2,0,20,13,4,1,28077.25,12.61,28089.86,True,True,True,2,2,87.5,100.0,
vote16.yaml,Deployment,31,8,8,5,13,0,29,422,178,2,98716.17,30.05,98746.22,True,True,True,17,2,73.24,100.0,
vote16_1.yaml,Service,6,2,2,0,2,0,20,13,4,1,27728.81,12.79,27741.6,True,True,True,2,2,87.5,100.0,
vote2.yaml,Service,6,2,2,0,2,0,20,13,4,1,28136.98,12.56,28149.54,True,True,True,6,6,62.5,100.0,
vote3.yaml,Deployment,31,8,8,4,12,0,26,422,178,1,98717.21,27.09,98744.3,True,True,True,21,7,54.84,100.0,
vote5.yaml,Service,6,2,2,0,2,0,20,13,4,1,27873.11,12.6,27885.71,True,True,True,6,6,62.5,100.0,
vote6.yaml,Service,6,2,2,0,2,0,18,13,4,1,28089.38,11.18,28100.56,True,True,True,2,2,85.71,100.0,
vote6_1.yaml,Deployment,31,8,8,4,12,0,23,422,178,1,98746.16,24.71,98770.87,True,True,True,16,1,69.09,100.0,
vote9.yaml,Service,6,1,1,0,1,0,16,13,2,1,28052.25,9.63,28061.88,True,True,True,1,1,91.67,100.0,
vote9_1.yaml,Deployment,31,8,8,4,12,0,22,422,178,1,98691.99,24.63,98716.62,True,True,True,16,1,69.09,100.0,
voters-app-deploy.yaml,Deployment,31,8,8,1,9,0,30,422,178,32,98808.26,28.8,98837.06,True,True,True,20,12,56.76,100.0,
voters-app-pod.yaml,Pod,61,13,13,3,16,0,18,481,187,8,180377.81,23.37,180401.18,True,True,True,26,11,32.73,100.0,
voters-app-service.yaml,Service,6,2,2,0,2,0,18,13,4,4,27823.11,12.71,27835.82,True,True,True,4,5,72.73,100.0,
votinappService.yaml,Service,6,2,2,0,2,0,18,13,4,4,28108.88,12.69,28121.57,True,True,True,2,2,87.5,100.0,
voting-app-deploy.yaml,Deployment,31,8,8,2,10,0,25,422,178,8,98715.1,26.41,98741.51,True,True,True,12,1,79.37,100.0,
voting-app-deploy1.yaml,Deployment,31,8,8,4,12,0,25,422,178,8,98645.66,28.61,98674.27,True,True,True,23,8,60.76,100.0,
voting-app-deploy10.yaml,Deployment,31,8,8,4,12,0,25,422,178,8,98765.91,28.39,98794.3,True,True,True,21,7,58.82,100.0,
voting-app-deploy11.yaml,Deployment,31,8,8,4,12,0,25,422,178,8,98628.85,28.08,98656.93,True,True,True,16,2,73.53,100.0,
voting-app-deploy12.yaml,Unknown,SCHEMA_ERROR,,,,,,0,0,0,0,316.33,0.0,316.33,,,,0,0,0.0,0.0,"C:\Users\CAOSD\projects\tool-security-rules\resources\dataset_yamls\original_yamls_10k\voting-app-deploy12.yaml - Deployment voting-app-deploy is invalid: problem validating schema. Check JSON formatting: jsonschema validation failed with 'https://raw.githubusercontent.com/yannh/kubernetes-json-schema/master/master-standalone-strict/deployment-apps-v1.json#' - at '/spec/template/spec/containers/0': additional properties 'requests' not allowed | Summary: 1 resource found in 1 file - Valid: 0, Invalid: 1, Errors: 0, Skipped: 0"
voting-app-deploy13.yaml,Deployment,31,8,8,4,12,0,25,422,178,8,98638.54,28.17,98666.71,True,True,True,16,2,73.53,100.0,
voting-app-deploy14.yaml,Deployment,31,8,8,4,12,0,25,422,178,8,98674.7,27.88,98702.58,True,True,True,20,5,61.54,100.0,
voting-app-deploy15.yaml,Deployment,31,8,8,4,12,0,25,422,178,8,98575.17,28.23,98603.4,True,True,True,20,5,61.54,100.0,
voting-app-deploy16.yaml,Deployment,31,8,8,4,12,0,25,422,178,8,98622.89,27.84,98650.73,True,True,True,16,2,73.53,100.0,
voting-app-deploy17.yaml,Deployment,31,8,8,4,12,0,22,422,178,4,98639.57,26.26,98665.83,True,True,True,20,5,57.63,100.0,
voting-app-deploy18.yaml,Unknown,SCHEMA_ERROR,,,,,,0,0,0,0,283.26,0.0,283.26,,,,0,0,0.0,0.0,"C:\Users\CAOSD\projects\tool-security-rules\resources\dataset_yamls\original_yamls_10k\voting-app-deploy18.yaml - Deployment voting-app-deploy is invalid: problem validating schema. Check JSON formatting: jsonschema validation failed with 'https://raw.githubusercontent.com/yannh/kubernetes-json-schema/master/master-standalone-strict/deployment-apps-v1.json#' - at '/spec/template/spec': additional properties 'image', 'ports' not allowed | Summary: 1 resource found in 1 file - Valid: 0, Invalid: 1, Errors: 0, Skipped: 0"
voting-app-deploy19.yaml,Deployment,31,8,8,4,12,0,25,422,178,8,98746.77,28.17,98774.94,True,True,True,20,6,60.61,100.0,
voting-app-deploy2.yaml,Deployment,31,8,8,4,12,0,25,422,178,8,98767.99,27.63,98795.62,True,True,True,21,7,58.82,100.0,
voting-app-deploy20.yaml,Deployment,31,8,8,4,12,0,25,422,178,8,98767.32,28.04,98795.36,True,True,True,16,2,73.53,100.0,
voting-app-deploy21.yaml,Deployment,31,8,8,4,12,0,25,422,178,8,98609.98,27.89,98637.87,True,True,True,16,2,72.73,100.0,
voting-app-deploy22.yaml,Deployment,31,8,8,4,12,0,25,422,178,8,98735.95,27.88,98763.83,True,True,True,16,2,73.53,100.0,
voting-app-deploy23.yaml,Deployment,31,8,8,4,12,0,25,422,178,8,98691.9,28.56,98720.46,True,True,True,20,5,61.54,100.0,
voting-app-deploy24.yaml,Deployment,31,8,8,4,12,0,25,422,178,8,98636.53,28.31,98664.84,True,True,True,16,2,73.53,100.0,
voting-app-deploy25.yaml,Deployment,31,8,8,4,12,0,25,422,178,8,98730.75,28.01,98758.76,True,True,True,23,8,52.31,100.0,
voting-app-deploy26.yaml,Deployment,31,7,7,4,11,0,25,422,176,8,98846.8,27.6,98874.4,True,True,True,19,4,64.62,100.0,
voting-app-deploy27.yaml,Deployment,31,8,8,4,12,0,25,422,178,8,98611.8,28.49,98640.29,True,True,True,16,2,72.73,100.0,
voting-app-deploy28.yaml,Unknown,SCHEMA_ERROR,,,,,,0,0,0,0,304.03,0.0,304.03,,,,0,0,0.0,0.0,"C:\Users\CAOSD\projects\tool-security-rules\resources\dataset_yamls\original_yamls_10k\voting-app-deploy28.yaml - Deployment voting-app-deploy is invalid: problem validating schema. Check JSON formatting: jsonschema validation failed with 'https://raw.githubusercontent.com/yannh/kubernetes-json-schema/master/master-standalone-strict/deployment-apps-v1.json#' - at '/metadata': additional properties 'app' not allowed | Summary: 1 resource found in 1 file - Valid: 0, Invalid: 1, Errors: 0, Skipped: 0"
voting-app-deploy29.yaml,Deployment,31,8,8,4,12,0,25,422,178,8,98702.29,28.13,98730.42,True,True,True,16,2,73.53,100.0,
voting-app-deploy3.yaml,Deployment,31,8,8,4,12,0,25,422,178,8,98716.07,27.97,98744.04,True,True,True,16,2,73.53,100.0,
voting-app-deploy30.yaml,Unknown,SCHEMA_ERROR,,,,,,0,0,0,0,246.69,0.0,246.69,,,,0,0,0.0,0.0,"C:\Users\CAOSD\projects\tool-security-rules\resources\dataset_yamls\original_yamls_10k\voting-app-deploy30.yaml - Deployment voting-app-deploy failed validation: could not find schema for Deployment | Summary: 1 resource found in 1 file - Valid: 0, Invalid: 0, Errors: 1, Skipped: 0"
voting-app-deploy31.yaml,Deployment,31,8,8,4,12,0,25,422,178,8,98884.47,27.88,98912.35,True,True,True,21,6,59.7,100.0,
voting-app-deploy32.yaml,Deployment,31,7,7,4,11,0,25,422,176,8,99207.32,27.95,99235.27,True,True,True,19,4,64.62,100.0,
voting-app-deploy33.yaml,Deployment,31,8,8,4,12,0,25,422,178,8,98736.04,28.03,98764.07,True,True,True,20,5,61.54,100.0,
voting-app-deploy34.yaml,Deployment,31,8,8,4,12,0,25,422,178,8,98547.73,27.99,98575.72,True,True,True,16,2,73.53,100.0,
voting-app-deploy35.yaml,Deployment,31,8,8,4,12,0,25,422,178,8,98757.61,27.94,98785.55,True,True,True,21,7,58.82,100.0,
voting-app-deploy36.yaml,Deployment,31,8,8,4,12,0,25,422,178,8,98822.41,28.37,98850.78,True,True,True,16,2,73.53,100.0,
voting-app-deploy37.yaml,Deployment,31,8,8,4,12,0,25,422,178,8,98861.33,28.03,98889.36,True,True,True,16,2,73.53,100.0,
voting-app-deploy38.yaml,Deployment,31,8,8,4,12,0,25,422,178,8,98757.19,28.41,98785.6,True,True,True,20,6,62.86,100.0,
voting-app-deploy39.yaml,Deployment,31,8,8,4,12,0,25,422,178,8,98670.28,27.95,98698.23,True,True,True,16,2,73.53,100.0,
voting-app-deploy4.yaml,Unknown,SCHEMA_ERROR,,,,,,0,0,0,0,331.94,0.0,331.94,,,,0,0,0.0,0.0,"C:\Users\CAOSD\projects\tool-security-rules\resources\dataset_yamls\original_yamls_10k\voting-app-deploy4.yaml - Deployment voting-app-deploy is invalid: problem validating schema. Check JSON formatting: jsonschema validation failed with 'https://raw.githubusercontent.com/yannh/kubernetes-json-schema/master/master-standalone-strict/deployment-apps-v1.json#' - at '/spec/template/spec/containers/0': additional properties 'requests' not allowed | Summary: 1 resource found in 1 file - Valid: 0, Invalid: 1, Errors: 0, Skipped: 0"
voting-app-deploy40.yaml,Deployment,31,8,8,4,12,0,25,422,178,8,98610.08,28.29,98638.37,True,True,True,21,6,58.46,100.0,
voting-app-deploy41.yaml,Deployment,31,8,8,4,12,0,25,422,178,8,98838.15,27.88,98866.03,True,True,True,16,1,73.85,100.0,
voting-app-deploy42.yaml,Deployment,31,8,8,4,12,0,25,422,178,8,98790.7,28.19,98818.89,True,True,True,20,6,60.61,100.0,
voting-app-deploy43.yaml,Deployment,31,8,8,4,12,0,25,422,178,8,98709.61,27.87,98737.48,True,True,True,22,7,59.15,100.0,
voting-app-deploy44.yaml,Deployment,31,8,8,4,12,0,25,422,178,8,98664.77,28.19,98692.96,True,True,True,16,2,73.53,100.0,
voting-app-deploy45.yaml,Deployment,31,8,8,4,12,0,25,422,178,8,98666.07,28.12,98694.19,True,True,True,18,3,70.42,100.0,
voting-app-deploy46.yaml,Deployment,31,8,8,4,12,0,25,422,178,8,98736.77,28.11,98764.88,True,True,True,20,5,64.79,100.0,
voting-app-deploy47.yaml,Deployment,31,8,8,4,12,0,25,422,178,8,98701.17,27.72,98728.89,True,True,True,20,5,64.79,100.0,
voting-app-deploy48.yaml,Deployment,31,8,8,4,12,0,25,422,178,8,98728.29,28.41,98756.7,True,True,True,20,5,61.54,100.0,
voting-app-deploy49.yaml,Deployment,31,8,8,4,12,0,25,422,178,8,98698.08,28.42,98726.5,True,True,True,20,6,60.61,100.0,
voting-app-deploy5.yaml,Deployment,31,8,8,4,12,0,25,422,178,8,98753.84,27.96,98781.8,True,True,True,16,2,73.53,100.0,
voting-app-deploy50.yaml,Deployment,31,8,8,4,12,0,25,422,178,8,98716.77,28.06,98744.83,True,True,True,20,5,62.69,100.0,
voting-app-deploy51.yaml,Deployment,31,8,8,4,12,0,25,422,178,8,98571.23,27.99,98599.22,True,True,True,20,6,60.61,100.0,
voting-app-deploy52.yaml,Deployment,31,8,8,4,12,0,25,422,178,8,98722.65,28.12,98750.77,True,True,True,21,6,59.7,100.0,
voting-app-deploy53.yaml,Deployment,31,8,8,5,13,0,27,422,178,8,98619.76,28.55,98648.31,True,True,True,21,6,59.7,100.0,
voting-app-deploy54.yaml,Deployment,31,8,8,4,12,0,25,422,178,8,98864.48,28.33,98892.81,True,True,True,23,8,52.31,100.0,
voting-app-deploy55.yaml,Deployment,31,8,8,2,10,0,28,422,178,16,98673.2,28.18,98701.38,True,True,True,21,10,55.07,100.0,
voting-app-deploy56.yaml,Unknown,SCHEMA_ERROR,,,,,,0,0,0,0,262.16,0.0,262.16,,,,0,0,0.0,0.0,"C:\Users\CAOSD\projects\tool-security-rules\resources\dataset_yamls\original_yamls_10k\voting-app-deploy56.yaml - Deployment voting-app-deploy is invalid: problem validating schema. Check JSON formatting: jsonschema validation failed with 'https://raw.githubusercontent.com/yannh/kubernetes-json-schema/master/master-standalone-strict/deployment-apps-v1.json#' - at '/spec': missing property 'template' - at '/spec': additional properties 'tamplate' not allowed | Summary: 1 resource found in 1 file - Valid: 0, Invalid: 1, Errors: 0, Skipped: 0"
voting-app-deploy57.yaml,Deployment,31,8,8,5,13,0,25,422,178,8,98603.51,32.88,98636.39,True,True,True,18,3,67.69,100.0,
voting-app-deploy58.yaml,Deployment,31,8,8,5,13,0,25,422,178,8,98585.16,27.96,98613.12,True,True,True,20,5,61.54,100.0,
voting-app-deploy59.yaml,Deployment,31,8,8,4,12,0,25,422,178,8,98633.3,28.55,98661.85,True,True,True,23,8,53.73,100.0,
voting-app-deploy6.yaml,Deployment,31,8,8,4,12,0,25,422,178,8,98643.56,27.84,98671.4,True,True,True,20,5,61.54,100.0,
voting-app-deploy60.yaml,Deployment,31,8,8,4,12,0,25,422,178,8,98588.18,28.03,98616.21,True,True,True,20,5,61.54,100.0,
voting-app-deploy61.yaml,Deployment,31,8,8,4,12,0,25,422,178,8,98727.99,28.19,98756.18,True,True,True,21,6,58.46,100.0,
voting-app-deploy62.yaml,Deployment,31,8,8,4,12,0,21,422,178,4,98636.72,25.09,98661.81,True,True,True,20,5,56.14,100.0,
voting-app-deploy7.yaml,Deployment,31,8,8,4,12,0,25,422,178,8,98712.3,28.27,98740.57,True,True,True,20,5,61.54,100.0,
voting-app-deploy8.yaml,Deployment,31,8,8,2,10,0,25,422,178,8,98698.12,26.22,98724.34,True,True,True,12,1,79.37,100.0,
voting-app-deploy9.yaml,Deployment,31,8,8,4,12,0,25,422,178,8,98634.71,28.37,98663.08,True,True,True,23,8,60.76,100.0,
voting-app-deployment-definition.yaml,Deployment,31,7,7,4,11,0,25,422,176,2,98976.39,27.76,99004.15,True,True,True,24,9,49.23,100.0,
voting-app-deployment.yaml,Deployment,31,7,7,4,11,0,25,422,176,8,98932.37,28.63,98961.0,True,True,True,19,5,63.64,100.0,
voting-app-deployment1.yaml,Deployment,31,8,8,4,12,0,24,422,178,1,98635.57,24.88,98660.45,True,True,True,16,1,70.18,100.0,
voting-app-deployment10.yaml,Deployment,31,8,8,5,13,0,25,422,178,8,98957.08,29.1,98986.18,True,True,True,20,5,61.54,100.0,
voting-app-deployment11.yaml,Deployment,31,8,8,4,12,0,25,422,178,8,98477.55,28.0,98505.55,True,True,True,26,11,58.43,100.0,
voting-app-deployment12.yaml,Deployment,31,8,8,4,12,0,25,422,178,8,98943.84,32.21,98976.05,True,True,True,20,5,61.54,100.0,
voting-app-deployment13.yaml,Deployment,31,8,8,4,12,0,27,422,178,8,98421.87,29.41,98451.28,True,True,True,20,6,63.89,100.0,
voting-app-deployment14.yaml,Deployment,31,8,8,4,12,0,25,422,178,8,99163.18,28.27,99191.45,True,True,True,21,6,58.46,100.0,
voting-app-deployment17.yaml,Deployment,31,8,8,4,12,0,25,422,178,8,98675.98,28.07,98704.05,True,True,True,17,2,70.77,100.0,
voting-app-deployment18.yaml,Deployment,31,8,8,5,13,0,25,422,178,1,98779.14,25.63,98804.77,True,True,True,17,2,67.8,100.0,
voting-app-deployment19.yaml,Deployment,31,7,7,5,12,0,25,422,176,4,98969.82,27.95,98997.77,True,True,True,17,2,70.77,100.0,
voting-app-deployment2.yaml,Deployment,31,7,7,3,10,0,28,422,176,16,98901.39,28.25,98929.64,True,True,True,22,11,53.52,100.0,
voting-app-deployment20.yaml,Deployment,31,8,8,5,13,0,25,422,178,8,98687.42,27.79,98715.21,True,True,True,18,3,67.69,100.0,
voting-app-deployment21.yaml,Deployment,31,8,8,4,12,0,25,422,178,8,98761.57,27.94,98789.51,True,True,True,20,5,62.69,100.0,
voting-app-deployment22.yaml,Deployment,31,7,7,5,12,0,25,422,176,4,98964.35,28.36,98992.71,True,True,True,17,2,70.77,100.0,
voting-app-deployment23.yaml,Deployment,31,8,8,4,12,0,24,422,178,1,98478.08,25.18,98503.26,True,True,True,16,1,70.18,100.0,
voting-app-deployment26.yaml,Deployment,31,8,8,4,12,0,25,422,178,8,98685.68,28.03,98713.71,True,True,True,20,5,61.54,100.0,
voting-app-deployment27.yaml,Deployment,31,8,8,4,12,0,25,422,178,8,98670.84,27.94,98698.78,True,True,True,18,3,68.66,100.0,
voting-app-deployment28.yaml,Deployment,31,8,8,5,13,0,25,422,178,8,98710.84,28.17,98739.01,True,True,True,20,5,61.54,100.0,
voting-app-deployment29.yaml,Deployment,31,8,8,4,12,0,25,422,178,8,98754.1,27.58,98781.68,True,True,True,20,6,60.61,100.0,
voting-app-deployment3.yaml,Deployment,31,7,7,4,11,0,25,422,176,8,99054.92,28.67,99083.59,True,True,True,19,5,63.64,100.0,
voting-app-deployment30.yaml,Deployment,31,8,8,4,12,0,19,422,178,1,98703.6,22.52,98726.12,True,True,True,19,4,54.9,100.0,
voting-app-deployment33.yaml,Deployment,31,8,8,4,12,0,25,422,178,8,98840.24,28.77,98869.01,True,True,True,16,1,73.85,100.0,
voting-app-deployment33_1.yaml,Service,6,2,2,0,2,0,18,13,4,4,27852.42,12.69,27865.11,True,True,True,2,2,87.5,100.0,
voting-app-deployment34.yaml,Deployment,31,8,8,0,8,0,30,422,178,32,98813.99,29.21,98843.2,True,True,True,20,12,55.56,100.0,
voting-app-deployment35.yaml,Deployment,31,8,8,4,12,0,25,422,178,8,98852.41,27.9,98880.31,True,True,True,19,4,64.62,100.0,
voting-app-deployment4.yaml,Deployment,31,8,8,4,12,0,24,422,178,1,98916.45,25.01,98941.46,True,True,True,16,1,70.18,100.0,
voting-app-deployment5.yaml,Deployment,31,7,7,3,10,0,28,422,176,16,98994.5,29.14,99023.64,True,True,True,22,11,53.52,100.0,
voting-app-deployment6.yaml,Unknown,SCHEMA_ERROR,,,,,,0,0,0,0,281.58,0.0,281.58,,,,0,0,0.0,0.0,"C:\Users\CAOSD\projects\tool-security-rules\resources\dataset_yamls\original_yamls_10k\voting-app-deployment6.yaml - Deployment voting-app-deploy is invalid: problem validating schema. Check JSON formatting: jsonschema validation failed with 'https://raw.githubusercontent.com/yannh/kubernetes-json-schema/master/master-standalone-strict/deployment-apps-v1.json#' - at '/spec/template/spec/containers': got object, want array | Summary: 1 resource found in 1 file - Valid: 0, Invalid: 1, Errors: 0, Skipped: 0"
voting-app-deployment7.yaml,Deployment,31,8,8,4,12,0,25,422,178,8,98532.92,28.1,98561.02,True,True,True,17,2,72.46,100.0,
voting-app-deployment8.yaml,Deployment,31,8,8,4,12,0,25,422,178,8,98751.08,28.46,98779.54,True,True,True,20,5,65.75,100.0,
voting-app-node.yaml,Pod,61,13,13,5,18,0,16,481,187,4,180788.38,23.27,180811.65,True,True,True,25,7,38.46,100.0,
voting-app-node1.yaml,Pod,61,13,13,5,18,0,16,481,187,4,180715.37,23.12,180738.49,True,True,True,25,7,38.46,100.0,
voting-app-pod-definition.yaml,Pod,61,13,13,6,19,0,13,481,187,2,180686.1,23.33,180709.43,True,True,True,26,4,37.5,100.0,
voting-app-pod-definition1.yaml,Pod,61,13,13,6,19,0,13,481,187,2,180736.27,23.13,180759.4,True,True,True,26,4,37.5,100.0,
voting-app-pod-definition2.yaml,Pod,61,13,13,6,19,0,13,481,187,2,180483.34,23.03,180506.37,True,True,True,26,4,37.5,100.0,
voting-app-pod-definition3.yaml,Pod,61,13,13,6,19,0,13,481,187,2,180631.78,23.24,180655.02,True,True,True,26,4,37.5,100.0,
voting-app-pod.yaml,Pod,61,13,13,6,19,0,13,481,187,2,180893.74,22.9,180916.64,True,True,True,26,4,46.43,100.0,
voting-app-pod1.yaml,Pod,61,13,13,6,19,0,13,481,187,2,180824.98,23.51,180848.49,True,True,True,27,5,38.46,100.0,
voting-app-pod10.yaml,Pod,61,13,13,6,19,0,13,481,187,2,180705.33,29.97,180735.3,True,True,True,26,4,37.5,100.0,
voting-app-pod11.yaml,Unknown,SCHEMA_ERROR,,,,,,0,0,0,0,275.68,0.0,275.68,,,,0,0,0.0,0.0,"C:\Users\CAOSD\projects\tool-security-rules\resources\dataset_yamls\original_yamls_10k\voting-app-pod11.yaml - Pod voting-app-pod is invalid: problem validating schema. Check JSON formatting: jsonschema validation failed with 'https://raw.githubusercontent.com/yannh/kubernetes-json-schema/master/master-standalone-strict/pod-v1.json#' - at '/spec/containers': got object, want array | Summary: 1 resource found in 1 file - Valid: 0, Invalid: 1, Errors: 0, Skipped: 0"
voting-app-pod12.yaml,Pod,61,13,13,6,19,0,13,481,187,2,181026.3,22.81,181049.11,True,True,True,26,4,37.5,100.0,
voting-app-pod13.yaml,Pod,61,13,13,6,19,0,13,481,187,2,180648.25,23.19,180671.44,True,True,True,26,5,45.61,100.0,
voting-app-pod14.yaml,Pod,61,13,13,6,19,0,13,481,187,2,180801.04,23.73,180824.77,True,True,True,26,4,37.5,100.0,
voting-app-pod15.yaml,Pod,61,13,13,6,19,0,13,481,187,2,180891.02,22.95,180913.97,True,True,True,28,6,29.17,100.0,
voting-app-pod16.yaml,Pod,61,13,13,6,19,0,13,481,187,2,180707.69,23.36,180731.05,True,True,True,28,7,31.37,100.0,
voting-app-pod17.yaml,Pod,61,13,13,7,20,0,13,481,187,2,180884.43,23.32,180907.75,True,True,True,26,4,37.5,100.0,
voting-app-pod18.yaml,Pod,61,13,13,6,19,0,13,481,187,2,181041.63,23.24,181064.87,True,True,True,26,5,39.22,100.0,
voting-app-pod19.yaml,Pod,61,13,13,6,19,0,13,481,187,2,180931.35,23.2,180954.55,True,True,True,26,4,37.5,100.0,
voting-app-pod20.yaml,Pod,61,13,13,6,19,0,13,481,187,2,181420.46,23.57,181444.03,True,True,True,26,4,37.5,100.0,
voting-app-pod21.yaml,Pod,61,13,13,6,19,0,13,481,187,2,181099.81,23.04,181122.85,True,True,True,26,4,37.5,100.0,
voting-app-pod22.yaml,Pod,61,13,13,6,19,0,14,481,187,2,181187.88,23.97,181211.85,True,True,True,24,2,48.0,100.0,
voting-app-pod23.yaml,Pod,61,13,13,6,19,0,13,481,187,2,182366.52,22.94,182389.46,True,True,True,29,7,25.0,100.0,
voting-app-pod24.yaml,Pod,61,13,13,6,19,0,13,481,187,2,181200.57,23.0,181223.57,True,True,True,26,5,36.73,100.0,
voting-app-pod25.yaml,Pod,61,13,13,6,19,0,13,481,187,2,181050.77,22.57,181073.34,True,True,True,27,6,32.65,100.0,
voting-app-pod26.yaml,Pod,61,13,13,6,19,0,13,481,187,2,181109.44,23.04,181132.48,True,True,True,26,4,37.5,100.0,
voting-app-pod27.yaml,Pod,61,13,13,6,19,0,13,481,187,2,180891.09,23.34,180914.43,True,True,True,27,5,36.0,100.0,
voting-app-pod28.yaml,Pod,61,13,13,6,19,0,13,481,187,2,181095.9,22.89,181118.79,True,True,True,26,4,37.5,100.0,
voting-app-pod29.yaml,Pod,61,13,13,6,19,0,13,481,187,2,180991.87,22.82,181014.69,True,True,True,26,4,37.5,100.0,
voting-app-pod3.yaml,Pod,61,13,13,6,19,0,13,481,187,2,181083.41,22.86,181106.27,True,True,True,26,4,37.5,100.0,
voting-app-pod30.yaml,Pod,61,13,13,6,19,0,13,481,187,2,180984.81,23.01,181007.82,True,True,True,24,2,45.83,100.0,
voting-app-pod31.yaml,Pod,61,13,13,6,19,0,13,481,187,2,181099.78,23.47,181123.25,True,True,True,27,5,36.0,100.0,
voting-app-pod32.yaml,Pod,61,13,13,6,19,0,13,481,187,2,181253.89,23.46,181277.35,True,True,True,26,4,37.5,100.0,
voting-app-pod33.yaml,Pod,61,13,13,6,19,0,13,481,187,2,180996.14,22.99,181019.13,True,True,True,26,4,37.5,100.0,
voting-app-pod34.yaml,Pod,61,13,13,7,20,0,13,481,187,2,181268.7,22.79,181291.49,True,True,True,23,1,50.0,100.0,
voting-app-pod35.yaml,Pod,61,13,13,6,19,0,13,481,187,2,180845.41,22.83,180868.24,True,True,True,26,4,37.5,100.0,
voting-app-pod36.yaml,Pod,61,13,13,6,19,0,13,481,187,2,181002.18,22.92,181025.1,True,True,True,26,4,37.5,100.0,
voting-app-pod37.yaml,Pod,61,13,13,6,19,0,13,481,187,2,181047.85,23.05,181070.9,True,True,True,28,7,38.6,100.0,
voting-app-pod38.yaml,Pod,61,13,13,6,19,0,13,481,187,2,181136.16,22.68,181158.84,True,True,True,27,5,33.33,100.0,
voting-app-pod39.yaml,Pod,61,13,13,6,19,0,13,481,187,2,181436.47,23.14,181459.61,True,True,True,23,1,50.0,100.0,
voting-app-pod4.yaml,Pod,61,13,13,6,19,0,13,481,187,2,181238.65,22.9,181261.55,True,True,True,26,4,37.5,100.0,
voting-app-pod40.yaml,Pod,61,13,13,6,19,0,13,481,187,2,181413.5,22.83,181436.33,True,True,True,26,4,37.5,100.0,
voting-app-pod41.yaml,Pod,61,13,13,6,19,0,13,481,187,2,181259.93,22.85,181282.78,True,True,True,26,4,37.5,100.0,
voting-app-pod42.yaml,Pod,61,13,13,6,19,0,13,481,187,2,181113.49,23.05,181136.54,True,True,True,26,4,37.5,100.0,
voting-app-pod43.yaml,Pod,61,13,13,6,19,0,13,481,187,2,181191.79,22.95,181214.74,True,True,True,26,4,40.0,100.0,
voting-app-pod44.yaml,Pod,61,13,13,6,19,0,13,481,187,2,181234.62,35.26,181269.88,True,True,True,28,6,29.17,100.0,
voting-app-pod45.yaml,Pod,61,13,13,6,19,0,13,481,187,2,181198.32,23.78,181222.1,True,True,True,26,4,37.5,100.0,
voting-app-pod46.yaml,Pod,61,13,13,6,19,0,13,481,187,2,181450.43,23.23,181473.66,True,True,True,26,4,37.5,100.0,
voting-app-pod47.yaml,Pod,61,13,13,6,19,0,13,481,187,2,181217.06,23.65,181240.71,True,True,True,24,2,45.83,100.0,
voting-app-pod48.yaml,Pod,61,13,13,4,17,0,16,481,187,4,181175.81,23.24,181199.05,True,True,True,26,8,34.62,100.0,
voting-app-pod49.yaml,Pod,61,13,13,6,19,0,13,481,187,2,181187.6,22.93,181210.53,True,True,True,28,6,29.17,100.0,
voting-app-pod5.yaml,Pod,61,13,13,6,19,0,13,481,187,2,181118.54,23.37,181141.91,True,True,True,26,4,46.43,100.0,
voting-app-pod50.yaml,Pod,61,13,13,6,19,0,13,481,187,2,181161.13,24.96,181186.09,True,True,True,26,5,36.73,100.0,
voting-app-pod51.yaml,Pod,61,13,13,7,20,0,13,481,187,2,181427.1,22.96,181450.06,True,True,True,26,4,37.5,100.0,
voting-app-pod52.yaml,Pod,61,13,13,6,19,0,13,481,187,2,181161.43,22.81,181184.24,True,True,True,26,4,37.5,100.0,
voting-app-pod53.yaml,Pod,61,13,13,6,19,0,13,481,187,2,181223.4,23.03,181246.43,True,True,True,26,4,37.5,100.0,
voting-app-pod54.yaml,Pod,61,13,13,6,19,0,13,481,187,2,181061.94,23.14,181085.08,True,True,True,26,4,37.5,100.0,
voting-app-pod55.yaml,Pod,61,13,13,6,19,0,13,481,187,2,181074.28,23.15,181097.43,True,True,True,26,4,37.5,100.0,
voting-app-pod56.yaml,Pod,61,13,13,6,19,0,13,481,187,2,183776.26,23.58,183799.84,True,True,True,26,4,37.5,100.0,
voting-app-pod57.yaml,Pod,61,13,13,7,20,0,15,481,187,2,181804.62,23.63,181828.25,True,True,True,26,5,36.73,100.0,
voting-app-pod58.yaml,Pod,61,13,13,6,19,0,13,481,187,2,181449.63,22.89,181472.52,True,True,True,26,4,37.5,100.0,
voting-app-pod59.yaml,Pod,61,13,13,6,19,0,13,481,187,2,181443.01,22.94,181465.95,True,True,True,28,8,33.33,100.0,
voting-app-pod6.yaml,Pod,61,13,13,6,19,0,13,481,187,2,181373.63,23.38,181397.01,True,True,True,27,5,38.46,100.0,
voting-app-pod60.yaml,Pod,61,13,13,4,17,0,16,481,187,4,181241.12,23.45,181264.57,True,True,True,26,8,34.62,100.0,
voting-app-pod61.yaml,Pod,61,13,13,6,19,0,13,481,187,2,181339.71,22.79,181362.5,True,True,True,26,4,37.5,100.0,
voting-app-pod62.yaml,Pod,61,13,13,2,15,0,18,481,187,8,181221.06,23.39,181244.45,True,True,True,26,11,32.73,100.0,
voting-app-pod63.yaml,Pod,61,13,13,6,19,0,13,481,187,2,181449.84,22.83,181472.67,True,True,True,24,2,45.83,100.0,
voting-app-pod64.yaml,Pod,61,13,13,6,19,0,13,481,187,2,181234.64,22.98,181257.62,True,True,True,28,6,29.17,100.0,
voting-app-pod65.yaml,Pod,61,13,13,7,20,0,13,481,187,2,181160.49,22.92,181183.41,True,True,True,26,4,37.5,100.0,
voting-app-pod66.yaml,Pod,61,13,13,6,19,0,13,481,187,2,181305.88,22.8,181328.68,True,True,True,25,3,41.67,100.0,
voting-app-pod67.yaml,Pod,61,13,13,7,20,0,13,481,187,2,181276.24,22.92,181299.16,True,True,True,26,4,37.5,100.0,
voting-app-pod69.yaml,Pod,61,13,13,6,19,0,13,481,187,2,181216.61,22.89,181239.5,True,True,True,26,4,40.0,100.0,
voting-app-pod8.yaml,Pod,61,13,13,6,19,0,13,481,187,2,181202.71,22.98,181225.69,True,True,True,26,4,37.5,100.0,
voting-app-pod9.yaml,Pod,61,13,13,6,19,0,13,481,187,2,181559.33,23.11,181582.44,True,True,True,26,4,37.5,100.0,
voting-app-pods.yaml,Pod,61,13,13,4,17,0,16,481,187,4,181283.4,23.32,181306.72,True,True,True,19,1,61.54,100.0,
voting-app-pods1.yaml,Pod,61,13,13,4,17,0,16,481,187,4,181261.97,23.52,181285.49,True,True,True,19,1,61.54,100.0,
voting-app-service-definition.yaml,Service,6,2,2,0,2,0,15,13,4,1,27966.78,9.69,27976.47,True,True,True,4,4,66.67,100.0,
voting-app-service-lb.yaml,Service,6,2,2,0,2,0,17,13,4,4,28303.39,12.04,28315.43,True,True,True,3,3,80.0,100.0,
voting-app-service.yaml,Service,6,2,2,0,2,0,18,13,4,4,28054.44,12.64,28067.08,True,True,True,2,2,87.5,100.0,
voting-app-service1.yaml,Service,6,2,2,0,2,0,18,13,4,4,28078.0,12.88,28090.88,True,True,True,6,6,73.91,100.0,
voting-app-service10.yaml,Service,6,2,2,0,2,0,18,13,4,4,27934.01,12.68,27946.69,True,True,True,3,3,81.25,100.0,
voting-app-service100.yaml,Service,6,2,2,0,2,0,18,13,4,4,28152.18,12.78,28164.96,True,True,True,2,2,87.5,100.0,
voting-app-service101.yaml,Service,6,2,2,0,2,0,18,13,4,4,27979.1,12.75,27991.85,True,True,True,5,5,68.75,100.0,
voting-app-service102.yaml,Service,6,2,2,0,2,0,18,13,4,4,27956.8,12.88,27969.68,True,True,True,4,4,75.0,100.0,
voting-app-service103.yaml,Service,6,2,2,0,2,0,18,13,4,4,28252.07,12.72,28264.79,True,True,True,5,5,68.75,100.0,
voting-app-service104.yaml,Service,6,2,2,0,2,0,18,13,4,4,27996.05,12.88,28008.93,True,True,True,4,4,75.0,100.0,
voting-app-service105.yaml,Service,6,2,2,0,2,0,18,13,4,4,28222.54,12.84,28235.38,True,True,True,5,5,68.75,100.0,
voting-app-service106.yaml,Service,6,2,2,0,2,0,18,13,4,4,28074.97,12.66,28087.63,True,True,True,5,5,68.75,100.0,
voting-app-service107.yaml,Service,6,2,2,0,2,0,18,13,4,4,28201.86,12.93,28214.79,True,True,True,4,4,75.0,100.0,
voting-app-service108.yaml,Service,6,2,2,0,2,0,18,13,4,4,28010.07,12.66,28022.73,True,True,True,5,5,68.75,100.0,
voting-app-service109.yaml,Service,6,2,2,0,2,0,18,13,4,4,28053.9,12.86,28066.76,True,True,True,5,5,68.75,100.0,
voting-app-service11.yaml,Service,6,2,2,0,2,0,18,13,4,4,28227.03,12.55,28239.58,True,True,True,11,11,31.25,100.0,
voting-app-service110.yaml,Service,6,2,2,0,2,0,15,13,4,1,28006.44,9.73,28016.17,True,True,True,6,6,50.0,100.0,
voting-app-service111.yaml,Service,6,2,2,0,2,0,18,13,4,4,28241.69,12.97,28254.66,True,True,True,5,5,68.75,100.0,
voting-app-service112.yaml,Service,6,2,2,0,2,0,18,13,4,4,28055.09,12.82,28067.91,True,True,True,5,5,68.75,100.0,
voting-app-service113.yaml,Service,6,1,1,0,1,0,21,13,2,2,28467.05,13.65,28480.7,True,True,True,1,3,88.89,100.0,
voting-app-service114.yaml,Service,6,2,2,0,2,0,18,13,4,4,28049.86,12.81,28062.67,True,True,True,5,5,68.75,100.0,
voting-app-service115.yaml,Service,6,2,2,0,2,0,18,13,4,4,27953.14,12.76,27965.9,True,True,True,4,4,75.0,100.0,
voting-app-service116.yaml,Service,6,2,2,0,2,0,18,13,4,4,28198.0,12.79,28210.79,True,True,True,8,10,52.63,100.0,
voting-app-service117.yaml,Service,6,1,1,0,1,0,21,13,2,2,28169.25,13.95,28183.2,True,True,True,1,3,88.89,100.0,
voting-app-service118.yaml,Service,6,2,2,0,2,0,18,13,4,4,28211.94,12.66,28224.6,True,True,True,2,2,87.5,100.0,
voting-app-service119.yaml,Service,6,2,2,0,2,0,18,13,4,4,27948.24,12.71,27960.95,True,True,True,4,4,75.0,100.0,
voting-app-service12.yaml,Unknown,SCHEMA_ERROR,,,,,,0,0,0,0,123.65,0.0,123.65,,,,0,0,0.0,0.0,"C:\Users\CAOSD\projects\tool-security-rules\resources\dataset_yamls\original_yamls_10k\voting-app-service12.yaml - Service voting-service is invalid: problem validating schema. Check JSON formatting: jsonschema validation failed with 'https://raw.githubusercontent.com/yannh/kubernetes-json-schema/master/master-standalone-strict/service-v1.json#' - at '/spec/ports/0': additional properties 'NodePort' not allowed | Summary: 1 resource found in 1 file - Valid: 0, Invalid: 1, Errors: 0, Skipped: 0"
voting-app-service120.yaml,Service,6,2,2,0,2,0,18,13,4,4,28196.56,12.6,28209.16,True,True,True,4,4,77.78,100.0,
voting-app-service121.yaml,Service,6,2,2,0,2,0,18,13,4,4,27959.13,12.55,27971.68,True,True,True,5,5,68.75,100.0,
voting-app-service122.yaml,Service,6,2,2,0,2,0,18,13,4,4,28254.95,12.53,28267.48,True,True,True,5,5,68.75,100.0,
voting-app-service123.yaml,Service,6,2,2,0,2,0,18,13,4,4,27945.91,12.56,27958.47,True,True,True,3,3,81.25,100.0,
voting-app-service124.yaml,Service,6,2,2,0,2,0,18,13,4,4,27913.36,12.82,27926.18,True,True,True,4,4,75.0,100.0,
voting-app-service125.yaml,Service,6,2,2,0,2,0,18,13,4,4,28263.37,12.63,28276.0,True,True,True,4,4,76.47,100.0,
voting-app-service127.yaml,Service,6,2,2,0,2,0,18,13,4,4,27949.16,12.58,27961.74,True,True,True,4,4,75.0,100.0,
voting-app-service13.yaml,Service,6,2,2,0,2,0,18,13,4,4,28235.75,12.6,28248.35,True,True,True,4,4,75.0,100.0,
voting-app-service14.yaml,Service,6,2,2,0,2,0,18,13,4,4,27963.75,12.85,27976.6,True,True,True,2,2,87.5,100.0,
voting-app-service15.yaml,Service,6,2,2,0,2,0,18,13,4,4,28273.66,12.85,28286.51,True,True,True,6,6,73.91,100.0,
voting-app-service16.yaml,Service,6,2,2,0,2,0,17,13,4,4,27969.41,11.91,27981.32,True,True,True,3,3,80.0,100.0,
voting-app-service17.yaml,Service,6,2,2,0,2,0,18,13,4,4,28009.04,13.15,28022.19,True,True,True,2,3,84.85,100.0,
voting-app-service18.yaml,Service,6,2,2,0,2,0,18,13,4,4,28219.43,12.75,28232.18,True,True,True,2,2,87.5,100.0,
voting-app-service19.yaml,Service,6,2,2,0,2,0,18,13,4,4,28005.91,12.66,28018.57,True,True,True,3,4,78.79,100.0,
voting-app-service2.yaml,Service,6,2,2,0,2,0,17,13,4,4,28229.79,11.87,28241.66,True,True,True,3,3,80.0,100.0,
voting-app-service20.yaml,Service,6,2,2,0,2,0,18,13,4,4,27997.12,12.96,28010.08,True,True,True,5,5,68.75,100.0,
voting-app-service21.yaml,Service,6,2,2,0,2,0,18,13,4,4,28296.75,12.69,28309.44,True,True,True,5,5,68.75,100.0,
voting-app-service22.yaml,Service,6,2,2,0,2,0,17,13,4,1,28034.58,10.52,28045.1,True,True,True,5,5,64.29,100.0,
voting-app-service23.yaml,Service,6,2,2,0,2,0,18,13,4,4,28245.6,12.54,28258.14,True,True,True,3,3,81.25,100.0,
voting-app-service24.yaml,Service,6,2,2,0,2,0,18,13,4,4,27984.04,12.83,27996.87,True,True,True,2,3,84.85,100.0,
voting-app-service25.yaml,Service,6,2,2,0,2,0,18,13,4,4,28028.45,12.73,28041.18,True,True,True,11,11,31.25,100.0,
voting-app-service26.yaml,Unknown,SCHEMA_ERROR,,,,,,0,0,0,0,118.0,0.0,118.0,,,,0,0,0.0,0.0,"C:\Users\CAOSD\projects\tool-security-rules\resources\dataset_yamls\original_yamls_10k\voting-app-service26.yaml - Service voting-service is invalid: problem validating schema. Check JSON formatting: jsonschema validation failed with 'https://raw.githubusercontent.com/yannh/kubernetes-json-schema/master/master-standalone-strict/service-v1.json#' - at '/spec/ports/0': additional properties 'NodePort' not allowed | Summary: 1 resource found in 1 file - Valid: 0, Invalid: 1, Errors: 0, Skipped: 0"
voting-app-service27.yaml,Service,6,2,2,0,2,0,18,13,4,4,28270.13,12.58,28282.71,True,True,True,4,4,75.0,100.0,
voting-app-service28.yaml,Service,6,2,2,0,2,0,18,13,4,4,28022.11,12.76,28034.87,True,True,True,2,3,84.85,100.0,
voting-app-service29.yaml,Service,6,2,2,0,2,0,18,13,4,4,28242.21,12.65,28254.86,True,True,True,2,2,87.5,100.0,
voting-app-service3.yaml,Service,6,2,2,0,2,0,18,13,4,4,27917.11,12.58,27929.69,True,True,True,2,3,84.85,100.0,
voting-app-service30.yaml,Unknown,SCHEMA_ERROR,,,,,,0,0,0,0,125.05,0.0,125.05,,,,0,0,0.0,0.0,"C:\Users\CAOSD\projects\tool-security-rules\resources\dataset_yamls\original_yamls_10k\voting-app-service30.yaml - Service voting-service is invalid: problem validating schema. Check JSON formatting: jsonschema validation failed with 'https://raw.githubusercontent.com/yannh/kubernetes-json-schema/master/master-standalone-strict/service-v1.json#' - at '/spec/ports/0': additional properties 'NodePort' not allowed | Summary: 1 resource found in 1 file - Valid: 0, Invalid: 1, Errors: 0, Skipped: 0"
voting-app-service31.yaml,Service,6,2,2,0,2,0,18,13,4,4,28320.35,12.83,28333.18,True,True,True,8,8,50.0,100.0,
voting-app-service32.yaml,Unknown,SCHEMA_ERROR,,,,,,0,0,0,0,124.29,0.0,124.29,,,,0,0,0.0,0.0,"C:\Users\CAOSD\projects\tool-security-rules\resources\dataset_yamls\original_yamls_10k\voting-app-service32.yaml - Service voting-service is invalid: problem validating schema. Check JSON formatting: jsonschema validation failed with 'https://raw.githubusercontent.com/yannh/kubernetes-json-schema/master/master-standalone-strict/service-v1.json#' - at '/spec/ports/0': additional properties 'NodePort' not allowed | Summary: 1 resource found in 1 file - Valid: 0, Invalid: 1, Errors: 0, Skipped: 0"
voting-app-service33.yaml,Service,6,2,2,0,2,0,18,13,4,4,27915.93,12.84,27928.77,True,True,True,5,5,73.68,100.0,
voting-app-service34.yaml,Unknown,SCHEMA_ERROR,,,,,,0,0,0,0,7005.58,0.0,7005.58,,,,0,0,0.0,0.0,Timeout_Exceeded
voting-app-service35.yaml,Unknown,SCHEMA_ERROR,,,,,,0,0,0,0,7017.35,0.0,7017.35,,,,0,0,0.0,0.0,Timeout_Exceeded
voting-app-service36.yaml,Unknown,SCHEMA_ERROR,,,,,,0,0,0,0,7007.57,0.0,7007.57,,,,0,0,0.0,0.0,Timeout_Exceeded
voting-app-service37.yaml,Unknown,SCHEMA_ERROR,,,,,,0,0,0,0,7019.99,0.0,7019.99,,,,0,0,0.0,0.0,Timeout_Exceeded
voting-app-service39.yaml,Service,6,2,2,0,2,0,18,13,4,4,27841.16,12.94,27854.1,True,True,True,2,3,84.85,100.0,
voting-app-service4.yaml,Service,6,2,2,0,2,0,18,13,4,4,28176.09,12.73,28188.82,True,True,True,2,2,87.5,100.0,
voting-app-service40.yaml,Service,6,2,2,0,2,0,18,13,4,4,27944.63,13.1,27957.73,True,True,True,6,6,62.5,100.0,
voting-app-service41.yaml,Service,6,2,2,0,2,0,18,13,4,4,28236.71,12.67,28249.38,True,True,True,6,6,62.5,100.0,
voting-app-service43.yaml,Service,6,2,2,0,2,0,18,13,4,4,27973.01,12.73,27985.74,True,True,True,8,10,50.0,100.0,
voting-app-service44.yaml,Service,6,2,2,0,2,0,18,13,4,4,28220.42,12.91,28233.33,True,True,True,3,3,81.25,100.0,
voting-app-service45.yaml,Service,6,2,2,0,2,0,18,13,4,4,28007.36,12.86,28020.22,True,True,True,2,3,84.85,100.0,
voting-app-service46.yaml,Service,6,2,2,0,2,0,18,13,4,4,27974.05,12.88,27986.93,True,True,True,6,6,62.5,100.0,
voting-app-service47.yaml,Service,6,2,2,0,2,0,18,13,4,4,28239.41,12.67,28252.08,True,True,True,2,3,84.85,100.0,
voting-app-service48.yaml,Service,6,2,2,0,2,0,18,13,4,4,28020.97,12.52,28033.49,True,True,True,5,5,68.75,100.0,
voting-app-service49.yaml,Service,6,2,2,0,2,0,18,13,4,4,28233.3,12.79,28246.09,True,True,True,3,3,81.25,100.0,
voting-app-service5.yaml,Service,6,2,2,0,2,0,18,13,4,4,27876.09,12.79,27888.88,True,True,True,3,4,78.79,100.0,
voting-app-service50.yaml,Service,6,2,2,0,2,0,19,13,4,4,28237.51,13.55,28251.06,True,True,True,5,5,70.59,100.0,
voting-app-service51.yaml,Service,6,2,2,0,2,0,18,13,4,4,27990.14,12.62,28002.76,True,True,True,11,11,31.25,100.0,
voting-app-service52.yaml,Service,6,2,2,0,2,0,18,13,4,4,27936.74,12.77,27949.51,True,True,True,5,5,68.75,100.0,
voting-app-service53.yaml,Service,6,2,2,0,2,0,18,13,4,4,28233.78,12.79,28246.57,True,True,True,6,6,62.5,100.0,
voting-app-service54.yaml,Service,6,2,2,0,2,0,18,13,4,4,27943.42,12.69,27956.11,True,True,True,6,6,62.5,100.0,
voting-app-service55.yaml,Service,6,2,2,0,2,0,18,13,4,4,28281.86,12.69,28294.55,True,True,True,5,5,68.75,100.0,
voting-app-service56.yaml,Service,6,2,2,0,2,0,18,13,4,4,28034.61,12.71,28047.32,True,True,True,3,4,78.79,100.0,
voting-app-service57.yaml,Service,6,1,1,0,1,0,21,13,2,2,28469.34,13.75,28483.09,True,True,True,1,3,88.89,100.0,
voting-app-service58.yaml,Service,6,1,1,0,1,0,21,13,2,2,28285.83,13.82,28299.65,True,True,True,1,3,88.89,100.0,
voting-app-service59.yaml,Service,6,2,2,0,2,0,18,13,4,4,28286.51,12.88,28299.39,True,True,True,5,5,68.75,100.0,
voting-app-service6.yaml,Service,6,2,2,0,2,0,18,13,4,4,27968.39,12.74,27981.13,True,True,True,5,5,68.75,100.0,
voting-app-service60.yaml,Service,6,2,2,0,2,0,18,13,4,4,28008.22,12.65,28020.87,True,True,True,5,5,68.75,100.0,
voting-app-service61.yaml,Service,6,2,2,0,2,0,18,13,4,4,28335.05,12.64,28347.69,True,True,True,5,5,68.75,100.0,
voting-app-service62.yaml,Service,6,2,2,0,2,0,18,13,4,4,27976.75,12.62,27989.37,True,True,True,2,3,84.85,100.0,
voting-app-service63.yaml,Service,6,2,2,0,2,0,19,13,4,1,28225.85,11.94,28237.79,True,True,True,2,3,83.87,100.0,
voting-app-service64.yaml,Service,6,2,2,0,2,0,18,13,4,4,28031.43,12.9,28044.33,True,True,True,2,2,87.5,100.0,
voting-app-service65.yaml,Service,6,2,2,0,2,0,18,13,4,4,28283.78,12.7,28296.48,True,True,True,4,4,75.0,100.0,
voting-app-service66.yaml,Service,6,2,2,0,2,0,18,13,4,4,27882.97,12.85,27895.82,True,True,True,5,5,68.75,100.0,
voting-app-service67.yaml,Service,6,2,2,0,2,0,17,13,4,4,28001.1,12.03,28013.13,True,True,True,3,3,80.0,100.0,
voting-app-service68.yaml,Service,6,2,2,0,2,0,18,13,4,4,28267.35,12.66,28280.01,True,True,True,4,4,76.47,100.0,
voting-app-service69.yaml,Service,6,2,2,0,2,0,18,13,4,4,27929.1,12.82,27941.92,True,True,True,4,4,76.47,100.0,
voting-app-service7.yaml,Service,6,2,2,0,2,0,18,13,4,4,28196.82,12.79,28209.61,True,True,True,5,5,68.75,100.0,
voting-app-service70.yaml,Service,6,2,2,0,2,0,18,13,4,4,28043.52,12.73,28056.25,True,True,True,2,3,84.85,100.0,
voting-app-service71.yaml,Service,6,2,2,0,2,0,18,13,4,4,28188.06,12.65,28200.71,True,True,True,3,3,81.25,100.0,
voting-app-service72.yaml,Service,6,2,2,0,2,0,18,13,4,4,27931.01,12.7,27943.71,True,True,True,2,2,87.5,100.0,
voting-app-service73.yaml,Service,6,2,2,0,2,0,18,13,4,4,28227.41,12.75,28240.16,True,True,True,4,4,75.0,100.0,
voting-app-service74.yaml,Service,6,2,2,0,2,0,18,13,4,4,27900.46,12.81,27913.27,True,True,True,6,6,64.71,100.0,
voting-app-service75.yaml,Service,6,2,2,0,2,0,17,13,4,4,27998.86,12.08,28010.94,True,True,True,3,3,80.0,100.0,
voting-app-service76.yaml,Service,6,2,2,0,2,0,18,13,4,4,28253.26,12.77,28266.03,True,True,True,4,4,75.0,100.0,
voting-app-service77.yaml,Service,6,2,2,0,2,0,18,13,4,4,27997.93,12.75,28010.68,True,True,True,5,5,68.75,100.0,
voting-app-service78.yaml,Service,6,2,2,0,2,0,18,13,4,4,28235.82,12.66,28248.48,True,True,True,2,3,84.85,100.0,
voting-app-service79.yaml,Service,6,2,2,0,2,0,18,13,4,4,27992.51,12.65,28005.16,True,True,True,2,3,84.85,100.0,
voting-app-service8.yaml,Service,6,2,2,0,2,0,17,13,4,1,28212.31,10.43,28222.74,True,True,True,5,5,64.29,100.0,
voting-app-service80.yaml,Service,6,2,2,0,2,0,18,13,4,4,27984.14,12.95,27997.09,True,True,True,6,6,70.0,100.0,
voting-app-service81.yaml,Service,6,2,2,0,2,0,18,13,4,4,28273.86,12.59,28286.45,True,True,True,4,5,74.29,100.0,
voting-app-service82.yaml,Service,6,2,2,0,2,0,17,13,4,4,27903.68,11.94,27915.62,True,True,True,2,3,83.87,100.0,
voting-app-service83.yaml,Service,6,2,2,0,2,0,17,13,4,4,27936.6,11.84,27948.44,True,True,True,3,3,80.0,100.0,
voting-app-service84.yaml,Service,6,2,2,0,2,0,17,13,4,1,28277.18,10.61,28287.79,True,True,True,2,2,84.62,100.0,
voting-app-service85.yaml,Service,6,1,1,0,1,0,21,13,2,2,28270.59,13.49,28284.08,True,True,True,1,3,88.89,100.0,
voting-app-service86.yaml,Service,6,1,1,0,1,0,21,13,2,2,28444.85,13.66,28458.51,True,True,True,1,3,88.89,100.0,
voting-app-service87.yaml,Service,6,2,2,0,2,0,18,13,4,4,28002.29,12.63,28014.92,True,True,True,5,5,68.75,100.0,
voting-app-service88.yaml,Service,6,2,2,0,2,0,18,13,4,4,28152.72,12.58,28165.3,True,True,True,2,2,88.89,100.0,
voting-app-service89.yaml,Service,6,2,2,0,2,0,18,13,4,4,27938.38,12.78,27951.16,True,True,True,5,5,68.75,100.0,
voting-app-service9.yaml,Service,6,2,2,0,2,0,18,13,4,4,28078.59,12.97,28091.56,True,True,True,2,3,84.85,100.0,
voting-app-service90.yaml,Service,6,2,2,0,2,0,18,13,4,4,28177.89,12.65,28190.54,True,True,True,3,3,82.35,100.0,
voting-app-service91.yaml,Service,6,2,2,0,2,0,18,13,4,4,27969.4,12.78,27982.18,True,True,True,3,3,81.25,100.0,
voting-app-service92.yaml,Service,6,2,2,0,2,0,18,13,4,4,28226.42,12.88,28239.3,True,True,True,4,4,75.0,100.0,
voting-app-service93.yaml,Service,6,2,2,0,2,0,18,13,4,4,28003.38,12.7,28016.08,True,True,True,2,3,84.85,100.0,
voting-app-service94.yaml,Service,6,2,2,0,2,0,18,13,4,4,28209.89,22.01,28231.9,True,True,True,3,3,81.25,100.0,
voting-app-service95.yaml,Service,6,2,2,0,2,0,18,13,4,4,27987.2,12.8,28000.0,True,True,True,5,5,68.75,100.0,
voting-app-service96.yaml,Service,6,2,2,0,2,0,17,13,4,4,28218.05,12.1,28230.15,True,True,True,4,4,73.33,100.0,
voting-app-service97.yaml,Service,6,2,2,0,2,0,18,13,4,4,27964.11,12.72,27976.83,True,True,True,3,3,81.25,100.0,
voting-app-service98.yaml,Service,6,2,2,0,2,0,18,13,4,4,27980.62,12.61,27993.23,True,True,True,3,3,81.25,100.0,
voting-app-service99.yaml,Service,6,2,2,0,2,0,18,13,4,4,28208.95,12.64,28221.59,True,True,True,2,2,87.5,100.0,
voting-app.yaml,Pod,61,13,13,6,19,0,13,481,187,2,181152.88,22.81,181175.69,True,True,True,26,5,39.22,100.0,
voting-app1.yaml,Deployment,31,8,8,4,12,0,25,422,178,1,99203.25,25.77,99229.02,True,True,True,16,1,71.19,100.0,
voting-app2.yaml,Deployment,31,7,7,5,12,0,24,422,176,2,99315.71,27.48,99343.19,True,True,True,16,1,73.02,100.0,
voting-demo-pod.yaml,Pod,61,13,13,6,19,0,13,481,187,2,181281.62,22.86,181304.48,True,True,True,26,4,37.5,100.0,
voting-deploy.yaml,Deployment,31,8,8,4,12,0,25,422,178,8,102541.41,28.11,102569.52,True,True,True,24,9,49.23,100.0,
voting-deploy1.yaml,Deployment,31,8,8,4,12,0,25,422,178,8,99437.33,28.15,99465.48,True,True,True,20,6,60.61,100.0,
voting-deploy2.yaml,Unknown,SCHEMA_ERROR,,,,,,0,0,0,0,273.38,0.0,273.38,,,,0,0,0.0,0.0,"C:\Users\CAOSD\projects\tool-security-rules\resources\dataset_yamls\original_yamls_10k\voting-deploy2.yaml - Deployment voting-app-deploy is invalid: problem validating schema. Check JSON formatting: jsonschema validation failed with 'https://raw.githubusercontent.com/yannh/kubernetes-json-schema/master/master-standalone-strict/deployment-apps-v1.json#' - at '': missing property 'spec' - at '': additional properties 'specs' not allowed | Summary: 1 resource found in 1 file - Valid: 0, Invalid: 1, Errors: 0, Skipped: 0"
voting-deployment.yaml,Deployment,31,8,8,5,13,0,26,422,178,8,99146.79,29.01,99175.8,True,True,True,21,6,60.87,100.0,
voting-deployment1.yaml,Deployment,31,8,8,5,13,0,26,422,178,8,99190.77,29.25,99220.02,True,True,True,21,6,60.87,100.0,
voting-pod.yaml,Pod,61,13,13,6,19,0,13,481,187,2,181270.58,22.98,181293.56,True,True,True,26,4,37.5,100.0,
voting-result-deployment.yaml,Deployment,31,8,8,4,12,0,24,422,178,1,100907.6,24.93,100932.53,True,True,True,16,1,70.18,100.0,
voting-result-deployment1.yaml,Deployment,31,8,8,4,12,0,24,422,178,1,99166.05,25.28,99191.33,True,True,True,16,1,70.18,100.0,
voting-result-service.yaml,Service,6,2,2,0,2,0,17,13,4,1,28217.82,10.54,28228.36,True,True,True,5,5,64.29,100.0,
voting-result-service1.yaml,Service,6,2,2,0,2,0,17,13,4,1,28070.64,10.62,28081.26,True,True,True,5,5,64.29,100.0,
voting-service.yaml,Service,6,2,2,0,2,0,18,13,4,4,28251.49,13.6,28265.09,True,True,True,5,5,68.75,100.0,
voting-service1.yaml,Service,6,2,2,0,2,0,19,13,4,4,27971.83,13.4,27985.23,True,True,True,5,5,70.59,100.0,
voting-service2.yaml,Service,6,2,2,0,2,0,18,13,4,4,28188.71,12.74,28201.45,True,True,True,5,5,68.75,100.0,
voting-service3.yaml,Service,6,2,2,0,2,0,19,13,4,4,27939.23,13.5,27952.73,True,True,True,5,5,70.59,100.0,
voting-service4.yaml,Service,6,2,2,0,2,0,17,13,4,4,27945.75,12.01,27957.76,True,True,True,6,6,60.0,100.0,
voting-service5.yaml,Service,6,2,2,0,2,0,18,13,4,4,28336.15,12.81,28348.96,True,True,True,4,4,75.0,100.0,
voting-service6.yaml,Service,6,2,2,0,2,0,18,13,4,4,27952.2,12.7,27964.9,True,True,True,4,4,75.0,100.0,
voting-service7.yaml,Service,6,2,2,0,2,0,19,13,4,1,28200.33,12.23,28212.56,True,True,True,2,2,86.67,100.0,
voting-service8.yaml,Service,6,2,2,0,2,0,16,13,4,1,27933.53,9.71,27943.24,True,True,True,4,4,66.67,100.0,
voting-service9.yaml,Service,6,2,2,0,2,0,18,13,4,4,28314.8,13.03,28327.83,True,True,True,4,4,75.0,100.0,
votingapp-deploy.yaml,Deployment,31,8,8,4,12,0,25,422,178,4,99162.07,27.3,99189.37,True,True,True,16,1,73.02,100.0,
votingapp-deployment.yaml,Deployment,31,7,7,4,11,0,25,422,176,8,99418.29,28.49,99446.78,True,True,True,19,4,64.62,100.0,
votingapp-pod-definition.yaml,Pod,61,13,13,6,19,0,13,481,187,2,181198.65,23.22,181221.87,True,True,True,26,4,37.5,100.0,
votingapp-pod.yaml,Pod,61,13,13,4,17,0,16,481,187,4,181243.99,23.72,181267.71,True,True,True,26,10,35.71,100.0,
votingapp-service.yaml,Service,6,2,2,0,2,0,18,13,4,4,28006.05,12.79,28018.84,True,True,True,4,4,75.0,100.0,
votingapppod.yaml,Pod,61,13,13,6,19,0,13,481,187,2,181458.94,23.24,181482.18,True,True,True,23,1,50.0,100.0,
votingappresult-deployment.yaml,Deployment,31,7,7,4,11,0,25,422,176,8,99390.79,28.05,99418.84,True,True,True,19,4,64.62,100.0,
votingappresult-pod.yaml,Pod,61,13,13,4,17,0,16,481,187,4,181353.41,23.34,181376.75,True,True,True,26,9,33.96,100.0,
votingappresult-service.yaml,Service,6,2,2,0,2,0,18,13,4,4,28002.18,12.8,28014.98,True,True,True,4,4,75.0,100.0,
voting_app_pod.yaml,Pod,61,13,13,6,19,0,13,481,187,2,181118.97,22.88,181141.85,True,True,True,26,5,36.73,100.0,
vouch-proxy.yaml,Unknown,SCHEMA_ERROR,,,,,,0,0,0,0,485.51,0.0,485.51,,,,0,0,0.0,0.0,"C:\Users\CAOSD\projects\tool-security-rules\resources\dataset_yamls\original_yamls_10k\vouch-proxy.yaml - Deployment vouch-proxy is invalid: problem validating schema. Check JSON formatting: jsonschema validation failed with 'https://raw.githubusercontent.com/yannh/kubernetes-json-schema/master/master-standalone-strict/deployment-apps-v1.json#' - at '/spec/template/spec/containers/0/env/0/value': got boolean, want null or string | Summary: 1 resource found in 1 file - Valid: 0, Invalid: 1, Errors: 0, Skipped: 0"
vouch-proxy_1.yaml,Service,6,1,1,0,1,0,19,13,2,1,28452.02,12.11,28464.13,True,True,True,1,1,93.33,100.0,
vouch-proxy_2.yaml,Ingress,3,0,0,0,0,0,22,4,0,1,7192.82,0.0,7192.82,True,True,True,0,0,100.0,
vouch-proxy_3.yaml,Ingress,3,1,1,0,1,0,21,4,2,2,14010.17,18.08,14028.25,True,True,True,4,0,91.3,100.0,
vp-rabbitmq.yaml,Deployment,31,8,8,5,13,0,31,422,178,2,99153.77,32.41,99186.18,True,True,True,31,16,37.33,100.0,
vpa-admission-controller.patch.yaml,Unknown,SCHEMA_ERROR,,,,,,0,0,0,0,267.36,0.0,267.36,,,,0,0,0.0,0.0,"C:\Users\CAOSD\projects\tool-security-rules\resources\dataset_yamls\original_yamls_10k\vpa-admission-controller.patch.yaml - Deployment vpa-admission-controller is invalid: problem validating schema. Check JSON formatting: jsonschema validation failed with 'https://raw.githubusercontent.com/yannh/kubernetes-json-schema/master/master-standalone-strict/deployment-apps-v1.json#' - at '/spec': missing property 'selector' | Summary: 1 resource found in 1 file - Valid: 0, Invalid: 1, Errors: 0, Skipped: 0"
vpa-auto-deployment_1.yaml,Deployment,31,7,7,2,9,0,30,422,176,4,99463.66,30.87,99494.53,True,True,True,11,0,84.06,100.0,
vpa-off-deployment_1.yaml,Deployment,31,7,7,2,9,0,30,422,176,4,99572.83,26.08,99598.91,True,True,True,11,0,84.06,100.0,
vpa-rbac_10.yaml,ClusterRoleBinding,4,0,0,0,0,0,13,12,0,3,7155.02,0.0,7155.02,True,True,True,0,0,100.0,
vpa-rbac_11.yaml,ClusterRoleBinding,4,0,0,0,0,0,13,12,0,1,7413.84,0.0,7413.84,True,True,True,0,0,100.0,
vpa-rbac_12.yaml,ServiceAccount,3,0,0,0,0,0,5,7,0,1,7146.32,0.0,7146.32,True,True,True,0,0,100.0,
vpa-rbac_13.yaml,ServiceAccount,3,0,0,0,0,0,5,7,0,1,7172.0,0.0,7172.0,True,True,True,0,0,100.0,
vpa-rbac_14.yaml,ServiceAccount,3,0,0,0,0,0,5,7,0,1,7414.56,0.0,7414.56,True,True,True,0,0,100.0,
vpa-rbac_16.yaml,ClusterRoleBinding,4,0,0,0,0,0,13,12,0,1,7143.3,0.0,7143.3,True,True,True,0,0,100.0,
vpa-rbac_18.yaml,ClusterRoleBinding,4,0,0,0,0,0,13,12,0,1,7184.37,0.0,7184.37,True,True,True,0,0,100.0,
vpa-rbac_20.yaml,RoleBinding,4,0,0,0,0,0,14,12,0,1,7407.69,0.0,7407.69,True,True,True,0,0,100.0,
vpa-rbac_22.yaml,RoleBinding,4,0,0,0,0,0,14,12,0,1,7171.41,0.0,7171.41,True,True,True,0,0,100.0,
vpa-rbac_5.yaml,ClusterRoleBinding,4,0,0,0,0,0,13,12,0,1,7176.25,0.0,7176.25,True,True,True,0,0,100.0,
vpa-rbac_6.yaml,ClusterRoleBinding,4,0,0,0,0,0,13,12,0,2,7442.08,0.0,7442.08,True,True,True,0,0,100.0,
vpa-rbac_7.yaml,ClusterRoleBinding,4,0,0,0,0,0,13,12,0,1,7215.29,0.0,7215.29,True,True,True,0,0,100.0,
vpa-rbac_8.yaml,ClusterRoleBinding,4,0,0,0,0,0,13,12,0,1,7406.73,0.0,7406.73,True,True,True,0,0,100.0,
VPA34_1.yaml,Deployment,31,8,8,1,9,0,38,422,178,8,99038.09,29.93,99068.02,True,True,True,11,12,75.27,100.0,
vpn-deploy.yaml,StatefulSet,31,7,7,5,12,0,39,424,176,2,99040.04,33.06,99073.1,True,True,True,24,8,68.0,100.0,
vpn-pvc.yaml,PersistentVolumeClaim,2,1,1,0,1,0,11,7,3,1,13646.08,8.64,13654.72,True,True,True,2,2,81.82,100.0,
vpn-routed-pod1.yaml,Deployment,31,8,8,5,13,0,27,422,178,3,98637.41,25.81,98663.22,True,True,True,17,3,66.67,100.0,
vpn-service.yaml,Service,6,2,2,0,2,0,18,13,4,1,28134.23,11.41,28145.64,True,True,True,3,3,78.57,100.0,
vpr-mem.yaml,Deployment,31,8,8,5,13,0,25,422,178,1,98726.46,25.96,98752.42,True,True,True,23,8,47.46,100.0,
vpro-init-mc.yaml,Job,31,7,7,6,13,1,14,420,176,3,95350.88,18.94,95369.82,False,True,True,16,1,56.41,100.0,
vpro-init-mydb.yaml,Job,31,7,7,6,13,1,14,420,176,3,95476.12,18.96,95495.08,False,True,True,16,1,56.41,100.0,
vproapp-CIP.yaml,Service,6,2,2,0,2,0,16,13,4,1,27743.69,10.27,27753.96,True,True,True,5,6,56.0,100.0,
vproapp-dep.yaml,Deployment,31,8,8,5,13,0,29,422,178,6,99084.42,39.91,99124.33,True,True,True,43,11,38.64,100.0,
vproapp-nodeport.yaml,Service,6,2,2,0,2,0,17,13,4,1,27880.66,10.43,27891.09,True,True,True,4,4,69.23,100.0,
vproapp-nodeport1.yaml,Service,6,2,2,0,2,0,17,13,4,1,28636.4,10.49,28646.89,True,True,True,3,4,74.07,100.0,
vproapp-nodeport2.yaml,Service,6,2,2,0,2,0,17,13,4,1,29525.89,10.59,29536.48,True,True,True,4,4,69.23,100.0,
vproapp-nodeport3.yaml,Service,6,2,2,0,2,0,17,13,4,1,28436.41,10.51,28446.92,True,True,True,2,2,84.62,100.0,
vproapp-nodeport4.yaml,Service,6,2,2,0,2,0,17,13,4,1,27899.33,10.56,27909.89,True,True,True,4,4,69.23,100.0,
vproapp-repl-controller.yaml,ReplicationController,25,7,7,0,7,0,20,420,176,1,95414.89,19.07,95433.96,True,True,True,13,6,59.57,100.0,
vproapp-repl-controller1.yaml,ReplicationController,25,7,7,0,7,0,20,420,176,1,95253.81,19.01,95272.82,True,True,True,13,6,59.57,100.0,
vproapp-repl-controller2.yaml,ReplicationController,25,7,7,0,7,0,20,420,176,1,95455.32,19.2,95474.52,True,True,True,13,6,59.57,100.0,
vproapp-service.yaml,Service,6,2,2,0,2,0,17,13,4,1,27859.48,10.48,27869.96,True,True,True,5,5,61.54,100.0,
vproapp-service1.yaml,Service,6,2,2,0,2,0,17,13,4,1,28056.49,10.47,28066.96,True,True,True,5,5,61.54,100.0,
vproapp-service10.yaml,Service,6,2,2,0,2,0,16,13,4,1,27904.95,9.82,27914.77,True,True,True,4,4,66.67,100.0,
vproapp-service11.yaml,Service,6,2,2,0,2,0,16,13,4,1,27844.7,9.8,27854.5,True,True,True,4,4,66.67,100.0,
vproapp-service12.yaml,Service,6,2,2,0,2,0,16,13,4,1,28119.13,9.68,28128.81,True,True,True,4,4,66.67,100.0,
vproapp-service13.yaml,Service,6,2,2,0,2,0,16,13,4,1,27772.67,9.75,27782.42,True,True,True,4,4,66.67,100.0,
vproapp-service14.yaml,Service,6,2,2,0,2,0,16,13,4,1,28046.18,9.97,28056.15,True,True,True,2,2,84.62,100.0,
vproapp-service15.yaml,Service,6,2,2,0,2,0,16,13,4,1,27909.96,9.78,27919.74,True,True,True,4,4,66.67,100.0,
vproapp-service16.yaml,Service,6,2,2,0,2,0,16,13,4,1,28055.92,9.73,28065.65,True,True,True,4,4,66.67,100.0,
vproapp-service17.yaml,Service,6,2,2,0,2,0,16,13,4,1,28192.29,9.87,28202.16,True,True,True,2,2,83.33,100.0,
vproapp-service18.yaml,Service,6,2,2,0,2,0,16,13,4,1,28130.73,9.73,28140.46,True,True,True,4,4,66.67,100.0,
vproapp-service19.yaml,Service,6,2,2,0,2,0,16,13,4,1,27912.06,9.97,27922.03,True,True,True,2,2,83.33,100.0,
vproapp-service2.yaml,Service,6,2,2,0,2,0,16,13,4,1,27870.34,9.7,27880.04,True,True,True,4,4,66.67,100.0,
vproapp-service20.yaml,Service,6,1,1,0,1,0,14,13,2,2,28390.26,9.83,28400.09,True,True,True,1,1,91.67,100.0,
vproapp-service21.yaml,Service,6,2,2,0,2,0,16,13,4,1,27884.05,9.84,27893.89,True,True,True,2,2,83.33,100.0,
vproapp-service22.yaml,Service,6,2,2,0,2,0,16,13,4,1,28079.57,9.89,28089.46,True,True,True,4,4,66.67,100.0,
vproapp-service3.yaml,Service,6,2,2,0,2,0,16,13,4,1,27834.25,9.88,27844.13,True,True,True,4,4,66.67,100.0,
vproapp-service4.yaml,Service,6,2,2,0,2,0,16,13,4,1,28085.01,9.88,28094.89,True,True,True,4,4,66.67,100.0,
vproapp-service5.yaml,Service,6,2,2,0,2,0,16,13,4,1,27910.83,9.87,27920.7,True,True,True,2,2,83.33,100.0,
vproapp-service6.yaml,Service,6,2,2,0,2,0,16,13,4,1,27816.93,9.88,27826.81,True,True,True,2,2,83.33,100.0,
vproapp-service7.yaml,Service,6,2,2,0,2,0,16,13,4,1,28161.09,9.78,28170.87,True,True,True,4,4,66.67,100.0,
vproapp-service8.yaml,Service,6,2,2,0,2,0,16,13,4,1,27778.29,9.94,27788.23,True,True,True,2,2,83.33,100.0,
vproapp-service9.yaml,Service,6,2,2,0,2,0,16,13,4,1,28121.33,9.81,28131.14,True,True,True,4,4,66.67,100.0,
vproapp-svc.yaml,Service,6,2,2,0,2,0,16,13,4,1,27805.91,9.81,27815.72,True,True,True,2,2,83.33,100.0,
vproapp-svc1.yaml,Service,6,2,2,0,2,0,16,13,4,1,28103.13,10.12,28113.25,True,True,True,4,4,66.67,100.0,
vproapp-svc2.yaml,Service,6,2,2,0,2,0,16,13,4,1,27825.55,9.77,27835.32,True,True,True,4,4,66.67,100.0,
vproappdep.yaml,Deployment,31,8,8,3,11,0,33,422,178,12,98840.39,41.35,98881.74,True,True,True,43,26,33.01,100.0,
vproappdep1.yaml,Deployment,31,8,8,3,11,0,33,422,178,12,98827.51,39.16,98866.67,True,True,True,43,26,33.01,100.0,
vproappdep10.yaml,Deployment,31,8,8,5,13,0,25,422,178,1,98738.63,26.39,98765.02,True,True,True,17,2,73.97,100.0,
vproappdep11.yaml,Deployment,31,8,8,5,13,0,30,422,178,6,98741.28,39.69,98780.97,True,True,True,43,12,38.2,100.0,
vproappdep12.yaml,Unknown,SCHEMA_ERROR,,,,,,0,0,0,0,277.18,0.0,277.18,,,,0,0,0.0,0.0,"C:\Users\CAOSD\projects\tool-security-rules\resources\dataset_yamls\original_yamls_10k\vproappdep12.yaml - Deployment vproapp failed validation: could not find schema for Deployment | Summary: 1 resource found in 1 file - Valid: 0, Invalid: 0, Errors: 1, Skipped: 0"
vproappdep13.yaml,Unknown,SCHEMA_ERROR,,,,,,0,0,0,0,31.06,0.0,31.06,,,,0,0,0.0,0.0,"C:\Users\CAOSD\projects\tool-security-rules\resources\dataset_yamls\original_yamls_10k\vproappdep13.yaml - Deployment vproapp failed validation: error unmarshalling resource: error converting YAML to JSON: yaml: unmarshal errors: |   line 28: key ""initContainers"" already set in map | Summary: 1 resource found in 1 file - Valid: 0, Invalid: 0, Errors: 1, Skipped: 0"
vproappdep14.yaml,Deployment,31,8,8,5,13,0,30,422,178,6,98923.82,38.91,98962.73,True,True,True,43,12,38.2,100.0,
vproappdep15.yaml,Deployment,31,8,8,5,13,0,30,422,178,6,98812.19,38.93,98851.12,True,True,True,43,12,38.2,100.0,
vproappdep16.yaml,Deployment,31,8,8,1,9,0,35,422,178,12,98927.51,33.34,98960.85,True,True,True,33,17,39.02,100.0,
vproappdep17.yaml,Deployment,31,8,8,5,13,0,30,422,178,6,98845.96,39.27,98885.23,True,True,True,35,4,56.18,100.0,
vproappdep18.yaml,Deployment,31,8,8,5,13,0,30,422,178,6,98675.16,38.99,98714.15,True,True,True,43,12,38.2,100.0,
vproappdep19.yaml,Deployment,31,8,8,5,13,0,30,422,178,6,98822.39,39.55,98861.94,True,True,True,36,5,53.93,100.0,
vproappdep2.yaml,Unknown,SCHEMA_ERROR,,,,,,0,0,0,0,293.43,0.0,293.43,,,,0,0,0.0,0.0,"C:\Users\CAOSD\projects\tool-security-rules\resources\dataset_yamls\original_yamls_10k\vproappdep2.yaml - Deployment vproapp is invalid: problem validating schema. Check JSON formatting: jsonschema validation failed with 'https://raw.githubusercontent.com/yannh/kubernetes-json-schema/master/master-standalone-strict/deployment-apps-v1.json#' - at '/spec/template/spec/containers/0/ports/0': missing property 'containerPort' | Summary: 1 resource found in 1 file - Valid: 0, Invalid: 1, Errors: 0, Skipped: 0"
vproappdep20.yaml,Deployment,31,8,8,5,13,0,30,422,178,6,98777.53,39.04,98816.57,True,True,True,39,8,47.19,100.0,
vproappdep21.yaml,Deployment,31,8,8,5,13,0,30,422,178,6,98780.5,39.3,98819.8,True,True,True,43,12,38.2,100.0,
vproappdep22.yaml,Deployment,31,8,8,5,13,0,30,422,178,6,98754.76,38.99,98793.75,True,True,True,37,6,51.69,100.0,
vproappdep23.yaml,Deployment,31,8,8,5,13,0,30,422,178,6,98816.56,39.63,98856.19,True,True,True,44,14,36.96,100.0,
vproappdep24.yaml,Deployment,31,8,8,5,13,0,30,422,178,6,98681.77,39.12,98720.89,True,True,True,37,6,51.69,100.0,
vproappdep25.yaml,Deployment,31,8,8,5,13,0,25,422,178,1,98609.96,26.37,98636.33,True,True,True,21,6,54.24,100.0,
vproappdep3.yaml,Deployment,31,8,8,5,13,0,30,422,178,6,98813.54,39.06,98852.6,True,True,True,43,12,38.2,100.0,
vproappdep4.yaml,Deployment,31,8,8,5,13,0,30,422,178,6,98757.62,39.46,98797.08,True,True,True,39,8,47.19,100.0,
vproappdep5.yaml,Deployment,31,8,8,5,13,0,30,422,178,6,98741.15,38.99,98780.14,True,True,True,43,12,38.2,100.0,
vproappdep6.yaml,Deployment,31,8,8,5,13,0,22,422,178,1,98982.43,25.13,99007.56,True,True,True,21,6,71.58,100.0,
vproappdep7.yaml,Deployment,31,8,8,5,13,0,27,422,178,6,98776.85,37.42,98814.27,True,True,True,41,10,40.0,100.0,
vproappdep8.yaml,Deployment,31,8,8,5,13,0,30,422,178,4,98824.75,38.91,98863.66,True,True,True,43,12,38.2,100.0,
vproappdep9.yaml,Deployment,31,8,8,5,13,0,30,422,178,3,98670.87,33.17,98704.04,True,True,True,32,9,48.1,100.0,
vproapppod.yaml,Pod,61,13,13,6,19,0,14,481,187,1,180620.23,23.52,180643.75,True,True,True,27,6,32.65,100.0,
vproapppod1.yaml,Pod,61,13,13,6,19,0,14,481,187,1,180507.19,23.19,180530.38,True,True,True,29,8,27.45,100.0,
vproapppod2.yaml,Pod,61,13,13,6,19,0,14,481,187,1,180510.98,22.99,180533.97,True,True,True,27,6,32.65,100.0,
vproapppod3.yaml,Pod,61,13,13,6,19,0,14,481,187,1,180467.83,22.87,180490.7,True,True,True,28,6,29.17,100.0,
vproapppod4.yaml,Pod,61,13,13,6,19,0,14,481,187,1,180516.84,23.01,180539.85,True,True,True,28,7,28.57,100.0,
vproapppod5.yaml,Pod,61,13,13,6,19,0,14,481,187,1,180870.43,34.89,180905.32,True,True,True,27,6,32.65,100.0,
vprodb-init-job.yaml,Job,31,8,8,6,14,1,21,420,193,3,95336.74,21.12,95357.86,False,True,True,16,5,61.82,100.0,
vprodbdep1.yaml,Deployment,31,9,9,5,14,0,50,422,195,3,98713.12,44.05,98757.17,True,True,True,44,29,37.61,75.0,
vprodbdep10.yaml,Deployment,31,9,9,5,14,0,50,422,195,3,98731.57,43.33,98774.9,True,True,True,44,26,35.19,100.0,
vprodbdep11.yaml,Deployment,31,9,9,5,14,0,50,422,195,3,98578.43,43.65,98622.08,True,True,True,44,27,40.34,100.0,
vprodbdep12.yaml,Deployment,31,9,9,5,14,0,50,422,195,3,98587.68,44.37,98632.05,True,True,True,36,19,49.54,100.0,
vprodbdep13.yaml,Deployment,31,9,9,5,14,0,50,422,195,3,98445.92,44.27,98490.19,True,True,True,45,28,33.03,100.0,
vprodbdep14.yaml,Deployment,31,9,9,5,14,0,50,422,195,3,98657.51,43.65,98701.16,True,True,True,44,26,35.19,100.0,
vprodbdep16.yaml,Deployment,31,9,9,5,14,0,50,422,195,3,98594.82,43.61,98638.43,True,True,True,44,27,36.04,100.0,
vprodbdep17.yaml,Deployment,31,9,9,5,14,0,50,422,195,3,98600.0,43.45,98643.45,True,True,True,44,26,37.5,100.0,
vprodbdep18.yaml,Deployment,31,9,9,5,14,0,50,422,195,3,98557.89,43.69,98601.58,True,True,True,44,27,38.26,100.0,
vprodbdep19.yaml,Deployment,31,9,9,1,10,0,55,422,195,12,98570.38,44.4,98614.78,True,True,True,44,34,32.76,100.0,
vprodbdep20.yaml,Deployment,31,9,9,5,14,0,50,422,195,3,98631.37,43.95,98675.32,True,True,True,44,27,37.17,66.67,
vprodbdep21.yaml,Unknown,SCHEMA_ERROR,,,,,,0,0,0,0,337.74,0.0,337.74,,,,0,0,0.0,0.0,"C:\Users\CAOSD\projects\tool-security-rules\resources\dataset_yamls\original_yamls_10k\vprodbdep21.yaml - Deployment vprodb is invalid: problem validating schema. Check JSON formatting: jsonschema validation failed with 'https://raw.githubusercontent.com/yannh/kubernetes-json-schema/master/master-standalone-strict/deployment-apps-v1.json#' - at '/spec/selector': additional properties 'matchlabels' not allowed - at '/spec/template/spec': validation failed   - at '/spec/template/spec/containers/0/name': got null, want string   - at '/spec/template/spec': additional properties 'initContainer' not allowed | Summary: 1 resource found in 1 file - Valid: 0, Invalid: 1, Errors: 0, Skipped: 0"
vprodbdep22.yaml,Deployment,31,9,9,5,14,0,50,422,195,3,98672.45,44.12,98716.57,True,True,True,36,19,51.33,100.0,
vprodbdep23.yaml,Deployment,31,9,9,5,14,0,50,422,195,3,98559.5,43.41,98602.91,True,True,True,44,27,34.86,100.0,
vprodbdep24.yaml,Deployment,31,9,9,5,14,0,50,422,195,3,98607.85,44.25,98652.1,True,True,True,38,21,47.79,100.0,
vprodbdep25.yaml,Deployment,31,9,9,5,14,0,50,422,195,3,98571.47,43.26,98614.73,True,True,True,42,25,38.53,100.0,
vprodbdep26.yaml,Deployment,31,9,9,5,14,0,50,422,195,3,98493.0,44.19,98537.19,True,True,True,43,25,39.29,100.0,
vprodbdep27.yaml,Deployment,31,9,9,5,14,0,50,422,195,3,98726.84,43.4,98770.24,True,True,True,45,28,34.23,100.0,
vprodbdep28.yaml,Deployment,31,9,9,5,14,0,50,422,195,3,98637.36,44.52,98681.88,True,True,True,58,40,9.26,100.0,
vprodbdep29.yaml,Deployment,31,9,9,5,14,0,50,422,195,3,98483.16,43.5,98526.66,True,True,True,31,13,59.26,100.0,
vprodbdep3.yaml,Deployment,31,9,9,5,14,0,50,422,195,3,98541.72,43.63,98585.35,True,True,True,44,29,37.61,75.0,
vprodbdep30.yaml,Deployment,31,9,9,5,14,0,50,422,195,3,98802.48,44.26,98846.74,True,True,True,36,20,51.72,75.0,
vprodbdep31.yaml,Deployment,31,9,9,5,14,0,50,422,195,3,98782.41,43.45,98825.86,True,True,True,44,27,34.86,100.0,
vprodbdep4.yaml,Unknown,SCHEMA_ERROR,,,,,,0,0,0,0,294.62,0.0,294.62,,,,0,0,0.0,0.0,"C:\Users\CAOSD\projects\tool-security-rules\resources\dataset_yamls\original_yamls_10k\vprodbdep4.yaml - Deployment vprodb is invalid: problem validating schema. Check JSON formatting: jsonschema validation failed with 'https://raw.githubusercontent.com/yannh/kubernetes-json-schema/master/master-standalone-strict/deployment-apps-v1.json#' - at '/spec/template/spec': additional properties 'env', 'image', 'ports', 'volumeMounts' not allowed | Summary: 1 resource found in 1 file - Valid: 0, Invalid: 1, Errors: 0, Skipped: 0"
vprodbdep5.yaml,Deployment,31,9,9,5,14,0,50,422,195,3,98639.08,43.2,98682.28,True,True,True,44,26,35.19,100.0,
vprodbdep6.yaml,Deployment,31,9,9,5,14,0,50,422,195,3,98595.38,43.58,98638.96,True,True,True,39,21,44.44,100.0,
vprodbdep7.yaml,Unknown,SCHEMA_ERROR,,,,,,0,0,0,0,595.8,0.0,595.8,,,,0,0,0.0,0.0,"C:\Users\CAOSD\projects\tool-security-rules\resources\dataset_yamls\original_yamls_10k\vprodbdep7.yaml - Deployment vprodb is invalid: problem validating schema. Check JSON formatting: jsonschema validation failed with 'https://raw.githubusercontent.com/yannh/kubernetes-json-schema/master/master-standalone-strict/deployment-apps-v1.json#' - at '/spec/template/spec/containers/0/env/0': additional properties 'secretKeyRef' not allowed | Summary: 1 resource found in 1 file - Valid: 0, Invalid: 1, Errors: 0, Skipped: 0"
vprodbdep8.yaml,Deployment,31,9,9,5,14,0,50,422,195,3,98615.5,44.0,98659.5,True,True,True,44,27,38.26,75.0,
vprodbdep9.yaml,Deployment,31,9,9,5,14,0,47,422,195,3,98714.2,40.22,98754.42,True,True,True,35,17,49.02,100.0,
vproddep.yaml,Deployment,31,9,9,5,14,0,50,422,195,3,98787.42,43.69,98831.11,True,True,True,44,28,37.93,75.0,
vprodep.yaml,Deployment,31,8,8,5,13,0,21,422,178,1,98751.2,23.79,98774.99,True,True,True,18,3,60.38,100.0,
vprofiledb.yaml,Deployment,31,9,9,5,14,0,50,422,195,3,98355.86,44.11,98399.97,True,True,True,46,28,31.48,100.0,
vproingress.yaml,Ingress,3,1,1,0,1,0,20,4,2,1,13947.03,16.6,13963.63,True,True,True,4,0,90.48,100.0,
vproingress1.yaml,Ingress,3,1,1,0,1,0,20,4,2,1,13926.81,27.78,13954.59,True,True,True,4,0,90.48,100.0,
vproingress2.yaml,Ingress,3,1,1,0,1,0,20,4,2,1,13943.57,16.56,13960.13,True,True,True,4,0,90.48,100.0,
vprosvc.yaml,Service,6,1,1,0,1,0,16,13,2,1,28050.56,9.78,28060.34,True,True,True,2,2,83.33,100.0,
vQn1.yaml,Deployment,31,9,9,0,9,0,46,422,188,4,98522.2,34.9,98557.1,True,True,True,10,2,86.67,100.0,
vQn1_1.yaml,Service,6,1,1,0,1,0,18,13,2,1,28416.82,11.57,28428.39,True,True,True,1,1,92.86,100.0,
vscode_1.yaml,Service,6,2,2,0,2,0,15,13,4,1,27890.84,9.74,27900.58,True,True,True,2,2,83.33,100.0,
vscode_2.yaml,Deployment,31,7,7,3,10,0,41,422,176,2,98892.6,32.87,98925.47,True,True,True,12,1,83.95,100.0,
vso.yaml,ServiceAccount,3,0,0,0,0,0,4,7,0,1,7121.2,0.0,7121.2,True,True,True,0,0,100.0,
vso1.yaml,ServiceAccount,3,0,0,0,0,0,5,7,0,1,7417.37,0.0,7417.37,True,True,True,0,0,100.0,
vso1_1.yaml,Secret,4,0,0,0,0,0,9,14,0,1,7147.36,0.0,7147.36,True,True,True,0,0,100.0,
vso1_3.yaml,ClusterRoleBinding,4,0,0,0,0,0,13,12,0,1,7155.16,0.0,7155.16,True,True,True,0,0,100.0,
vso2.yaml,ServiceAccount,3,0,0,0,0,0,4,7,0,1,7417.17,0.0,7417.17,True,True,True,0,0,100.0,
vso2_1.yaml,Secret,4,0,0,0,0,0,8,14,0,1,7201.2,0.0,7201.2,True,True,True,0,0,100.0,
vso2_3.yaml,ClusterRoleBinding,4,0,0,0,0,0,13,12,0,1,7143.94,0.0,7143.94,True,True,True,0,0,100.0,
vso3.yaml,ServiceAccount,3,0,0,0,0,0,4,7,0,1,7402.29,0.0,7402.29,True,True,True,0,0,100.0,
vso3_1.yaml,Secret,4,0,0,0,0,0,8,14,0,1,7172.65,0.0,7172.65,True,True,True,0,0,100.0,
vso3_3.yaml,ClusterRoleBinding,4,0,0,0,0,0,13,12,0,1,7446.17,0.0,7446.17,True,True,True,0,0,100.0,
vso4.yaml,ServiceAccount,3,0,0,0,0,0,4,7,0,1,7146.99,0.0,7146.99,True,True,True,0,0,100.0,
vso4_1.yaml,Secret,4,0,0,0,0,0,8,14,0,1,7137.39,0.0,7137.39,True,True,True,0,0,100.0,
vso4_3.yaml,ClusterRoleBinding,4,0,0,0,0,0,13,12,0,1,7424.6,0.0,7424.6,True,True,True,0,0,100.0,
vso5.yaml,ServiceAccount,3,0,0,0,0,0,4,7,0,1,7170.31,0.0,7170.31,True,True,True,0,0,100.0,
vso5_1.yaml,Secret,4,0,0,0,0,0,8,14,0,1,7169.18,0.0,7169.18,True,True,True,0,0,100.0,
vso5_3.yaml,ClusterRoleBinding,4,0,0,0,0,0,13,12,0,1,7416.39,0.0,7416.39,True,True,True,0,0,100.0,
vso6.yaml,ServiceAccount,3,0,0,0,0,0,4,7,0,1,7143.13,0.0,7143.13,True,True,True,0,0,100.0,
vso6_1.yaml,Secret,4,0,0,0,0,0,8,14,0,1,7155.27,0.0,7155.27,True,True,True,0,0,100.0,
vso6_3.yaml,ClusterRoleBinding,4,0,0,0,0,0,13,12,0,1,7406.53,0.0,7406.53,True,True,True,0,0,100.0,
vso7.yaml,ServiceAccount,3,0,0,0,0,0,4,7,0,1,7163.03,0.0,7163.03,True,True,True,0,0,100.0,
vso7_1.yaml,Secret,4,0,0,0,0,0,8,14,0,1,7157.52,0.0,7157.52,True,True,True,0,0,100.0,
vso7_3.yaml,ClusterRoleBinding,4,0,0,0,0,0,13,12,0,1,7411.86,0.0,7411.86,True,True,True,0,0,100.0,
vso8.yaml,ServiceAccount,3,0,0,0,0,0,4,7,0,1,7190.62,0.0,7190.62,True,True,True,0,0,100.0,
vso8_1.yaml,Secret,4,0,0,0,0,0,8,14,0,1,7166.82,0.0,7166.82,True,True,True,0,0,100.0,
vso8_3.yaml,ClusterRoleBinding,4,0,0,0,0,0,13,12,0,1,7415.79,0.0,7415.79,True,True,True,0,0,100.0,
vso_1.yaml,Secret,4,0,0,0,0,0,8,14,0,1,7153.82,0.0,7153.82,True,True,True,0,0,100.0,
vso_3.yaml,ClusterRoleBinding,4,0,0,0,0,0,13,12,0,1,7434.83,0.0,7434.83,True,True,True,0,0,100.0,
vsphere-cloud-controller-manager-ds.yaml,ServiceAccount,3,0,0,0,0,0,5,7,0,1,7184.12,0.0,7184.12,True,True,True,0,0,100.0,
vsphere-cloud-controller-manager-ds_1.yaml,DaemonSet,31,8,8,3,11,0,53,423,184,36,99245.17,48.43,99293.6,True,True,True,13,1,88.89,100.0,
vsphere-cloud-controller-manager-ds_2.yaml,Service,6,2,2,0,2,0,20,13,4,1,27834.71,11.9,27846.61,True,True,True,2,2,86.67,100.0,
vsphere-csi-driver_1.yaml,ServiceAccount,3,0,0,0,0,0,5,7,0,1,7431.54,0.0,7431.54,True,True,True,0,0,100.0,
vsphere-csi-driver_10.yaml,Service,6,1,1,0,1,0,19,13,2,2,28081.74,15.07,28096.81,True,True,True,2,2,89.47,100.0,
vsphere-csi-driver_12.yaml,DaemonSet,31,9,9,4,13,0,55,423,193,3072,99502.64,109.22,99611.86,True,True,True,44,25,77.67,100.0,
vsphere-csi-driver_13.yaml,DaemonSet,31,8,8,4,12,0,52,423,185,4424,99447.92,109.23,99557.15,True,True,True,45,29,75.97,100.0,
vsphere-csi-driver_3.yaml,ClusterRoleBinding,4,0,0,0,0,0,13,12,0,1,7489.69,0.0,7489.69,True,True,True,0,0,100.0,
vsphere-csi-driver_4.yaml,ServiceAccount,3,0,0,0,0,0,5,7,0,1,7160.64,0.0,7160.64,True,True,True,0,0,100.0,
vsphere-csi-driver_6.yaml,ClusterRoleBinding,4,0,0,0,0,0,13,12,0,1,7144.17,0.0,7144.17,True,True,True,0,0,100.0,
vsphere-csi-driver_8.yaml,RoleBinding,4,0,0,0,0,0,14,12,0,1,7416.09,0.0,7416.09,True,True,True,0,0,100.0,
vsphere-csi-pvc.yaml,PersistentVolumeClaim,2,1,1,0,1,0,12,7,3,1,13684.78,9.37,13694.15,True,True,True,8,8,33.33,100.0,
vsphere-csi-storage-class.yaml,StorageClass,1,0,0,0,0,0,12,3,0,1,7560.79,0.0,7560.79,True,True,True,0,0,100.0,
vsphere-volume-pod.yaml,Pod,61,13,13,7,20,0,17,481,187,1,180613.92,25.04,180638.96,True,True,True,24,2,53.57,100.0,
vsphere-volume-pod1.yaml,Pod,61,13,13,7,20,0,17,481,187,1,180521.71,25.0,180546.71,True,True,True,24,2,53.57,100.0,
vsphere-volume-pod2.yaml,Pod,61,13,13,7,20,0,17,481,187,1,180534.25,25.41,180559.66,True,True,True,24,2,53.57,100.0,
vsphere-volume-pv.yaml,PersistentVolume,1,0,0,0,0,0,15,0,0,1,148.9,0.0,148.9,True,True,True,0,0,100.0,
vsphere-volume-pv1.yaml,PersistentVolume,1,0,0,0,0,0,15,0,0,1,42.24,0.0,42.24,True,True,True,0,0,100.0,
vsphere-volume-pv2.yaml,PersistentVolume,1,0,0,0,0,0,15,0,0,1,48.76,0.0,48.76,True,True,True,0,0,100.0,
vsphere-volume-pvc.yaml,PersistentVolumeClaim,2,1,1,0,1,0,10,7,3,1,13957.63,7.86,13965.49,True,True,True,2,2,80.0,100.0,
vsphere-volume-pvc1.yaml,PersistentVolumeClaim,2,1,1,0,1,0,10,7,3,1,13661.03,7.78,13668.81,True,True,True,2,2,80.0,100.0,
vsphere-volume-pvc2.yaml,PersistentVolumeClaim,2,1,1,0,1,0,10,7,3,1,13986.6,7.94,13994.54,True,True,True,2,2,80.0,100.0,
vsphere-volume-pvcpod.yaml,Pod,61,13,13,7,20,0,15,481,187,1,180456.14,23.94,180480.08,True,True,True,23,1,53.85,100.0,
vsphere-volume-pvcpod1.yaml,Pod,61,13,13,7,20,0,15,481,187,1,180646.92,24.4,180671.32,True,True,True,23,1,53.85,100.0,
vsphere-volume-pvcpod2.yaml,Pod,61,13,13,7,20,0,15,481,187,1,180389.69,24.5,180414.19,True,True,True,23,1,53.85,100.0,
vsphere-volume-pvcsc.yaml,PersistentVolumeClaim,2,1,1,0,1,0,11,7,3,1,13916.53,8.68,13925.21,True,True,True,1,1,90.91,100.0,
vsphere-volume-pvcsc1.yaml,PersistentVolumeClaim,2,1,1,0,1,0,11,7,3,1,13995.78,8.68,14004.46,True,True,True,1,1,90.91,100.0,
vsphere-volume-pvcsc2.yaml,PersistentVolumeClaim,2,1,1,0,1,0,11,7,3,1,13898.33,8.57,13906.9,True,True,True,1,1,90.91,100.0,
vsphere-volume-pvcscpod.yaml,Pod,61,13,13,7,20,0,15,481,187,1,180704.04,23.98,180728.02,True,True,True,23,1,53.85,100.0,
vsphere-volume-pvcscpod1.yaml,Pod,61,13,13,7,20,0,15,481,187,1,180413.47,24.02,180437.49,True,True,True,23,1,53.85,100.0,
vsphere-volume-pvcscpod2.yaml,Pod,61,13,13,7,20,0,15,481,187,1,180696.12,23.78,180719.9,True,True,True,23,1,53.85,100.0,
vsphere-volume-pvcscvsanpod.yaml,Pod,61,13,13,7,20,0,15,481,187,1,180737.54,24.32,180761.86,True,True,True,23,1,53.85,100.0,
vsphere-volume-pvcscvsanpod1.yaml,Pod,61,13,13,7,20,0,15,481,187,1,180480.1,23.96,180504.06,True,True,True,23,1,53.85,100.0,
vsphere-volume-pvcscvsanpod2.yaml,Pod,61,13,13,7,20,0,15,481,187,1,180816.55,24.08,180840.63,True,True,True,23,1,53.85,100.0,
vsphere-volume-sc-fast.yaml,StorageClass,1,1,1,0,1,0,7,3,3,2,10097.42,7.71,10105.13,True,True,True,3,2,70.59,100.0,
vsphere-volume-sc-fast1.yaml,StorageClass,1,1,1,0,1,0,7,3,3,2,10351.78,7.51,10359.29,True,True,True,3,2,70.59,100.0,
vsphere-volume-sc-fast2.yaml,StorageClass,1,1,1,0,1,0,7,3,3,2,10144.12,7.6,10151.72,True,True,True,3,2,70.59,100.0,
vsphere-volume-sc-vsancapabilities-with-datastore.yaml,StorageClass,1,1,1,0,1,0,7,3,3,4,10381.39,9.58,10390.97,True,True,True,5,4,57.14,100.0,
vsphere-volume-sc-vsancapabilities-with-datastore1.yaml,StorageClass,1,1,1,0,1,0,7,3,3,4,10102.36,9.54,10111.9,True,True,True,5,4,57.14,100.0,
vsphere-volume-sc-vsancapabilities-with-datastore2.yaml,StorageClass,1,1,1,0,1,0,7,3,3,4,10367.17,9.15,10376.32,True,True,True,5,4,57.14,100.0,
vsphere-volume-sc-vsancapabilities.yaml,StorageClass,1,1,1,0,1,0,7,3,3,3,10087.97,8.58,10096.55,True,True,True,4,3,63.16,100.0,
vsphere-volume-sc-vsancapabilities1.yaml,StorageClass,1,1,1,0,1,0,7,3,3,3,10458.97,8.37,10467.34,True,True,True,4,3,63.16,100.0,
vsphere-volume-sc-vsancapabilities2.yaml,StorageClass,1,1,1,0,1,0,7,3,3,3,10143.55,8.53,10152.08,True,True,True,4,3,63.16,100.0,
vsphere-volume-sc-with-datastore.yaml,StorageClass,1,1,1,0,1,0,7,3,3,2,10337.61,7.78,10345.39,True,True,True,3,2,70.59,100.0,
vsphere-volume-sc-with-datastore1.yaml,StorageClass,1,1,1,0,1,0,7,3,3,2,10093.48,7.73,10101.21,True,True,True,3,2,70.59,100.0,
vsphere-volume-sc-with-datastore2.yaml,StorageClass,1,1,1,0,1,0,7,3,3,2,10377.27,7.66,10384.93,True,True,True,3,2,70.59,100.0,
vsphere-volume-spbm-policy-with-datastore.yaml,StorageClass,1,1,1,0,1,0,7,3,3,3,10128.5,9.15,10137.65,True,True,True,4,3,63.16,100.0,
vsphere-volume-spbm-policy-with-datastore1.yaml,StorageClass,1,1,1,0,1,0,7,3,3,3,10402.63,8.44,10411.07,True,True,True,4,3,63.16,100.0,
vsphere-volume-spbm-policy-with-datastore2.yaml,StorageClass,1,1,1,0,1,0,7,3,3,3,10407.73,8.29,10416.02,True,True,True,4,3,63.16,100.0,
vsphere-volume-spbm-policy.yaml,StorageClass,1,1,1,0,1,0,7,3,3,2,10106.8,7.66,10114.46,True,True,True,3,2,70.59,100.0,
vsphere-volume-spbm-policy1.yaml,StorageClass,1,1,1,0,1,0,7,3,3,2,10381.03,8.88,10389.91,True,True,True,3,2,70.59,100.0,
vsphere-volume-spbm-policy2.yaml,StorageClass,1,1,1,0,1,0,7,3,3,2,10173.09,7.9,10180.99,True,True,True,3,2,70.59,100.0,
vtctld-service.yaml,Service,6,2,2,0,2,0,19,13,4,8,28217.36,16.62,28233.98,True,True,True,9,9,59.09,100.0,
vtctld-service1.yaml,Service,6,2,2,0,2,0,19,13,4,8,27883.74,16.6,27900.34,True,True,True,9,9,59.09,100.0,
vtctld-service2.yaml,Service,6,2,2,0,2,0,19,13,4,8,27911.87,16.83,27928.7,True,True,True,9,9,59.09,100.0,
vtgate-service.yaml,Service,6,2,2,0,2,0,15,13,4,4,28135.02,11.37,28146.39,True,True,True,2,2,86.67,100.0,
vtgate-service1.yaml,Service,6,2,2,0,2,0,15,13,4,4,27830.91,11.17,27842.08,True,True,True,2,2,86.67,100.0,
vtgate-service2.yaml,Service,6,2,2,0,2,0,15,13,4,4,28180.77,11.35,28192.12,True,True,True,2,2,86.67,100.0,
vul-pod.yaml,Pod,61,13,13,6,19,0,11,481,187,1,180605.28,20.98,180626.26,True,True,True,28,6,22.73,100.0,
vulnerability-ttl.yaml,Unknown,SCHEMA_ERROR,,,,,,0,0,0,0,264.59,0.0,264.59,,,,0,0,0.0,0.0,"C:\Users\CAOSD\projects\tool-security-rules\resources\dataset_yamls\original_yamls_10k\vulnerability-ttl.yaml - VulnerabilityReport replicaset-coredns-558bd4d5db-coredns failed validation: could not find schema for VulnerabilityReport | Summary: 1 resource found in 1 file - Valid: 0, Invalid: 0, Errors: 1, Skipped: 0"
vulnerable-app-rc.yaml,ServiceAccount,3,0,0,0,0,0,5,7,0,1,7176.38,0.0,7176.38,True,True,True,0,0,100.0,
vulnerable-app-rc_1.yaml,ClusterRoleBinding,4,0,0,0,0,0,14,12,0,1,7172.66,0.0,7172.66,True,True,True,0,0,100.0,
vulnerable-app-rc_3.yaml,ReplicationController,25,7,7,0,7,0,24,420,176,1,95597.41,21.31,95618.72,True,True,True,8,0,84.62,100.0,
vulnerable-app-serviceaccount-clusterrolebinding-clusterrole-pod-svc.yaml,ServiceAccount,3,0,0,0,0,0,5,7,0,1,7455.08,0.0,7455.08,True,True,True,0,0,100.0,
vulnerable-app-serviceaccount-clusterrolebinding-clusterrole-pod-svc_1.yaml,ClusterRoleBinding,4,0,0,0,0,0,14,12,0,1,7171.47,0.0,7171.47,True,True,True,0,0,100.0,
vulnerable-app-serviceaccount-clusterrolebinding-clusterrole-pod-svc_3.yaml,Pod,61,15,15,6,21,0,15,481,198,1,180400.78,23.58,180424.36,True,True,True,24,2,48.0,100.0,
vulnerable-app-serviceaccount-clusterrolebinding-clusterrole-pod-svc_4.yaml,Service,6,2,2,0,2,0,14,13,4,1,27957.77,9.05,27966.82,True,True,True,2,2,81.82,100.0,
vulnerable-app-serviceaccount-clusterrolebinding-clusterrole-pod.yaml,ServiceAccount,3,0,0,0,0,0,5,7,0,1,7434.55,0.0,7434.55,True,True,True,0,0,100.0,
vulnerable-app-serviceaccount-clusterrolebinding-clusterrole-pod_1.yaml,ClusterRoleBinding,4,0,0,0,0,0,14,12,0,1,7149.53,0.0,7149.53,True,True,True,0,0,100.0,
vulnerable-app-serviceaccount-clusterrolebinding-clusterrole-pod_3.yaml,Pod,61,15,15,6,21,0,15,481,198,1,180260.59,23.52,180284.11,True,True,True,24,2,48.0,100.0,
vulnerable-app-serviceaccount-clusterrolebinding-clusterrole-rc-svc.yaml,ServiceAccount,3,0,0,0,0,0,5,7,0,1,7459.4,0.0,7459.4,True,True,True,0,0,100.0,
vulnerable-app-serviceaccount-clusterrolebinding-clusterrole-rc-svc_1.yaml,ClusterRoleBinding,4,0,0,0,0,0,14,12,0,1,7161.49,0.0,7161.49,True,True,True,0,0,100.0,
vulnerable-app-serviceaccount-clusterrolebinding-clusterrole-rc-svc_3.yaml,ReplicationController,25,7,7,0,7,0,24,420,176,1,95580.39,21.14,95601.53,True,True,True,8,0,84.62,100.0,
vulnerable-app-serviceaccount-clusterrolebinding-clusterrole-rc-svc_4.yaml,Service,6,2,2,0,2,0,14,13,4,1,27822.56,9.0,27831.56,True,True,True,2,2,81.82,100.0,
vulnerable-app-serviceaccount-clusterrolebinding-clusterrole-rc.yaml,ServiceAccount,3,0,0,0,0,0,5,7,0,1,7505.47,0.0,7505.47,True,True,True,0,0,100.0,
vulnerable-app-serviceaccount-clusterrolebinding-clusterrole-rc_1.yaml,ClusterRoleBinding,4,0,0,0,0,0,14,12,0,1,7207.33,0.0,7207.33,True,True,True,0,0,100.0,
vulnerable-app-serviceaccount-clusterrolebinding-clusterrole-rc_3.yaml,ReplicationController,25,7,7,0,7,0,24,420,176,1,95558.09,21.2,95579.29,True,True,True,8,0,84.62,100.0,
vulnerable-app-svc.yaml,Service,6,2,2,0,2,0,14,13,4,1,27922.01,9.25,27931.26,True,True,True,2,2,81.82,100.0,
vulnerable-frontend-deployment.yaml,Deployment,31,8,8,5,13,0,21,422,178,1,98991.51,23.62,99015.13,True,True,True,17,2,64.15,100.0,
vulnerable-pod.yaml,Pod,61,13,13,6,19,0,14,481,187,3,180618.41,22.87,180641.28,True,True,True,24,2,43.48,100.0,
vur-app-service.yaml,Service,6,2,2,0,2,0,15,13,4,1,28184.34,10.0,28194.34,True,True,True,2,2,83.33,100.0,
vur-mysql-pod.yaml,Pod,61,13,13,7,20,0,23,481,187,12,180921.9,35.26,180957.16,True,True,True,23,1,71.43,100.0,
vur-mysql-service.yaml,Service,6,1,1,0,1,0,14,13,2,1,28148.51,9.0,28157.51,True,True,True,1,1,90.91,100.0,
vweb-2.yaml,Deployment,31,7,7,4,11,0,25,422,176,8,99257.2,27.82,99285.02,True,True,True,15,0,76.92,100.0,
vweb-2_1.yaml,Deployment,31,7,7,4,11,0,25,422,176,8,99306.1,28.66,99334.76,True,True,True,15,0,76.92,100.0,
vweb-deployment12.yaml,Deployment,31,8,8,4,12,0,21,422,178,1,99133.67,24.36,99158.03,True,True,True,22,6,50.0,100.0,
vweb-deployment2.yaml,Deployment,31,8,8,4,12,0,21,422,178,1,99082.01,24.54,99106.55,True,True,True,22,6,50.0,100.0,
vweb-deployment5.yaml,Deployment,31,8,8,4,12,0,21,422,178,1,99056.57,24.22,99080.79,True,True,True,22,6,50.0,100.0,
vweb-deployment9.yaml,Deployment,31,8,8,4,12,0,21,422,178,1,99117.15,24.65,99141.8,True,True,True,22,6,50.0,100.0,
vweb-recreate-v2.yaml,Deployment,31,7,7,4,11,0,28,422,176,2,99337.14,28.56,99365.7,True,True,True,20,5,62.69,100.0,
vweb-recreate-v21.yaml,Deployment,31,7,7,4,11,0,28,422,176,2,99324.1,28.82,99352.92,True,True,True,20,5,62.69,100.0,
vweb-recreate-v22.yaml,Deployment,31,7,7,4,11,0,28,422,176,2,99213.96,28.14,99242.1,True,True,True,20,5,62.69,100.0,
vweb-recreate-v23.yaml,Deployment,31,7,7,4,11,0,28,422,176,2,99318.31,28.02,99346.33,True,True,True,20,5,62.69,100.0,
vweb-recreate-v3.yaml,Deployment,31,7,7,4,11,0,28,422,176,2,99249.71,28.34,99278.05,True,True,True,20,5,62.69,100.0,
vweb-recreate-v31.yaml,Deployment,31,7,7,4,11,0,28,422,176,2,99332.51,28.37,99360.88,True,True,True,20,5,62.69,100.0,
vweb-recreate-v32.yaml,Deployment,31,7,7,4,11,0,28,422,176,2,99341.06,28.36,99369.42,True,True,True,20,5,62.69,100.0,
vweb-recreate-v33.yaml,Deployment,31,7,7,4,11,0,28,422,176,2,99335.85,28.25,99364.1,True,True,True,20,5,62.69,100.0,
vweb-rollingUpdate-v2.yaml,Deployment,31,7,7,4,11,0,33,422,176,2,99285.18,30.58,99315.76,True,True,True,20,5,65.75,100.0,
vweb-rollingUpdate-v21.yaml,Deployment,31,7,7,4,11,0,33,422,176,2,99190.0,30.58,99220.58,True,True,True,20,5,65.75,100.0,
vweb-rollingUpdate-v22.yaml,Deployment,31,7,7,4,11,0,33,422,176,2,99276.13,30.25,99306.38,True,True,True,20,5,65.75,100.0,
vweb-rollingUpdate-v23.yaml,Deployment,31,7,7,4,11,0,33,422,176,2,99239.37,33.21,99272.58,True,True,True,20,5,65.75,100.0,
vweb-rollingUpdate-v3.yaml,Deployment,31,7,7,4,11,0,35,422,176,2,99487.69,31.83,99519.52,True,True,True,21,6,64.94,100.0,
vweb-rollingUpdate-v31.yaml,Deployment,31,7,7,4,11,0,35,422,176,2,99358.54,32.31,99390.85,True,True,True,21,6,64.94,100.0,
vweb-rollingUpdate-v32.yaml,Deployment,31,7,7,4,11,0,35,422,176,2,99220.92,32.04,99252.96,True,True,True,21,6,64.94,100.0,
vweb-rollingUpdate-v33.yaml,Deployment,31,7,7,4,11,0,35,422,176,2,99316.5,32.34,99348.84,True,True,True,21,6,64.94,100.0,
vweb-service-v1.yaml,Service,6,2,2,0,2,0,17,13,4,2,27949.34,11.23,27960.57,True,True,True,3,3,78.57,100.0,
vweb-service-v11.yaml,Service,6,2,2,0,2,0,17,13,4,2,28285.34,11.28,28296.62,True,True,True,3,3,78.57,100.0,
vweb-service-v12.yaml,Service,6,2,2,0,2,0,17,13,4,2,27963.41,11.08,27974.49,True,True,True,3,3,78.57,100.0,
vweb-service-v13.yaml,Service,6,2,2,0,2,0,17,13,4,2,28214.15,11.06,28225.21,True,True,True,3,3,78.57,100.0,
vweb-service-v2.yaml,Service,6,2,2,0,2,0,17,13,4,2,27881.31,11.28,27892.59,True,True,True,3,3,78.57,100.0,
vweb-service-v21.yaml,Service,6,2,2,0,2,0,17,13,4,2,27938.59,11.26,27949.85,True,True,True,3,3,78.57,100.0,
vweb-service-v22.yaml,Service,6,2,2,0,2,0,17,13,4,2,28191.04,11.43,28202.47,True,True,True,3,3,78.57,100.0,
vweb-service-v23.yaml,Service,6,2,2,0,2,0,17,13,4,2,28031.52,11.09,28042.61,True,True,True,3,3,78.57,100.0,
vweb-service-v24.yaml,Service,6,2,2,0,2,0,17,13,4,2,28148.78,11.34,28160.12,True,True,True,3,3,78.57,100.0,
vweb-service.yaml,Service,6,2,2,0,2,0,17,13,4,1,28001.5,10.65,28012.15,True,True,True,3,3,76.92,100.0,
vweb-service1.yaml,Service,6,2,2,0,2,0,17,13,4,1,28201.35,10.42,28211.77,True,True,True,3,3,76.92,100.0,
vweb-service10.yaml,Service,6,2,2,0,2,0,17,13,4,1,27945.89,10.45,27956.34,True,True,True,3,3,76.92,100.0,
vweb-service11.yaml,Service,6,2,2,0,2,0,17,13,4,1,27996.97,10.44,28007.41,True,True,True,3,3,76.92,100.0,
vweb-service14.yaml,Service,6,2,2,0,2,0,14,13,4,1,28268.85,8.94,28277.79,True,True,True,3,3,72.73,100.0,
vweb-service15.yaml,Service,6,2,2,0,2,0,14,13,4,1,27923.77,9.02,27932.79,True,True,True,3,3,72.73,100.0,
vweb-service16.yaml,Service,6,2,2,0,2,0,17,13,4,1,28245.33,10.33,28255.66,True,True,True,3,3,76.92,100.0,
vweb-service17.yaml,Service,6,2,2,0,2,0,17,13,4,1,27936.01,10.58,27946.59,True,True,True,3,3,76.92,100.0,
vweb-service20.yaml,Service,6,2,2,0,2,0,14,13,4,1,27896.4,9.3,27905.7,True,True,True,3,3,72.73,100.0,
vweb-service4.yaml,Service,6,2,2,0,2,0,14,13,4,1,28225.67,19.93,28245.6,True,True,True,3,3,72.73,100.0,
vweb-service5.yaml,Service,6,2,2,0,2,0,17,13,4,1,28024.32,10.45,28034.77,True,True,True,3,3,76.92,100.0,
vweb-service6.yaml,Service,6,2,2,0,2,0,17,13,4,1,28208.96,10.67,28219.63,True,True,True,3,3,76.92,100.0,
vweb-service9.yaml,Service,6,2,2,0,2,0,14,13,4,1,27961.04,9.14,27970.18,True,True,True,3,3,72.73,100.0,
vweb-v1-scale.yaml,Deployment,31,7,7,4,11,0,25,422,176,2,99382.3,27.67,99409.97,True,True,True,20,5,60.32,100.0,
vweb-v1-scale1.yaml,Deployment,31,7,7,4,11,0,25,422,176,2,99280.95,26.25,99307.2,True,True,True,20,5,60.32,100.0,
vweb-v1-scale2.yaml,Deployment,31,7,7,4,11,0,25,422,176,2,99409.82,26.55,99436.37,True,True,True,20,5,60.32,100.0,
vweb-v1-scale3.yaml,Deployment,31,7,7,4,11,0,25,422,176,2,99337.72,26.29,99364.01,True,True,True,20,5,60.32,100.0,
vweb-v1.yaml,Deployment,31,7,7,4,11,0,25,422,176,8,99262.63,28.5,99291.13,True,True,True,21,6,59.7,100.0,
vweb-v11.yaml,Deployment,31,7,7,4,11,0,25,422,176,2,99345.33,26.7,99372.03,True,True,True,20,5,60.32,100.0,
vweb-v110.yaml,Deployment,31,7,7,4,11,0,25,422,176,2,99468.88,26.56,99495.44,True,True,True,20,5,60.32,100.0,
vweb-v111.yaml,Deployment,31,7,7,4,11,0,25,422,176,2,99433.89,26.65,99460.54,True,True,True,20,5,60.32,100.0,
vweb-v112.yaml,Deployment,31,7,7,4,11,0,25,422,176,2,99382.21,29.48,99411.69,True,True,True,20,5,60.32,100.0,
vweb-v113.yaml,Deployment,31,7,7,4,11,0,25,422,176,2,99523.05,26.28,99549.33,True,True,True,20,5,60.32,100.0,
vweb-v114.yaml,Deployment,31,7,7,4,11,0,25,422,176,2,99489.76,27.35,99517.11,True,True,True,20,5,60.32,100.0,
vweb-v115.yaml,Deployment,31,7,7,4,11,0,34,422,176,2,99409.37,31.07,99440.44,True,True,True,20,5,66.67,100.0,
vweb-v12.yaml,Deployment,31,7,7,4,11,0,34,422,176,2,99398.13,31.56,99429.69,True,True,True,20,5,66.67,100.0,
vweb-v13.yaml,Deployment,31,7,7,4,11,0,25,422,176,8,99343.67,28.42,99372.09,True,True,True,21,6,59.7,100.0,
vweb-v14.yaml,Deployment,31,7,7,4,11,0,25,422,176,2,99498.36,26.94,99525.3,True,True,True,20,5,60.32,100.0,
vweb-v15.yaml,Deployment,31,7,7,4,11,0,34,422,176,2,99324.31,31.76,99356.07,True,True,True,20,5,66.67,100.0,
vweb-v16.yaml,Deployment,31,7,7,4,11,0,25,422,176,8,99407.45,28.72,99436.17,True,True,True,21,6,59.7,100.0,
vweb-v17.yaml,Deployment,31,7,7,4,11,0,25,422,176,2,99354.4,27.29,99381.69,True,True,True,20,5,60.32,100.0,
vweb-v18.yaml,Deployment,31,7,7,4,11,0,34,422,176,2,99239.99,31.32,99271.31,True,True,True,20,5,66.67,100.0,
vweb-v19.yaml,Deployment,31,7,7,4,11,0,25,422,176,8,99283.5,28.23,99311.73,True,True,True,21,6,59.7,100.0,
vweb-v2.yaml,Deployment,31,7,7,4,11,0,25,422,176,8,99489.48,28.48,99517.96,True,True,True,20,5,62.69,100.0,
vweb-v21.yaml,Deployment,31,7,7,4,11,0,25,422,176,2,99436.15,26.23,99462.38,True,True,True,20,5,60.32,100.0,
vweb-v210.yaml,Deployment,31,7,7,4,11,0,25,422,176,2,99267.16,26.74,99293.9,True,True,True,20,5,60.32,100.0,
vweb-v211.yaml,Deployment,31,7,7,4,11,0,34,422,176,2,99431.66,31.07,99462.73,True,True,True,20,5,66.67,100.0,
vweb-v22.yaml,Deployment,31,7,7,4,11,0,34,422,176,2,99513.01,31.34,99544.35,True,True,True,20,5,66.67,100.0,
vweb-v23.yaml,Deployment,31,7,7,4,11,0,25,422,176,8,99265.14,28.03,99293.17,True,True,True,20,5,62.69,100.0,
vweb-v24.yaml,Deployment,31,7,7,4,11,0,25,422,176,2,99490.2,26.96,99517.16,True,True,True,20,5,60.32,100.0,
vweb-v25.yaml,Deployment,31,7,7,4,11,0,34,422,176,2,99404.39,31.2,99435.59,True,True,True,20,5,66.67,100.0,
vweb-v26.yaml,Deployment,31,7,7,4,11,0,25,422,176,8,99296.9,28.3,99325.2,True,True,True,20,5,62.69,100.0,
vweb-v27.yaml,Deployment,31,7,7,4,11,0,25,422,176,2,99440.51,26.49,99467.0,True,True,True,20,5,60.32,100.0,
vweb-v28.yaml,Deployment,31,7,7,4,11,0,34,422,176,2,99408.51,31.63,99440.14,True,True,True,20,5,66.67,100.0,
vweb-v29.yaml,Deployment,31,7,7,4,11,0,25,422,176,8,99319.89,29.63,99349.52,True,True,True,20,5,62.69,100.0,
vweb-v3-with-configMap1_1.yaml,Deployment,31,7,7,4,11,0,33,422,176,2,99412.28,32.2,99444.48,True,True,True,15,0,80.52,100.0,
vweb-v3-with-configMap2_1.yaml,Deployment,31,7,7,4,11,0,33,422,176,2,99441.05,31.6,99472.65,True,True,True,15,0,80.52,100.0,
vweb-v3-with-configMap3_1.yaml,Deployment,31,7,7,4,11,0,33,422,176,2,99457.01,32.93,99489.94,True,True,True,15,0,80.52,100.0,
vweb-v3-with-configMap_1.yaml,Deployment,31,7,7,4,11,0,33,422,176,2,99462.05,31.89,99493.94,True,True,True,15,0,80.52,100.0,
vweb-v4-with-configMap1_1.yaml,Deployment,31,7,7,4,11,0,33,422,176,2,99512.54,31.92,99544.46,True,True,True,15,0,80.52,100.0,
vweb-v4-with-configMap2_1.yaml,Deployment,31,7,7,4,11,0,33,422,176,2,99426.95,31.82,99458.77,True,True,True,15,0,80.52,100.0,
vweb-v4-with-configMap3_1.yaml,Deployment,31,7,7,4,11,0,33,422,176,2,99530.5,32.13,99562.63,True,True,True,15,0,80.52,100.0,
vweb-v4-with-configMap_1.yaml,Deployment,31,7,7,4,11,0,33,422,176,2,99365.16,31.66,99396.82,True,True,True,15,0,80.52,100.0,
vweb-v41-with-configMap1_1.yaml,Deployment,31,7,7,4,11,0,33,422,176,2,99243.68,32.19,99275.87,True,True,True,15,0,80.52,100.0,
vweb-v41-with-configMap2_1.yaml,Deployment,31,7,7,4,11,0,33,422,176,2,99491.36,31.55,99522.91,True,True,True,15,0,80.52,100.0,
vweb-v41-with-configMap3_1.yaml,Deployment,31,7,7,4,11,0,33,422,176,2,99406.43,32.3,99438.73,True,True,True,15,0,80.52,100.0,
vweb-v41-with-configMap_1.yaml,Deployment,31,7,7,4,11,0,33,422,176,2,99460.84,31.85,99492.69,True,True,True,15,0,80.52,100.0,
vweb-with-parser.yaml,Deployment,31,8,8,4,12,0,24,422,178,1,99329.55,26.32,99355.87,True,True,True,22,6,53.33,100.0,
vweb-with-parser1.yaml,Deployment,31,8,8,4,12,0,24,422,178,1,99457.71,25.59,99483.3,True,True,True,22,6,53.33,100.0,
vweb-with-parser2.yaml,Deployment,31,8,8,4,12,0,24,422,178,1,99380.12,26.22,99406.34,True,True,True,22,6,53.33,100.0,
vweb-with-parser3.yaml,Deployment,31,8,8,4,12,0,24,422,178,1,99181.38,25.81,99207.19,True,True,True,22,6,53.33,100.0,
vzconn_deployment.yaml,Deployment,31,4,4,5,9,0,69,422,77,1440,100552.86,83.61,100636.47,True,True,True,11,2,93.84,100.0,
vzconn_deployment1.yaml,Deployment,31,4,4,5,9,0,69,422,77,1440,100496.59,81.82,100578.41,True,True,True,11,2,93.84,100.0,
vzconn_service.yaml,Service,6,2,2,0,2,0,20,13,4,3,28003.78,13.87,28017.65,True,True,True,2,3,85.71,100.0,
vzconn_service2.yaml,Service,6,2,2,0,2,0,20,13,4,3,27988.24,14.17,28002.41,True,True,True,2,3,85.71,100.0,
vzconn_service3.yaml,Service,6,2,2,0,2,0,20,13,4,3,28232.47,13.54,28246.01,True,True,True,2,3,85.71,100.0,
vzconn_service5.yaml,Service,6,2,2,0,2,0,20,13,4,3,27989.86,13.81,28003.67,True,True,True,2,3,85.71,100.0,
vzmgr_deployment.yaml,Deployment,31,4,4,5,9,0,75,422,77,360,100681.44,83.76,100765.2,True,True,True,11,2,94.01,100.0,
vzmgr_deployment1.yaml,Deployment,31,4,4,5,9,0,75,422,77,360,100549.03,85.39,100634.42,True,True,True,11,2,94.01,100.0,
vzmgr_service.yaml,Service,6,1,1,0,1,0,18,13,2,1,28437.88,11.25,28449.13,True,True,True,1,2,89.66,100.0,
vzmgr_service1.yaml,Service,6,1,1,0,1,0,18,13,2,1,28250.87,11.25,28262.12,True,True,True,1,2,89.66,100.0,
WaitForFirstConsumer-sc.yaml,StorageClass,1,1,1,0,1,0,8,3,3,1,10433.37,7.62,10440.99,True,True,True,2,2,77.78,100.0,
wallet-secret.yaml,Secret,4,0,0,0,0,0,7,14,0,2,7178.45,0.0,7178.45,True,True,True,0,0,100.0,
wallet-secret1.yaml,Secret,4,0,0,0,0,0,7,14,0,2,7201.72,0.0,7201.72,True,True,True,0,0,100.0,
wallet-secret2.yaml,Secret,4,0,0,0,0,0,7,14,0,2,7436.57,0.0,7436.57,True,True,True,0,0,100.0,
wallet-secret2_1.yaml,Secret,4,0,0,0,0,0,7,14,0,2,7169.86,0.0,7169.86,True,True,True,0,0,100.0,
wallet-secret3.yaml,Secret,4,0,0,0,0,0,7,14,0,2,7193.75,0.0,7193.75,True,True,True,0,0,100.0,
wallet-secret4.yaml,Secret,4,0,0,0,0,0,7,14,0,3,7442.03,0.0,7442.03,True,True,True,0,0,100.0,
wallet-secret4_1.yaml,Secret,4,0,0,0,0,0,7,14,0,2,7179.16,0.0,7179.16,True,True,True,0,0,100.0,
wallet-secret4_2.yaml,Secret,4,0,0,0,0,0,7,14,0,3,7503.96,0.0,7503.96,True,True,True,0,0,100.0,
wallet-secret5.yaml,Secret,4,0,0,0,0,0,7,14,0,2,7216.68,0.0,7216.68,True,True,True,0,0,100.0,
wallet-secret_1.yaml,Secret,4,0,0,0,0,0,7,14,0,3,7163.48,0.0,7163.48,True,True,True,0,0,100.0,
wapp-pod-private.yaml,Pod,61,13,13,6,19,0,17,481,187,1,181077.38,25.3,181102.68,True,True,True,24,2,56.67,100.0,
wapp-pod.yaml,Pod,61,14,14,6,20,0,17,481,190,1,180871.63,24.7,180896.33,True,True,True,27,7,39.29,100.0,
wapp-svc2.yaml,Service,6,2,2,0,2,0,21,13,4,1,28248.04,12.86,28260.9,True,True,True,2,4,82.35,100.0,
wapp0.1-depl-priv.yaml,Deployment,31,7,7,4,11,0,38,422,176,2,99495.94,33.62,99529.56,True,True,True,18,3,74.7,100.0,
wapp0.1-depl.yaml,Deployment,31,7,7,4,11,0,36,422,176,2,99358.01,32.16,99390.17,True,True,True,18,3,74.7,100.0,
wapp0.1-svc-selector.yaml,Service,6,6,1,0,1,0,19,13,13,1,18009.32,12.11,18021.43,True,False,True,4,4,78.95,100.0,
wapp0.1-svc.yaml,Service,6,1,1,0,1,0,10,13,2,1,28232.21,7.85,28240.06,True,True,True,2,2,83.33,100.0,
warehouse-ingress.yaml,Ingress,3,1,1,0,1,0,19,4,2,18,14006.1,44.92,14051.02,True,True,True,49,45,17.54,100.0,
warehouse-ingress1.yaml,Ingress,3,1,1,0,1,0,19,4,2,18,13981.56,44.81,14026.37,True,True,True,49,45,17.54,100.0,
warehouse-ingress2.yaml,Ingress,3,1,1,0,1,0,19,4,2,18,13800.69,44.56,13845.25,True,True,True,49,45,17.54,100.0,
was-nlb.yaml,Service,6,2,2,0,2,0,17,13,4,2,28279.77,11.35,28291.12,True,True,True,3,3,80.0,100.0,
was-pod-definition.yaml,Pod,61,13,13,7,20,0,14,481,187,1,181218.65,23.3,181241.95,True,True,True,24,2,45.83,100.0,
was-secret.yaml,Secret,4,0,0,0,0,0,6,14,0,5,7187.53,0.0,7187.53,True,True,True,0,0,100.0,
was-service-definition.yaml,Service,6,1,1,0,1,0,15,13,2,1,28479.72,9.72,28489.44,True,True,True,3,3,75.0,100.0,
was-test-pod-definition.yaml,Pod,61,13,13,6,19,0,13,481,187,3,181251.59,22.44,181274.03,True,True,True,24,2,43.48,100.0,
was.yaml,Service,6,1,1,0,1,0,12,13,2,1,28265.03,8.58,28273.61,True,True,True,1,1,90.0,100.0,
was1.yaml,Deployment,31,7,7,2,9,0,27,422,176,2,99434.97,26.09,99461.06,True,True,True,12,1,80.0,100.0,
wasm-demo.yaml,Pod,61,13,13,7,20,0,29,481,147,1,181395.24,29.63,181424.87,True,True,True,34,16,26.47,100.0,
wasm-st.yaml,Pod,61,13,13,7,20,0,17,481,187,2,181361.82,24.66,181386.48,True,True,True,23,2,59.02,100.0,
wasm-workloads.yaml,Deployment,31,9,9,0,9,0,28,422,188,4,99137.84,25.02,99162.86,True,True,True,10,2,81.25,100.0,
wasm-workloads_1.yaml,Deployment,31,9,9,0,9,0,28,422,188,4,98753.83,25.08,98778.91,True,True,True,10,2,81.25,100.0,
wasm-workloads_3.yaml,Service,6,1,1,0,1,0,15,13,2,1,28500.24,9.86,28510.1,True,True,True,1,1,91.67,100.0,
wasm-workloads_4.yaml,Service,6,1,1,0,1,0,15,13,2,1,28231.16,9.94,28241.1,True,True,True,1,1,91.67,100.0,
wasm-workloads_5.yaml,Ingress,3,1,1,0,1,0,19,4,2,6,14019.99,23.33,14043.32,True,True,True,4,0,93.1,100.0,
was_1.yaml,Deployment,31,7,7,4,11,0,23,422,176,1,99451.09,24.25,99475.34,True,True,True,15,0,72.73,100.0,
watch.yaml,Deployment,31,8,8,4,12,0,20,422,178,1,99197.63,23.65,99221.28,True,True,True,16,2,65.38,100.0,
watched-ns-ingress.yaml,Ingress,3,1,1,0,1,0,19,4,2,2,13988.35,21.08,14009.43,True,True,True,4,0,92.59,100.0,
watched-ns2-ingress.yaml,Ingress,3,1,1,0,1,0,19,4,2,2,13748.11,21.23,13769.34,True,True,True,4,0,92.59,100.0,
watcher.yaml,Deployment,31,9,9,3,12,0,39,422,188,8,98880.2,34.99,98915.19,True,True,True,27,18,48.28,100.0,
watcher1.yaml,Deployment,31,9,9,3,12,0,39,422,188,8,98982.62,34.26,99016.88,True,True,True,27,18,48.28,100.0,
watchlog.yaml,DaemonSet,31,11,11,1,12,0,54,423,253,2000,98877.24,54.75,98931.99,True,True,True,47,65,34.88,100.0,
waypoint-no-network-label_1.yaml,ServiceAccount,3,0,0,0,0,0,13,7,0,4,7662.66,0.0,7662.66,True,True,True,0,0,100.0,
waypoint-no-network-label_3.yaml,Service,6,1,1,0,1,0,25,13,2,8,28391.0,21.52,28412.52,True,True,True,2,3,91.23,100.0,
wazuh-api-cred-secret.yaml,Secret,4,0,0,0,0,0,7,14,0,2,7238.86,0.0,7238.86,True,True,True,0,0,100.0,
wazuh-api-cred-secret1.yaml,Secret,4,0,0,0,0,0,7,14,0,2,7465.07,0.0,7465.07,True,True,True,0,0,100.0,
wazuh-api-cred-secret2.yaml,Secret,4,0,0,0,0,0,7,14,0,2,7190.63,0.0,7190.63,True,True,True,0,0,100.0,
wazuh-api-cred-secret3.yaml,Secret,4,0,0,0,0,0,7,14,0,2,7185.99,0.0,7185.99,True,True,True,0,0,100.0,
wazuh-authd-pass-secret.yaml,Secret,4,0,0,0,0,0,7,14,0,1,7455.21,0.0,7455.21,True,True,True,0,0,100.0,
wazuh-authd-pass-secret1.yaml,Secret,4,0,0,0,0,0,7,14,0,1,7180.13,0.0,7180.13,True,True,True,0,0,100.0,
wazuh-authd-pass-secret2.yaml,Secret,4,0,0,0,0,0,7,14,0,1,7459.79,0.0,7459.79,True,True,True,0,0,100.0,
wazuh-authd-pass-secret3.yaml,Secret,4,0,0,0,0,0,7,14,0,1,7243.14,0.0,7243.14,True,True,True,0,0,100.0,
wazuh-cluster-key-secret.yaml,Secret,4,0,0,0,0,0,7,14,0,1,7262.85,0.0,7262.85,True,True,True,0,0,100.0,
wazuh-cluster-key-secret1.yaml,Secret,4,0,0,0,0,0,7,14,0,1,7428.15,0.0,7428.15,True,True,True,0,0,100.0,
wazuh-cluster-key-secret2.yaml,Secret,4,0,0,0,0,0,7,14,0,1,7209.05,0.0,7209.05,True,True,True,0,0,100.0,
wazuh-cluster-key-secret3.yaml,Secret,4,0,0,0,0,0,7,14,0,1,7173.28,0.0,7173.28,True,True,True,0,0,100.0,
wazuh-cluster-svc.yaml,Service,6,1,1,0,1,0,18,13,2,1,28537.61,12.09,28549.7,True,True,True,3,3,87.5,100.0,
wazuh-cluster-svc1.yaml,Service,6,1,1,0,1,0,18,13,2,1,28316.42,12.01,28328.43,True,True,True,3,3,87.5,100.0,
wazuh-cluster-svc2.yaml,Service,6,1,1,0,1,0,18,13,2,1,28523.14,12.27,28535.41,True,True,True,3,3,87.5,100.0,
wazuh-cluster-svc3.yaml,Service,6,1,1,0,1,0,18,13,2,1,28265.43,12.2,28277.63,True,True,True,3,3,87.5,100.0,
wazuh-cluster-svc4.yaml,Service,6,1,1,0,1,0,18,13,2,1,28246.48,12.04,28258.52,True,True,True,3,3,87.5,100.0,
wazuh-master-resources.yaml,Unknown,SCHEMA_ERROR,,,,,,0,0,0,0,457.11,0.0,457.11,,,,0,0,0.0,0.0,"C:\Users\CAOSD\projects\tool-security-rules\resources\dataset_yamls\original_yamls_10k\wazuh-master-resources.yaml - StatefulSet wazuh-manager-master is invalid: problem validating schema. Check JSON formatting: jsonschema validation failed with 'https://raw.githubusercontent.com/yannh/kubernetes-json-schema/master/master-standalone-strict/statefulset-apps-v1.json#' - at '/spec': missing property 'selector' | Summary: 1 resource found in 1 file - Valid: 0, Invalid: 1, Errors: 0, Skipped: 0"
wazuh-master-resources1.yaml,Unknown,SCHEMA_ERROR,,,,,,0,0,0,0,431.57,0.0,431.57,,,,0,0,0.0,0.0,"C:\Users\CAOSD\projects\tool-security-rules\resources\dataset_yamls\original_yamls_10k\wazuh-master-resources1.yaml - StatefulSet wazuh-manager-master is invalid: problem validating schema. Check JSON formatting: jsonschema validation failed with 'https://raw.githubusercontent.com/yannh/kubernetes-json-schema/master/master-standalone-strict/statefulset-apps-v1.json#' - at '/spec': missing property 'selector' | Summary: 1 resource found in 1 file - Valid: 0, Invalid: 1, Errors: 0, Skipped: 0"
wazuh-master-resources2.yaml,Unknown,SCHEMA_ERROR,,,,,,0,0,0,0,329.05,0.0,329.05,,,,0,0,0.0,0.0,"C:\Users\CAOSD\projects\tool-security-rules\resources\dataset_yamls\original_yamls_10k\wazuh-master-resources2.yaml - StatefulSet wazuh-manager-master is invalid: problem validating schema. Check JSON formatting: jsonschema validation failed with 'https://raw.githubusercontent.com/yannh/kubernetes-json-schema/master/master-standalone-strict/statefulset-apps-v1.json#' - at '/spec': missing property 'selector' | Summary: 1 resource found in 1 file - Valid: 0, Invalid: 1, Errors: 0, Skipped: 0"
wazuh-master-resources3.yaml,Unknown,SCHEMA_ERROR,,,,,,0,0,0,0,280.51,0.0,280.51,,,,0,0,0.0,0.0,"C:\Users\CAOSD\projects\tool-security-rules\resources\dataset_yamls\original_yamls_10k\wazuh-master-resources3.yaml - StatefulSet wazuh-manager-master is invalid: problem validating schema. Check JSON formatting: jsonschema validation failed with 'https://raw.githubusercontent.com/yannh/kubernetes-json-schema/master/master-standalone-strict/statefulset-apps-v1.json#' - at '/spec': missing property 'selector' | Summary: 1 resource found in 1 file - Valid: 0, Invalid: 1, Errors: 0, Skipped: 0"
wazuh-master-sts.yaml,StatefulSet,31,8,8,2,10,0,59,424,193,10000,100216.49,119.25,100335.74,True,True,True,133,125,20.86,100.0,
wazuh-master-sts1.yaml,StatefulSet,31,8,8,2,10,0,59,424,193,10000,100147.04,118.22,100265.26,True,True,True,133,125,20.86,100.0,
wazuh-master-sts2.yaml,StatefulSet,31,8,8,2,10,0,59,424,193,10000,100309.84,118.18,100428.02,True,True,True,133,125,20.86,100.0,
wazuh-master-sts3.yaml,StatefulSet,31,8,8,2,10,0,59,424,193,10000,100185.6,119.86,100305.46,True,True,True,133,125,20.86,100.0,
wazuh-master-sts4.yaml,StatefulSet,31,8,8,0,8,0,61,424,193,10000,100166.11,118.86,100284.97,True,True,True,132,128,21.21,100.0,
wazuh-master-svc.yaml,Service,6,2,2,0,2,0,22,13,4,4,27931.61,16.91,27948.52,True,True,True,7,7,78.12,100.0,
wazuh-master-svc1.yaml,Service,6,2,2,0,2,0,22,13,4,4,28288.85,16.95,28305.8,True,True,True,7,7,78.12,100.0,
wazuh-master-svc2.yaml,Service,6,1,1,0,1,0,22,13,2,4,28310.84,16.75,28327.59,True,True,True,2,2,93.75,100.0,
wazuh-master-svc3.yaml,Service,6,2,2,0,2,0,22,13,4,4,28029.08,17.01,28046.09,True,True,True,7,7,78.12,100.0,
wazuh-master-svc4.yaml,Service,6,2,2,0,2,0,22,13,4,8,28280.33,17.66,28297.99,True,True,True,7,7,79.41,100.0,
wazuh-resources.yaml,Unknown,SCHEMA_ERROR,,,,,,0,0,0,0,462.13,0.0,462.13,,,,0,0,0.0,0.0,"C:\Users\CAOSD\projects\tool-security-rules\resources\dataset_yamls\original_yamls_10k\wazuh-resources.yaml - StatefulSet wazuh-manager-worker is invalid: problem validating schema. Check JSON formatting: jsonschema validation failed with 'https://raw.githubusercontent.com/yannh/kubernetes-json-schema/master/master-standalone-strict/statefulset-apps-v1.json#' - at '/spec': missing properties 'selector', 'template' | Summary: 1 resource found in 1 file - Valid: 0, Invalid: 1, Errors: 0, Skipped: 0"
wazuh-resources1.yaml,Unknown,SCHEMA_ERROR,,,,,,0,0,0,0,397.06,0.0,397.06,,,,0,0,0.0,0.0,"C:\Users\CAOSD\projects\tool-security-rules\resources\dataset_yamls\original_yamls_10k\wazuh-resources1.yaml - StatefulSet wazuh-manager-worker is invalid: problem validating schema. Check JSON formatting: jsonschema validation failed with 'https://raw.githubusercontent.com/yannh/kubernetes-json-schema/master/master-standalone-strict/statefulset-apps-v1.json#' - at '/spec': missing properties 'selector', 'template' | Summary: 1 resource found in 1 file - Valid: 0, Invalid: 1, Errors: 0, Skipped: 0"
wazuh-resources2.yaml,Unknown,SCHEMA_ERROR,,,,,,0,0,0,0,265.49,0.0,265.49,,,,0,0,0.0,0.0,"C:\Users\CAOSD\projects\tool-security-rules\resources\dataset_yamls\original_yamls_10k\wazuh-resources2.yaml - StatefulSet wazuh-manager-worker is invalid: problem validating schema. Check JSON formatting: jsonschema validation failed with 'https://raw.githubusercontent.com/yannh/kubernetes-json-schema/master/master-standalone-strict/statefulset-apps-v1.json#' - at '/spec': missing properties 'selector', 'template' | Summary: 1 resource found in 1 file - Valid: 0, Invalid: 1, Errors: 0, Skipped: 0"
wazuh-resources3.yaml,Unknown,SCHEMA_ERROR,,,,,,0,0,0,0,261.89,0.0,261.89,,,,0,0,0.0,0.0,"C:\Users\CAOSD\projects\tool-security-rules\resources\dataset_yamls\original_yamls_10k\wazuh-resources3.yaml - StatefulSet wazuh-manager-worker is invalid: problem validating schema. Check JSON formatting: jsonschema validation failed with 'https://raw.githubusercontent.com/yannh/kubernetes-json-schema/master/master-standalone-strict/statefulset-apps-v1.json#' - at '/spec': missing properties 'selector', 'template' | Summary: 1 resource found in 1 file - Valid: 0, Invalid: 1, Errors: 0, Skipped: 0"
wazuh-worker-resources.yaml,Unknown,SCHEMA_ERROR,,,,,,0,0,0,0,334.44,0.0,334.44,,,,0,0,0.0,0.0,"C:\Users\CAOSD\projects\tool-security-rules\resources\dataset_yamls\original_yamls_10k\wazuh-worker-resources.yaml - StatefulSet wazuh-manager-worker is invalid: problem validating schema. Check JSON formatting: jsonschema validation failed with 'https://raw.githubusercontent.com/yannh/kubernetes-json-schema/master/master-standalone-strict/statefulset-apps-v1.json#' - at '/spec': missing property 'selector' | Summary: 1 resource found in 1 file - Valid: 0, Invalid: 1, Errors: 0, Skipped: 0"
wazuh-worker-resources1.yaml,Unknown,SCHEMA_ERROR,,,,,,0,0,0,0,277.52,0.0,277.52,,,,0,0,0.0,0.0,"C:\Users\CAOSD\projects\tool-security-rules\resources\dataset_yamls\original_yamls_10k\wazuh-worker-resources1.yaml - StatefulSet wazuh-manager-worker is invalid: problem validating schema. Check JSON formatting: jsonschema validation failed with 'https://raw.githubusercontent.com/yannh/kubernetes-json-schema/master/master-standalone-strict/statefulset-apps-v1.json#' - at '/spec': missing property 'selector' | Summary: 1 resource found in 1 file - Valid: 0, Invalid: 1, Errors: 0, Skipped: 0"
wazuh-worker-resources2.yaml,Unknown,SCHEMA_ERROR,,,,,,0,0,0,0,288.0,0.0,288.0,,,,0,0,0.0,0.0,"C:\Users\CAOSD\projects\tool-security-rules\resources\dataset_yamls\original_yamls_10k\wazuh-worker-resources2.yaml - StatefulSet wazuh-manager-worker is invalid: problem validating schema. Check JSON formatting: jsonschema validation failed with 'https://raw.githubusercontent.com/yannh/kubernetes-json-schema/master/master-standalone-strict/statefulset-apps-v1.json#' - at '/spec': missing property 'selector' | Summary: 1 resource found in 1 file - Valid: 0, Invalid: 1, Errors: 0, Skipped: 0"
wazuh-worker-resources3.yaml,Unknown,SCHEMA_ERROR,,,,,,0,0,0,0,284.19,0.0,284.19,,,,0,0,0.0,0.0,"C:\Users\CAOSD\projects\tool-security-rules\resources\dataset_yamls\original_yamls_10k\wazuh-worker-resources3.yaml - StatefulSet wazuh-manager-worker is invalid: problem validating schema. Check JSON formatting: jsonschema validation failed with 'https://raw.githubusercontent.com/yannh/kubernetes-json-schema/master/master-standalone-strict/statefulset-apps-v1.json#' - at '/spec': missing property 'selector' | Summary: 1 resource found in 1 file - Valid: 0, Invalid: 1, Errors: 0, Skipped: 0"
wazuh-worker-sts.yaml,StatefulSet,31,8,8,2,10,0,65,424,193,3840,99958.21,109.39,100067.6,True,True,True,117,109,24.67,100.0,
wazuh-worker-sts1.yaml,StatefulSet,31,8,8,2,10,0,65,424,193,3840,99994.23,107.78,100102.01,True,True,True,117,109,24.67,100.0,
wazuh-worker-sts2.yaml,StatefulSet,31,8,8,2,10,0,65,424,193,3840,99814.41,109.16,99923.57,True,True,True,117,109,24.67,100.0,
wazuh-worker-sts3.yaml,StatefulSet,31,8,8,2,10,0,65,424,193,3840,99966.91,108.09,100075.0,True,True,True,117,109,24.67,100.0,
wazuh-worker-sts4.yaml,StatefulSet,31,8,8,0,8,0,74,424,193,10000,100504.08,113.23,100617.31,True,True,True,126,122,23.46,100.0,
wazuh-workers-svc.yaml,Service,6,2,2,0,2,0,22,13,4,2,27926.69,14.68,27941.37,True,True,True,4,4,86.21,100.0,
wazuh-workers-svc1.yaml,Service,6,2,2,0,2,0,22,13,4,2,28270.88,14.53,28285.41,True,True,True,4,4,86.21,100.0,
wazuh-workers-svc2.yaml,Service,6,1,1,0,1,0,22,13,2,2,28154.73,14.45,28169.18,True,True,True,3,3,89.66,100.0,
wazuh-workers-svc3.yaml,Service,6,2,2,0,2,0,22,13,4,2,28261.59,14.48,28276.07,True,True,True,4,4,86.21,100.0,
wazuh-workers-svc4.yaml,Service,6,2,2,0,2,0,22,13,4,4,27966.75,15.37,27982.12,True,True,True,4,4,87.1,100.0,
wcs-deployment.yaml,Deployment,31,8,8,0,8,0,61,422,186,32,99352.86,49.03,99401.89,True,True,True,9,1,92.06,100.0,
wcs-deployment_1.yaml,Service,6,1,1,0,1,0,18,13,2,2,28429.03,13.51,28442.54,True,True,True,2,2,88.24,100.0,
wear-clusterIp.yaml,Service,6,1,1,0,1,0,17,13,2,1,28261.52,10.51,28272.03,True,True,True,1,1,92.31,100.0,
wear-deploy.yaml,Deployment,31,8,8,4,12,0,24,422,178,1,99427.14,24.85,99451.99,True,True,True,16,1,70.18,100.0,
wear_service.yaml,Service,6,1,1,0,1,0,31,13,2,1,28257.48,20.48,28277.96,True,True,True,1,17,72.73,100.0,
wear_service1.yaml,Service,6,1,1,0,1,0,31,13,2,1,28554.72,20.93,28575.65,True,True,True,1,17,72.73,100.0,
weather-api.yaml,Deployment,31,9,9,0,9,0,45,422,195,24,98942.13,35.79,98977.92,True,True,True,34,30,30.43,100.0,
weather-service.yaml,Deployment,31,7,7,5,12,0,21,422,176,1,99304.16,23.54,99327.7,True,True,True,16,1,67.92,100.0,
weather-service1.yaml,Deployment,31,7,7,5,12,0,21,422,176,1,99337.94,23.69,99361.63,True,True,True,16,1,67.92,100.0,
weather-service1_1.yaml,Service,6,2,2,0,2,0,17,13,4,1,27944.11,10.68,27954.79,True,True,True,2,2,84.62,100.0,
weather-service_1.yaml,Service,6,2,2,0,2,0,17,13,4,1,27984.3,10.62,27994.92,True,True,True,2,2,84.62,100.0,
weather.yaml,Deployment,31,8,8,4,12,0,28,422,178,2,99115.91,29.84,99145.75,True,True,True,16,1,76.06,100.0,
weather1.yaml,Deployment,31,8,8,4,12,0,35,422,178,2,99067.01,33.23,99100.24,True,True,True,16,1,79.01,100.0,
weather1_1.yaml,Service,6,1,1,0,1,0,15,13,2,1,28467.25,9.85,28477.1,True,True,True,1,1,91.67,100.0,
weather2.yaml,Deployment,31,8,8,4,12,0,28,422,178,2,99209.34,30.63,99239.97,True,True,True,16,1,76.06,100.0,
weather2_1.yaml,Service,6,1,1,0,1,0,15,13,2,1,28195.36,9.75,28205.11,True,True,True,1,1,91.67,100.0,
weather3.yaml,Deployment,31,8,8,4,12,0,35,422,178,2,99234.43,33.23,99267.66,True,True,True,16,1,79.01,100.0,
weather3_1.yaml,Service,6,1,1,0,1,0,15,13,2,1,28539.75,9.83,28549.58,True,True,True,1,1,91.67,100.0,
weather4.yaml,Deployment,31,8,8,5,13,0,29,422,178,1,99202.08,28.89,99230.97,True,True,True,17,2,71.64,100.0,
weather4_1.yaml,Service,6,2,2,0,2,0,16,13,4,1,27911.47,9.82,27921.29,True,True,True,2,2,83.33,100.0,
weather5.yaml,Pod,61,15,15,6,21,0,24,481,198,3,180849.27,33.15,180882.42,True,True,True,49,20,10.39,100.0,
weatherapp-deployment.yaml,Deployment,31,7,7,5,12,0,44,422,176,2,99480.25,38.43,99518.68,True,True,True,16,3,80.41,100.0,
weatherapp-deployment_1.yaml,Service,6,2,2,0,2,0,14,13,4,1,28202.14,8.98,28211.12,True,True,True,2,2,81.82,100.0,
weatherapp-persistent.yaml,PersistentVolume,1,0,0,1,1,0,15,0,0,1,47.91,10.92,58.83,True,True,True,1,1,92.86,100.0,
weatherapp-persistent_1.yaml,PersistentVolumeClaim,2,1,1,0,1,0,11,7,3,1,13770.73,8.4,13779.13,True,True,True,1,1,90.91,100.0,
weatherapp-redis.yaml,Deployment,31,8,8,5,13,0,35,422,178,1,99060.94,31.68,99092.62,True,True,True,17,2,74.67,100.0,
weatherapp-redis_1.yaml,Service,6,2,2,0,2,0,14,13,4,1,28216.58,9.09,28225.67,True,True,True,2,2,81.82,100.0,
weatherDeploy.yaml,Deployment,31,8,8,0,8,0,39,422,178,4,99147.69,32.2,99179.89,True,True,True,9,1,87.8,100.0,
weatherDeploy_1.yaml,Service,6,2,2,0,2,0,19,13,4,1,27988.3,12.13,28000.43,True,True,True,2,2,86.67,100.0,
weather_1.yaml,Service,6,1,1,0,1,0,15,13,2,1,28193.51,10.2,28203.71,True,True,True,1,1,91.67,100.0,
weave-gitops10_3.yaml,Ingress,3,0,0,0,0,0,25,4,0,3,7450.77,0.0,7450.77,True,True,True,0,0,100.0,
weave-gitops11_10.yaml,Service,6,1,1,0,1,0,21,13,2,14,28182.51,18.3,28200.81,True,True,True,1,1,95.65,100.0,
weave-gitops11_11.yaml,Deployment,31,4,4,4,8,0,57,422,77,576,100251.07,52.53,100303.6,True,True,True,10,3,90.65,100.0,
weave-gitops11_12.yaml,Ingress,3,1,1,0,1,0,20,4,2,7,14041.26,20.98,14062.24,True,True,True,4,0,92.59,100.0,
weave-gitops11_2.yaml,ServiceAccount,3,0,0,0,0,0,7,7,0,7,7186.68,0.0,7186.68,True,True,True,0,0,100.0,
weave-gitops11_3.yaml,Secret,4,0,0,0,0,0,11,14,0,4,7449.59,0.0,7449.59,True,True,True,0,0,100.0,
weave-gitops11_6.yaml,ClusterRoleBinding,4,0,0,0,0,0,16,12,0,2,7209.48,0.0,7209.48,True,True,True,0,0,100.0,
weave-gitops11_7.yaml,ClusterRoleBinding,4,0,0,0,0,0,16,12,0,7,7196.14,0.0,7196.14,True,True,True,0,0,100.0,
weave-gitops11_9.yaml,RoleBinding,4,0,0,0,0,0,17,12,0,2,7454.92,0.0,7454.92,True,True,True,0,0,100.0,
weave-gitops2_3.yaml,Ingress,3,0,0,0,0,0,25,4,0,3,7216.77,0.0,7216.77,True,True,True,0,0,100.0,
weave-gitops6_3.yaml,Ingress,3,0,0,0,0,0,25,4,0,3,7221.37,0.0,7221.37,True,True,True,0,0,100.0,
weaviate1.yaml,Deployment,31,8,8,3,11,0,36,422,178,2,99592.82,32.89,99625.71,True,True,True,13,2,80.52,100.0,
weaviate1_1.yaml,Service,6,1,1,0,1,0,14,13,2,1,28274.5,9.18,28283.68,True,True,True,1,1,90.91,100.0,
weaviate2.yaml,ServiceAccount,3,0,0,0,0,0,7,7,0,1,7183.16,0.0,7183.16,True,True,True,0,0,100.0,
weaviate2_2.yaml,RoleBinding,4,0,0,0,0,0,15,12,0,1,7465.27,0.0,7465.27,True,True,True,0,0,100.0,
weaviate2_3.yaml,StatefulSet,31,8,8,0,8,0,44,424,185,36,99339.28,48.33,99387.61,True,True,True,8,5,89.43,100.0,
web-003.yaml,Deployment,31,8,8,5,13,0,63,422,186,2,99209.3,53.65,99262.95,True,True,True,18,5,82.44,100.0,
web-api.yaml,Secret,4,0,0,0,0,0,10,14,0,1,7188.96,0.0,7188.96,True,True,True,0,0,100.0,
web-api1.yaml,Deployment,31,8,8,2,10,0,28,422,178,4,99225.25,28.12,99253.37,True,True,True,12,1,81.16,100.0,
web-api1_1.yaml,Service,6,1,1,0,1,0,15,13,2,1,28216.15,9.93,28226.08,True,True,True,1,1,91.67,100.0,
web-app-2-pods-with-service.yaml,Pod,61,13,13,6,19,0,15,481,187,2,181182.87,22.81,181205.68,True,True,True,23,2,46.81,100.0,
web-app-2-pods-with-service1.yaml,Pod,61,13,13,6,19,0,15,481,187,2,181340.51,23.13,181363.64,True,True,True,23,2,46.81,100.0,
web-app-2-pods-with-service1_1.yaml,Pod,61,13,13,6,19,0,15,481,187,2,180960.53,22.62,180983.15,True,True,True,23,2,46.81,100.0,
web-app-2-pods-with-service_1.yaml,Pod,61,13,13,6,19,0,15,481,187,2,180897.62,22.77,180920.39,True,True,True,23,2,46.81,100.0,
web-app-deployment.yaml,Deployment,31,7,7,5,12,0,21,422,176,1,99277.61,23.85,99301.46,True,True,True,16,1,67.92,100.0,
web-app-deployment1.yaml,Deployment,31,7,7,5,12,0,21,422,176,1,99348.8,24.84,99373.64,True,True,True,16,1,67.92,100.0,
web-app-deployment2.yaml,Deployment,31,7,7,5,12,0,19,422,176,2,99192.07,33.31,99225.38,True,True,True,33,3,51.35,100.0,
web-app-deployment3.yaml,Deployment,31,8,8,4,12,0,25,422,178,1,98989.16,25.72,99014.88,True,True,True,21,6,54.24,100.0,
web-app-deployment4.yaml,Service,6,1,1,0,1,0,18,13,2,2,28237.29,14.22,28251.51,True,True,True,2,2,88.89,100.0,
web-app-deployment5.yaml,Deployment,31,8,8,5,13,0,21,422,178,1,99044.8,24.14,99068.94,True,True,True,17,2,64.15,100.0,
web-app-ingress.yaml,Ingress,3,1,1,0,1,0,19,4,2,1,14017.78,15.83,14033.61,True,True,True,5,1,85.0,100.0,
web-app-service.yaml,Service,6,1,1,0,1,0,16,13,2,1,28267.7,9.96,28277.66,True,True,True,1,1,91.67,100.0,
web-app-service1.yaml,Service,6,1,1,0,1,0,16,13,2,1,28514.64,9.84,28524.48,True,True,True,1,1,91.67,100.0,
web-app-service2.yaml,Service,6,2,2,0,2,0,16,13,4,1,27924.79,9.87,27934.66,True,True,True,2,2,84.62,100.0,
web-app-service3.yaml,Service,6,2,2,0,2,0,19,13,4,1,27986.3,12.0,27998.3,True,True,True,6,6,60.0,100.0,
web-app-service4.yaml,Service,6,2,2,0,2,0,16,13,4,1,28188.95,9.84,28198.79,True,True,True,2,2,83.33,100.0,
web-app-v1-deployment.yaml,Deployment,31,7,7,4,11,0,21,422,176,1,99297.46,24.41,99321.87,True,True,True,15,0,71.7,100.0,
web-app-v1-deployment1.yaml,Deployment,31,7,7,4,11,0,21,422,176,1,99295.11,23.61,99318.72,True,True,True,15,0,71.7,100.0,
web-app-v1-service.yaml,Service,6,1,1,0,1,0,16,13,2,1,28180.22,9.72,28189.94,True,True,True,1,1,91.67,100.0,
web-app-v1-service1.yaml,Service,6,1,1,0,1,0,16,13,2,1,28463.46,9.77,28473.23,True,True,True,1,1,91.67,100.0,
web-app-v2-deployment.yaml,Deployment,31,7,7,4,11,0,21,422,176,1,99357.1,23.63,99380.73,True,True,True,15,0,71.7,100.0,
web-app-v2-deployment1.yaml,Deployment,31,7,7,4,11,0,21,422,176,1,99375.77,23.71,99399.48,True,True,True,15,0,71.7,100.0,
web-app-v2-service.yaml,Service,6,1,1,0,1,0,16,13,2,1,28205.12,9.9,28215.02,True,True,True,1,1,91.67,100.0,
web-app-v2-service1.yaml,Service,6,1,1,0,1,0,16,13,2,1,28530.52,9.85,28540.37,True,True,True,1,1,91.67,100.0,
web-app-with-service.yaml,Pod,61,13,13,6,19,0,15,481,187,1,181016.36,22.1,181038.46,True,True,True,24,4,39.13,100.0,
web-app-with-service1.yaml,Pod,61,13,13,6,19,0,15,481,187,1,181043.1,22.3,181065.4,True,True,True,24,4,39.13,100.0,
web-app.yaml,Deployment,31,8,8,5,13,0,24,422,178,3,99000.21,24.74,99024.95,True,True,True,18,4,64.52,100.0,
web-app1.yaml,Deployment,31,8,8,5,13,0,30,422,178,3,99071.85,37.76,99109.61,True,True,True,17,2,78.65,100.0,
web-app10.yaml,Deployment,31,8,8,5,13,0,30,422,178,3,99128.7,37.42,99166.12,True,True,True,17,2,78.65,100.0,
web-app10_1.yaml,Service,6,2,2,0,2,0,17,13,4,1,27940.68,10.42,27951.1,True,True,True,2,2,84.62,100.0,
web-app11.yaml,Deployment,31,8,8,5,13,0,30,422,178,3,98981.97,46.61,99028.58,True,True,True,17,2,78.65,100.0,
web-app11_1.yaml,Service,6,1,1,0,1,0,16,13,2,1,28143.83,9.89,28153.72,True,True,True,1,1,91.67,100.0,
web-app12.yaml,Unknown,SCHEMA_ERROR,,,,,,0,0,0,0,393.71,0.0,393.71,,,,0,0,0.0,0.0,"C:\Users\CAOSD\projects\tool-security-rules\resources\dataset_yamls\original_yamls_10k\web-app12.yaml - Deployment webapp-deployment is invalid: problem validating schema. Check JSON formatting: jsonschema validation failed with 'https://raw.githubusercontent.com/yannh/kubernetes-json-schema/master/master-standalone-strict/deployment-apps-v1.json#' - at '/spec/template/spec/containers/0/env/0': additional properties 'valueFROM' not allowed | Summary: 1 resource found in 1 file - Valid: 0, Invalid: 1, Errors: 0, Skipped: 0"
web-app12_1.yaml,Service,6,2,2,0,2,0,17,13,4,1,28179.83,10.72,28190.55,True,True,True,2,2,84.62,100.0,
web-app13.yaml,Service,6,2,2,0,2,0,16,13,4,1,27970.12,10.94,27981.06,True,True,True,4,4,81.82,100.0,
web-app14.yaml,Deployment,31,8,8,5,13,0,30,422,178,3,98953.93,36.84,98990.77,True,True,True,17,2,78.65,100.0,
web-app14_1.yaml,Service,6,2,2,0,2,0,17,13,4,1,28163.75,10.67,28174.42,True,True,True,2,2,84.62,100.0,
web-app15.yaml,Deployment,31,8,8,5,13,0,30,422,178,3,99077.71,36.92,99114.63,True,True,True,17,2,78.65,100.0,
web-app15_1.yaml,Service,6,2,2,0,2,0,17,13,4,1,27914.11,10.69,27924.8,True,True,True,2,2,84.62,100.0,
web-app16.yaml,Deployment,31,8,8,5,13,0,30,422,178,3,99029.09,36.67,99065.76,True,True,True,17,2,78.65,100.0,
web-app16_1.yaml,Service,6,2,2,0,2,0,17,13,4,1,27962.72,10.45,27973.17,True,True,True,2,2,84.62,100.0,
web-app17.yaml,Deployment,31,8,8,5,13,0,30,422,178,3,99096.9,36.96,99133.86,True,True,True,17,2,78.65,100.0,
web-app17_1.yaml,Service,6,2,2,0,2,0,17,13,4,1,28195.66,10.76,28206.42,True,True,True,2,2,84.62,100.0,
web-app18.yaml,Deployment,31,8,8,1,9,0,35,422,178,12,99084.17,37.69,99121.86,True,True,True,10,2,87.5,100.0,
web-app18_1.yaml,Service,6,2,2,0,2,0,17,13,4,1,27893.82,10.45,27904.27,True,True,True,2,2,84.62,100.0,
web-app19.yaml,Deployment,31,8,8,3,11,0,33,422,178,6,99096.08,37.13,99133.21,True,True,True,13,2,83.87,100.0,
web-app19_1.yaml,Service,6,2,2,0,2,0,17,13,4,1,28180.61,10.54,28191.15,True,True,True,2,2,84.62,100.0,
web-app1_1.yaml,Service,6,2,2,0,2,0,17,13,4,1,27928.45,10.46,27938.91,True,True,True,2,2,84.62,100.0,
web-app2.yaml,Deployment,31,8,8,5,13,0,24,422,178,3,98929.05,24.7,98953.75,True,True,True,18,4,64.52,100.0,
web-app20.yaml,Service,6,2,2,0,2,0,21,13,4,1,27967.62,12.77,27980.39,True,True,True,2,2,87.5,100.0,
web-app20_1.yaml,Deployment,31,8,8,4,12,0,37,422,178,3,99117.59,59.47,99177.06,True,True,True,31,2,76.6,100.0,
web-app21.yaml,Deployment,31,7,7,5,12,0,30,422,176,3,99278.62,37.01,99315.63,True,True,True,16,1,80.9,100.0,
web-app21_1.yaml,Service,6,2,2,0,2,0,17,13,4,1,28185.37,10.51,28195.88,True,True,True,2,2,84.62,100.0,
web-app22.yaml,Deployment,31,8,8,5,13,0,30,422,178,3,98991.16,37.63,99028.79,True,True,True,17,2,78.65,100.0,
web-app22_1.yaml,Service,6,2,2,0,2,0,17,13,4,1,27881.42,10.49,27891.91,True,True,True,2,2,84.62,100.0,
web-app23.yaml,Deployment,31,8,8,5,13,0,24,422,178,4,99100.48,30.64,99131.12,True,True,True,17,2,73.24,100.0,
web-app23_1.yaml,Service,6,2,2,0,2,0,17,13,4,1,28206.29,10.58,28216.87,True,True,True,2,2,84.62,100.0,
web-app24.yaml,Deployment,31,8,8,5,13,0,30,422,178,3,99022.21,37.33,99059.54,True,True,True,17,2,78.65,100.0,
web-app24_1.yaml,Service,6,2,2,0,2,0,17,13,4,1,27929.87,10.77,27940.64,True,True,True,2,2,84.62,100.0,
web-app25.yaml,Deployment,31,8,8,5,13,0,30,422,178,3,99019.31,37.42,99056.73,True,True,True,17,2,78.65,100.0,
web-app25_1.yaml,Service,6,2,2,0,2,0,17,13,4,1,27926.14,10.62,27936.76,True,True,True,2,2,84.62,100.0,
web-app26.yaml,Deployment,31,8,8,5,13,0,30,422,178,3,98999.92,37.15,99037.07,True,True,True,17,2,78.65,100.0,
web-app26_1.yaml,Service,6,2,2,0,2,0,17,13,4,1,28183.88,10.44,28194.32,True,True,True,2,2,84.62,100.0,
web-app27.yaml,Deployment,31,8,8,5,13,0,30,422,178,3,99063.61,37.32,99100.93,True,True,True,17,2,78.65,100.0,
web-app27_1.yaml,Service,6,1,1,0,1,0,15,13,2,1,28180.87,9.88,28190.75,True,True,True,1,1,91.67,100.0,
web-app28.yaml,Deployment,31,8,8,5,13,0,30,422,178,3,98991.81,37.57,99029.38,True,True,True,17,2,78.65,100.0,
web-app28_1.yaml,Service,6,2,2,0,2,0,17,13,4,1,28147.62,10.57,28158.19,True,True,True,2,2,84.62,100.0,
web-app29.yaml,Deployment,31,8,8,5,13,0,30,422,178,3,99215.38,38.0,99253.38,True,True,True,17,2,78.65,100.0,
web-app29_1.yaml,Service,6,2,2,0,2,0,17,13,4,1,27929.61,10.52,27940.13,True,True,True,2,2,84.62,100.0,
web-app2_1.yaml,Service,6,2,2,0,2,0,20,13,4,1,28232.5,11.94,28244.44,True,True,True,2,2,86.67,100.0,
web-app3.yaml,Deployment,31,8,8,5,13,0,30,422,178,3,98731.31,36.86,98768.17,True,True,True,17,2,78.65,100.0,
web-app30.yaml,Deployment,31,8,8,5,13,0,27,422,178,3,99012.18,35.99,99048.17,True,True,True,17,2,77.65,100.0,
web-app30_1.yaml,Service,6,1,1,0,1,0,15,13,2,1,28433.55,9.72,28443.27,True,True,True,1,1,91.67,100.0,
web-app31.yaml,Deployment,31,8,8,5,13,0,30,422,178,3,99082.41,37.16,99119.57,True,True,True,17,2,78.65,100.0,
web-app31_1.yaml,Service,6,2,2,0,2,0,17,13,4,1,27932.73,10.57,27943.3,True,True,True,2,2,84.62,100.0,
web-app32.yaml,Deployment,31,7,7,5,12,0,30,422,176,1,99356.68,29.07,99385.75,True,True,True,16,1,75.36,100.0,
web-app32_1.yaml,Service,6,2,2,0,2,0,17,13,4,1,28153.27,10.69,28163.96,True,True,True,2,2,84.62,100.0,
web-app33.yaml,Deployment,31,8,8,4,12,0,30,422,178,3,99112.44,37.18,99149.62,True,True,True,16,1,80.9,100.0,
web-app33_1.yaml,Service,6,2,2,0,2,0,17,13,4,1,27907.81,10.68,27918.49,True,True,True,2,2,84.62,100.0,
web-app34.yaml,Deployment,31,8,8,5,13,0,30,422,178,3,99105.64,37.29,99142.93,True,True,True,17,2,78.65,100.0,
web-app34_1.yaml,Service,6,2,2,0,2,0,17,13,4,1,27943.26,10.53,27953.79,True,True,True,2,2,84.62,100.0,
web-app3_1.yaml,Service,6,2,2,0,2,0,17,13,4,1,28154.45,10.52,28164.97,True,True,True,2,2,84.62,100.0,
web-app4.yaml,Deployment,31,8,8,5,13,0,30,422,178,3,99067.9,37.71,99105.61,True,True,True,17,2,78.65,100.0,
web-app4_1.yaml,Service,6,2,2,0,2,0,17,13,4,1,27966.67,10.53,27977.2,True,True,True,2,2,84.62,100.0,
web-app5.yaml,Deployment,31,8,8,5,13,0,30,422,178,3,99140.33,37.26,99177.59,True,True,True,17,2,78.65,100.0,
web-app5_1.yaml,Service,6,2,2,0,2,0,17,13,4,1,28193.63,10.48,28204.11,True,True,True,2,2,84.62,100.0,
web-app6.yaml,Deployment,31,8,8,5,13,0,30,422,178,3,99174.17,37.38,99211.55,True,True,True,17,2,78.65,100.0,
web-app6_1.yaml,Service,6,2,2,0,2,0,17,13,4,1,27947.37,10.76,27958.13,True,True,True,2,2,84.62,100.0,
web-app7.yaml,Deployment,31,8,8,5,13,0,30,422,178,3,99121.85,37.89,99159.74,True,True,True,36,21,35.96,100.0,
web-app8.yaml,Deployment,31,7,7,4,11,0,24,422,176,1,99296.64,25.13,99321.77,True,True,True,19,4,59.65,100.0,
web-app9.yaml,Deployment,31,7,7,5,12,0,26,422,176,5,99253.53,36.15,99289.68,True,True,True,29,6,57.83,100.0,
web-application.yaml,Deployment,31,8,8,5,13,0,22,422,178,1,98981.56,24.66,99006.22,True,True,True,17,2,65.45,100.0,
web-application_1.yaml,Service,6,2,2,0,2,0,18,13,4,1,27873.78,11.37,27885.15,True,True,True,2,2,85.71,100.0,
web-apppod.yaml,Pod,61,17,17,7,24,0,15,481,207,1,180213.78,22.22,180236.0,True,True,True,24,6,37.5,100.0,
web-app_1.yaml,Service,6,2,2,0,2,0,20,13,4,1,28265.49,11.88,28277.37,True,True,True,2,2,86.67,100.0,
web-app_deployment.yaml,Deployment,31,8,8,5,13,0,26,422,178,6,99118.42,35.62,99154.04,True,True,True,34,19,36.14,100.0,
web-chat-deployment-service.yaml,Deployment,31,9,9,4,13,0,26,422,187,1,98716.1,24.73,98740.83,True,True,True,16,5,64.41,100.0,
web-chat-deployment-service_1.yaml,Service,6,2,2,0,2,0,17,13,4,1,27878.36,10.74,27889.1,True,True,True,2,2,84.62,100.0,
web-claim0-persistentvolumeclaim.yaml,PersistentVolumeClaim,2,1,1,0,1,0,13,7,3,1,13942.23,9.23,13951.46,True,True,True,1,1,91.67,100.0,
web-claim1-persistentvolumeclaim.yaml,PersistentVolumeClaim,2,1,1,0,1,0,13,7,3,1,13972.23,9.22,13981.45,True,True,True,1,1,91.67,100.0,
web-client.yaml,Deployment,31,8,8,0,8,0,34,422,178,256,99106.15,43.19,99149.34,True,True,True,9,1,90.57,100.0,
web-client_1.yaml,Service,6,1,1,0,1,0,17,13,2,1,28132.35,10.58,28142.93,True,True,True,1,1,92.31,100.0,
web-cluster-ip.yaml,Service,6,1,1,0,1,0,12,13,2,1,28141.22,8.3,28149.52,True,True,True,2,2,80.0,100.0,
web-controller-demo.yaml,ReplicationController,25,7,7,0,7,0,27,420,176,2,95690.74,21.05,95711.79,True,True,True,9,1,81.48,100.0,
web-controller-demo1.yaml,ReplicationController,25,7,7,0,7,0,27,420,176,2,95636.06,21.25,95657.31,True,True,True,9,1,81.48,100.0,
web-controller-demo2.yaml,ReplicationController,25,7,7,0,7,0,27,420,176,2,95809.07,21.44,95830.51,True,True,True,9,1,81.48,100.0,
web-controller.yaml,ReplicationController,25,7,7,0,7,0,23,420,176,1,95623.81,20.07,95643.88,True,True,True,9,1,80.0,100.0,
web-controller1.yaml,ReplicationController,25,7,7,0,7,0,23,420,176,1,95735.67,20.42,95756.09,True,True,True,9,1,80.0,100.0,
web-controller2.yaml,ReplicationController,25,7,7,0,7,0,23,420,176,1,95466.0,20.45,95486.45,True,True,True,9,1,80.0,100.0,
web-db-secret-pod1.yaml,Pod,61,15,15,7,22,0,13,481,196,3,180468.37,20.94,180489.31,True,True,True,23,5,36.36,100.0,
web-db-secret-pod11.yaml,Pod,61,15,15,7,22,0,13,481,196,3,180654.92,20.7,180675.62,True,True,True,26,7,23.26,100.0,
web-db-secret-pod2.yaml,Pod,61,14,14,7,21,0,17,481,195,3,180652.84,23.41,180676.25,True,True,True,23,4,49.06,100.0,
web-db-secret-pod21.yaml,Pod,61,14,14,7,21,0,17,481,195,3,180919.54,23.62,180943.16,True,True,True,25,5,42.31,100.0,
web-db-secret-pod3.yaml,Pod,61,15,15,7,22,0,16,481,196,6,180615.38,23.08,180638.46,True,True,True,23,10,40.0,100.0,
web-db-secret-pod31.yaml,Pod,61,15,15,7,22,0,16,481,196,6,180520.73,22.88,180543.61,True,True,True,25,12,32.73,100.0,
web-declarative.yaml,Pod,61,13,13,6,19,0,11,481,187,1,180929.24,21.2,180950.44,True,True,True,24,2,38.1,100.0,
web-declarative1.yaml,Pod,61,13,13,6,19,0,11,481,187,1,181074.47,21.76,181096.23,True,True,True,24,2,38.1,100.0,
web-declarative2.yaml,Pod,61,13,13,6,19,0,11,481,187,1,180972.95,21.3,180994.25,True,True,True,24,2,38.1,100.0,
web-deploy-replicas-3.yaml,Deployment,31,7,7,5,12,0,23,422,176,1,99329.87,24.85,99354.72,True,True,True,17,2,66.67,100.0,
web-deploy-replicas-5.yaml,Deployment,31,7,7,5,12,0,23,422,176,1,99258.26,25.3,99283.56,True,True,True,17,2,66.67,100.0,
web-deploy-svc.yaml,Deployment,31,8,8,4,12,0,21,422,178,1,99060.38,23.65,99084.03,True,True,True,16,1,67.92,100.0,
web-deploy-svc_1.yaml,Service,6,1,1,0,1,0,16,13,2,1,28167.56,9.92,28177.48,True,True,True,1,1,91.67,100.0,
web-deploy.yaml,Deployment,31,8,8,5,13,0,24,422,178,2,99152.2,27.32,99179.52,True,True,True,19,4,79.65,100.0,
web-deploy1.yaml,Deployment,31,7,7,0,7,0,32,422,176,32,99284.84,29.86,99314.7,True,True,True,10,2,84.21,100.0,
web-deploy2.yaml,Deployment,31,7,7,1,8,0,32,422,176,32,99211.3,29.5,99240.8,True,True,True,11,3,81.58,100.0,
web-deployment11.yaml,Deployment,31,7,7,5,12,0,25,422,176,1,99422.73,25.88,99448.61,True,True,True,20,5,57.63,100.0,
web-deployment12.yaml,Deployment,31,8,8,5,13,0,38,422,178,1,99215.23,33.32,99248.55,True,True,True,22,9,62.65,100.0,
web-deployment13.yaml,Deployment,31,8,8,4,12,0,31,422,178,3,99120.09,38.05,99158.14,True,True,True,36,21,44.66,100.0,
web-deployment14.yaml,Deployment,31,7,7,4,11,0,30,422,176,2,99359.56,28.65,99388.21,True,True,True,18,3,71.23,100.0,
web-deployment15.yaml,Deployment,31,7,7,5,12,0,22,422,176,1,99174.93,24.45,99199.38,True,True,True,18,3,60.38,100.0,
web-deployment16.yaml,Deployment,31,8,8,4,12,0,36,422,178,4,98811.17,32.12,98843.29,True,True,True,20,8,64.1,100.0,
web-deployment17.yaml,Deployment,31,9,9,5,14,0,68,422,188,2,99073.6,58.63,99132.23,True,True,True,18,4,84.51,100.0,
web-deployment18.yaml,Deployment,31,8,8,1,9,0,41,422,178,16,98917.77,33.51,98951.28,True,True,True,28,20,44.19,100.0,
web-deployment19.yaml,Deployment,31,8,8,3,11,0,31,422,178,2,99241.69,27.92,99269.61,True,True,True,25,15,41.18,100.0,
web-deployment2.yaml,Deployment,31,7,7,5,12,0,25,422,176,1,99295.85,26.34,99322.19,True,True,True,20,5,57.63,100.0,
web-deployment20.yaml,Deployment,31,8,8,3,11,0,31,422,178,2,98936.96,27.72,98964.68,True,True,True,25,15,41.18,100.0,
web-deployment21.yaml,Deployment,31,8,8,3,11,0,31,422,178,2,98986.49,27.35,99013.84,True,True,True,25,15,41.18,100.0,
web-deployment22.yaml,Deployment,31,8,8,3,11,0,31,422,178,2,99011.91,27.52,99039.43,True,True,True,25,15,41.18,100.0,
web-deployment23.yaml,Deployment,31,8,8,5,13,0,27,422,178,1,99008.66,27.0,99035.66,True,True,True,21,6,55.74,100.0,
web-deployment24.yaml,Deployment,31,8,8,1,9,0,29,422,178,32,99114.87,27.02,99141.89,True,True,True,22,13,47.76,100.0,
web-deployment25.yaml,Deployment,31,8,8,1,9,0,29,422,178,32,99205.18,27.03,99232.21,True,True,True,22,13,47.76,100.0,
web-deployment26.yaml,Deployment,31,8,8,1,9,0,29,422,178,32,99063.01,27.35,99090.36,True,True,True,22,13,47.76,100.0,
web-deployment29.yaml,Deployment,31,8,8,1,9,0,34,422,178,8,98982.53,29.19,99011.72,True,True,True,25,17,43.24,100.0,
web-deployment3.yaml,Deployment,31,8,8,5,13,0,38,422,178,1,99130.58,33.14,99163.72,True,True,True,22,9,62.65,100.0,
web-deployment30.yaml,Deployment,31,7,7,5,12,0,22,422,176,1,99408.62,23.92,99432.54,True,True,True,18,3,60.38,100.0,
web-deployment31.yaml,Deployment,31,9,9,5,14,0,53,422,203,224,98926.69,69.55,98996.24,True,True,True,66,52,31.4,100.0,
web-deployment34.yaml,Deployment,31,9,9,3,12,0,48,422,188,2,99001.27,38.14,99039.41,True,True,True,19,8,70.97,100.0,
web-deployment35.yaml,Deployment,31,8,8,4,12,0,26,422,178,4,98981.26,28.07,99009.33,True,True,True,17,2,70.77,100.0,
web-deployment36.yaml,Deployment,31,7,7,4,11,0,34,422,176,2,99308.08,43.82,99351.9,True,True,True,39,12,50.49,100.0,
web-deployment37.yaml,Deployment,31,8,8,5,13,0,66,422,186,2,99158.36,56.38,99214.74,True,True,True,17,4,84.67,100.0,
web-deployment38.yaml,Deployment,31,8,8,1,9,0,34,422,178,8,99079.83,29.29,99109.12,True,True,True,25,17,43.24,100.0,
web-deployment39.yaml,Deployment,31,8,8,3,11,0,31,422,178,2,98644.49,27.57,98672.06,True,True,True,25,15,41.18,100.0,
web-deployment4.yaml,Deployment,31,8,8,4,12,0,31,422,178,3,99096.62,38.13,99134.75,True,True,True,36,21,44.66,100.0,
web-deployment40.yaml,Deployment,31,8,8,5,13,0,26,422,178,1,99054.63,27.16,99081.79,True,True,True,17,1,70.97,100.0,
web-deployment41.yaml,Deployment,31,8,8,4,12,0,50,422,178,2,99123.08,41.5,99164.58,True,True,True,33,20,46.46,100.0,
web-deployment45.yaml,Deployment,31,8,8,4,12,0,27,422,178,8,99054.62,28.72,99083.34,True,True,True,17,2,72.46,100.0,
web-deployment46.yaml,Deployment,31,7,7,5,12,0,22,422,176,1,99243.81,24.58,99268.39,True,True,True,18,3,60.38,100.0,
web-deployment47.yaml,Deployment,31,7,7,5,12,0,19,422,176,1,99234.98,22.93,99257.91,True,True,True,16,1,65.31,100.0,
web-deployment5.yaml,Deployment,31,7,7,4,11,0,30,422,176,2,99260.52,28.41,99288.93,True,True,True,18,3,71.23,100.0,
web-deployment56.yaml,Deployment,31,8,8,0,8,0,31,422,178,8,99141.45,28.09,99169.54,True,True,True,12,3,78.87,100.0,
web-deployment58.yaml,Deployment,31,8,8,0,8,0,31,422,178,8,99121.67,28.46,99150.13,True,True,True,12,3,79.45,100.0,
web-deployment59.yaml,Deployment,31,8,8,0,8,0,31,422,178,8,99251.67,28.21,99279.88,True,True,True,11,2,81.69,100.0,
web-deployment6.yaml,Deployment,31,7,7,5,12,0,22,422,176,1,99295.64,24.27,99319.91,True,True,True,18,3,60.38,100.0,
web-deployment60.yaml,Deployment,31,8,8,0,8,0,31,422,178,8,99203.48,28.01,99231.49,True,True,True,12,3,78.87,100.0,
web-deployment61.yaml,Deployment,31,9,9,0,9,0,43,422,203,96,99009.66,37.04,99046.7,True,True,True,21,13,63.83,100.0,
web-deployment65.yaml,Deployment,31,8,8,5,13,0,24,422,178,1,99166.56,25.83,99192.39,True,True,True,18,2,65.52,100.0,
web-deployment66.yaml,Deployment,31,8,8,4,12,0,44,422,178,3,98976.31,38.14,99014.45,True,True,True,40,25,35.64,100.0,
web-deployment68.yaml,Deployment,31,7,7,5,12,0,25,422,176,1,99361.09,25.98,99387.07,True,True,True,20,6,56.67,100.0,
web-deployment7.yaml,Deployment,31,8,8,4,12,0,36,422,178,4,98967.0,33.0,99000.0,True,True,True,20,8,64.1,100.0,
web-deployment72.yaml,Deployment,31,8,8,5,13,0,64,422,178,2,99237.77,55.22,99292.99,True,True,True,17,3,85.29,100.0,
web-deployment74.yaml,Deployment,31,7,7,5,12,0,40,422,176,816,99679.34,82.53,99761.87,True,True,True,97,68,21.05,100.0,
web-deployment76.yaml,Deployment,31,8,8,5,13,0,44,422,178,1,99197.59,36.84,99234.43,True,True,True,20,6,70.45,100.0,
web-deployment77.yaml,Deployment,31,7,7,5,12,0,24,422,176,1,99306.31,25.27,99331.58,True,True,True,16,1,70.18,100.0,
web-deployment8.yaml,Deployment,31,9,9,5,14,0,68,422,188,2,98978.18,58.21,99036.39,True,True,True,18,4,84.51,100.0,
web-deployment80.yaml,Deployment,31,9,9,4,13,0,37,422,203,24,98642.07,33.2,98675.27,True,True,True,25,11,57.14,100.0,
web-deployment81.yaml,Deployment,31,8,8,5,13,0,24,422,178,2,98976.63,26.84,99003.47,True,True,True,17,2,69.84,100.0,
web-deployment81_1.yaml,Service,6,1,1,0,1,0,14,13,2,1,28088.41,9.53,28097.94,True,True,True,1,1,90.91,100.0,
web-deployment82.yaml,Deployment,31,8,8,4,12,0,39,422,178,15,99131.55,50.04,99181.59,True,True,True,16,1,86.4,100.0,
web-deployment84.yaml,Deployment,31,8,8,1,9,0,41,422,178,4,99026.64,32.44,99059.08,True,True,True,11,3,83.72,100.0,
web-deployment85.yaml,Deployment,31,8,8,1,9,0,34,422,178,8,98963.03,29.0,98992.03,True,True,True,24,16,45.95,100.0,
web-deployment86.yaml,Deployment,31,8,8,3,11,0,31,422,178,2,98996.17,27.9,99024.07,True,True,True,25,15,41.18,100.0,
web-depoyment.yaml,Deployment,31,8,8,0,8,0,31,422,178,8,99127.03,28.04,99155.07,True,True,True,12,3,78.87,100.0,
web-dpl.yaml,Deployment,31,8,8,5,13,0,32,422,178,2,99097.99,34.49,99132.48,True,True,True,17,2,76.54,100.0,
web-dpl1.yaml,Deployment,31,8,8,5,13,0,32,422,178,2,99090.79,33.84,99124.63,True,True,True,17,2,76.54,100.0,
web-dpl1_1.yaml,Service,6,1,1,0,1,0,21,13,2,1,28175.24,12.65,28187.89,True,True,True,1,1,93.75,100.0,
web-dpl_1.yaml,Service,6,1,1,0,1,0,21,13,2,1,28451.41,12.67,28464.08,True,True,True,1,1,93.75,100.0,
web-echo.yaml,Pod,61,13,13,7,20,0,13,481,187,1,181019.87,21.52,181041.39,True,True,True,23,1,47.83,100.0,
web-echo_1.yaml,Service,6,1,1,0,1,0,10,13,2,1,28263.42,7.6,28271.02,True,True,True,1,1,88.89,100.0,
web-flask.yaml,Deployment,31,7,7,5,12,0,34,422,176,1,99257.76,30.42,99288.18,True,True,True,17,2,73.24,100.0,
web-frontend-service.yaml,Service,6,1,1,0,1,0,16,13,2,1,28367.92,10.81,28378.73,True,True,True,3,3,76.92,100.0,
web-frontend-service1.yaml,Service,6,1,1,0,1,0,16,13,2,1,28220.73,10.48,28231.21,True,True,True,3,3,76.92,100.0,
web-frontend.yaml,Deployment,31,8,8,4,12,0,24,422,178,1,99007.11,25.08,99032.19,True,True,True,20,5,56.14,100.0,
web-frontend1.yaml,Deployment,31,8,8,4,12,0,24,422,178,1,99050.56,25.26,99075.82,True,True,True,20,5,56.14,100.0,
web-ingress.yaml,Ingress,3,1,1,0,1,0,16,4,2,1,13961.89,14.15,13976.04,True,True,True,4,0,88.89,100.0,
web-ingress1.yaml,Ingress,3,1,1,0,1,0,21,4,2,6,13702.9,21.51,13724.41,True,True,True,4,0,92.59,100.0,
web-ingress2_1.yaml,Ingress,3,1,1,0,1,0,19,4,2,2,13995.65,16.49,14012.14,True,True,True,4,0,90.48,100.0,
web-ingress3.yaml,Ingress,3,1,1,0,1,0,10,4,2,2,13977.64,16.01,13993.65,True,True,True,12,9,48.78,100.0,
web-log.yaml,Pod,61,16,16,6,22,0,20,481,200,1,180189.95,23.85,180213.8,True,True,True,23,9,42.86,100.0,
web-log1.yaml,Pod,61,16,16,6,22,0,20,481,200,1,180128.63,23.02,180151.65,True,True,True,26,11,32.73,100.0,
web-logging-level.yaml,Deployment,31,7,7,5,12,0,30,422,176,4,99336.43,28.07,99364.5,True,True,True,24,9,50.75,100.0,
web-logging-level1.yaml,Deployment,31,7,7,5,12,0,30,422,176,4,99294.25,28.26,99322.51,True,True,True,24,9,50.75,100.0,
web-logging-level2.yaml,Deployment,31,7,7,5,12,0,30,422,176,4,99005.42,28.26,99033.68,True,True,True,24,9,50.75,100.0,
web-logging-level3.yaml,Deployment,31,7,7,5,12,0,30,422,176,4,99265.03,28.43,99293.46,True,True,True,24,9,50.75,100.0,
web-nombreDelProyecto.yaml,Deployment,31,8,8,0,8,0,31,422,178,4,98988.11,27.14,99015.25,True,True,True,19,12,53.73,100.0,
web-page-deployment.yaml,Deployment,31,8,8,5,13,0,35,422,178,6,98912.13,31.68,98943.81,True,True,True,29,17,45.24,100.0,
web-page-service.yaml,Service,6,2,2,0,2,0,20,13,4,1,28203.45,12.11,28215.56,True,True,True,4,6,68.75,100.0,
web-pdb.yaml,Deployment,31,7,7,4,11,0,44,422,176,1,99411.07,37.34,99448.41,True,True,True,15,0,83.52,100.0,
web-pdb_1.yaml,Service,6,1,1,0,1,0,18,13,2,1,28217.79,11.44,28229.23,True,True,True,1,1,92.86,100.0,
web-platform-deployment-service.yaml,Deployment,31,9,9,4,13,0,26,422,187,1,98786.97,24.89,98811.86,True,True,True,16,5,64.41,100.0,
web-platform-deployment-service_1.yaml,Service,6,2,2,0,2,0,17,13,4,1,27909.15,10.54,27919.69,True,True,True,2,2,84.62,100.0,
web-pod-basic.yaml,Pod,61,12,12,6,18,0,15,481,185,1,181198.44,22.27,181220.71,True,True,True,23,2,46.81,100.0,
web-pod-definition.yaml,Pod,61,13,13,7,20,0,14,481,187,1,180961.12,22.86,180983.98,True,True,True,24,2,45.83,100.0,
web-pod-svc.yaml,Service,6,2,2,0,2,0,17,13,4,1,28109.89,10.88,28120.77,True,True,True,2,2,84.62,100.0,
web-pod-v1.yaml,Pod,61,12,12,6,18,0,15,481,185,1,181059.82,22.42,181082.24,True,True,True,23,2,46.81,100.0,
web-pod-v2.yaml,Pod,61,12,12,6,18,0,15,481,185,1,181331.41,22.4,181353.81,True,True,True,23,2,46.81,100.0,
web-pod.yaml,Pod,61,13,13,6,19,0,13,481,187,1,180842.63,22.5,180865.13,True,True,True,34,12,0.0,100.0,
web-pod1.yaml,Pod,61,13,13,7,20,0,16,481,187,4,181168.69,40.9,181209.59,True,True,True,53,15,20.93,100.0,
web-pod2.yaml,Unknown,SCHEMA_ERROR,,,,,,0,0,0,0,282.64,0.0,282.64,,,,0,0,0.0,0.0,"C:\Users\CAOSD\projects\tool-security-rules\resources\dataset_yamls\original_yamls_10k\web-pod2.yaml - Pod web-pod is invalid: problem validating schema. Check JSON formatting: jsonschema validation failed with 'https://raw.githubusercontent.com/yannh/kubernetes-json-schema/master/master-standalone-strict/pod-v1.json#' - at '/spec/containers/0': additional properties 'limits' not allowed | Summary: 1 resource found in 1 file - Valid: 0, Invalid: 1, Errors: 0, Skipped: 0"
web-pod3.yaml,Unknown,SCHEMA_ERROR,,,,,,0,0,0,0,277.96,0.0,277.96,,,,0,0,0.0,0.0,"C:\Users\CAOSD\projects\tool-security-rules\resources\dataset_yamls\original_yamls_10k\web-pod3.yaml - Pod web-pod is invalid: problem validating schema. Check JSON formatting: jsonschema validation failed with 'https://raw.githubusercontent.com/yannh/kubernetes-json-schema/master/master-standalone-strict/pod-v1.json#' - at '/spec/containers/0': additional properties 'limits' not allowed | Summary: 1 resource found in 1 file - Valid: 0, Invalid: 1, Errors: 0, Skipped: 0"
web-pod4.yaml,Pod,61,15,15,7,22,0,14,481,196,1,180356.14,21.6,180377.74,True,True,True,23,4,40.0,100.0,
web-pod5.yaml,Pod,61,13,13,7,20,0,11,481,187,2,180852.81,22.18,180874.99,True,True,True,23,1,50.0,100.0,
web-pvc.yaml,PersistentVolumeClaim,2,1,1,0,1,0,12,7,3,1,13994.72,9.28,14004.0,True,True,True,1,1,91.67,100.0,
web-replicas-3.yaml,Deployment,31,7,7,5,12,0,27,422,176,4,99102.72,26.75,99129.47,True,True,True,21,6,55.74,100.0,
web-replicas-31.yaml,Deployment,31,7,7,5,12,0,27,422,176,4,99187.54,25.96,99213.5,True,True,True,21,6,55.74,100.0,
web-replicas-32.yaml,Deployment,31,7,7,5,12,0,27,422,176,4,99211.56,26.62,99238.18,True,True,True,21,6,55.74,100.0,
web-replicas-33.yaml,Deployment,31,7,7,5,12,0,27,422,176,4,99077.72,26.63,99104.35,True,True,True,21,6,55.74,100.0,
web-secret.yaml,Secret,4,0,0,0,0,0,6,14,0,1,7437.76,0.0,7437.76,True,True,True,0,0,100.0,
web-server-app-deployment.yaml,Deployment,31,7,7,1,8,0,30,422,176,16,99366.2,31.63,99397.83,True,True,True,9,1,87.5,100.0,
web-server-app-service.yaml,Service,6,2,2,0,2,0,18,13,4,1,27891.4,11.48,27902.88,True,True,True,2,2,85.71,100.0,
web-server-deploy-svc.yaml,Deployment,31,7,7,5,12,0,30,422,176,1,99360.75,42.02,99402.77,True,True,True,16,1,76.06,100.0,
web-server-deploy-svc_1.yaml,Service,6,1,1,0,1,0,13,13,2,1,28270.16,8.91,28279.07,True,True,True,1,1,90.91,100.0,
web-server-deploy.yaml,Deployment,31,8,8,0,8,0,39,422,178,64,98984.47,38.75,99023.22,True,True,True,20,12,69.23,100.0,
web-server-deploy1.yaml,Deployment,31,8,8,0,8,0,39,422,178,64,99213.0,38.85,99251.85,True,True,True,20,12,69.23,100.0,
web-server-deployment.yaml,Deployment,31,8,8,5,13,0,27,422,178,4,98962.29,31.85,98994.14,True,True,True,17,3,73.68,100.0,
web-server-ingress.yaml,Ingress,3,1,1,0,1,0,20,4,2,1,13925.72,16.51,13942.23,True,True,True,4,0,90.48,100.0,
web-server-service.yaml,Service,6,2,2,0,2,0,20,13,4,1,27949.95,12.05,27962.0,True,True,True,2,2,86.67,100.0,
web-server.yaml,Service,6,2,2,0,2,0,16,13,4,1,28229.46,9.77,28239.23,True,True,True,2,2,83.33,100.0,
web-server1.yaml,Deployment,31,7,7,4,11,0,40,422,176,1,99274.46,33.36,99307.82,True,True,True,15,0,82.76,100.0,
web-server2.yaml,Deployment,31,7,7,4,11,0,40,422,176,1,99350.2,32.63,99382.83,True,True,True,16,1,80.46,100.0,
web-server3.yaml,Deployment,31,7,7,4,11,0,40,422,176,1,99317.88,33.54,99351.42,True,True,True,15,0,82.76,100.0,
web-server4.yaml,Deployment,31,8,8,3,11,0,35,422,178,1,98945.48,28.99,98974.47,True,True,True,12,2,81.08,100.0,
web-server4_1.yaml,Service,6,2,2,0,2,0,17,13,4,1,27837.75,10.69,27848.44,True,True,True,2,2,84.62,100.0,
web-server5.yaml,Deployment,31,7,7,4,11,0,40,422,176,1,99280.82,33.06,99313.88,True,True,True,15,0,82.76,100.0,
web-server_1.yaml,Pod,61,13,13,4,17,0,16,481,187,2,181022.04,22.54,181044.58,True,True,True,19,1,60.0,100.0,
web-server_2.yaml,Pod,61,13,13,5,18,0,23,481,187,2,180939.45,26.48,180965.93,True,True,True,19,1,68.75,100.0,
web-service-definition.yaml,Service,6,1,1,0,1,0,15,13,2,1,28143.8,9.84,28153.64,True,True,True,3,3,75.0,100.0,
web-service-nodePort.yaml,Service,6,2,2,0,2,0,15,13,4,1,28179.06,9.79,28188.85,True,True,True,4,4,66.67,100.0,
web-service-nodePort1.yaml,Service,6,2,2,0,2,0,15,13,4,1,27894.2,9.9,27904.1,True,True,True,4,4,66.67,100.0,
web-service-nodePort2.yaml,Service,6,2,2,0,2,0,15,13,4,1,28140.32,9.84,28150.16,True,True,True,4,4,66.67,100.0,
web-service-nodePort3.yaml,Service,6,2,2,0,2,0,15,13,4,1,27902.81,9.7,27912.51,True,True,True,4,4,66.67,100.0,
web-service.yaml,Service,6,1,1,0,1,0,14,13,2,1,28343.54,8.95,28352.49,True,True,True,3,3,72.73,100.0,
web-service1.yaml,Service,6,1,1,0,1,0,15,13,2,1,28137.45,9.79,28147.24,True,True,True,1,1,91.67,100.0,
web-service100.yaml,Service,6,2,2,0,2,0,15,13,4,1,27920.75,9.91,27930.66,True,True,True,2,2,83.33,100.0,
web-service101.yaml,Service,6,2,2,0,2,0,15,13,4,1,28258.49,9.99,28268.48,True,True,True,3,3,75.0,100.0,
web-service102.yaml,Service,6,2,2,0,2,0,15,13,4,1,27899.66,9.8,27909.46,True,True,True,2,3,80.0,100.0,
web-service103.yaml,Service,6,1,1,0,1,0,19,13,2,4,28404.21,13.52,28417.73,True,True,True,1,1,94.12,100.0,
web-service103_1.yaml,ServiceAccount,3,0,0,0,0,0,4,7,0,1,7188.63,0.0,7188.63,True,True,True,0,0,100.0,
web-service104.yaml,Service,6,2,2,0,2,0,19,13,4,1,27859.59,11.21,27870.8,True,True,True,4,4,71.43,100.0,
web-service105.yaml,Service,6,1,1,0,1,0,14,13,2,1,28392.46,9.01,28401.47,True,True,True,3,3,72.73,100.0,
web-service106.yaml,Service,6,1,1,0,1,0,14,13,2,1,28155.11,9.15,28164.26,True,True,True,3,3,72.73,100.0,
web-service107.yaml,Service,6,1,1,0,1,0,14,13,2,1,28424.79,9.05,28433.84,True,True,True,3,3,72.73,100.0,
web-service108.yaml,Service,6,1,1,0,1,0,15,13,2,1,28272.66,9.85,28282.51,True,True,True,2,2,83.33,100.0,
web-service109.yaml,Service,6,1,1,0,1,0,14,13,2,1,28209.35,9.05,28218.4,True,True,True,3,3,72.73,100.0,
web-service11.yaml,Service,6,2,2,0,2,0,17,13,4,2,28151.71,11.2,28162.91,True,True,True,3,3,78.57,100.0,
web-service110.yaml,Service,6,1,1,0,1,0,14,13,2,1,28152.57,9.01,28161.58,True,True,True,2,2,81.82,100.0,
web-service111.yaml,Service,6,2,2,0,2,0,21,13,4,2,28199.23,13.4,28212.63,True,True,True,7,7,58.82,100.0,
web-service112.yaml,Service,6,2,2,0,2,0,21,13,4,2,27955.61,13.7,27969.31,True,True,True,8,8,55.56,100.0,
web-service113.yaml,Service,6,1,1,0,1,0,15,13,2,1,28407.63,9.72,28417.35,True,True,True,3,3,75.0,100.0,
web-service114.yaml,Service,6,1,1,0,1,0,15,13,2,1,28250.2,10.04,28260.24,True,True,True,4,4,66.67,100.0,
web-service115.yaml,Service,6,1,1,0,1,0,14,13,2,1,28267.76,8.91,28276.67,True,True,True,2,2,81.82,100.0,
web-service116.yaml,Service,6,1,1,0,1,0,14,13,2,1,28431.54,8.99,28440.53,True,True,True,3,3,72.73,100.0,
web-service117.yaml,Service,6,2,2,0,2,0,22,13,4,2,27925.98,13.53,27939.51,True,True,True,3,3,82.35,100.0,
web-service118.yaml,Service,6,2,2,0,2,0,14,13,4,1,28129.25,9.12,28138.37,True,True,True,2,2,81.82,100.0,
web-service119.yaml,Service,6,2,2,0,2,0,19,13,4,1,27924.74,11.08,27935.82,True,True,True,5,5,64.29,100.0,
web-service12.yaml,Service,6,2,2,0,2,0,18,13,4,2,27929.73,11.9,27941.63,True,True,True,4,4,73.33,100.0,
web-service120.yaml,Service,6,1,1,0,1,0,14,13,2,1,28433.54,9.09,28442.63,True,True,True,1,1,92.31,100.0,
web-service121.yaml,Service,6,1,1,0,1,0,19,13,2,2,28152.28,12.74,28165.02,True,True,True,3,3,81.25,100.0,
web-service122.yaml,Service,6,1,1,0,1,0,16,13,2,1,28557.25,10.41,28567.66,True,True,True,1,1,92.31,100.0,
web-service123.yaml,Service,6,1,1,0,1,0,14,13,2,1,28182.92,9.1,28192.02,True,True,True,4,4,63.64,100.0,
web-service124.yaml,Service,6,2,2,0,2,0,21,13,4,2,27920.52,13.55,27934.07,True,True,True,6,6,64.71,100.0,
web-service125.yaml,Service,6,2,2,0,2,0,20,13,4,2,28132.1,12.81,28144.91,True,True,True,6,6,62.5,100.0,
web-service13.yaml,Service,6,2,2,0,2,0,17,13,4,2,27903.87,11.1,27914.97,True,True,True,3,3,78.57,100.0,
web-service14.yaml,Service,6,1,1,0,1,0,21,13,2,2,28543.56,13.84,28557.4,True,True,True,3,5,77.78,100.0,
web-service15.yaml,Service,6,1,1,0,1,0,14,13,2,1,28136.07,9.44,28145.51,True,True,True,1,1,90.91,100.0,
web-service16.yaml,Service,6,1,1,0,1,0,14,13,2,1,28163.73,9.12,28172.85,True,True,True,3,3,72.73,100.0,
web-service17.yaml,Service,6,1,1,0,1,0,15,13,2,1,28449.07,9.88,28458.95,True,True,True,1,1,91.67,100.0,
web-service18.yaml,Service,6,1,1,0,1,0,15,13,2,1,28173.62,9.84,28183.46,True,True,True,4,4,66.67,100.0,
web-service19.yaml,Service,6,1,1,0,1,0,16,13,2,1,28477.38,10.81,28488.19,True,True,True,1,3,85.71,100.0,
web-service2.yaml,Service,6,1,1,0,1,0,15,13,2,1,28213.41,9.88,28223.29,True,True,True,4,4,66.67,100.0,
web-service20.yaml,Service,6,2,2,0,2,0,14,13,4,1,28197.78,9.24,28207.02,True,True,True,3,3,72.73,100.0,
web-service21.yaml,Service,6,1,1,0,1,0,16,13,2,1,28135.59,10.68,28146.27,True,True,True,3,3,76.92,100.0,
web-service22.yaml,Service,6,2,2,0,2,0,17,13,4,1,27916.26,10.41,27926.67,True,True,True,3,3,76.92,100.0,
web-service23.yaml,Service,6,1,1,0,1,0,16,13,2,1,28438.29,10.38,28448.67,True,True,True,3,3,76.92,100.0,
web-service24.yaml,Service,6,2,2,0,2,0,18,13,4,1,27937.72,11.13,27948.85,True,True,True,4,4,71.43,100.0,
web-service25.yaml,Service,6,2,2,0,2,0,17,13,4,1,28167.26,10.59,28177.85,True,True,True,3,3,76.92,100.0,
web-service27.yaml,Service,6,2,2,0,2,0,17,13,4,2,27926.59,11.15,27937.74,True,True,True,3,3,78.57,100.0,
web-service28.yaml,Service,6,2,2,0,2,0,18,13,4,2,27883.4,12.06,27895.46,True,True,True,4,4,73.33,100.0,
web-service29.yaml,Service,6,2,2,0,2,0,17,13,4,2,28156.38,11.11,28167.49,True,True,True,3,3,78.57,100.0,
web-service3.yaml,Service,6,1,1,0,1,0,16,13,2,1,28219.05,10.65,28229.7,True,True,True,1,3,85.71,100.0,
web-service30.yaml,Service,6,1,1,0,1,0,21,13,2,2,28429.2,13.6,28442.8,True,True,True,3,5,77.78,100.0,
web-service31.yaml,Service,6,1,1,0,1,0,14,13,2,1,28078.72,9.12,28087.84,True,True,True,1,1,90.91,100.0,
web-service32.yaml,Service,6,2,2,0,2,0,19,13,4,1,27914.73,11.05,27925.78,True,True,True,5,5,64.29,100.0,
web-service33.yaml,Service,6,2,2,0,2,0,19,13,4,1,28250.75,11.25,28262.0,True,True,True,5,5,64.29,100.0,
web-service34.yaml,Service,6,2,2,0,2,0,20,13,4,2,27919.69,12.57,27932.26,True,True,True,6,6,62.5,100.0,
web-service35.yaml,Service,6,2,2,0,2,0,20,13,4,2,28107.28,12.57,28119.85,True,True,True,6,6,62.5,100.0,
web-service36.yaml,Service,6,2,2,0,2,0,20,13,4,2,27966.86,12.97,27979.83,True,True,True,6,6,62.5,100.0,
web-service37.yaml,Service,6,2,2,0,2,0,20,13,4,2,28210.5,13.06,28223.56,True,True,True,6,6,62.5,100.0,
web-service38.yaml,Service,6,2,2,0,2,0,15,13,4,1,27961.06,9.79,27970.85,True,True,True,4,4,66.67,100.0,
web-service39.yaml,Service,6,2,2,0,2,0,15,13,4,1,27924.4,9.83,27934.23,True,True,True,4,4,66.67,100.0,
web-service4.yaml,Service,6,2,2,0,2,0,14,13,4,1,28162.29,9.08,28171.37,True,True,True,3,3,72.73,100.0,
web-service40.yaml,Service,6,2,2,0,2,0,19,13,4,1,27901.11,12.07,27913.18,True,True,True,4,4,73.33,100.0,
web-service41.yaml,Service,6,2,2,0,2,0,17,13,4,4,28187.83,12.32,28200.15,True,True,True,2,2,86.67,100.0,
web-service41_1.yaml,Service,6,2,2,0,2,0,18,13,4,2,27887.02,11.97,27898.99,True,True,True,2,2,86.67,100.0,
web-service42.yaml,Service,6,2,2,0,2,0,17,13,4,4,27878.25,11.81,27890.06,True,True,True,2,2,86.67,100.0,
web-service42_1.yaml,Service,6,2,2,0,2,0,18,13,4,4,28181.96,12.86,28194.82,True,True,True,2,2,87.5,100.0,
web-service43.yaml,Service,6,2,2,0,2,0,17,13,4,4,27847.64,11.87,27859.51,True,True,True,2,2,86.67,100.0,
web-service43_1.yaml,Service,6,2,2,0,2,0,18,13,4,4,28191.42,12.68,28204.1,True,True,True,2,2,87.5,100.0,
web-service44.yaml,Service,6,1,1,0,1,0,18,13,2,4,28223.19,12.68,28235.87,True,True,True,5,5,68.75,100.0,
web-service45.yaml,Service,6,1,1,0,1,0,18,13,2,4,28482.34,12.78,28495.12,True,True,True,5,5,68.75,100.0,
web-service46.yaml,Service,6,1,1,0,1,0,14,13,2,1,28100.08,9.18,28109.26,True,True,True,7,7,36.36,100.0,
web-service47.yaml,Service,6,2,2,0,2,0,21,13,4,2,27930.43,13.77,27944.2,True,True,True,7,7,58.82,100.0,
web-service48.yaml,Service,6,2,2,0,2,0,14,13,4,1,28164.19,9.04,28173.23,True,True,True,3,3,72.73,100.0,
web-service49.yaml,Service,6,1,1,0,1,0,16,13,2,1,28203.98,10.5,28214.48,True,True,True,3,3,76.92,100.0,
web-service5.yaml,Service,6,1,1,0,1,0,16,13,2,1,28385.51,10.57,28396.08,True,True,True,3,3,76.92,100.0,
web-service50.yaml,Service,6,2,2,0,2,0,17,13,4,1,27888.07,10.71,27898.78,True,True,True,3,3,76.92,100.0,
web-service51.yaml,Service,6,2,2,0,2,0,17,13,4,1,27981.07,10.58,27991.65,True,True,True,3,3,76.92,100.0,
web-service52.yaml,Service,6,1,1,0,1,0,16,13,2,1,28439.34,10.52,28449.86,True,True,True,3,3,76.92,100.0,
web-service53.yaml,Service,6,2,2,0,2,0,18,13,4,1,27967.87,11.17,27979.04,True,True,True,4,4,71.43,100.0,
web-service54.yaml,Service,6,2,2,0,2,0,18,13,4,1,28186.65,11.2,28197.85,True,True,True,4,4,71.43,100.0,
web-service55.yaml,Service,6,2,2,0,2,0,17,13,4,1,27905.7,10.47,27916.17,True,True,True,3,3,76.92,100.0,
web-service57.yaml,Service,6,2,2,0,2,0,17,13,4,2,27921.19,11.29,27932.48,True,True,True,3,3,78.57,100.0,
web-service58.yaml,Service,6,2,2,0,2,0,18,13,4,2,28211.03,12.0,28223.03,True,True,True,4,4,73.33,100.0,
web-service59.yaml,Service,6,2,2,0,2,0,17,13,4,2,27878.5,11.22,27889.72,True,True,True,3,3,78.57,100.0,
web-service6.yaml,Service,6,2,2,0,2,0,17,13,4,1,28154.91,10.42,28165.33,True,True,True,3,3,76.92,100.0,
web-service60.yaml,Service,6,1,1,0,1,0,19,13,2,2,28138.27,12.78,28151.05,True,True,True,3,3,81.25,100.0,
web-service63.yaml,Service,6,2,2,0,2,0,21,13,4,1,27863.6,12.69,27876.29,True,True,True,6,6,62.5,100.0,
web-service64.yaml,Service,6,1,1,0,1,0,18,13,2,1,28389.06,11.5,28400.56,True,True,True,1,1,94.12,100.0,
web-service65.yaml,Service,6,2,2,0,2,0,19,13,4,1,27953.69,11.65,27965.34,True,True,True,4,4,71.43,100.0,
web-service66.yaml,Service,6,2,2,0,2,0,19,13,4,1,28221.61,11.92,28233.53,True,True,True,3,3,80.0,100.0,
web-service68.yaml,Service,6,1,1,0,1,0,14,13,2,1,28497.58,9.01,28506.59,True,True,True,1,2,86.96,100.0,
web-service69.yaml,Service,6,2,2,0,2,0,21,13,4,2,27843.1,13.43,27856.53,True,True,True,7,7,58.82,100.0,
web-service7.yaml,Service,6,1,1,0,1,0,16,13,2,1,28100.4,10.53,28110.93,True,True,True,3,3,76.92,100.0,
web-service70.yaml,Service,6,2,2,0,2,0,20,13,4,2,28189.57,12.52,28202.09,True,True,True,6,6,62.5,100.0,
web-service71.yaml,Service,6,1,1,0,1,0,14,13,2,1,28176.57,8.98,28185.55,True,True,True,4,4,63.64,100.0,
web-service72.yaml,Service,6,1,1,0,1,0,14,13,2,1,28457.01,9.16,28466.17,True,True,True,2,2,81.82,100.0,
web-service73.yaml,Service,6,2,2,0,2,0,19,13,4,1,27965.32,11.29,27976.61,True,True,True,3,3,78.57,100.0,
web-service74.yaml,Service,6,1,1,0,1,0,14,13,2,1,28182.42,9.2,28191.62,True,True,True,3,3,75.0,100.0,
web-service75.yaml,Service,6,1,1,0,1,0,14,13,2,1,28457.31,9.0,28466.31,True,True,True,1,1,90.91,100.0,
web-service77.yaml,Service,6,1,1,0,1,0,16,13,2,4,28132.33,11.84,28144.17,True,True,True,2,2,86.67,100.0,
web-service78.yaml,Service,6,2,2,0,2,0,14,13,4,1,28197.76,9.12,28206.88,True,True,True,3,3,72.73,100.0,
web-service79.yaml,Service,6,1,1,0,1,0,16,13,2,1,28155.43,10.31,28165.74,True,True,True,3,3,76.92,100.0,
web-service8.yaml,Service,6,2,2,0,2,0,18,13,4,1,27843.25,11.16,27854.41,True,True,True,4,4,71.43,100.0,
web-service80.yaml,Service,6,2,2,0,2,0,17,13,4,1,28141.65,10.34,28151.99,True,True,True,3,3,76.92,100.0,
web-service81.yaml,Service,6,1,1,0,1,0,16,13,2,1,28162.23,10.52,28172.75,True,True,True,3,3,76.92,100.0,
web-service82.yaml,Service,6,2,2,0,2,0,18,13,4,1,28156.35,11.12,28167.47,True,True,True,4,4,71.43,100.0,
web-service83.yaml,Service,6,2,2,0,2,0,17,13,4,1,27869.5,10.71,27880.21,True,True,True,3,3,76.92,100.0,
web-service85.yaml,Service,6,2,2,0,2,0,17,13,4,2,28168.81,11.28,28180.09,True,True,True,3,3,78.57,100.0,
web-service86.yaml,Service,6,2,2,0,2,0,18,13,4,2,27881.74,12.05,27893.79,True,True,True,4,4,73.33,100.0,
web-service87.yaml,Service,6,2,2,0,2,0,17,13,4,2,27867.23,11.15,27878.38,True,True,True,3,3,78.57,100.0,
web-service88.yaml,Service,6,2,2,0,2,0,17,13,4,1,28263.69,10.48,28274.17,True,True,True,3,3,76.92,100.0,
web-service9.yaml,Service,6,2,2,0,2,0,17,13,4,1,27772.17,10.56,27782.73,True,True,True,3,3,76.92,100.0,
web-service92.yaml,Service,6,1,1,0,1,0,14,13,2,1,28425.85,9.18,28435.03,True,True,True,3,3,72.73,100.0,
web-service96.yaml,Service,6,2,2,0,2,0,15,13,4,2,28003.92,10.4,28014.32,True,True,True,2,2,84.62,100.0,
web-service97.yaml,Service,6,1,1,0,1,0,16,13,2,1,28154.82,9.92,28164.74,True,True,True,1,3,84.62,100.0,
web-service98.yaml,Service,6,2,2,0,2,0,15,13,4,1,28169.81,9.83,28179.64,True,True,True,2,2,84.62,100.0,
web-service99.yaml,Service,6,2,2,0,2,0,15,13,4,1,27901.45,9.7,27911.15,True,True,True,3,3,75.0,100.0,
web-services.k8s.yaml,Service,6,2,2,0,2,0,14,13,4,1,28173.5,9.27,28182.77,True,True,True,2,2,81.82,100.0,
web-services.k8s_1.yaml,Deployment,31,7,7,4,11,0,21,422,176,1,99376.71,23.51,99400.22,True,True,True,15,0,71.7,100.0,
web-services.k8s_2.yaml,Service,6,2,2,0,2,0,14,13,4,1,27831.48,9.14,27840.62,True,True,True,2,2,81.82,100.0,
web-services.k8s_3.yaml,Deployment,31,8,8,5,13,0,21,422,178,1,98852.19,23.72,98875.91,True,True,True,17,2,64.15,100.0,
web-services.yaml,Service,6,2,2,0,2,0,19,13,4,1,27871.76,11.89,27883.65,True,True,True,2,2,86.67,100.0,
web-services_1.yaml,Service,6,2,2,0,2,0,20,13,4,1,28208.23,12.57,28220.8,True,True,True,2,2,87.5,100.0,
web-svc-deploy.yaml,Service,6,2,2,0,2,0,18,13,4,1,27925.92,11.26,27937.18,True,True,True,2,2,85.71,100.0,
web-svc-deploy_1.yaml,Deployment,31,7,7,5,12,0,27,422,176,1,99218.39,27.24,99245.63,True,True,True,16,1,73.02,100.0,
web-svc.yaml,Service,6,2,2,0,2,0,17,13,4,1,28183.54,10.54,28194.08,True,True,True,2,2,84.62,100.0,
web-svc1.yaml,Service,6,2,2,0,2,0,18,13,4,1,28057.16,11.24,28068.4,True,True,True,4,4,71.43,100.0,
web-svc2.yaml,Service,6,2,2,0,2,0,19,13,4,1,27966.96,12.17,27979.13,True,True,True,3,3,80.0,100.0,
web-svc3.yaml,Service,6,2,2,0,2,0,18,13,4,1,28229.89,11.27,28241.16,True,True,True,4,4,71.43,100.0,
web-test-pod-definition.yaml,Pod,61,13,13,6,19,0,13,481,187,3,180586.5,22.38,180608.88,True,True,True,24,2,43.48,100.0,
web-to-nginx.yaml,Service,6,2,2,0,2,0,14,13,4,1,27968.99,9.22,27978.21,True,True,True,2,2,81.82,100.0,
web-to-nginx_1.yaml,Deployment,31,7,7,3,10,0,24,422,176,2,99182.2,24.33,99206.53,True,True,True,12,1,77.19,100.0,
web-v2-broken-init-container.yaml,Deployment,31,8,8,5,13,0,38,422,178,30,99251.34,57.29,99308.63,True,True,True,66,28,28.79,100.0,
web-v2-broken-init-container1.yaml,Deployment,31,8,8,5,13,0,38,422,178,30,99038.98,57.89,99096.87,True,True,True,66,28,28.79,100.0,
web-v2-broken-init-container2.yaml,Deployment,31,8,8,5,13,0,38,422,178,30,99202.16,56.92,99259.08,True,True,True,66,28,28.79,100.0,
web-v2-broken-init-container3.yaml,Deployment,31,8,8,5,13,0,38,422,178,30,98956.98,57.65,99014.63,True,True,True,66,28,28.79,100.0,
web-version-service.yaml,Service,6,2,2,0,2,0,18,13,4,1,28166.08,11.16,28177.24,True,True,True,4,4,71.43,100.0,
web-version-service1.yaml,Service,6,2,2,0,2,0,18,13,4,1,27942.62,11.08,27953.7,True,True,True,4,4,71.43,100.0,
web-version-service2.yaml,Service,6,2,2,0,2,0,18,13,4,1,27969.96,11.18,27981.14,True,True,True,4,4,71.43,100.0,
web-version-service3.yaml,Service,6,2,2,0,2,0,18,13,4,1,28124.86,11.16,28136.02,True,True,True,4,4,71.43,100.0,
web-volume-2-3.yaml,PersistentVolume,1,0,0,0,0,0,13,0,0,1,47.21,0.0,47.21,True,True,True,0,0,100.0,
web-volume-2-3_1.yaml,PersistentVolume,1,0,0,0,0,0,13,0,0,1,42.1,0.0,42.1,True,True,True,0,0,100.0,
web-with-cpu-limit.yaml,Deployment,31,8,8,4,12,0,29,422,178,4,99099.65,26.77,99126.42,True,True,True,22,9,50.79,100.0,
web-with-cpu-limit1.yaml,Deployment,31,8,8,4,12,0,29,422,178,4,98971.1,26.55,98997.65,True,True,True,22,9,50.79,100.0,
web-with-cpu-limit2.yaml,Deployment,31,8,8,4,12,0,29,422,178,4,98961.28,26.73,98988.01,True,True,True,22,9,50.79,100.0,
web-with-cpu-limit3.yaml,Deployment,31,8,8,4,12,0,29,422,178,4,99197.3,27.04,99224.34,True,True,True,22,9,50.79,100.0,
web-with-kiamol-labels.yaml,Service,6,2,2,0,2,0,17,13,4,1,27964.23,10.51,27974.74,True,True,True,2,2,84.62,100.0,
web-with-kiamol-labels1.yaml,Service,6,2,2,0,2,0,17,13,4,1,28152.83,10.36,28163.19,True,True,True,2,2,84.62,100.0,
web-with-kiamol-labels1_2.yaml,Deployment,31,8,8,5,13,0,29,422,178,1,98859.98,29.05,98889.03,True,True,True,17,1,73.53,100.0,
web-with-kiamol-labels2.yaml,Service,6,2,2,0,2,0,17,13,4,1,28115.23,10.36,28125.59,True,True,True,2,2,84.62,100.0,
web-with-kiamol-labels2_2.yaml,Deployment,31,8,8,5,13,0,29,422,178,1,98929.9,29.12,98959.02,True,True,True,17,1,73.53,100.0,
web-with-kiamol-labels3.yaml,Service,6,2,2,0,2,0,17,13,4,1,27827.1,10.42,27837.52,True,True,True,2,2,84.62,100.0,
web-with-kiamol-labels3_2.yaml,Deployment,31,8,8,5,13,0,29,422,178,1,98973.95,29.22,99003.17,True,True,True,17,1,73.53,100.0,
web-with-kiamol-labels_2.yaml,Deployment,31,8,8,5,13,0,29,422,178,1,99124.33,29.19,99153.52,True,True,True,17,1,73.53,100.0,
web-with-proxy.yaml,Deployment,31,8,8,5,13,0,24,422,178,5,98991.3,42.82,99034.12,True,True,True,47,16,35.05,100.0,
web-with-proxy1.yaml,Deployment,31,8,8,5,13,0,24,422,178,5,99091.47,43.4,99134.87,True,True,True,47,16,35.05,100.0,
web-with-proxy2.yaml,Deployment,31,8,8,5,13,0,24,422,178,5,98972.49,42.64,99015.13,True,True,True,47,16,35.05,100.0,
web-with-proxy3.yaml,Deployment,31,8,8,5,13,0,24,422,178,5,98968.09,43.01,99011.1,True,True,True,47,16,35.05,100.0,
web1-service.yaml,Service,6,2,2,0,2,0,18,13,4,1,28144.32,11.35,28155.67,True,True,True,5,5,64.29,100.0,
web1.yaml,Deployment,31,8,8,5,13,0,18,422,178,1,99034.59,22.47,99057.06,True,True,True,18,2,58.33,100.0,
web100.yaml,Service,6,2,2,0,2,0,14,13,4,1,27936.03,9.34,27945.37,True,True,True,2,2,81.82,100.0,
web100_1.yaml,Deployment,31,8,8,5,13,0,28,422,178,1,98944.25,28.5,98972.75,True,True,True,17,2,71.64,100.0,
web101.yaml,Deployment,31,8,8,3,11,0,32,422,178,18,99123.45,45.41,99168.86,True,True,True,23,5,74.55,100.0,
web101_1.yaml,Service,6,2,2,0,2,0,17,13,4,1,27880.51,10.46,27890.97,True,True,True,2,2,84.62,100.0,
web102.yaml,Service,6,1,1,0,1,0,15,13,2,1,28358.38,10.36,28368.74,True,True,True,1,1,92.31,100.0,
web102_1.yaml,StatefulSet,31,7,7,4,11,0,38,424,176,1,99183.78,35.02,99218.8,True,True,True,15,0,82.76,100.0,
web103.yaml,Deployment,31,7,7,4,11,0,52,422,176,2,99258.69,43.51,99302.2,True,True,True,15,0,87.39,100.0,
web104.yaml,Deployment,31,7,7,4,11,0,33,422,176,1,99093.51,31.27,99124.78,True,True,True,15,0,78.87,100.0,
web104_1.yaml,Service,6,1,1,0,1,0,18,13,2,1,28160.97,11.19,28172.16,True,True,True,1,1,92.86,100.0,
web105.yaml,Deployment,31,7,7,4,11,0,43,422,176,4,99113.47,50.95,99164.42,True,True,True,30,0,75.0,100.0,
web105_1.yaml,Service,6,2,2,0,2,0,18,13,4,2,28087.74,14.49,28102.23,True,True,True,3,3,83.33,100.0,
web106.yaml,Deployment,31,5,5,5,10,0,53,422,125,4,99781.44,57.19,99838.63,True,True,True,24,2,81.43,100.0,
web106_1.yaml,Service,6,2,2,0,2,0,18,13,4,2,28002.92,14.62,28017.54,True,True,True,3,3,83.33,100.0,
web107.yaml,Deployment,31,8,8,4,12,0,40,422,178,24,99094.88,60.47,99155.35,True,True,True,39,2,72.85,100.0,
web107_1.yaml,Service,6,1,1,0,1,0,18,13,2,1,28403.41,11.03,28414.44,True,True,True,1,1,92.86,100.0,
web107_2.yaml,Ingress,3,1,1,0,1,0,21,4,2,1,13782.82,17.06,13799.88,True,True,True,4,0,90.91,100.0,
web108.yaml,Deployment,31,8,8,4,12,0,30,422,178,3,98883.34,37.23,98920.57,True,True,True,16,1,80.9,100.0,
web108_1.yaml,Service,6,2,2,0,2,0,17,13,4,1,28152.5,10.54,28163.04,True,True,True,2,2,84.62,100.0,
web109.yaml,Deployment,31,8,8,4,12,0,34,422,178,1,98971.34,31.24,99002.58,True,True,True,16,1,77.33,100.0,
web109_1.yaml,Service,6,1,1,0,1,0,20,13,2,1,28185.56,11.93,28197.49,True,True,True,1,1,93.33,100.0,
web11.yaml,Deployment,31,7,7,5,12,0,27,422,176,4,99138.89,26.16,99165.05,True,True,True,21,6,57.14,100.0,
web110.yaml,Deployment,31,7,7,5,12,0,54,422,176,1,99220.61,42.47,99263.08,True,True,True,16,1,83.5,100.0,
web111.yaml,Deployment,31,8,8,4,12,0,28,422,178,1,98880.53,28.38,98908.91,True,True,True,16,2,73.53,100.0,
web112.yaml,Deployment,31,7,7,4,11,0,24,422,176,1,99167.27,25.14,99192.41,True,True,True,15,0,73.68,100.0,
web112_1.yaml,Service,6,2,2,0,2,0,14,13,4,1,27847.53,9.04,27856.57,True,True,True,2,2,81.82,100.0,
web113.yaml,Service,6,2,2,0,2,0,22,13,4,1,28220.9,13.39,28234.29,True,True,True,2,2,88.24,100.0,
web113_1.yaml,Deployment,31,8,8,5,13,0,25,422,178,1,99080.17,26.95,99107.12,True,True,True,17,1,70.0,100.0,
web114.yaml,Deployment,31,8,8,5,13,0,18,422,178,1,98975.95,22.24,98998.19,True,True,True,18,2,58.33,100.0,
web115.yaml,PersistentVolumeClaim,2,1,1,0,1,0,10,7,3,1,13662.7,7.81,13670.51,True,True,True,1,1,90.0,100.0,
web115_1.yaml,Deployment,31,8,8,5,13,0,28,422,178,2,99096.97,30.98,99127.95,True,True,True,17,1,75.0,100.0,
web116.yaml,Service,6,1,1,0,1,0,14,13,2,1,28414.18,9.0,28423.18,True,True,True,1,1,90.91,100.0,
web116_1.yaml,Deployment,31,8,8,5,13,0,21,422,178,2,99010.0,26.21,99036.21,True,True,True,17,1,68.97,100.0,
web117.yaml,Deployment,31,8,8,5,13,0,26,422,178,4,99048.61,26.29,99074.9,True,True,True,22,6,53.33,100.0,
web118.yaml,ReplicationController,25,7,7,0,7,0,20,420,176,1,95227.0,18.84,95245.84,True,True,True,11,3,68.18,100.0,
web119.yaml,Deployment,31,7,7,5,12,0,27,422,176,4,99145.98,26.23,99172.21,True,True,True,21,6,55.74,100.0,
web12.yaml,Deployment,31,7,7,4,11,0,30,422,176,4,99249.99,26.56,99276.55,True,True,True,21,9,53.12,100.0,
web120.yaml,Deployment,31,7,7,5,12,0,27,422,176,1,99364.32,26.11,99390.43,True,True,True,21,6,55.74,100.0,
web121.yaml,Deployment,31,7,7,5,12,0,40,422,176,36,99464.89,70.84,99535.73,True,True,True,91,39,22.62,100.0,
web122.yaml,Deployment,31,8,8,5,13,0,21,422,178,1,98965.59,24.13,98989.72,True,True,True,18,2,61.54,100.0,
web124.yaml,Deployment,31,7,7,5,12,0,27,422,176,4,99155.75,26.45,99182.2,True,True,True,21,6,57.14,100.0,
web125.yaml,Deployment,31,7,7,4,11,0,30,422,176,4,99138.24,26.42,99164.66,True,True,True,21,9,53.12,100.0,
web126.yaml,Deployment,31,8,8,5,13,0,26,422,178,8,98952.13,27.09,98979.22,True,True,True,22,6,54.84,100.0,
web127.yaml,Service,6,2,2,0,2,0,15,13,4,1,28170.45,9.75,28180.2,True,True,True,2,2,83.33,100.0,
web127_1.yaml,Deployment,31,8,8,5,13,0,22,422,178,1,99124.98,25.07,99150.05,True,True,True,17,1,67.86,100.0,
web128.yaml,Service,6,1,1,0,1,0,13,13,2,1,28173.18,9.15,28182.33,True,True,True,1,1,90.91,100.0,
web128_2.yaml,Secret,4,0,0,0,0,0,8,14,0,1,7185.03,0.0,7185.03,True,True,True,0,0,100.0,
web128_3.yaml,Deployment,31,8,8,5,13,0,30,422,178,4,99027.48,37.8,99065.28,True,True,True,17,1,80.43,100.0,
web129.yaml,Service,6,1,1,0,1,0,14,13,2,1,28412.58,9.18,28421.76,True,True,True,1,1,90.91,100.0,
web129_1.yaml,Deployment,31,8,8,5,13,0,21,422,178,1,99072.79,23.89,99096.68,True,True,True,17,1,66.67,100.0,
web13.yaml,Deployment,31,8,8,5,13,0,26,422,178,8,99023.19,27.36,99050.55,True,True,True,22,6,54.84,100.0,
web130.yaml,Service,6,1,1,0,1,0,15,13,2,1,28119.39,9.8,28129.19,True,True,True,1,1,91.67,100.0,
web130_1.yaml,Deployment,31,8,8,5,13,0,26,422,178,4,98975.15,26.14,99001.29,True,True,True,17,1,73.53,100.0,
web131.yaml,Service,6,1,1,0,1,0,15,13,2,1,28232.13,9.71,28241.84,True,True,True,1,1,91.67,100.0,
web131_2.yaml,Secret,4,0,0,0,0,0,10,14,0,1,7440.48,0.0,7440.48,True,True,True,0,0,100.0,
web131_3.yaml,Deployment,31,8,8,5,13,0,29,422,178,4,99090.7,34.42,99125.12,True,True,True,17,1,78.05,100.0,
web132.yaml,Service,6,2,2,0,2,0,17,13,4,1,29173.17,10.63,29183.8,True,True,True,2,2,84.62,100.0,
web132_1.yaml,Deployment,31,8,8,5,13,0,24,422,178,1,103328.91,26.26,103355.17,True,True,True,17,1,68.97,100.0,
web133.yaml,Service,6,2,2,0,2,0,14,13,4,1,27930.33,9.17,27939.5,True,True,True,2,2,81.82,100.0,
web133_2.yaml,Deployment,31,8,8,5,13,0,26,422,178,1,98980.19,27.8,99007.99,True,True,True,17,1,71.88,100.0,
web134_1.yaml,Service,6,2,2,0,2,0,18,13,4,1,28142.25,11.09,28153.34,True,True,True,2,2,85.71,100.0,
web134_3.yaml,Deployment,31,8,8,5,13,0,30,422,178,1,99111.62,29.96,99141.58,True,True,True,17,1,74.29,100.0,
web135_1.yaml,Service,6,2,2,0,2,0,18,13,4,1,27840.67,11.77,27852.44,True,True,True,2,2,85.71,100.0,
web135_3.yaml,Deployment,31,8,8,3,11,0,46,422,178,4,99100.7,40.2,99140.9,True,True,True,13,1,85.71,100.0,
web136.yaml,Service,6,2,2,0,2,0,18,13,4,1,27875.6,11.14,27886.74,True,True,True,2,2,85.71,100.0,
web136_1.yaml,Deployment,31,8,8,5,13,0,24,422,178,1,99006.29,26.35,99032.64,True,True,True,17,1,68.97,100.0,
web137.yaml,Deployment,31,8,8,5,13,0,23,422,178,4,98911.42,26.85,98938.27,True,True,True,18,2,66.67,100.0,
web138.yaml,Deployment,31,8,8,5,13,0,32,422,178,16,99055.36,33.73,99089.09,True,True,True,18,2,76.74,100.0,
web139.yaml,Deployment,31,8,8,5,13,0,42,422,178,32,98899.3,42.3,98941.6,True,True,True,18,2,82.14,100.0,
web14.yaml,Service,6,2,2,0,2,0,15,13,4,1,28140.95,9.68,28150.63,True,True,True,2,2,83.33,100.0,
web140.yaml,Deployment,31,7,7,4,11,0,43,422,176,4,99306.17,52.62,99358.79,True,True,True,30,0,75.0,100.0,
web140_1.yaml,Service,6,2,2,0,2,0,18,13,4,2,27860.41,14.19,27874.6,True,True,True,3,3,83.33,100.0,
web141.yaml,Deployment,31,5,5,5,10,0,53,422,125,4,99839.87,56.63,99896.5,True,True,True,24,2,81.43,100.0,
web141_1.yaml,Service,6,2,2,0,2,0,18,13,4,2,28122.57,14.55,28137.12,True,True,True,3,3,83.33,100.0,
web142.yaml,Deployment,31,7,7,4,11,0,22,422,176,1,99226.09,24.28,99250.37,True,True,True,16,1,73.02,100.0,
web143.yaml,Deployment,31,7,7,4,11,0,24,422,176,1,98891.03,25.47,98916.5,True,True,True,15,0,73.68,100.0,
web143_1.yaml,Service,6,2,2,0,2,0,12,13,4,1,28173.77,8.37,28182.14,True,True,True,2,2,80.0,100.0,
web144.yaml,Deployment,31,8,8,4,12,0,39,422,178,24,99215.34,59.34,99274.68,True,True,True,39,2,72.48,100.0,
web144_1.yaml,Service,6,1,1,0,1,0,17,13,2,1,28151.3,10.37,28161.67,True,True,True,1,1,92.31,100.0,
web144_2.yaml,Ingress,3,1,1,0,1,0,19,4,2,1,13939.12,15.82,13954.94,True,True,True,4,0,90.0,100.0,
web145.yaml,Deployment,31,8,8,4,12,0,39,422,178,24,99146.82,59.69,99206.51,True,True,True,39,2,72.48,100.0,
web145_1.yaml,Service,6,1,1,0,1,0,17,13,2,1,28147.3,10.4,28157.7,True,True,True,1,1,92.31,100.0,
web145_2.yaml,Ingress,3,1,1,0,1,0,20,4,2,1,13955.72,16.38,13972.1,True,True,True,4,0,90.48,100.0,
web146.yaml,Deployment,31,7,7,2,9,0,27,422,176,2,99291.85,25.92,99317.77,True,True,True,12,1,79.37,100.0,
web147.yaml,Deployment,31,8,8,4,12,0,39,422,178,24,99180.25,59.55,99239.8,True,True,True,39,2,72.48,100.0,
web147_1.yaml,Service,6,1,1,0,1,0,17,13,2,1,28411.75,10.44,28422.19,True,True,True,1,1,92.31,100.0,
web147_2.yaml,Ingress,3,1,1,0,1,0,19,4,2,1,13680.03,15.61,13695.64,True,True,True,4,0,90.0,100.0,
web148.yaml,Deployment,31,8,8,4,12,0,39,422,178,24,99183.7,60.2,99243.9,True,True,True,39,2,72.48,100.0,
web148_1.yaml,Service,6,1,1,0,1,0,17,13,2,1,28423.51,10.45,28433.96,True,True,True,1,1,92.31,100.0,
web148_2.yaml,Ingress,3,1,1,0,1,0,20,4,2,1,13690.01,16.21,13706.22,True,True,True,4,0,90.48,100.0,
web149.yaml,Deployment,31,8,8,0,8,0,65,422,178,240,99442.94,85.01,99527.95,True,True,True,25,2,88.41,100.0,
web149_1.yaml,Service,6,1,1,0,1,0,18,13,2,1,28493.8,10.99,28504.79,True,True,True,1,1,92.86,100.0,
web14_1.yaml,Deployment,31,8,8,5,13,0,22,422,178,1,99032.87,24.85,99057.72,True,True,True,17,1,67.86,100.0,
web15.yaml,Service,6,1,1,0,1,0,13,13,2,1,28204.5,9.09,28213.59,True,True,True,1,1,90.91,100.0,
web150.yaml,Deployment,31,8,8,0,8,0,65,422,178,240,99443.33,83.66,99526.99,True,True,True,25,2,88.41,100.0,
web150_1.yaml,Service,6,1,1,0,1,0,18,13,2,1,28408.69,11.31,28420.0,True,True,True,1,1,92.86,100.0,
web150_2.yaml,Ingress,3,1,1,0,1,0,21,4,2,1,13691.51,17.22,13708.73,True,True,True,4,0,90.91,100.0,
web152.yaml,Deployment,31,9,9,4,13,0,25,422,188,1,98849.99,25.78,98875.77,True,True,True,17,1,68.97,100.0,
web152_1.yaml,Service,6,2,2,0,2,0,17,13,4,1,28223.53,10.39,28233.92,True,True,True,2,2,84.62,100.0,
web153.yaml,Deployment,31,9,9,4,13,0,25,422,188,1,98851.81,25.87,98877.68,True,True,True,17,1,68.97,100.0,
web153_1.yaml,Deployment,31,9,9,4,13,0,25,422,188,1,98694.0,25.57,98719.57,True,True,True,17,1,68.97,100.0,
web153_2.yaml,Service,6,2,2,0,2,0,17,13,4,1,27861.5,10.66,27872.16,True,True,True,2,2,84.62,100.0,
web153_3.yaml,Service,6,2,2,0,2,0,17,13,4,1,27867.3,10.36,27877.66,True,True,True,2,2,84.62,100.0,
web154.yaml,Deployment,31,9,9,4,13,0,25,422,188,1,98805.82,26.22,98832.04,True,True,True,17,1,68.97,100.0,
web154_1.yaml,Deployment,31,9,9,4,13,0,25,422,188,1,98689.16,25.53,98714.69,True,True,True,17,1,68.97,100.0,
web154_2.yaml,Service,6,2,2,0,2,0,17,13,4,1,28126.37,10.82,28137.19,True,True,True,2,2,84.62,100.0,
web154_3.yaml,Service,6,2,2,0,2,0,17,13,4,1,27880.13,10.4,27890.53,True,True,True,2,2,84.62,100.0,
web157.yaml,Deployment,31,7,7,4,11,0,25,422,176,1,99183.87,26.41,99210.28,True,True,True,15,0,75.41,100.0,
web157_1.yaml,Service,6,1,1,0,1,0,13,13,2,1,28105.96,9.07,28115.03,True,True,True,1,1,90.91,100.0,
web157_2.yaml,Deployment,31,7,7,4,11,0,25,422,176,1,99186.34,26.82,99213.16,True,True,True,15,0,75.41,100.0,
web157_3.yaml,Service,6,1,1,0,1,0,13,13,2,1,28365.64,9.11,28374.75,True,True,True,1,1,90.91,100.0,
web158.yaml,Deployment,31,7,7,4,11,0,25,422,176,1,99217.69,26.19,99243.88,True,True,True,15,0,75.41,100.0,
web158_1.yaml,Service,6,1,1,0,1,0,13,13,2,1,28156.86,9.11,28165.97,True,True,True,1,1,90.91,100.0,
web158_2.yaml,Deployment,31,7,7,4,11,0,25,422,176,1,99174.04,26.23,99200.27,True,True,True,15,0,75.41,100.0,
web158_3.yaml,Service,6,1,1,0,1,0,13,13,2,1,28320.11,8.93,28329.04,True,True,True,1,1,90.91,100.0,
web159.yaml,Deployment,31,7,7,4,11,0,25,422,176,1,98809.55,26.1,98835.65,True,True,True,15,0,75.41,100.0,
web159_1.yaml,Service,6,1,1,0,1,0,13,13,2,1,28425.51,8.98,28434.49,True,True,True,1,1,90.91,100.0,
web159_2.yaml,Deployment,31,7,7,4,11,0,25,422,176,1,99248.1,26.55,99274.65,True,True,True,15,0,75.41,100.0,
web159_3.yaml,Service,6,1,1,0,1,0,13,13,2,1,28153.36,9.08,28162.44,True,True,True,1,1,90.91,100.0,
web15_2.yaml,Secret,4,0,0,0,0,0,8,14,0,1,7454.33,0.0,7454.33,True,True,True,0,0,100.0,
web15_3.yaml,Deployment,31,8,8,5,13,0,30,422,178,4,99075.31,40.21,99115.52,True,True,True,17,1,80.43,100.0,
web16.yaml,Service,6,1,1,0,1,0,14,13,2,1,28070.78,8.99,28079.77,True,True,True,1,1,90.91,100.0,
web162.yaml,Deployment,31,8,8,4,12,0,24,422,178,1,99098.86,26.14,99125.0,True,True,True,16,0,72.41,100.0,
web162_1.yaml,Service,6,1,1,0,1,0,12,13,2,1,28149.41,8.27,28157.68,True,True,True,1,1,90.0,100.0,
web163.yaml,Deployment,31,8,8,0,8,0,39,422,178,12,98950.87,35.15,98986.02,True,True,True,9,1,88.89,100.0,
web163_1.yaml,Service,6,1,1,0,1,0,18,13,2,1,28367.88,11.09,28378.97,True,True,True,1,1,92.86,100.0,
web16_1.yaml,Deployment,31,8,8,5,13,0,21,422,178,1,99003.24,24.38,99027.62,True,True,True,17,1,66.67,100.0,
web17.yaml,Service,6,1,1,0,1,0,15,13,2,1,28168.41,9.66,28178.07,True,True,True,1,1,91.67,100.0,
web17_1.yaml,Deployment,31,8,8,5,13,0,26,422,178,4,99008.69,26.56,99035.25,True,True,True,17,1,73.53,100.0,
web18.yaml,Service,6,1,1,0,1,0,15,13,2,1,28438.57,9.69,28448.26,True,True,True,1,1,91.67,100.0,
web18_2.yaml,Secret,4,0,0,0,0,0,10,14,0,1,7232.75,0.0,7232.75,True,True,True,0,0,100.0,
web18_3.yaml,Deployment,31,8,8,5,13,0,29,422,178,4,98942.79,35.71,98978.5,True,True,True,17,1,78.05,100.0,
web19.yaml,Service,6,2,2,0,2,0,17,13,4,1,27903.23,10.41,27913.64,True,True,True,2,2,84.62,100.0,
web19_1.yaml,Deployment,31,8,8,5,13,0,24,422,178,1,99137.36,29.21,99166.57,True,True,True,17,1,68.97,100.0,
web2.yaml,PersistentVolumeClaim,2,1,1,0,1,0,10,7,3,1,13969.92,7.79,13977.71,True,True,True,1,1,90.0,100.0,
web20.yaml,Service,6,2,2,0,2,0,14,13,4,1,27854.01,8.92,27862.93,True,True,True,2,2,81.82,100.0,
web20_2.yaml,Deployment,31,8,8,5,13,0,26,422,178,1,99112.5,28.05,99140.55,True,True,True,17,1,71.88,100.0,
web210.yaml,Deployment,31,7,7,5,12,0,54,422,176,1,99316.24,42.6,99358.84,True,True,True,16,1,83.5,100.0,
web211.yaml,Deployment,31,7,7,4,11,0,24,422,176,1,99320.29,25.37,99345.66,True,True,True,15,0,73.68,100.0,
web211_1.yaml,Service,6,2,2,0,2,0,14,13,4,1,28145.31,8.97,28154.28,True,True,True,2,2,81.82,100.0,
web212.yaml,Deployment,31,7,7,4,11,0,50,422,176,1,99703.09,42.39,99745.48,True,True,True,15,0,85.15,100.0,
web213.yaml,Deployment,31,7,7,4,11,0,24,422,176,1,99274.73,25.13,99299.86,True,True,True,15,0,73.68,100.0,
web213_1.yaml,Service,6,2,2,0,2,0,12,13,4,1,27867.59,8.32,27875.91,True,True,True,2,2,80.0,100.0,
web21_1.yaml,Service,6,2,2,0,2,0,18,13,4,1,27892.41,11.2,27903.61,True,True,True,2,2,85.71,100.0,
web21_3.yaml,Deployment,31,8,8,5,13,0,30,422,178,1,99401.77,30.19,99431.96,True,True,True,17,1,74.29,100.0,
web22_1.yaml,Service,6,2,2,0,2,0,18,13,4,1,27899.46,11.3,27910.76,True,True,True,2,2,85.71,100.0,
web22_3.yaml,Deployment,31,8,8,3,11,0,46,422,178,4,99263.74,39.05,99302.79,True,True,True,13,1,85.71,100.0,
web23.yaml,Service,6,2,2,0,2,0,18,13,4,1,27851.9,11.14,27863.04,True,True,True,2,2,85.71,100.0,
web23_1.yaml,Deployment,31,8,8,5,13,0,24,422,178,1,99237.89,25.87,99263.76,True,True,True,17,1,68.97,100.0,
web24.yaml,Deployment,31,8,8,5,13,0,23,422,178,4,99226.25,26.91,99253.16,True,True,True,18,2,66.67,100.0,
web25.yaml,Deployment,31,8,8,5,13,0,32,422,178,16,99115.77,33.77,99149.54,True,True,True,18,2,76.74,100.0,
web26.yaml,Deployment,31,8,8,5,13,0,42,422,178,32,99126.53,41.3,99167.83,True,True,True,18,2,82.14,100.0,
web27_1.yaml,Deployment,31,8,8,4,12,0,36,422,178,8,98944.15,34.51,98978.66,True,True,True,16,1,80.0,100.0,
web27_2.yaml,Service,6,2,2,0,2,0,21,13,4,4,28161.09,14.27,28175.36,True,True,True,2,2,88.89,100.0,
web28.yaml,Deployment,31,8,8,5,13,0,18,422,178,1,99175.89,22.23,99198.12,True,True,True,18,2,58.33,100.0,
web29.yaml,PersistentVolumeClaim,2,1,1,0,1,0,10,7,3,1,13726.19,7.77,13733.96,True,True,True,1,1,90.0,100.0,
web29_1.yaml,Deployment,31,8,8,5,13,0,28,422,178,2,98961.62,30.33,98991.95,True,True,True,17,1,75.0,100.0,
web2_1.yaml,Deployment,31,8,8,5,13,0,28,422,178,2,99016.13,30.72,99046.85,True,True,True,17,1,75.0,100.0,
web3.yaml,Service,6,1,1,0,1,0,14,13,2,1,28474.03,9.25,28483.28,True,True,True,1,1,90.91,100.0,
web30.yaml,Service,6,1,1,0,1,0,14,13,2,1,28184.21,9.15,28193.36,True,True,True,1,1,90.91,100.0,
web30_1.yaml,Deployment,31,8,8,5,13,0,21,422,178,2,99150.46,25.8,99176.26,True,True,True,17,1,68.97,100.0,
web31.yaml,Deployment,31,8,8,5,13,0,26,422,178,4,99177.79,26.46,99204.25,True,True,True,22,6,53.33,100.0,
web32.yaml,ReplicationController,25,7,7,0,7,0,20,420,176,1,95552.46,28.36,95580.82,True,True,True,11,3,68.18,100.0,
web33.yaml,Deployment,31,7,7,5,12,0,27,422,176,4,99196.2,26.36,99222.56,True,True,True,21,6,55.74,100.0,
web34.yaml,Deployment,31,7,7,5,12,0,27,422,176,1,99308.62,26.33,99334.95,True,True,True,21,6,55.74,100.0,
web35.yaml,Deployment,31,7,7,5,12,0,40,422,176,36,99407.9,71.18,99479.08,True,True,True,91,39,22.62,100.0,
web36.yaml,Deployment,31,8,8,5,13,0,21,422,178,1,99028.55,24.01,99052.56,True,True,True,18,2,61.54,100.0,
web38.yaml,Deployment,31,7,7,5,12,0,27,422,176,4,99283.81,26.47,99310.28,True,True,True,21,6,57.14,100.0,
web39.yaml,Deployment,31,7,7,4,11,0,30,422,176,4,99291.64,26.38,99318.02,True,True,True,21,9,53.12,100.0,
web3_1.yaml,Deployment,31,8,8,5,13,0,21,422,178,2,99245.63,25.98,99271.61,True,True,True,17,1,68.97,100.0,
web4.yaml,Deployment,31,8,8,5,13,0,26,422,178,4,99214.14,26.2,99240.34,True,True,True,22,6,53.33,100.0,
web40.yaml,Deployment,31,8,8,5,13,0,26,422,178,8,99132.82,27.33,99160.15,True,True,True,22,6,54.84,100.0,
web41.yaml,Service,6,2,2,0,2,0,15,13,4,1,27928.29,9.93,27938.22,True,True,True,2,2,83.33,100.0,
web41_1.yaml,Deployment,31,8,8,5,13,0,22,422,178,1,99077.46,25.3,99102.76,True,True,True,17,1,67.86,100.0,
web42.yaml,Service,6,1,1,0,1,0,13,13,2,1,28361.65,9.02,28370.67,True,True,True,1,1,90.91,100.0,
web42_2.yaml,Secret,4,0,0,0,0,0,8,14,0,1,7455.62,0.0,7455.62,True,True,True,0,0,100.0,
web42_3.yaml,Deployment,31,8,8,5,13,0,30,422,178,4,99676.94,38.02,99714.96,True,True,True,17,1,80.43,100.0,
web43.yaml,Service,6,1,1,0,1,0,14,13,2,1,28116.28,9.29,28125.57,True,True,True,1,1,90.91,100.0,
web43_1.yaml,Deployment,31,8,8,5,13,0,21,422,178,1,99303.94,24.27,99328.21,True,True,True,17,1,66.67,100.0,
web44.yaml,Service,6,1,1,0,1,0,15,13,2,1,28177.22,9.68,28186.9,True,True,True,1,1,91.67,100.0,
web44_1.yaml,Deployment,31,8,8,5,13,0,26,422,178,4,99289.88,26.16,99316.04,True,True,True,17,1,73.53,100.0,
web45.yaml,Service,6,1,1,0,1,0,15,13,2,1,28467.8,9.7,28477.5,True,True,True,1,1,91.67,100.0,
web45_2.yaml,Secret,4,0,0,0,0,0,10,14,0,1,7221.99,0.0,7221.99,True,True,True,0,0,100.0,
web45_3.yaml,Deployment,31,8,8,5,13,0,29,422,178,4,99219.79,34.73,99254.52,True,True,True,17,1,78.05,100.0,
web46.yaml,Service,6,2,2,0,2,0,17,13,4,1,28247.07,10.37,28257.44,True,True,True,2,2,84.62,100.0,
web46_1.yaml,Deployment,31,8,8,5,13,0,24,422,178,1,99013.04,25.55,99038.59,True,True,True,17,1,68.97,100.0,
web47.yaml,Service,6,2,2,0,2,0,14,13,4,1,28245.37,9.08,28254.45,True,True,True,2,2,81.82,100.0,
web47_2.yaml,Deployment,31,8,8,5,13,0,26,422,178,1,99170.74,27.72,99198.46,True,True,True,17,1,71.88,100.0,
web48_1.yaml,Service,6,2,2,0,2,0,18,13,4,1,27988.23,11.23,27999.46,True,True,True,2,2,85.71,100.0,
web48_3.yaml,Deployment,31,8,8,5,13,0,30,422,178,1,99292.66,30.01,99322.67,True,True,True,17,1,74.29,100.0,
web49_1.yaml,Service,6,2,2,0,2,0,18,13,4,1,28262.03,11.36,28273.39,True,True,True,2,2,85.71,100.0,
web49_3.yaml,Deployment,31,8,8,3,11,0,46,422,178,4,99465.38,40.08,99505.46,True,True,True,13,1,85.71,100.0,
web5.yaml,ReplicationController,25,7,7,0,7,0,20,420,176,1,95370.03,18.36,95388.39,True,True,True,11,3,68.18,100.0,
web50.yaml,Service,6,2,2,0,2,0,18,13,4,1,28168.66,11.33,28179.99,True,True,True,2,2,85.71,100.0,
web50_1.yaml,Deployment,31,8,8,5,13,0,24,422,178,1,99176.33,25.76,99202.09,True,True,True,17,1,68.97,100.0,
web51.yaml,Deployment,31,8,8,5,13,0,23,422,178,4,99220.04,27.1,99247.14,True,True,True,18,2,66.67,100.0,
web52.yaml,Deployment,31,8,8,5,13,0,32,422,178,16,99394.44,34.03,99428.47,True,True,True,18,2,76.74,100.0,
web53.yaml,Deployment,31,8,8,5,13,0,42,422,178,32,99696.61,41.94,99738.55,True,True,True,18,2,82.14,100.0,
web54.yaml,Service,6,1,1,0,1,0,15,13,2,1,28219.19,10.48,28229.67,True,True,True,1,1,92.31,100.0,
web54_1.yaml,Service,6,1,1,0,1,0,14,13,2,1,28272.15,9.73,28281.88,True,True,True,1,1,91.67,100.0,
web54_2.yaml,StatefulSet,31,7,7,5,12,0,47,424,176,4,99775.26,45.33,99820.59,True,True,True,25,3,76.67,100.0,
web55.yaml,Ingress,3,1,1,0,1,0,19,4,2,1,13998.17,15.41,14013.58,True,True,True,4,0,90.0,100.0,
web55_1.yaml,Service,6,1,1,0,1,0,18,13,2,4,28237.37,12.59,28249.96,True,True,True,1,1,93.75,100.0,
web55_2.yaml,Secret,4,0,0,0,0,0,10,14,0,1,7489.71,0.0,7489.71,True,True,True,0,0,100.0,
web55_4.yaml,Deployment,31,7,7,4,11,0,41,422,176,336,99427.59,72.38,99499.97,True,True,True,25,4,84.32,100.0,
web57.yaml,Service,6,2,2,0,2,0,16,13,4,1,27903.06,10.88,27913.94,True,True,True,2,2,84.62,100.0,
web57_1.yaml,Deployment,31,8,8,3,11,0,25,422,178,6,99581.33,27.6,99608.93,True,True,True,13,1,78.12,100.0,
web58.yaml,Service,6,2,2,0,2,0,16,13,4,1,29472.34,10.56,29482.9,True,True,True,2,2,84.62,100.0,
web58_1.yaml,Deployment,31,8,8,4,12,0,25,422,178,1,99381.7,25.55,99407.25,True,True,True,14,1,74.58,100.0,
web59.yaml,Service,6,2,2,0,2,0,15,13,4,1,27986.23,9.87,27996.1,True,True,True,2,2,83.33,100.0,
web59_1.yaml,Deployment,31,8,8,5,13,0,21,422,178,1,99391.7,24.56,99416.26,True,True,True,17,1,66.67,100.0,
web6.yaml,Deployment,31,7,7,5,12,0,27,422,176,4,99492.31,26.34,99518.65,True,True,True,21,6,55.74,100.0,
web60.yaml,Service,6,2,2,0,2,0,16,13,4,1,28031.38,10.56,28041.94,True,True,True,2,2,84.62,100.0,
web60_1.yaml,Deployment,31,8,8,5,13,0,22,422,178,1,99167.33,25.3,99192.63,True,True,True,17,1,67.86,100.0,
web61.yaml,Service,6,2,2,0,2,0,18,13,4,1,28271.54,11.51,28283.05,True,True,True,2,2,85.71,100.0,
web61_1.yaml,Deployment,31,8,8,5,13,0,24,422,178,1,99325.04,26.75,99351.79,True,True,True,17,1,68.97,100.0,
web62.yaml,Service,6,1,1,0,1,0,16,13,2,2,28278.52,11.15,28289.67,True,True,True,1,1,92.86,100.0,
web62_1.yaml,Deployment,31,8,8,5,13,0,26,422,178,8,99286.09,28.14,99314.23,True,True,True,17,1,74.29,100.0,
web63.yaml,Service,6,2,2,0,2,0,16,13,4,1,28155.69,10.58,28166.27,True,True,True,2,2,84.62,100.0,
web63_2.yaml,Deployment,31,8,8,5,13,0,33,422,178,4,99120.04,36.83,99156.87,True,True,True,17,1,79.55,100.0,
web63_3.yaml,PersistentVolumeClaim,2,1,1,0,1,0,11,7,3,1,14003.2,8.46,14011.66,True,True,True,1,1,90.91,100.0,
web64.yaml,Pod,61,13,13,6,19,0,13,481,187,1,181146.26,22.26,181168.52,True,True,True,26,4,37.5,100.0,
web65.yaml,Deployment,31,8,8,5,13,0,30,422,178,3,99236.0,36.96,99272.96,True,True,True,17,2,78.65,100.0,
web65_1.yaml,Service,6,2,2,0,2,0,15,13,4,1,28285.01,9.9,28294.91,True,True,True,2,2,83.33,100.0,
web66.yaml,Deployment,31,7,7,4,11,0,31,422,176,1,99451.77,29.44,99481.21,True,True,True,16,1,76.06,100.0,
web67.yaml,Deployment,31,8,8,5,13,0,18,422,178,1,99433.27,22.82,99456.09,True,True,True,18,2,58.33,100.0,
web68.yaml,PersistentVolumeClaim,2,1,1,0,1,0,10,7,3,1,13747.0,7.78,13754.78,True,True,True,1,1,90.0,100.0,
web68_1.yaml,Service,6,1,1,0,1,0,14,13,2,1,28508.62,9.07,28517.69,True,True,True,1,1,90.91,100.0,
web68_2.yaml,Deployment,31,8,8,5,13,0,28,422,178,2,99313.73,30.8,99344.53,True,True,True,17,1,75.0,100.0,
web69.yaml,PersistentVolumeClaim,2,1,1,0,1,0,10,7,3,1,13691.65,7.94,13699.59,True,True,True,1,1,90.0,100.0,
web69_1.yaml,Deployment,31,8,8,5,13,0,28,422,178,2,99338.03,30.73,99368.76,True,True,True,17,1,75.0,100.0,
web7.yaml,Deployment,31,7,7,5,12,0,27,422,176,1,99470.21,26.41,99496.62,True,True,True,21,6,55.74,100.0,
web70.yaml,Service,6,1,1,0,1,0,14,13,2,1,28445.1,9.12,28454.22,True,True,True,1,1,90.91,100.0,
web70_1.yaml,Deployment,31,8,8,5,13,0,21,422,178,2,99206.15,25.85,99232.0,True,True,True,17,1,68.97,100.0,
web71.yaml,Deployment,31,8,8,5,13,0,26,422,178,4,99418.65,26.5,99445.15,True,True,True,22,6,53.33,100.0,
web72.yaml,ReplicaSet,30,7,7,5,12,0,25,420,176,1,96084.65,25.79,96110.44,True,True,True,22,7,50.85,100.0,
web73.yaml,ReplicationController,25,7,7,0,7,0,20,420,176,1,95896.4,18.59,95914.99,True,True,True,11,3,68.18,100.0,
web74.yaml,Deployment,31,7,7,5,12,0,27,422,176,4,99172.23,26.53,99198.76,True,True,True,21,6,55.74,100.0,
web75.yaml,Deployment,31,7,7,5,12,0,40,422,176,36,99744.59,70.21,99814.8,True,True,True,91,39,22.62,100.0,
web76.yaml,Deployment,31,7,7,5,12,0,27,422,176,1,99803.44,26.74,99830.18,True,True,True,21,6,55.74,100.0,
web77.yaml,Deployment,31,7,7,5,12,0,40,422,176,36,99445.59,70.02,99515.61,True,True,True,91,39,22.62,100.0,
web78.yaml,Deployment,31,8,8,5,13,0,21,422,178,1,99667.44,24.22,99691.66,True,True,True,18,2,61.54,100.0,
web8.yaml,Deployment,31,7,7,5,12,0,40,422,176,36,99657.52,69.9,99727.42,True,True,True,91,39,22.62,100.0,
web80.yaml,Deployment,31,7,7,5,12,0,27,422,176,4,99476.72,26.48,99503.2,True,True,True,21,6,57.14,100.0,
web82.yaml,Deployment,31,7,7,4,11,0,30,422,176,4,99581.95,26.77,99608.72,True,True,True,21,9,53.12,100.0,
web83.yaml,Deployment,31,8,8,5,13,0,26,422,178,8,99384.57,27.26,99411.83,True,True,True,22,6,54.84,100.0,
web84.yaml,Service,6,2,2,0,2,0,15,13,4,1,27984.15,9.87,27994.02,True,True,True,2,2,83.33,100.0,
web84_1.yaml,Deployment,31,8,8,5,13,0,22,422,178,1,99563.33,24.78,99588.11,True,True,True,17,1,67.86,100.0,
web85.yaml,Service,6,1,1,0,1,0,13,13,2,1,28242.83,8.93,28251.76,True,True,True,1,1,90.91,100.0,
web85_2.yaml,Secret,4,0,0,0,0,0,8,14,0,1,7459.97,0.0,7459.97,True,True,True,0,0,100.0,
web85_3.yaml,Deployment,31,8,8,5,13,0,30,422,178,4,99482.95,37.79,99520.74,True,True,True,17,1,80.43,100.0,
web86.yaml,Service,6,1,1,0,1,0,14,13,2,1,28097.46,9.3,28106.76,True,True,True,1,1,90.91,100.0,
web86_1.yaml,Deployment,31,8,8,5,13,0,21,422,178,1,99235.63,25.13,99260.76,True,True,True,17,1,66.67,100.0,
web87.yaml,Service,6,1,1,0,1,0,15,13,2,1,28591.38,9.64,28601.02,True,True,True,1,1,91.67,100.0,
web87_1.yaml,Deployment,31,8,8,5,13,0,26,422,178,4,99456.32,26.5,99482.82,True,True,True,17,1,73.53,100.0,
web88.yaml,Service,6,1,1,0,1,0,15,13,2,1,28204.27,9.84,28214.11,True,True,True,1,1,91.67,100.0,
web88_2.yaml,Secret,4,0,0,0,0,0,10,14,0,1,7215.94,0.0,7215.94,True,True,True,0,0,100.0,
web88_3.yaml,Deployment,31,8,8,5,13,0,29,422,178,4,99379.39,34.13,99413.52,True,True,True,17,1,78.05,100.0,
web89.yaml,Service,6,2,2,0,2,0,17,13,4,1,28241.01,10.33,28251.34,True,True,True,2,2,84.62,100.0,
web89_1.yaml,Deployment,31,8,8,5,13,0,24,422,178,1,99375.62,25.79,99401.41,True,True,True,17,1,68.97,100.0,
web9.yaml,Deployment,31,8,8,5,13,0,21,422,178,1,99399.2,23.83,99423.03,True,True,True,18,2,61.54,100.0,
web90.yaml,Service,6,2,2,0,2,0,14,13,4,1,27970.78,9.2,27979.98,True,True,True,2,2,81.82,100.0,
web90_2.yaml,Deployment,31,8,8,5,13,0,26,422,178,1,99214.21,27.68,99241.89,True,True,True,17,1,71.88,100.0,
web91_1.yaml,Service,6,2,2,0,2,0,18,13,4,1,28013.52,11.18,28024.7,True,True,True,2,2,85.71,100.0,
web91_3.yaml,Deployment,31,8,8,5,13,0,30,422,178,1,99375.31,30.27,99405.58,True,True,True,17,1,74.29,100.0,
web92_1.yaml,Service,6,2,2,0,2,0,18,13,4,1,28204.51,11.12,28215.63,True,True,True,2,2,85.71,100.0,
web92_3.yaml,Deployment,31,8,8,3,11,0,46,422,178,4,99464.85,39.73,99504.58,True,True,True,13,1,85.71,100.0,
web93.yaml,Service,6,2,2,0,2,0,18,13,4,1,27936.71,11.36,27948.07,True,True,True,2,2,85.71,100.0,
web93_1.yaml,Deployment,31,8,8,5,13,0,24,422,178,1,99323.45,26.48,99349.93,True,True,True,17,1,68.97,100.0,
web94.yaml,Deployment,31,8,8,5,13,0,23,422,178,4,99483.8,26.82,99510.62,True,True,True,18,2,66.67,100.0,
web95.yaml,Deployment,31,8,8,5,13,0,32,422,178,16,99454.35,34.56,99488.91,True,True,True,18,2,76.74,100.0,
web96.yaml,Deployment,31,8,8,5,13,0,42,422,178,32,99518.65,41.65,99560.3,True,True,True,18,2,82.14,100.0,
web97.yaml,Service,6,1,1,0,1,0,15,13,2,1,28258.99,10.39,28269.38,True,True,True,1,1,92.31,100.0,
web98.yaml,Deployment,31,8,8,4,12,0,25,422,178,1,99469.02,26.77,99495.79,True,True,True,16,0,73.33,100.0,
web98_1.yaml,Service,6,2,2,0,2,0,20,13,4,1,28258.23,12.71,28270.94,True,True,True,2,2,87.5,100.0,
webadmin_allow_role_to_see_endpoints_1.yaml,RoleBinding,4,0,0,0,0,0,14,12,0,1,7208.25,0.0,7208.25,True,True,True,0,0,100.0,
webadmin_deployment.yaml,Deployment,31,8,8,5,13,0,27,422,178,1,99296.92,26.64,99323.56,True,True,True,17,2,68.85,100.0,
webadmin_svc_ingress.yaml,Service,6,1,1,0,1,0,13,13,2,1,28691.17,8.91,28700.08,True,True,True,1,1,90.91,100.0,
webadmin_svc_ingress_1.yaml,Ingress,3,1,1,0,1,0,18,4,2,1,13832.07,14.94,13847.01,True,True,True,4,0,89.47,100.0,
webadmin_user.yaml,ServiceAccount,3,0,0,0,0,0,4,7,0,1,7478.27,0.0,7478.27,True,True,True,0,0,100.0,
webadmin_user_2.yaml,RoleBinding,4,0,0,0,0,0,12,12,0,1,7216.67,0.0,7216.67,True,True,True,0,0,100.0,
webapi-deployment.yaml,Deployment,31,7,7,4,11,0,22,422,176,1,99439.23,24.57,99463.8,True,True,True,15,0,71.7,100.0,
webapi-deployment1.yaml,Deployment,31,8,8,5,13,0,24,422,178,1,99269.98,25.95,99295.93,True,True,True,17,2,67.8,100.0,
webapi-deployment1_1.yaml,Service,6,2,2,0,2,0,16,13,4,1,28051.73,10.18,28061.91,True,True,True,2,2,83.33,100.0,
webapi-service.yaml,Service,6,2,2,0,2,0,16,13,4,1,28322.25,9.93,28332.18,True,True,True,4,4,66.67,100.0,
webapp-apd0510_1.yaml,Deployment,31,7,7,5,12,0,23,422,176,1,99616.41,25.28,99641.69,True,True,True,16,1,69.09,100.0,
webapp-apd0511_1.yaml,Deployment,31,7,7,5,12,0,23,422,176,1,99537.5,25.08,99562.58,True,True,True,16,1,69.09,100.0,
webapp-apd0512_1.yaml,Deployment,31,7,7,5,12,0,23,422,176,1,99568.21,24.84,99593.05,True,True,True,16,1,69.09,100.0,
webapp-apd051_1.yaml,Deployment,31,7,7,5,12,0,23,422,176,1,99492.86,25.02,99517.88,True,True,True,16,1,69.09,100.0,
webapp-apd052_1.yaml,Deployment,31,7,7,5,12,0,23,422,176,1,99477.21,24.88,99502.09,True,True,True,16,1,69.09,100.0,
webapp-apd053_1.yaml,Deployment,31,7,7,5,12,0,23,422,176,1,99142.41,25.04,99167.45,True,True,True,16,1,69.09,100.0,
webapp-apd054_1.yaml,Deployment,31,7,7,5,12,0,23,422,176,1,99637.18,25.26,99662.44,True,True,True,16,1,69.09,100.0,
webapp-apd055_1.yaml,Deployment,31,7,7,5,12,0,23,422,176,1,99646.64,25.09,99671.73,True,True,True,16,1,69.09,100.0,
webapp-apd056_1.yaml,Deployment,31,7,7,5,12,0,23,422,176,1,99560.41,25.05,99585.46,True,True,True,16,1,69.09,100.0,
webapp-apd057_1.yaml,Deployment,31,7,7,5,12,0,23,422,176,1,99633.34,24.9,99658.24,True,True,True,16,1,69.09,100.0,
webapp-apd058_1.yaml,Deployment,31,7,7,5,12,0,23,422,176,1,99500.19,25.0,99525.19,True,True,True,16,1,69.09,100.0,
webapp-apd059_1.yaml,Deployment,31,7,7,5,12,0,23,422,176,1,99553.84,24.77,99578.61,True,True,True,16,1,69.09,100.0,
webapp-apd05_1.yaml,Deployment,31,7,7,5,12,0,23,422,176,1,102107.79,24.65,102132.44,True,True,True,16,1,69.09,100.0,
webapp-be.yaml,Deployment,31,8,8,4,12,0,30,422,178,3,99601.77,37.03,99638.8,True,True,True,16,1,80.9,100.0,
webapp-be_1.yaml,Service,6,2,2,0,2,0,17,13,4,1,28019.07,10.56,28029.63,True,True,True,2,2,84.62,100.0,
webapp-color-wl10.yaml,Deployment,31,8,8,5,13,0,26,422,186,1,99323.25,26.86,99350.11,True,True,True,17,2,68.85,100.0,
webapp-color-wl101.yaml,Deployment,31,8,8,5,13,0,26,422,186,1,99269.1,26.4,99295.5,True,True,True,17,2,68.85,100.0,
webapp-color-wl1010.yaml,Deployment,31,8,8,5,13,0,26,422,186,1,99276.01,26.75,99302.76,True,True,True,17,2,68.85,100.0,
webapp-color-wl1010_1.yaml,Service,6,2,2,0,2,0,17,13,4,1,28248.79,10.61,28259.4,True,True,True,2,2,84.62,100.0,
webapp-color-wl1011.yaml,Deployment,31,8,8,5,13,0,26,422,186,1,99349.82,26.77,99376.59,True,True,True,17,2,68.85,100.0,
webapp-color-wl1011_1.yaml,Service,6,2,2,0,2,0,17,13,4,1,27899.97,10.57,27910.54,True,True,True,2,2,84.62,100.0,
webapp-color-wl1012.yaml,Deployment,31,8,8,5,13,0,26,422,186,1,99365.73,27.03,99392.76,True,True,True,17,2,68.85,100.0,
webapp-color-wl1012_1.yaml,Service,6,2,2,0,2,0,17,13,4,1,28045.57,10.5,28056.07,True,True,True,2,2,84.62,100.0,
webapp-color-wl101_1.yaml,Service,6,2,2,0,2,0,17,13,4,1,28263.28,10.78,28274.06,True,True,True,2,2,84.62,100.0,
webapp-color-wl102.yaml,Deployment,31,8,8,5,13,0,26,422,186,1,99446.63,26.49,99473.12,True,True,True,17,2,68.85,100.0,
webapp-color-wl102_1.yaml,Service,6,2,2,0,2,0,17,13,4,1,27979.5,10.67,27990.17,True,True,True,2,2,84.62,100.0,
webapp-color-wl103.yaml,Deployment,31,8,8,5,13,0,26,422,186,1,99330.82,26.64,99357.46,True,True,True,17,2,68.85,100.0,
webapp-color-wl103_1.yaml,Service,6,2,2,0,2,0,17,13,4,1,27995.5,10.65,28006.15,True,True,True,2,2,84.62,100.0,
webapp-color-wl104.yaml,Deployment,31,8,8,5,13,0,26,422,186,1,99381.59,26.63,99408.22,True,True,True,17,2,68.85,100.0,
webapp-color-wl104_1.yaml,Service,6,2,2,0,2,0,17,13,4,1,28276.44,10.5,28286.94,True,True,True,2,2,84.62,100.0,
webapp-color-wl105.yaml,Deployment,31,8,8,5,13,0,26,422,186,1,99320.04,26.95,99346.99,True,True,True,17,2,68.85,100.0,
webapp-color-wl105_1.yaml,Service,6,2,2,0,2,0,17,13,4,1,28062.52,10.76,28073.28,True,True,True,2,2,84.62,100.0,
webapp-color-wl106.yaml,Deployment,31,8,8,5,13,0,26,422,186,1,99630.12,27.34,99657.46,True,True,True,17,2,68.85,100.0,
webapp-color-wl106_1.yaml,Service,6,2,2,0,2,0,17,13,4,1,28307.89,10.93,28318.82,True,True,True,2,2,84.62,100.0,
webapp-color-wl107.yaml,Deployment,31,8,8,5,13,0,26,422,186,1,99027.16,27.23,99054.39,True,True,True,17,2,68.85,100.0,
webapp-color-wl107_1.yaml,Service,6,2,2,0,2,0,17,13,4,1,28244.53,10.7,28255.23,True,True,True,2,2,84.62,100.0,
webapp-color-wl108.yaml,Deployment,31,8,8,5,13,0,26,422,186,1,99263.52,26.92,99290.44,True,True,True,17,2,68.85,100.0,
webapp-color-wl108_1.yaml,Service,6,2,2,0,2,0,17,13,4,1,28061.3,10.56,28071.86,True,True,True,2,2,84.62,100.0,
webapp-color-wl109.yaml,Deployment,31,8,8,5,13,0,26,422,186,1,99280.35,27.1,99307.45,True,True,True,17,2,68.85,100.0,
webapp-color-wl109_1.yaml,Service,6,2,2,0,2,0,17,13,4,1,28307.02,10.63,28317.65,True,True,True,2,2,84.62,100.0,
webapp-color-wl10_1.yaml,Service,6,2,2,0,2,0,17,13,4,1,27991.11,10.64,28001.75,True,True,True,2,2,84.62,100.0,
webapp-color.yaml,Pod,61,12,12,7,19,0,18,481,185,1,182064.84,24.11,182088.95,True,True,True,22,2,53.85,100.0,
webapp-db-deployment-nodeport.yaml,Deployment,31,8,8,5,13,0,24,422,178,2,99385.03,35.79,99420.82,True,True,True,33,3,52.63,100.0,
webapp-depl.yaml,Deployment,31,8,8,5,13,0,28,422,178,5,99564.93,37.29,99602.22,True,True,True,17,1,79.55,100.0,
webapp-deploy.yaml,Deployment,31,8,8,5,13,0,30,422,185,1,99307.8,26.77,99334.57,True,True,True,18,8,60.61,100.0,
webapp-deploy1.yaml,Deployment,31,8,8,5,13,0,30,422,178,3,99883.49,37.65,99921.14,True,True,True,36,22,35.56,100.0,
webapp-deploy2.yaml,Deployment,31,8,8,4,12,0,29,422,178,1,99405.36,27.75,99433.11,True,True,True,16,4,69.7,100.0,
webapp-deployment-scaling.yaml,Deployment,31,8,8,3,11,0,27,422,178,1,99387.74,25.68,99413.42,True,True,True,14,2,73.33,100.0,
webapp-deployment-v2.yaml,Deployment,31,7,7,4,11,0,24,422,176,1,99611.33,25.81,99637.14,True,True,True,19,4,59.65,100.0,
webapp-deployment.yaml,Deployment,31,7,7,5,12,0,24,422,176,1,99396.16,25.22,99421.38,True,True,True,19,4,59.65,100.0,
webapp-deployment1.yaml,Deployment,31,7,7,5,12,0,24,422,176,1,99583.74,25.3,99609.04,True,True,True,19,4,59.65,100.0,
webapp-deployment10.yaml,Deployment,31,8,8,4,12,0,30,422,178,3,99350.59,37.1,99387.69,True,True,True,16,1,80.9,100.0,
webapp-deployment10_1.yaml,Service,6,2,2,0,2,0,17,13,4,1,28265.67,10.54,28276.21,True,True,True,2,2,84.62,100.0,
webapp-deployment11.yaml,Deployment,31,7,7,2,9,0,36,422,176,6,99610.73,39.07,99649.8,True,True,True,12,1,86.6,100.0,
webapp-deployment12.yaml,Deployment,31,8,8,5,13,0,21,422,178,4,99420.85,25.13,99445.98,True,True,True,20,5,56.14,100.0,
webapp-deployment13.yaml,Deployment,31,7,7,2,9,0,35,422,176,32,99589.94,39.44,99629.38,True,True,True,32,21,43.01,100.0,
webapp-deployment14.yaml,Deployment,31,8,8,5,13,0,30,422,178,3,99331.92,38.07,99369.99,True,True,True,17,2,78.65,100.0,
webapp-deployment14_1.yaml,Service,6,2,2,0,2,0,17,13,4,1,27931.01,10.58,27941.59,True,True,True,2,2,84.62,100.0,
webapp-deployment15.yaml,Deployment,31,7,7,5,12,0,27,422,176,4,99589.25,39.38,99628.63,True,True,True,17,2,80.0,100.0,
webapp-deployment16.yaml,Deployment,31,7,7,5,12,0,27,422,176,4,99597.96,40.15,99638.11,True,True,True,16,1,82.11,100.0,
webapp-deployment2.yaml,Deployment,31,7,7,5,12,0,24,422,176,1,99682.28,25.07,99707.35,True,True,True,19,4,59.65,100.0,
webapp-deployment3.yaml,Deployment,31,7,7,5,12,0,24,422,176,1,99419.97,24.95,99444.92,True,True,True,19,4,59.65,100.0,
webapp-deployment4.yaml,Deployment,31,8,8,5,13,0,21,422,178,1,99184.41,23.69,99208.1,True,True,True,17,2,64.15,100.0,
webapp-deployment4_1.yaml,Service,6,1,1,0,1,0,14,13,2,1,28247.24,9.12,28256.36,True,True,True,1,1,90.91,100.0,
webapp-deployment5.yaml,Deployment,31,9,9,5,14,0,25,422,188,1,99426.16,26.66,99452.82,True,True,True,21,6,54.24,100.0,
webapp-deployment6.yaml,Deployment,31,8,8,5,13,0,25,422,186,1,100611.06,25.96,100637.02,True,True,True,20,5,57.63,100.0,
webapp-deployment7.yaml,Deployment,31,8,8,5,13,0,24,422,178,1,99093.56,25.62,99119.18,True,True,True,18,3,63.16,100.0,
webapp-deployment8.yaml,Deployment,31,7,7,5,12,0,24,422,176,1,99390.32,25.28,99415.6,True,True,True,17,2,66.67,100.0,
WebApp-Deployment9.yaml,Deployment,31,7,7,5,12,0,30,422,176,2,99627.94,33.82,99661.76,True,True,True,21,6,70.33,100.0,
webapp-depl_1.yaml,Service,6,1,1,0,1,0,14,13,2,1,28248.28,9.09,28257.37,True,True,True,1,1,90.91,100.0,
webapp-extservice.yaml,Service,6,2,2,0,2,0,18,13,4,1,28020.74,11.25,28031.99,True,True,True,6,6,60.0,100.0,
webapp-extservice1.yaml,Service,6,2,2,0,2,0,18,13,4,1,28280.48,11.4,28291.88,True,True,True,6,6,60.0,100.0,
webapp-fe.yaml,Deployment,31,8,8,4,12,0,24,422,178,1,99331.85,25.9,99357.75,True,True,True,16,1,70.18,100.0,
webapp-fe_1.yaml,Service,6,2,2,0,2,0,17,13,4,1,28031.76,10.6,28042.36,True,True,True,2,2,84.62,100.0,
webapp-ingress.yaml,Ingress,3,1,1,0,1,0,17,4,2,1,14037.64,14.97,14052.61,True,True,True,4,0,89.47,100.0,
webapp-ingress1.yaml,Ingress,3,0,0,0,0,0,24,4,0,1,7218.68,0.0,7218.68,True,True,True,0,0,100.0,
webapp-init-job_1.yaml,Secret,4,0,0,0,0,0,7,14,0,4,7440.04,0.0,7440.04,True,True,True,0,0,100.0,
webapp-init-job_10.yaml,Service,6,2,2,0,2,0,17,13,4,1,27986.74,10.63,27997.37,True,True,True,2,2,84.62,100.0,
webapp-init-job_3.yaml,Deployment,31,8,8,4,12,0,32,422,178,4,99437.23,44.49,99481.72,True,True,True,16,2,83.02,100.0,
webapp-init-job_4.yaml,Service,6,1,1,0,1,0,14,13,2,1,28281.94,9.15,28291.09,True,True,True,1,1,90.91,100.0,
webapp-init-job_5.yaml,Job,31,7,7,5,12,1,27,420,176,3,96155.68,27.53,96183.21,False,True,True,15,0,78.87,100.0,
webapp-init-job_7.yaml,Deployment,31,8,8,4,12,0,33,422,178,48,99387.69,50.28,99437.97,True,True,True,16,2,85.94,100.0,
webapp-init-job_8.yaml,Service,6,1,1,0,1,0,14,13,2,1,28302.32,9.17,28311.49,True,True,True,1,1,90.91,100.0,
webapp-init-job_9.yaml,Deployment,31,8,8,5,13,0,26,422,178,1,99621.95,27.79,99649.74,True,True,True,17,2,69.84,100.0,
webapp-lim.yaml,Deployment,31,8,8,3,11,0,27,422,178,2,99471.01,25.89,99496.9,True,True,True,20,9,52.46,100.0,
webapp-mysql-init_1.yaml,Secret,4,0,0,0,0,0,7,14,0,4,7222.77,0.0,7222.77,True,True,True,0,0,100.0,
webapp-mysql-init_3.yaml,Deployment,31,8,8,4,12,0,46,422,178,48,99763.6,61.23,99824.83,True,True,True,25,4,81.53,100.0,
webapp-mysql-init_4.yaml,Service,6,1,1,0,1,0,14,13,2,1,28292.39,9.15,28301.54,True,True,True,1,1,90.91,100.0,
webapp-mysql-init_6.yaml,Deployment,31,8,8,4,12,0,33,422,178,48,99560.38,49.04,99609.42,True,True,True,16,2,85.94,100.0,
webapp-mysql-init_7.yaml,Service,6,1,1,0,1,0,14,13,2,1,28543.97,9.11,28553.08,True,True,True,1,1,90.91,100.0,
webapp-mysql-init_8.yaml,Deployment,31,8,8,5,13,0,26,422,178,1,99355.48,27.28,99382.76,True,True,True,17,2,69.84,100.0,
webapp-mysql-init_9.yaml,Service,6,2,2,0,2,0,17,13,4,1,27989.33,10.52,27999.85,True,True,True,2,2,84.62,100.0,
webapp-pod-wl0510_1.yaml,Pod,61,13,13,7,20,0,16,481,187,1,181762.8,23.45,181786.25,True,True,True,23,1,50.0,100.0,
webapp-pod-wl0510_2.yaml,Service,6,2,2,0,2,0,22,13,4,1,28320.97,13.54,28334.51,True,True,True,2,2,88.24,100.0,
webapp-pod-wl0510_3.yaml,Pod,61,13,13,6,19,0,15,481,187,1,181562.3,23.79,181586.09,True,True,True,23,1,52.0,100.0,
webapp-pod-wl0510_4.yaml,Service,6,1,1,0,1,0,21,13,2,1,28268.1,12.66,28280.76,True,True,True,1,1,93.75,100.0,
webapp-pod-wl0511_1.yaml,Pod,61,13,13,7,20,0,16,481,187,1,181666.44,23.71,181690.15,True,True,True,23,1,50.0,100.0,
webapp-pod-wl0511_2.yaml,Service,6,2,2,0,2,0,22,13,4,1,28314.68,13.5,28328.18,True,True,True,2,2,88.24,100.0,
webapp-pod-wl0511_3.yaml,Pod,61,13,13,6,19,0,15,481,187,1,181702.24,23.99,181726.23,True,True,True,23,1,52.0,100.0,
webapp-pod-wl0511_4.yaml,Service,6,1,1,0,1,0,21,13,2,1,28290.25,12.77,28303.02,True,True,True,1,1,93.75,100.0,
webapp-pod-wl0512_1.yaml,Pod,61,13,13,7,20,0,16,481,187,1,181720.42,23.5,181743.92,True,True,True,23,1,50.0,100.0,
webapp-pod-wl0512_2.yaml,Service,6,2,2,0,2,0,22,13,4,1,27999.46,13.52,28012.98,True,True,True,2,2,88.24,100.0,
webapp-pod-wl0512_3.yaml,Pod,61,13,13,6,19,0,15,481,187,1,181677.45,23.62,181701.07,True,True,True,23,1,52.0,100.0,
webapp-pod-wl0512_4.yaml,Service,6,1,1,0,1,0,21,13,2,1,28548.88,12.62,28561.5,True,True,True,1,1,93.75,100.0,
webapp-pod-wl051_1.yaml,Pod,61,13,13,7,20,0,16,481,187,1,181498.76,23.72,181522.48,True,True,True,23,1,50.0,100.0,
webapp-pod-wl051_2.yaml,Service,6,2,2,0,2,0,22,13,4,1,28038.68,13.43,28052.11,True,True,True,2,2,88.24,100.0,
webapp-pod-wl051_3.yaml,Pod,61,13,13,6,19,0,15,481,187,1,181676.37,24.05,181700.42,True,True,True,23,1,52.0,100.0,
webapp-pod-wl051_4.yaml,Service,6,1,1,0,1,0,21,13,2,1,28516.87,12.8,28529.67,True,True,True,1,1,93.75,100.0,
webapp-pod-wl052_1.yaml,Pod,61,13,13,7,20,0,16,481,187,1,181529.77,23.82,181553.59,True,True,True,23,1,50.0,100.0,
webapp-pod-wl052_2.yaml,Service,6,2,2,0,2,0,22,13,4,1,28012.84,13.55,28026.39,True,True,True,2,2,88.24,100.0,
webapp-pod-wl052_3.yaml,Pod,61,13,13,6,19,0,15,481,187,1,181488.25,23.67,181511.92,True,True,True,23,1,52.0,100.0,
webapp-pod-wl052_4.yaml,Service,6,1,1,0,1,0,21,13,2,1,28267.66,12.74,28280.4,True,True,True,1,1,93.75,100.0,
webapp-pod-wl053_1.yaml,Pod,61,13,13,7,20,0,16,481,187,1,181736.93,23.46,181760.39,True,True,True,23,1,50.0,100.0,
webapp-pod-wl053_2.yaml,Service,6,2,2,0,2,0,22,13,4,1,28316.46,13.44,28329.9,True,True,True,2,2,88.24,100.0,
webapp-pod-wl053_3.yaml,Pod,61,13,13,6,19,0,15,481,187,1,181710.42,23.71,181734.13,True,True,True,23,1,52.0,100.0,
webapp-pod-wl053_4.yaml,Service,6,1,1,0,1,0,21,13,2,1,28307.88,12.72,28320.6,True,True,True,1,1,93.75,100.0,
webapp-pod-wl054_1.yaml,Pod,61,13,13,7,20,0,16,481,187,1,181750.49,23.25,181773.74,True,True,True,23,1,50.0,100.0,
webapp-pod-wl054_2.yaml,Service,6,2,2,0,2,0,22,13,4,1,28354.42,13.5,28367.92,True,True,True,2,2,88.24,100.0,
webapp-pod-wl054_3.yaml,Pod,61,13,13,6,19,0,15,481,187,1,181515.26,23.56,181538.82,True,True,True,23,1,52.0,100.0,
webapp-pod-wl054_4.yaml,Service,6,1,1,0,1,0,21,13,2,1,28319.6,12.73,28332.33,True,True,True,1,1,93.75,100.0,
webapp-pod-wl055_1.yaml,Pod,61,13,13,7,20,0,16,481,187,1,181449.0,23.33,181472.33,True,True,True,23,1,50.0,100.0,
webapp-pod-wl055_2.yaml,Service,6,2,2,0,2,0,22,13,4,1,28011.54,13.45,28024.99,True,True,True,2,2,88.24,100.0,
webapp-pod-wl055_3.yaml,Pod,61,13,13,6,19,0,15,481,187,1,181667.36,24.41,181691.77,True,True,True,23,1,52.0,100.0,
webapp-pod-wl055_4.yaml,Service,6,1,1,0,1,0,21,13,2,1,28598.77,12.64,28611.41,True,True,True,1,1,93.75,100.0,
webapp-pod-wl056_1.yaml,Pod,61,13,13,7,20,0,16,481,187,1,181567.17,23.55,181590.72,True,True,True,23,1,50.0,100.0,
webapp-pod-wl056_2.yaml,Service,6,2,2,0,2,0,22,13,4,1,27982.26,13.58,27995.84,True,True,True,2,2,88.24,100.0,
webapp-pod-wl056_3.yaml,Pod,61,13,13,6,19,0,15,481,187,1,181526.94,23.75,181550.69,True,True,True,23,1,52.0,100.0,
webapp-pod-wl056_4.yaml,Service,6,1,1,0,1,0,21,13,2,1,28579.84,13.21,28593.05,True,True,True,1,1,93.75,100.0,
webapp-pod-wl057_1.yaml,Pod,61,13,13,7,20,0,16,481,187,1,181598.72,23.73,181622.45,True,True,True,23,1,50.0,100.0,
webapp-pod-wl057_2.yaml,Service,6,2,2,0,2,0,22,13,4,1,27993.2,13.58,28006.78,True,True,True,2,2,88.24,100.0,
webapp-pod-wl057_3.yaml,Pod,61,13,13,6,19,0,15,481,187,1,181601.54,23.68,181625.22,True,True,True,23,1,52.0,100.0,
webapp-pod-wl057_4.yaml,Service,6,1,1,0,1,0,21,13,2,1,28235.92,12.71,28248.63,True,True,True,1,1,93.75,100.0,
webapp-pod-wl058_1.yaml,Pod,61,13,13,7,20,0,16,481,187,1,181786.96,23.39,181810.35,True,True,True,23,1,50.0,100.0,
webapp-pod-wl058_2.yaml,Service,6,2,2,0,2,0,22,13,4,1,28036.96,13.45,28050.41,True,True,True,2,2,88.24,100.0,
webapp-pod-wl058_3.yaml,Pod,61,13,13,6,19,0,15,481,187,1,181469.91,24.28,181494.19,True,True,True,23,1,52.0,100.0,
webapp-pod-wl058_4.yaml,Service,6,1,1,0,1,0,21,13,2,1,28277.64,12.92,28290.56,True,True,True,1,1,93.75,100.0,
webapp-pod-wl059_1.yaml,Pod,61,13,13,7,20,0,16,481,187,1,181457.82,23.39,181481.21,True,True,True,23,1,50.0,100.0,
webapp-pod-wl059_2.yaml,Service,6,2,2,0,2,0,22,13,4,1,28313.14,13.42,28326.56,True,True,True,2,2,88.24,100.0,
webapp-pod-wl059_3.yaml,Pod,61,13,13,6,19,0,15,481,187,1,181667.96,24.05,181692.01,True,True,True,23,1,52.0,100.0,
webapp-pod-wl059_4.yaml,Service,6,1,1,0,1,0,21,13,2,1,28329.24,12.62,28341.86,True,True,True,1,1,93.75,100.0,
webapp-pod-wl05_1.yaml,Pod,61,13,13,7,20,0,16,481,187,1,181666.16,23.41,181689.57,True,True,True,23,1,50.0,100.0,
webapp-pod-wl05_2.yaml,Service,6,2,2,0,2,0,22,13,4,1,28314.97,13.52,28328.49,True,True,True,2,2,88.24,100.0,
webapp-pod-wl05_3.yaml,Pod,61,13,13,6,19,0,15,481,187,1,181512.98,24.04,181537.02,True,True,True,23,1,52.0,100.0,
webapp-pod-wl05_4.yaml,Service,6,1,1,0,1,0,21,13,2,1,28214.0,24.59,28238.59,True,True,True,1,1,93.75,100.0,
webapp-pod.yaml,Pod,61,13,13,4,17,0,14,481,187,4,181761.32,22.36,181783.68,True,True,True,19,1,58.33,100.0,
webapp-pod3.yaml,Pod,61,13,13,6,19,0,11,481,187,2,182035.52,21.93,182057.45,True,True,True,23,1,45.45,100.0,
webapp-pod_1.yaml,Pod,61,13,13,4,17,0,14,481,187,4,181762.07,22.4,181784.47,True,True,True,19,1,58.33,100.0,
webapp-replica.yaml,ReplicaSet,30,7,7,2,9,0,37,420,176,64,96392.41,38.72,96431.13,True,True,True,33,22,44.44,100.0,
webapp-req-lim.yaml,Deployment,31,7,7,1,8,0,29,422,176,4,99539.43,26.36,99565.79,True,True,True,19,11,53.12,100.0,
webapp-req.yaml,Deployment,31,7,7,3,10,0,27,422,176,2,99720.32,25.61,99745.93,True,True,True,19,8,59.7,100.0,
webapp-role-binding.yaml,RoleBinding,4,0,0,0,0,0,14,12,0,1,7217.03,0.0,7217.03,True,True,True,0,0,100.0,
webapp-secret.yaml,Secret,4,0,0,0,0,0,7,14,0,2,7217.33,0.0,7217.33,True,True,True,0,0,100.0,
webapp-secret1.yaml,Secret,4,0,0,0,0,0,7,14,0,2,7443.08,0.0,7443.08,True,True,True,0,0,100.0,
webapp-service-clusterip.yaml,Service,6,1,1,0,1,0,13,13,2,1,28307.47,9.08,28316.55,True,True,True,2,2,81.82,100.0,
webapp-service-clusterip1.yaml,Service,6,1,1,0,1,0,13,13,2,1,28528.11,9.09,28537.2,True,True,True,2,2,81.82,100.0,
webapp-service-clusterip2.yaml,Service,6,1,1,0,1,0,13,13,2,1,28275.72,9.31,28285.03,True,True,True,2,2,81.82,100.0,
webapp-service-clusterip3.yaml,Service,6,1,1,0,1,0,13,13,2,1,28262.75,9.46,28272.21,True,True,True,2,2,81.82,100.0,
webapp-service-clusterip4.yaml,Service,6,1,1,0,1,0,13,13,2,1,28570.45,9.0,28579.45,True,True,True,2,2,81.82,100.0,
webapp-service-clusterip5.yaml,Service,6,1,1,0,1,0,13,13,2,1,28251.2,8.91,28260.11,True,True,True,2,2,81.82,100.0,
webapp-service-clusterip6.yaml,Service,6,1,1,0,1,0,13,13,2,1,28567.54,9.03,28576.57,True,True,True,2,2,81.82,100.0,
webapp-service-clusterip7.yaml,Service,6,1,1,0,1,0,13,13,2,1,28260.46,9.07,28269.53,True,True,True,2,2,81.82,100.0,
webapp-service.yaml,Service,6,2,2,0,2,0,14,13,4,2,28085.16,10.78,28095.94,True,True,True,4,4,78.95,100.0,
webapp-service1.yaml,Service,6,2,2,0,2,0,14,13,4,2,28321.74,10.85,28332.59,True,True,True,4,4,78.95,100.0,
webapp-service10.yaml,Service,6,2,2,0,2,0,17,13,4,1,27978.14,10.67,27988.81,True,True,True,4,4,69.23,100.0,
webapp-service11.yaml,Service,6,2,2,0,2,0,14,13,4,2,28306.74,11.0,28317.74,True,True,True,2,2,93.1,100.0,
webapp-service12.yaml,Service,6,2,2,0,2,0,17,13,4,4,28196.74,12.03,28208.77,True,True,True,4,4,73.33,100.0,
webapp-service13.yaml,Unknown,SCHEMA_ERROR,,,,,,0,0,0,0,18.65,0.0,18.65,,,,0,0,0.0,0.0,"C:\Users\CAOSD\projects\tool-security-rules\resources\dataset_yamls\original_yamls_10k\webapp-service13.yaml - failed validation: error while parsing: error unmarshaling JSON: while decoding JSON: json: cannot unmarshal array into Go struct field .Metadata of type struct { Name string ""yaml:\""name\""""; Namespace string ""yaml:\""namespace\""""; GenerateName string ""yaml:\""generateName\"""" } | Summary: 1 resource found in 1 file - Valid: 0, Invalid: 0, Errors: 1, Skipped: 0"
webapp-service14.yaml,Service,6,2,2,0,2,0,14,13,4,2,28080.14,10.76,28090.9,True,True,True,4,4,78.95,100.0,
webapp-service15.yaml,Service,6,2,2,0,2,0,14,13,4,2,28258.52,10.81,28269.33,True,True,True,4,4,78.95,100.0,
webapp-service16.yaml,Service,6,2,2,0,2,0,16,13,4,1,27985.16,9.95,27995.11,True,True,True,2,2,83.33,100.0,
webapp-service17.yaml,Service,6,2,2,0,2,0,16,13,4,1,28278.23,9.91,28288.14,True,True,True,2,2,83.33,100.0,
webapp-service2.yaml,Service,6,2,2,0,2,0,14,13,4,1,28076.34,9.8,28086.14,True,True,True,4,4,75.0,100.0,
webapp-service3.yaml,Service,6,2,2,0,2,0,14,13,4,2,28269.1,10.73,28279.83,True,True,True,4,4,78.95,100.0,
webapp-service4.yaml,Service,6,2,2,0,2,0,14,13,4,2,28002.34,10.74,28013.08,True,True,True,4,4,78.95,100.0,
webapp-service5.yaml,Service,6,1,1,0,1,0,15,13,2,1,28211.34,9.84,28221.18,True,True,True,4,4,69.23,100.0,
webapp-service6.yaml,Service,6,1,1,0,1,0,15,13,2,1,28571.45,9.88,28581.33,True,True,True,4,4,69.23,100.0,
webapp-service7.yaml,Service,6,2,2,0,2,0,21,13,4,1,28004.52,12.97,28017.49,True,True,True,3,4,78.79,100.0,
webapp-service8.yaml,Service,6,2,2,0,2,0,21,13,4,1,28361.15,12.83,28373.98,True,True,True,3,3,81.25,100.0,
WebApp-Service9.yaml,Service,6,2,2,0,2,0,17,13,4,1,28092.91,10.65,28103.56,True,True,True,2,2,84.62,100.0,
webapp-svc.yaml,Service,6,1,1,0,1,0,17,13,2,1,28264.61,10.57,28275.18,True,True,True,3,3,76.92,100.0,
webapp-svc2.yaml,Service,6,2,2,0,2,0,20,13,4,2,28312.79,13.07,28325.86,True,True,True,2,4,82.35,100.0,
webapp-wear-cka09-svcn10_1.yaml,Deployment,31,8,8,4,12,0,24,422,178,1,99355.46,25.05,99380.51,True,True,True,16,1,70.18,100.0,
webapp-wear-cka09-svcn11_1.yaml,Deployment,31,8,8,4,12,0,24,422,178,1,99421.88,25.53,99447.41,True,True,True,16,1,70.18,100.0,
webapp-wear-cka09-svcn12_1.yaml,Deployment,31,8,8,4,12,0,24,422,178,1,99273.9,24.97,99298.87,True,True,True,16,1,70.18,100.0,
webapp-wear-cka09-svcn1_1.yaml,Deployment,31,8,8,4,12,0,24,422,178,1,99410.5,25.19,99435.69,True,True,True,16,1,70.18,100.0,
webapp-wear-cka09-svcn2_1.yaml,Deployment,31,8,8,4,12,0,24,422,178,1,99307.43,28.07,99335.5,True,True,True,16,1,70.18,100.0,
webapp-wear-cka09-svcn3_1.yaml,Deployment,31,8,8,4,12,0,24,422,178,1,99145.46,25.63,99171.09,True,True,True,16,1,70.18,100.0,
webapp-wear-cka09-svcn4_1.yaml,Deployment,31,8,8,4,12,0,24,422,178,1,99251.66,25.08,99276.74,True,True,True,16,1,70.18,100.0,
webapp-wear-cka09-svcn5_1.yaml,Deployment,31,8,8,4,12,0,24,422,178,1,99319.92,25.48,99345.4,True,True,True,16,1,70.18,100.0,
webapp-wear-cka09-svcn6_1.yaml,Deployment,31,8,8,4,12,0,24,422,178,1,99345.51,25.02,99370.53,True,True,True,16,1,70.18,100.0,
webapp-wear-cka09-svcn7_1.yaml,Deployment,31,8,8,4,12,0,24,422,178,1,99489.22,25.73,99514.95,True,True,True,16,1,70.18,100.0,
webapp-wear-cka09-svcn8_1.yaml,Deployment,31,8,8,4,12,0,24,422,178,1,99394.38,25.13,99419.51,True,True,True,16,1,70.18,100.0,
webapp-wear-cka09-svcn9_1.yaml,Deployment,31,8,8,4,12,0,24,422,178,1,99256.12,25.3,99281.42,True,True,True,16,1,70.18,100.0,
webapp-wear-cka09-svcn_1.yaml,Deployment,31,8,8,4,12,0,24,422,178,1,99277.83,25.25,99303.08,True,True,True,16,1,70.18,100.0,
webapp-wear10_1.yaml,Deployment,31,8,8,4,12,0,24,422,178,1,99335.21,25.92,99361.13,True,True,True,16,1,70.18,100.0,
webapp-wear11_1.yaml,Deployment,31,8,8,4,12,0,24,422,178,1,99273.3,25.3,99298.6,True,True,True,16,1,70.18,100.0,
webapp-wear12_1.yaml,Deployment,31,8,8,4,12,0,24,422,178,1,99338.17,25.17,99363.34,True,True,True,16,1,70.18,100.0,
webapp-wear1_1.yaml,Deployment,31,8,8,4,12,0,24,422,178,1,99560.87,25.61,99586.48,True,True,True,16,1,70.18,100.0,
webapp-wear2_1.yaml,Deployment,31,8,8,4,12,0,24,422,178,1,99296.41,25.52,99321.93,True,True,True,16,1,70.18,100.0,
webapp-wear3_1.yaml,Deployment,31,8,8,4,12,0,24,422,178,1,99241.2,25.12,99266.32,True,True,True,16,1,70.18,100.0,
webapp-wear4_1.yaml,Deployment,31,8,8,4,12,0,24,422,178,1,99467.86,25.11,99492.97,True,True,True,16,1,70.18,100.0,
webapp-wear5_1.yaml,Deployment,31,8,8,4,12,0,24,422,178,1,99284.63,25.26,99309.89,True,True,True,16,1,70.18,100.0,
webapp-wear6_1.yaml,Deployment,31,8,8,4,12,0,24,422,178,1,99318.42,25.51,99343.93,True,True,True,16,1,70.18,100.0,
webapp-wear7_1.yaml,Deployment,31,8,8,4,12,0,24,422,178,1,99182.61,25.02,99207.63,True,True,True,16,1,70.18,100.0,
webapp-wear8_1.yaml,Deployment,31,8,8,4,12,0,24,422,178,1,99325.74,25.08,99350.82,True,True,True,16,1,70.18,100.0,
webapp-wear9_1.yaml,Deployment,31,8,8,4,12,0,24,422,178,1,99438.46,24.97,99463.43,True,True,True,16,1,70.18,100.0,
webapp-wear_1.yaml,Deployment,31,8,8,4,12,0,24,422,178,1,99400.33,25.81,99426.14,True,True,True,16,1,70.18,100.0,
webapp-wl0710_1.yaml,Deployment,31,7,7,5,12,0,23,422,176,1,99662.94,25.17,99688.11,True,True,True,16,1,69.09,100.0,
webapp-wl0711_1.yaml,Deployment,31,7,7,5,12,0,23,422,176,1,99539.56,25.57,99565.13,True,True,True,16,1,69.09,100.0,
webapp-wl0712_1.yaml,Deployment,31,7,7,5,12,0,23,422,176,1,99477.32,24.84,99502.16,True,True,True,16,1,69.09,100.0,
webapp-wl071_1.yaml,Deployment,31,7,7,5,12,0,23,422,176,1,99616.15,25.16,99641.31,True,True,True,16,1,69.09,100.0,
webapp-wl072_1.yaml,Deployment,31,7,7,5,12,0,23,422,176,1,99526.88,24.89,99551.77,True,True,True,16,1,69.09,100.0,
webapp-wl073_1.yaml,Deployment,31,7,7,5,12,0,23,422,176,1,99656.6,25.1,99681.7,True,True,True,16,1,69.09,100.0,
webapp-wl074_1.yaml,Deployment,31,7,7,5,12,0,23,422,176,1,99700.78,24.88,99725.66,True,True,True,16,1,69.09,100.0,
webapp-wl075_1.yaml,Deployment,31,7,7,5,12,0,23,422,176,1,99779.98,24.84,99804.82,True,True,True,16,1,69.09,100.0,
webapp-wl076_1.yaml,Deployment,31,7,7,5,12,0,23,422,176,1,99616.91,25.01,99641.92,True,True,True,16,1,69.09,100.0,
webapp-wl077_1.yaml,Deployment,31,7,7,5,12,0,23,422,176,1,99709.37,25.37,99734.74,True,True,True,16,1,69.09,100.0,
webapp-wl078_1.yaml,Deployment,31,7,7,5,12,0,23,422,176,1,99596.45,24.76,99621.21,True,True,True,16,1,69.09,100.0,
webapp-wl079_1.yaml,Deployment,31,7,7,5,12,0,23,422,176,1,99566.41,25.05,99591.46,True,True,True,16,1,69.09,100.0,
webapp-wl07_1.yaml,Deployment,31,7,7,5,12,0,23,422,176,1,99458.47,24.95,99483.42,True,True,True,16,1,69.09,100.0,
webapp.yaml,Deployment,31,8,8,4,12,0,30,422,178,3,99103.51,37.15,99140.66,True,True,True,16,1,80.9,100.0,
webapp1.yaml,Deployment,31,8,8,4,12,0,30,422,178,3,99332.59,37.11,99369.7,True,True,True,16,1,80.9,100.0,
webapp10.yaml,Deployment,31,8,8,4,12,0,30,422,178,3,99393.37,37.25,99430.62,True,True,True,16,1,80.9,100.0,
webapp100.yaml,Deployment,31,8,8,4,12,0,30,422,178,3,99443.59,36.92,99480.51,True,True,True,16,1,80.9,100.0,
webapp100_1.yaml,Service,6,2,2,0,2,0,17,13,4,1,28346.03,10.69,28356.72,True,True,True,2,2,84.62,100.0,
webapp101.yaml,Deployment,31,8,8,4,12,0,32,422,178,2,99328.74,35.74,99364.48,True,True,True,16,1,79.01,100.0,
webapp101_1.yaml,Service,6,2,2,0,2,0,17,13,4,1,28001.56,10.51,28012.07,True,True,True,2,2,84.62,100.0,
webapp102.yaml,Deployment,31,8,8,4,12,0,30,422,178,3,99385.33,36.82,99422.15,True,True,True,16,1,80.9,100.0,
webapp102_1.yaml,Service,6,2,2,0,2,0,17,13,4,1,27985.99,10.62,27996.61,True,True,True,2,2,84.62,100.0,
webapp103.yaml,Deployment,31,8,8,4,12,0,30,422,178,3,99423.94,36.89,99460.83,True,True,True,16,1,80.9,100.0,
webapp103_1.yaml,Service,6,2,2,0,2,0,17,13,4,1,28238.23,10.52,28248.75,True,True,True,2,2,84.62,100.0,
webapp104.yaml,Deployment,31,8,8,5,13,0,30,422,178,3,99391.6,37.74,99429.34,True,True,True,17,2,78.65,100.0,
webapp104_1.yaml,Service,6,2,2,0,2,0,17,13,4,1,28017.19,10.52,28027.71,True,True,True,2,2,84.62,100.0,
webapp105.yaml,Deployment,31,7,7,5,12,0,19,422,176,1,99528.53,22.83,99551.36,True,True,True,16,1,65.31,100.0,
webapp106.yaml,Deployment,31,8,8,5,13,0,24,422,178,1,99359.81,25.0,99384.81,True,True,True,17,2,66.67,100.0,
webapp106_1.yaml,Service,6,1,1,0,1,0,14,13,2,1,28281.22,9.01,28290.23,True,True,True,1,1,90.91,100.0,
webapp107.yaml,Deployment,31,8,8,4,12,0,30,422,178,3,99459.66,36.71,99496.37,True,True,True,16,1,80.9,100.0,
webapp107_1.yaml,Service,6,2,2,0,2,0,17,13,4,1,28245.98,10.7,28256.68,True,True,True,2,2,84.62,100.0,
webapp108.yaml,Deployment,31,8,8,4,12,0,30,422,178,3,99420.02,37.83,99457.85,True,True,True,16,1,80.9,100.0,
webapp108_1.yaml,Service,6,2,2,0,2,0,17,13,4,1,28003.53,10.59,28014.12,True,True,True,2,2,84.62,100.0,
webapp109.yaml,Deployment,31,8,8,4,12,0,30,422,178,3,99394.09,37.02,99431.11,True,True,True,16,1,80.9,100.0,
webapp109_1.yaml,Service,6,2,2,0,2,0,17,13,4,1,28371.48,10.65,28382.13,True,True,True,2,2,84.62,100.0,
webapp10_1.yaml,Service,6,2,2,0,2,0,17,13,4,1,28033.09,10.64,28043.73,True,True,True,2,2,84.62,100.0,
webapp11.yaml,Deployment,31,8,8,4,12,0,30,422,178,3,99391.77,37.23,99429.0,True,True,True,16,1,80.9,100.0,
webapp110.yaml,Deployment,31,8,8,4,12,0,30,422,178,3,99449.39,36.75,99486.14,True,True,True,16,1,80.9,100.0,
webapp110_1.yaml,Service,6,2,2,0,2,0,17,13,4,1,28280.85,10.6,28291.45,True,True,True,2,2,84.62,100.0,
webapp112.yaml,Deployment,31,8,8,4,12,0,30,422,178,3,99471.18,37.17,99508.35,True,True,True,16,1,80.9,100.0,
webapp112_1.yaml,Service,6,2,2,0,2,0,17,13,4,1,29120.89,10.67,29131.56,True,True,True,2,2,84.62,100.0,
webapp113.yaml,Deployment,31,8,8,4,12,0,30,422,178,3,101034.46,37.52,101071.98,True,True,True,16,1,80.9,100.0,
webapp113_1.yaml,Service,6,2,2,0,2,0,17,13,4,1,28088.0,10.64,28098.64,True,True,True,2,2,84.62,100.0,
webapp114.yaml,Deployment,31,8,8,4,12,0,30,422,178,3,99406.78,37.11,99443.89,True,True,True,16,1,80.9,100.0,
webapp114_1.yaml,Service,6,2,2,0,2,0,17,13,4,1,28296.06,10.73,28306.79,True,True,True,2,2,84.62,100.0,
webapp115.yaml,Deployment,31,8,8,2,10,0,33,422,178,6,99247.31,37.43,99284.74,True,True,True,12,1,86.02,100.0,
webapp115_1.yaml,Service,6,2,2,0,2,0,17,13,4,1,28258.8,10.5,28269.3,True,True,True,2,2,84.62,100.0,
webapp11_1.yaml,Service,6,2,2,0,2,0,17,13,4,1,28027.1,10.58,28037.68,True,True,True,2,2,84.62,100.0,
webapp12.yaml,Deployment,31,8,8,2,10,0,45,422,178,6,99402.42,36.68,99439.1,True,True,True,10,2,87.5,100.0,
webapp12_1.yaml,Service,6,2,2,0,2,0,20,13,4,1,28266.54,12.02,28278.56,True,True,True,2,2,86.67,100.0,
webapp13.yaml,Deployment,31,8,8,5,13,0,30,422,178,3,99505.3,37.65,99542.95,True,True,True,17,2,78.65,100.0,
webapp13_1.yaml,Service,6,2,2,0,2,0,17,13,4,1,28057.1,10.75,28067.85,True,True,True,2,2,84.62,100.0,
webapp14.yaml,Deployment,31,8,8,4,12,0,30,422,178,3,99461.1,37.68,99498.78,True,True,True,16,1,80.9,100.0,
webapp14_1.yaml,Service,6,2,2,0,2,0,17,13,4,1,27969.08,10.58,27979.66,True,True,True,2,2,84.62,100.0,
webapp15.yaml,Deployment,31,8,8,4,12,0,30,422,178,3,99418.14,37.2,99455.34,True,True,True,16,1,80.9,100.0,
webapp15_1.yaml,Service,6,2,2,0,2,0,17,13,4,1,28336.02,10.56,28346.58,True,True,True,2,2,84.62,100.0,
webapp16.yaml,Deployment,31,8,8,4,12,0,30,422,178,3,99419.29,37.6,99456.89,True,True,True,16,1,80.9,100.0,
webapp16_1.yaml,Service,6,2,2,0,2,0,17,13,4,1,27975.06,10.62,27985.68,True,True,True,2,2,84.62,100.0,
webapp17.yaml,Deployment,31,7,7,5,12,0,19,422,176,1,99645.65,22.69,99668.34,True,True,True,18,3,64.41,100.0,
webapp18.yaml,Deployment,31,8,8,4,12,0,30,422,178,3,99441.89,37.1,99478.99,True,True,True,16,1,80.9,100.0,
webapp18_1.yaml,Service,6,2,2,0,2,0,17,13,4,1,28347.32,10.57,28357.89,True,True,True,2,2,84.62,100.0,
webapp19.yaml,Deployment,31,8,8,4,12,0,30,422,178,3,99416.1,37.07,99453.17,True,True,True,16,1,80.9,100.0,
webapp19_1.yaml,Service,6,2,2,0,2,0,17,13,4,1,27977.79,10.54,27988.33,True,True,True,2,2,84.62,100.0,
webapp1_1.yaml,Service,6,2,2,0,2,0,17,13,4,1,27961.4,10.59,27971.99,True,True,True,2,2,84.62,100.0,
webapp2.yaml,Deployment,31,8,8,2,10,0,45,422,178,6,99220.42,37.03,99257.45,True,True,True,10,2,87.5,100.0,
webapp20.yaml,Deployment,31,8,8,4,12,0,30,422,178,3,99434.58,36.93,99471.51,True,True,True,16,1,80.9,100.0,
webapp20_1.yaml,Service,6,2,2,0,2,0,17,13,4,1,28249.27,11.02,28260.29,True,True,True,2,2,84.62,100.0,
webapp21.yaml,Deployment,31,8,8,4,12,0,30,422,178,3,99417.45,37.45,99454.9,True,True,True,16,1,80.9,100.0,
webapp21_1.yaml,Service,6,2,2,0,2,0,17,13,4,1,27960.81,10.54,27971.35,True,True,True,2,2,84.62,100.0,
webapp22.yaml,Deployment,31,8,8,4,12,0,30,422,178,3,99452.49,36.91,99489.4,True,True,True,16,1,80.9,100.0,
webapp22_1.yaml,Service,6,2,2,0,2,0,17,13,4,1,28283.58,10.6,28294.18,True,True,True,2,2,84.62,100.0,
webapp23.yaml,Deployment,31,7,7,4,11,0,30,422,176,3,99672.49,37.07,99709.56,True,True,True,15,0,83.15,100.0,
webapp23_1.yaml,Service,6,2,2,0,2,0,17,13,4,1,27943.64,10.61,27954.25,True,True,True,2,2,84.62,100.0,
webapp24.yaml,Deployment,31,8,8,4,12,0,30,422,178,3,99357.91,37.42,99395.33,True,True,True,16,1,80.9,100.0,
webapp24_1.yaml,Service,6,2,2,0,2,0,17,13,4,1,27924.03,10.49,27934.52,True,True,True,2,2,84.62,100.0,
webapp25.yaml,Deployment,31,8,8,4,12,0,30,422,178,3,99349.75,37.25,99387.0,True,True,True,16,1,80.9,100.0,
webapp25_1.yaml,Service,6,2,2,0,2,0,17,13,4,1,28362.9,10.57,28373.47,True,True,True,2,2,84.62,100.0,
webapp26.yaml,Deployment,31,8,8,4,12,0,30,422,178,3,99227.85,37.22,99265.07,True,True,True,16,1,80.9,100.0,
webapp26_1.yaml,Service,6,2,2,0,2,0,17,13,4,1,28054.43,10.6,28065.03,True,True,True,2,2,84.62,100.0,
webapp27.yaml,Deployment,31,8,8,4,12,0,30,422,178,3,99368.2,37.29,99405.49,True,True,True,16,1,80.9,100.0,
webapp27_1.yaml,Service,6,2,2,0,2,0,17,13,4,1,28003.62,10.66,28014.28,True,True,True,2,2,84.62,100.0,
webapp28.yaml,Deployment,31,8,8,4,12,0,30,422,178,3,99382.88,37.22,99420.1,True,True,True,16,1,80.9,100.0,
webapp28_1.yaml,Service,6,2,2,0,2,0,17,13,4,1,28242.33,10.84,28253.17,True,True,True,2,2,84.62,100.0,
webapp29.yaml,Deployment,31,8,8,4,12,0,30,422,178,3,99311.31,36.97,99348.28,True,True,True,16,1,80.9,100.0,
webapp29_1.yaml,Service,6,2,2,0,2,0,17,13,4,1,27955.22,10.54,27965.76,True,True,True,2,2,84.62,100.0,
webapp2_1.yaml,Service,6,2,2,0,2,0,20,13,4,1,28316.3,12.29,28328.59,True,True,True,2,2,86.67,100.0,
webapp3.yaml,Deployment,31,8,8,5,13,0,30,422,178,3,99469.49,37.68,99507.17,True,True,True,17,2,78.65,100.0,
webapp30.yaml,Deployment,31,8,8,4,12,0,30,422,178,3,99057.39,36.9,99094.29,True,True,True,16,1,80.9,100.0,
webapp30_1.yaml,Service,6,2,2,0,2,0,17,13,4,1,28299.18,10.44,28309.62,True,True,True,2,2,84.62,100.0,
webapp31.yaml,Deployment,31,8,8,4,12,0,30,422,178,3,99199.0,36.91,99235.91,True,True,True,16,1,80.9,100.0,
webapp31_1.yaml,Service,6,2,2,0,2,0,17,13,4,1,28057.54,10.64,28068.18,True,True,True,2,2,84.62,100.0,
webapp32.yaml,Deployment,31,8,8,4,12,0,30,422,178,3,99337.85,37.03,99374.88,True,True,True,16,1,80.9,100.0,
webapp32_1.yaml,Service,6,2,2,0,2,0,17,13,4,1,28262.11,10.7,28272.81,True,True,True,2,2,84.62,100.0,
webapp33.yaml,Deployment,31,8,8,4,12,0,30,422,178,3,99443.97,37.07,99481.04,True,True,True,16,1,80.9,100.0,
webapp33_1.yaml,Service,6,2,2,0,2,0,17,13,4,1,27971.87,10.58,27982.45,True,True,True,2,2,84.62,100.0,
webapp34.yaml,Deployment,31,8,8,4,12,0,24,422,178,1,99244.74,25.05,99269.79,True,True,True,16,1,70.18,100.0,
webapp34_1.yaml,Service,6,2,2,0,2,0,17,13,4,1,28243.67,10.58,28254.25,True,True,True,2,2,84.62,100.0,
webapp35.yaml,Deployment,31,8,8,4,12,0,30,422,178,3,99158.97,37.38,99196.35,True,True,True,16,1,80.9,100.0,
webapp35_1.yaml,Service,6,2,2,0,2,0,17,13,4,1,28249.89,10.57,28260.46,True,True,True,2,2,84.62,100.0,
webapp36.yaml,Deployment,31,8,8,4,12,0,30,422,178,3,99360.96,36.98,99397.94,True,True,True,16,1,80.9,100.0,
webapp36_1.yaml,Service,6,2,2,0,2,0,17,13,4,1,28018.73,10.52,28029.25,True,True,True,2,2,84.62,100.0,
webapp37.yaml,Deployment,31,8,8,4,12,0,30,422,178,3,99504.85,37.89,99542.74,True,True,True,16,1,80.9,100.0,
webapp37_1.yaml,Service,6,1,1,0,1,0,14,13,2,1,28507.63,9.05,28516.68,True,True,True,1,1,90.91,100.0,
webapp38.yaml,Deployment,31,8,8,4,12,0,30,422,178,3,99283.48,37.52,99321.0,True,True,True,16,1,80.9,100.0,
webapp38_1.yaml,Service,6,2,2,0,2,0,17,13,4,1,28015.18,10.73,28025.91,True,True,True,2,2,84.62,100.0,
webapp39.yaml,Deployment,31,8,8,4,12,0,30,422,178,3,99464.79,37.16,99501.95,True,True,True,16,1,80.9,100.0,
webapp39_1.yaml,Service,6,2,2,0,2,0,17,13,4,1,28013.34,10.55,28023.89,True,True,True,2,2,84.62,100.0,
webapp3_1.yaml,Service,6,2,2,0,2,0,17,13,4,1,28318.01,10.58,28328.59,True,True,True,2,2,84.62,100.0,
webapp4.yaml,Deployment,31,8,8,4,12,0,30,422,178,3,99296.47,37.47,99333.94,True,True,True,16,1,80.9,100.0,
webapp40.yaml,Deployment,31,8,8,4,12,0,30,422,178,3,99360.62,37.04,99397.66,True,True,True,16,1,80.9,100.0,
webapp40_1.yaml,Service,6,2,2,0,2,0,17,13,4,1,27983.03,10.71,27993.74,True,True,True,2,2,84.62,100.0,
webapp41.yaml,Deployment,31,8,8,4,12,0,30,422,178,3,99423.19,37.24,99460.43,True,True,True,16,1,80.9,100.0,
webapp41_1.yaml,Service,6,2,2,0,2,0,17,13,4,1,27936.29,10.49,27946.78,True,True,True,2,2,84.62,100.0,
webapp42.yaml,Deployment,31,8,8,4,12,0,30,422,178,3,99283.82,37.06,99320.88,True,True,True,16,1,80.9,100.0,
webapp42_1.yaml,Service,6,2,2,0,2,0,17,13,4,1,28327.0,10.57,28337.57,True,True,True,2,2,84.62,100.0,
webapp43.yaml,Deployment,31,8,8,4,12,0,30,422,178,3,99393.58,37.26,99430.84,True,True,True,16,1,80.9,100.0,
webapp43_1.yaml,Service,6,2,2,0,2,0,17,13,4,1,28007.45,10.81,28018.26,True,True,True,2,2,84.62,100.0,
webapp44.yaml,Deployment,31,7,7,4,11,0,30,422,176,3,99594.34,36.92,99631.26,True,True,True,15,0,83.15,100.0,
webapp44_1.yaml,Service,6,2,2,0,2,0,17,13,4,1,28289.89,10.48,28300.37,True,True,True,2,2,84.62,100.0,
webapp45.yaml,Deployment,31,8,8,4,12,0,30,422,178,3,99010.37,36.84,99047.21,True,True,True,16,1,80.9,100.0,
webapp45_1.yaml,Service,6,2,2,0,2,0,17,13,4,1,28272.25,11.31,28283.56,True,True,True,2,2,84.62,100.0,
webapp46.yaml,Deployment,31,8,8,4,12,0,30,422,178,3,99309.6,36.76,99346.36,True,True,True,16,1,80.9,100.0,
webapp46_1.yaml,Service,6,2,2,0,2,0,17,13,4,1,28005.25,10.92,28016.17,True,True,True,2,2,84.62,100.0,
webapp47.yaml,Deployment,31,8,8,4,12,0,30,422,178,3,99407.82,37.12,99444.94,True,True,True,16,1,80.9,100.0,
webapp47_1.yaml,Service,6,2,2,0,2,0,17,13,4,1,28301.56,10.71,28312.27,True,True,True,2,2,84.62,100.0,
webapp48.yaml,Deployment,31,8,8,4,12,0,30,422,178,3,99483.59,36.94,99520.53,True,True,False,16,1,80.9,100.0,Timeout_Exceeded
webapp48_1.yaml,Service,6,2,2,0,2,0,17,13,4,1,27963.98,10.69,27974.67,True,True,True,2,2,84.62,100.0,
webapp49.yaml,Deployment,31,8,8,1,9,0,35,422,178,12,99335.52,37.68,99373.2,True,True,True,10,2,87.5,100.0,
webapp49_1.yaml,Service,6,2,2,0,2,0,17,13,4,1,28074.46,10.5,28084.96,True,True,True,2,2,84.62,100.0,
webapp4_1.yaml,Service,6,2,2,0,2,0,17,13,4,1,28261.69,10.66,28272.35,True,True,True,2,2,84.62,100.0,
webapp5.yaml,Deployment,31,8,8,4,12,0,30,422,178,3,99433.16,37.62,99470.78,True,True,True,16,1,80.9,100.0,
webapp50.yaml,Deployment,31,8,8,5,13,0,30,422,178,3,99424.66,36.72,99461.38,True,True,True,17,2,78.65,100.0,
webapp50_1.yaml,Service,6,2,2,0,2,0,17,13,4,1,27994.07,10.54,28004.61,True,True,True,2,2,84.62,100.0,
webapp51.yaml,Deployment,31,8,8,4,12,0,30,422,178,3,99501.15,36.88,99538.03,True,True,True,16,1,80.9,100.0,
webapp51_1.yaml,Service,6,2,2,0,2,0,17,13,4,1,28003.16,10.59,28013.75,True,True,True,2,2,84.62,100.0,
webapp52.yaml,Deployment,31,8,8,5,13,0,24,422,178,3,99441.86,28.87,99470.73,True,True,True,17,2,71.64,100.0,
webapp52_1.yaml,Service,6,1,1,0,1,0,12,13,2,1,28499.35,8.33,28507.68,True,True,True,1,1,90.0,100.0,
webapp53.yaml,Deployment,31,7,7,5,12,0,19,422,176,1,99657.01,22.92,99679.93,True,True,True,17,2,61.22,100.0,
webapp54.yaml,Deployment,31,8,8,4,12,0,30,422,178,3,99475.49,36.81,99512.3,True,True,True,16,1,80.9,100.0,
webapp54_1.yaml,Service,6,2,2,0,2,0,17,13,4,1,28037.72,10.7,28048.42,True,True,True,2,2,84.62,100.0,
webapp55.yaml,Pod,61,13,13,7,20,0,18,481,187,1,181914.19,25.78,181939.97,True,True,True,24,2,53.57,100.0,
webapp56.yaml,Deployment,31,8,8,4,12,0,30,422,178,3,99431.32,37.3,99468.62,True,True,True,16,1,80.9,100.0,
webapp56_1.yaml,Service,6,2,2,0,2,0,17,13,4,1,28271.59,10.65,28282.24,True,True,True,2,2,84.62,100.0,
webapp57.yaml,Deployment,31,8,8,4,12,0,30,422,178,3,99068.2,37.01,99105.21,True,True,True,16,1,80.9,100.0,
webapp57_1.yaml,Service,6,2,2,0,2,0,17,13,4,1,28318.65,10.64,28329.29,True,True,True,2,2,84.62,100.0,
webapp58.yaml,Deployment,31,8,8,4,12,0,21,422,178,1,99353.23,23.59,99376.82,True,True,True,16,1,67.92,100.0,
webapp58_1.yaml,Service,6,1,1,0,1,0,15,13,2,1,28324.83,9.67,28334.5,True,True,True,1,1,91.67,100.0,
webapp59.yaml,Deployment,31,8,8,4,12,0,21,422,178,1,99443.26,23.76,99467.02,True,True,True,16,1,67.92,100.0,
webapp59_1.yaml,Service,6,1,1,0,1,0,15,13,2,1,28575.35,9.76,28585.11,True,True,True,1,1,91.67,100.0,
webapp5_1.yaml,Service,6,2,2,0,2,0,17,13,4,1,28051.99,11.11,28063.1,True,True,True,2,2,84.62,100.0,
webapp6.yaml,Deployment,31,8,8,4,12,0,30,422,178,3,99452.81,36.87,99489.68,True,True,True,16,1,80.9,100.0,
webapp60.yaml,Deployment,31,8,8,4,12,0,21,422,178,1,99311.44,23.99,99335.43,True,True,True,16,1,67.92,100.0,
webapp60_1.yaml,Service,6,1,1,0,1,0,15,13,2,1,28289.82,9.73,28299.55,True,True,True,1,1,91.67,100.0,
webapp61.yaml,Deployment,31,8,8,4,12,0,21,422,178,1,99417.87,23.88,99441.75,True,True,True,16,1,67.92,100.0,
webapp61_1.yaml,Service,6,1,1,0,1,0,15,13,2,1,28564.22,9.86,28574.08,True,True,True,1,1,91.67,100.0,
webapp62.yaml,Deployment,31,8,8,4,12,0,21,422,178,1,99364.87,24.09,99388.96,True,True,True,16,1,67.92,100.0,
webapp62_1.yaml,Service,6,1,1,0,1,0,15,13,2,1,28361.97,9.92,28371.89,True,True,True,1,1,91.67,100.0,
webapp63.yaml,Deployment,31,8,8,4,12,0,21,422,178,1,99505.41,24.37,99529.78,True,True,True,16,1,67.92,100.0,
webapp63_1.yaml,Service,6,1,1,0,1,0,15,13,2,1,28277.58,9.75,28287.33,True,True,True,1,1,91.67,100.0,
webapp64.yaml,Deployment,31,8,8,4,12,0,28,422,178,1,99633.4,28.68,99662.08,True,True,True,16,1,74.63,100.0,
webapp64_1.yaml,Service,6,1,1,0,1,0,15,13,2,1,28576.45,9.82,28586.27,True,True,True,1,1,91.67,100.0,
webapp65.yaml,Deployment,31,8,8,4,12,0,21,422,178,1,99300.51,23.91,99324.42,True,True,True,16,1,67.92,100.0,
webapp65_1.yaml,Service,6,1,1,0,1,0,15,13,2,1,28215.26,9.8,28225.06,True,True,True,1,1,91.67,100.0,
webapp66.yaml,Deployment,31,8,8,4,12,0,21,422,178,1,99355.8,23.51,99379.31,True,True,True,16,1,67.92,100.0,
webapp66_1.yaml,Service,6,1,1,0,1,0,15,13,2,1,28561.16,10.32,28571.48,True,True,True,1,1,91.67,100.0,
webapp67.yaml,Deployment,31,7,7,4,11,0,21,422,176,1,99405.32,23.76,99429.08,True,True,True,15,0,71.7,100.0,
webapp67_1.yaml,Service,6,1,1,0,1,0,15,13,2,1,28490.34,9.7,28500.04,True,True,True,1,1,91.67,100.0,
webapp68.yaml,Deployment,31,8,8,4,12,0,21,422,178,1,99579.13,23.57,99602.7,True,True,True,16,1,67.92,100.0,
webapp68_1.yaml,Service,6,1,1,0,1,0,15,13,2,1,28269.82,10.0,28279.82,True,True,True,1,1,91.67,100.0,
webapp69.yaml,Deployment,31,8,8,4,12,0,21,422,178,1,99504.35,23.55,99527.9,True,True,True,16,1,67.92,100.0,
webapp69_1.yaml,Service,6,1,1,0,1,0,15,13,2,1,28550.88,9.85,28560.73,True,True,True,1,1,91.67,100.0,
webapp6_1.yaml,Service,6,2,2,0,2,0,17,13,4,1,28025.14,10.45,28035.59,True,True,True,2,2,84.62,100.0,
webapp7.yaml,Deployment,31,7,7,5,12,0,19,422,176,1,99815.62,22.85,99838.47,True,True,True,18,3,64.41,100.0,
webapp70.yaml,Deployment,31,8,8,4,12,0,30,422,178,3,99479.73,37.0,99516.73,True,True,True,16,1,80.9,100.0,
webapp70_1.yaml,Service,6,2,2,0,2,0,17,13,4,1,27982.41,10.72,27993.13,True,True,True,2,2,84.62,100.0,
webapp71.yaml,Deployment,31,8,8,4,12,0,30,422,178,3,99468.3,37.97,99506.27,True,True,True,16,1,80.9,100.0,
webapp71_1.yaml,Service,6,2,2,0,2,0,17,13,4,1,28298.14,10.52,28308.66,True,True,True,2,2,84.62,100.0,
webapp73.yaml,Deployment,31,8,8,4,12,0,30,422,178,3,99526.46,37.7,99564.16,True,True,True,16,1,80.9,100.0,
webapp73_1.yaml,Service,6,2,2,0,2,0,17,13,4,1,28012.29,10.61,28022.9,True,True,True,2,2,84.62,100.0,
webapp74.yaml,Deployment,31,8,8,5,13,0,30,422,178,3,99555.72,37.8,99593.52,True,True,True,17,2,78.65,100.0,
webapp74_1.yaml,Service,6,2,2,0,2,0,17,13,4,1,28324.13,10.64,28334.77,True,True,True,2,2,84.62,100.0,
webapp75.yaml,Deployment,31,8,8,4,12,0,30,422,178,3,99012.22,37.35,99049.57,True,True,True,16,1,80.9,100.0,
webapp75_1.yaml,Service,6,2,2,0,2,0,17,13,4,1,28197.72,10.55,28208.27,True,True,True,2,2,84.62,100.0,
webapp76.yaml,Deployment,31,8,8,4,12,0,30,422,178,3,99463.4,38.06,99501.46,True,True,True,16,1,80.9,100.0,
webapp76_1.yaml,Service,6,2,2,0,2,0,17,13,4,1,28051.4,10.6,28062.0,True,True,True,2,2,84.62,100.0,
webapp77.yaml,Deployment,31,8,8,4,12,0,30,422,178,3,99397.64,37.51,99435.15,True,True,True,16,1,80.9,100.0,
webapp77_1.yaml,Service,6,2,2,0,2,0,17,13,4,1,28228.47,10.85,28239.32,True,True,True,2,2,84.62,100.0,
webapp78.yaml,Deployment,31,8,8,4,12,0,30,422,178,3,99422.11,37.52,99459.63,True,True,True,16,1,80.9,100.0,
webapp78_1.yaml,Service,6,2,2,0,2,0,17,13,4,1,28070.79,10.54,28081.33,True,True,True,2,2,84.62,100.0,
webapp79.yaml,Deployment,31,7,7,5,12,0,30,422,176,3,99598.68,36.91,99635.59,True,True,True,16,1,80.9,100.0,
webapp79_1.yaml,Service,6,2,2,0,2,0,17,13,4,1,28023.81,10.69,28034.5,True,True,True,2,2,84.62,100.0,
webapp8.yaml,Deployment,31,8,8,4,12,0,30,422,178,3,99314.86,36.91,99351.77,True,True,True,16,1,80.9,100.0,
webapp80.yaml,Service,6,1,1,0,1,0,16,13,2,1,28590.38,9.73,28600.11,True,True,True,1,1,91.67,100.0,
webapp80_1.yaml,Deployment,31,8,8,4,12,0,21,422,178,1,99125.36,23.66,99149.02,True,True,True,16,1,67.92,100.0,
webapp80_2.yaml,Service,6,2,2,0,2,0,16,13,4,1,28322.75,9.77,28332.52,True,True,True,2,2,83.33,100.0,
webapp80_3.yaml,Deployment,31,8,8,4,12,0,32,422,178,1,99510.22,30.09,99540.31,True,True,True,16,1,76.06,100.0,
webapp81.yaml,Deployment,31,8,8,4,12,0,30,422,178,3,99441.7,37.42,99479.12,True,True,True,16,1,80.9,100.0,
webapp81_1.yaml,Service,6,2,2,0,2,0,17,13,4,1,28015.72,10.67,28026.39,True,True,True,2,2,84.62,100.0,
webapp82.yaml,Deployment,31,8,8,0,8,0,35,422,178,8,99377.52,34.37,99411.89,True,True,True,9,1,88.37,100.0,
webapp82_1.yaml,Service,6,2,2,0,2,0,17,13,4,1,28275.32,10.55,28285.87,True,True,True,2,2,84.62,100.0,
webapp83.yaml,Deployment,31,8,8,4,12,0,30,422,178,3,99365.43,37.05,99402.48,True,True,True,16,1,80.9,100.0,
webapp83_1.yaml,Service,6,2,2,0,2,0,17,13,4,1,28105.77,10.65,28116.42,True,True,True,2,2,84.62,100.0,
webapp84.yaml,Deployment,31,8,8,2,10,0,29,422,178,6,99615.03,36.34,99651.37,True,True,True,12,0,86.36,100.0,
webapp84_1.yaml,Unknown,SCHEMA_ERROR,,,,,,0,0,0,0,274.29,0.0,274.29,,,,0,0,0.0,0.0,"C:\Users\CAOSD\projects\tool-security-rules\resources\dataset_yamls\original_yamls_10k\webapp84_1.yaml - Service webapp-service is invalid: problem validating schema. Check JSON formatting: jsonschema validation failed with 'https://raw.githubusercontent.com/yannh/kubernetes-json-schema/master/master-standalone-strict/service-v1.json#' - at '/spec/ports/0': additional properties 'notePort' not allowed | Summary: 1 resource found in 1 file - Valid: 0, Invalid: 1, Errors: 0, Skipped: 0"
webapp85.yaml,Deployment,31,8,8,4,12,0,30,422,178,3,99501.72,37.07,99538.79,True,True,True,16,1,80.9,100.0,
webapp85_1.yaml,Service,6,2,2,0,2,0,17,13,4,1,28038.58,10.45,28049.03,True,True,True,2,2,84.62,100.0,
webapp86.yaml,Deployment,31,7,7,2,9,0,33,422,176,6,99641.84,37.3,99679.14,True,True,True,11,0,88.17,100.0,
webapp86_1.yaml,Service,6,2,2,0,2,0,17,13,4,1,28245.12,10.79,28255.91,True,True,True,2,2,84.62,100.0,
webapp87.yaml,Deployment,31,8,8,3,11,0,35,422,178,8,99455.19,44.12,99499.31,True,True,True,13,2,85.71,100.0,
webapp87_1.yaml,Service,6,2,2,0,2,0,17,13,4,1,27965.53,10.61,27976.14,True,True,True,2,2,84.62,100.0,
webapp88.yaml,Deployment,31,8,8,4,12,0,30,422,178,3,99427.08,37.72,99464.8,True,True,True,16,1,80.9,100.0,
webapp88_1.yaml,Service,6,2,2,0,2,0,17,13,4,1,28045.05,10.94,28055.99,True,True,True,2,2,84.62,100.0,
webapp89.yaml,Deployment,31,8,8,4,12,0,30,422,178,3,99353.83,37.49,99391.32,True,True,True,16,1,80.9,100.0,
webapp89_1.yaml,Service,6,2,2,0,2,0,17,13,4,1,28260.42,10.73,28271.15,True,True,True,2,2,84.62,100.0,
webapp8_1.yaml,Service,6,2,2,0,2,0,17,13,4,1,28004.33,10.57,28014.9,True,True,True,2,2,84.62,100.0,
webapp9.yaml,Deployment,31,8,8,4,12,0,30,422,178,3,99378.26,37.23,99415.49,True,True,True,16,1,80.9,100.0,
webapp90.yaml,Deployment,31,7,7,5,12,0,19,422,176,1,99443.98,23.01,99466.99,True,True,True,19,4,54.9,100.0,
webapp91.yaml,Deployment,31,8,8,4,12,0,30,422,178,3,99309.35,37.09,99346.44,True,True,True,16,1,80.9,100.0,
webapp91_1.yaml,Service,6,2,2,0,2,0,17,13,4,1,28308.69,10.57,28319.26,True,True,True,2,2,84.62,100.0,
webapp92.yaml,Deployment,31,8,8,4,12,0,30,422,178,3,99252.66,37.01,99289.67,True,True,True,16,1,80.9,100.0,
webapp92_1.yaml,Service,6,2,2,0,2,0,17,13,4,1,28289.91,10.77,28300.68,True,True,True,2,2,84.62,100.0,
webapp93.yaml,Deployment,31,8,8,4,12,0,30,422,178,3,99428.64,37.06,99465.7,True,True,True,16,1,80.9,100.0,
webapp93_1.yaml,Service,6,2,2,0,2,0,17,13,4,1,27974.04,10.68,27984.72,True,True,True,2,2,84.62,100.0,
webapp94.yaml,Deployment,31,8,8,4,12,0,30,422,178,3,99518.17,37.93,99556.1,True,True,True,16,1,80.9,100.0,
webapp94_1.yaml,Service,6,2,2,0,2,0,17,13,4,1,28220.11,10.71,28230.82,True,True,True,2,2,84.62,100.0,
webapp95.yaml,Deployment,31,8,8,4,12,0,30,422,178,3,99196.62,37.75,99234.37,True,True,True,16,1,80.9,100.0,
webapp95_1.yaml,Service,6,2,2,0,2,0,17,13,4,1,28281.1,10.6,28291.7,True,True,True,2,2,84.62,100.0,
webapp96.yaml,Pod,61,12,12,7,19,0,12,481,185,2,181893.61,31.55,181925.16,True,True,True,39,5,31.25,100.0,
webapp97.yaml,Pod,61,12,12,7,19,0,15,481,185,1,181767.56,22.61,181790.17,True,True,True,22,2,50.0,100.0,
webapp98.yaml,Deployment,31,8,8,4,12,0,30,422,178,3,99459.74,36.86,99496.6,True,True,True,16,1,80.9,100.0,
webapp98_1.yaml,Service,6,2,2,0,2,0,17,13,4,1,28059.57,10.57,28070.14,True,True,True,2,2,84.62,100.0,
webapp99.yaml,Deployment,31,8,8,4,12,0,30,422,178,3,99363.82,37.86,99401.68,True,True,True,16,1,80.9,100.0,
webapp99_1.yaml,Service,6,2,2,0,2,0,17,13,4,1,28289.62,10.93,28300.55,True,True,True,2,2,84.62,100.0,
webapp9_1.yaml,Service,6,2,2,0,2,0,17,13,4,1,28045.69,10.61,28056.3,True,True,True,2,2,84.62,100.0,
WebAppServiceDeployment.yaml,Deployment,31,8,8,4,12,0,30,422,178,3,99386.16,37.24,99423.4,True,True,True,16,1,80.9,100.0,
WebAppServiceDeployment_1.yaml,Service,6,2,2,0,2,0,17,13,4,1,27995.56,10.52,28006.08,True,True,True,2,2,84.62,100.0,
webappv2-deployment.yaml,Deployment,31,8,8,3,11,0,35,422,178,96,99443.82,38.41,99482.23,True,True,True,33,22,43.3,100.0,
webapp_1.yaml,Service,6,2,2,0,2,0,17,13,4,1,28230.97,10.62,28241.59,True,True,True,2,2,84.62,100.0,
webapp_deploy.yaml,Deployment,31,8,8,5,13,0,49,422,178,3,99460.37,40.15,99500.52,True,True,True,17,2,82.24,100.0,
webapp_deploy_1.yaml,PersistentVolume,1,0,0,1,1,0,23,0,0,1,52.3,14.55,66.85,True,True,True,1,1,95.24,100.0,
webapp_deploy_2.yaml,PersistentVolumeClaim,2,1,1,0,1,0,15,7,3,1,13806.46,10.77,13817.23,True,True,True,1,1,92.86,100.0,
webapp_deploy_3.yaml,Service,6,2,2,0,2,0,17,13,4,1,28307.41,10.71,28318.12,True,True,True,2,2,84.62,100.0,
webapp_video.yaml,Pod,61,12,12,6,18,0,18,481,185,1,181720.31,23.82,181744.13,True,True,True,22,1,54.9,100.0,
webapp_video1.yaml,Unknown,SCHEMA_ERROR,,,,,,0,0,0,0,271.07,0.0,271.07,,,,0,0,0.0,0.0,"C:\Users\CAOSD\projects\tool-security-rules\resources\dataset_yamls\original_yamls_10k\webapp_video1.yaml - Pod webapp-video-84f8655bd8-{{ generateName }} is invalid: problem validating schema. Check JSON formatting: jsonschema validation failed with 'https://raw.githubusercontent.com/yannh/kubernetes-json-schema/master/master-standalone-strict/pod-v1.json#' - at '/spec': additional properties 'podIP', 'podIPs', 'hostIP', 'startTime', 'qosClass', 'phase' not allowed | Summary: 1 resource found in 1 file - Valid: 0, Invalid: 1, Errors: 0, Skipped: 0"
webapp_video2.yaml,Pod,61,12,12,6,18,0,18,481,185,1,181892.19,23.98,181916.17,True,True,True,22,1,54.9,100.0,
webapp_video3.yaml,Unknown,SCHEMA_ERROR,,,,,,0,0,0,0,488.0,0.0,488.0,,,,0,0,0.0,0.0,"C:\Users\CAOSD\projects\tool-security-rules\resources\dataset_yamls\original_yamls_10k\webapp_video3.yaml - Pod webapp-video-84f8655bd8-{{ generateName }} is invalid: problem validating schema. Check JSON formatting: jsonschema validation failed with 'https://raw.githubusercontent.com/yannh/kubernetes-json-schema/master/master-standalone-strict/pod-v1.json#' - at '/spec': additional properties 'hostIP', 'podIP', 'startTime', 'qosClass', 'phase', 'podIPs' not allowed | Summary: 1 resource found in 1 file - Valid: 0, Invalid: 1, Errors: 0, Skipped: 0"
webauthn-secret.template.yaml,Secret,4,0,0,0,0,0,8,14,0,2,7217.98,0.0,7217.98,True,True,True,0,0,100.0,
webauthn-secret.template1.yaml,Secret,4,0,0,0,0,0,8,14,0,2,7466.35,0.0,7466.35,True,True,True,0,0,100.0,
webauthn-secret.template1_1.yaml,Ingress,3,1,1,0,1,0,19,4,2,1,13760.04,16.66,13776.7,True,True,True,4,0,90.48,100.0,
webauthn-secret.template_1.yaml,Ingress,3,1,1,0,1,0,19,4,2,1,14064.59,16.44,14081.03,True,True,True,4,0,90.48,100.0,
webauthn1_1.yaml,ServiceAccount,3,0,0,0,0,0,5,7,0,1,7231.12,0.0,7231.12,True,True,True,0,0,100.0,
webauthn1_2.yaml,Service,6,1,1,0,1,0,19,13,2,1,28486.25,12.22,28498.47,True,True,True,1,1,93.33,100.0,
webauthn1_3.yaml,PersistentVolumeClaim,2,1,1,0,1,0,14,7,3,1,14096.01,10.05,14106.06,True,True,True,1,1,92.31,100.0,
webauthn1_4.yaml,Deployment,31,8,8,4,12,0,50,422,178,1,99128.78,41.89,99170.67,True,True,True,16,1,83.17,100.0,
webauthn_1.yaml,ServiceAccount,3,0,0,0,0,0,5,7,0,1,7470.79,0.0,7470.79,True,True,True,0,0,100.0,
webauthn_2.yaml,Service,6,1,1,0,1,0,19,13,2,1,28246.18,12.08,28258.26,True,True,True,1,1,93.33,100.0,
webauthn_3.yaml,PersistentVolumeClaim,2,1,1,0,1,0,14,7,3,1,14081.97,10.07,14092.04,True,True,True,1,1,92.31,100.0,
webauthn_4.yaml,Deployment,31,8,8,4,12,0,50,422,178,1,99467.28,41.95,99509.23,True,True,True,16,1,83.17,100.0,
webcolors.yaml,Deployment,31,7,7,4,11,0,21,422,176,1,99580.72,23.81,99604.53,True,True,True,15,0,71.7,100.0,
webcolors1.yaml,Deployment,31,7,7,4,11,0,21,422,176,1,99588.12,24.27,99612.39,True,True,True,15,0,71.7,100.0,
webcolors1_1.yaml,Service,6,1,1,0,1,0,12,13,2,1,28403.23,8.37,28411.6,True,True,True,1,1,90.0,100.0,
webcolors1_2.yaml,Deployment,31,7,7,4,11,0,21,422,176,1,99534.43,23.69,99558.12,True,True,True,15,0,71.7,100.0,
webcolors1_3.yaml,Service,6,1,1,0,1,0,12,13,2,1,28609.82,8.35,28618.17,True,True,True,1,1,90.0,100.0,
webcolors2.yaml,Deployment,31,7,7,4,11,0,21,422,176,1,99540.93,23.54,99564.47,True,True,True,15,0,71.7,100.0,
webcolors2_1.yaml,Service,6,1,1,0,1,0,12,13,2,1,28217.51,8.27,28225.78,True,True,True,1,1,90.0,100.0,
webcolors2_2.yaml,Deployment,31,7,7,4,11,0,21,422,176,1,99421.21,23.56,99444.77,True,True,True,15,0,71.7,100.0,
webcolors2_3.yaml,Service,6,1,1,0,1,0,12,13,2,1,28281.63,8.28,28289.91,True,True,True,1,1,90.0,100.0,
webcolors2_4.yaml,Deployment,31,7,7,5,12,0,21,422,176,1,99501.42,23.94,99525.36,True,True,True,16,1,67.92,100.0,
webcolors2_5.yaml,Service,6,1,1,0,1,0,12,13,2,1,28528.09,8.44,28536.53,True,True,True,1,1,90.0,100.0,
webcolors3.yaml,Deployment,31,7,7,4,11,0,21,422,176,1,99443.26,23.8,99467.06,True,True,True,15,0,71.7,100.0,
webcolors3_1.yaml,Service,6,1,1,0,1,0,12,13,2,1,28314.54,8.38,28322.92,True,True,True,1,1,90.0,100.0,
webcolors3_2.yaml,Deployment,31,7,7,4,11,0,21,422,176,1,99646.85,23.68,99670.53,True,True,True,15,0,71.7,100.0,
webcolors3_3.yaml,Service,6,1,1,0,1,0,12,13,2,1,28233.31,8.38,28241.69,True,True,True,1,1,90.0,100.0,
webcolors3_4.yaml,Deployment,31,7,7,5,12,0,21,422,176,1,99789.65,23.84,99813.49,True,True,True,16,1,67.92,100.0,
webcolors3_5.yaml,Service,6,1,1,0,1,0,12,13,2,1,28509.92,8.29,28518.21,True,True,True,1,1,90.0,100.0,
webcolors_1.yaml,Service,6,1,1,0,1,0,12,13,2,1,28202.56,8.49,28211.05,True,True,True,1,1,90.0,100.0,
webcolors_2.yaml,Deployment,31,7,7,4,11,0,21,422,176,1,99527.9,23.6,99551.5,True,True,True,15,0,71.7,100.0,
webcolors_3.yaml,Service,6,1,1,0,1,0,12,13,2,1,28542.99,8.19,28551.18,True,True,True,1,1,90.0,100.0,
webcon.yaml,Deployment,31,8,8,5,13,0,28,422,178,4,99241.72,29.07,99270.79,True,True,True,17,2,71.64,100.0,
webcon1.yaml,Deployment,31,8,8,5,13,0,28,422,178,4,99283.39,28.89,99312.28,True,True,True,17,2,71.64,100.0,
webcon1_1.yaml,Service,6,1,1,0,1,0,16,13,2,2,28273.22,11.42,28284.64,True,True,True,1,1,92.86,100.0,
webcon1_2.yaml,Ingress,3,1,1,0,1,0,18,4,2,1,14012.92,15.69,14028.61,True,True,True,4,0,90.0,100.0,
webconwithsecret.yaml,Deployment,31,8,8,5,13,0,34,422,178,8,99452.6,37.11,99489.71,True,True,True,17,2,78.65,100.0,
webconwithsecret1.yaml,Deployment,31,8,8,5,13,0,34,422,178,8,99521.11,37.17,99558.28,True,True,True,17,2,78.65,100.0,
webconwithsecret1_1.yaml,Service,6,1,1,0,1,0,16,13,2,2,28269.78,11.2,28280.98,True,True,True,1,1,92.86,100.0,
webconwithsecret1_2.yaml,Ingress,3,1,1,0,1,0,17,4,2,1,14056.97,14.98,14071.95,True,True,True,4,0,89.47,100.0,
webconwithsecret_1.yaml,Service,6,1,1,0,1,0,16,13,2,2,28249.8,11.18,28260.98,True,True,True,1,1,92.86,100.0,
webconwithsecret_2.yaml,Ingress,3,1,1,0,1,0,17,4,2,1,14050.46,14.79,14065.25,True,True,True,4,0,89.47,100.0,
webcon_1.yaml,Service,6,1,1,0,1,0,16,13,2,2,28322.1,11.16,28333.26,True,True,True,1,1,92.86,100.0,
webcon_2.yaml,Ingress,3,1,1,0,1,0,17,4,2,1,14001.29,14.94,14016.23,True,True,True,4,0,89.47,100.0,
webdav_secret.yaml,Secret,4,0,0,0,0,0,7,14,0,2,7238.35,0.0,7238.35,True,True,True,0,0,100.0,
webdeploy.yaml,Deployment,31,8,8,5,13,0,27,422,178,4,99299.47,32.29,99331.76,True,True,True,17,2,74.67,100.0,
webdeployment.yaml,Deployment,31,6,6,0,6,0,60,422,127,4,100014.82,42.11,100056.93,True,True,True,9,5,87.5,100.0,
webhook-cert-autogen.yaml,ServiceAccount,3,0,0,0,0,0,11,7,0,18,7469.07,0.0,7469.07,True,True,True,0,0,100.0,
webhook-cert-autogen_2.yaml,ClusterRoleBinding,4,0,0,0,0,0,19,12,0,18,7236.74,0.0,7236.74,True,True,True,0,0,100.0,
webhook-cert-autogen_4.yaml,RoleBinding,4,0,0,0,0,0,20,12,0,18,7258.76,0.0,7258.76,True,True,True,0,0,100.0,
webhook-cert-autogen_5.yaml,Job,31,8,8,5,13,1,35,420,186,432,95930.53,39.91,95970.44,False,True,True,16,1,84.11,100.0,
webhook-cert-autogen_6.yaml,Job,31,8,8,5,13,1,35,420,186,432,95852.9,40.34,95893.24,False,True,True,16,1,84.11,100.0,
webhook-certs-secret.yaml,Secret,4,0,0,0,0,0,11,14,0,5,7234.03,0.0,7234.03,True,True,True,0,0,100.0,
webhook-certs.yaml,Secret,4,0,0,0,0,0,6,14,0,2,7472.53,0.0,7472.53,True,True,True,0,0,100.0,
webhook-deploy.yaml,Deployment,31,8,8,4,12,0,38,422,178,2,99705.85,32.75,99738.6,True,True,True,16,1,80.0,100.0,
webhook-deploy1.yaml,Deployment,31,8,8,4,12,0,34,422,178,1,99329.24,30.72,99359.96,True,True,True,16,1,76.71,100.0,
webhook-deploy1_1.yaml,Service,6,1,1,0,1,0,14,13,2,1,28345.86,9.2,28355.06,True,True,True,1,1,90.91,100.0,
webhook-deployent.yaml,Deployment,31,8,8,5,13,0,40,422,178,1,99300.08,35.49,99335.57,True,True,True,29,14,49.41,100.0,
webhook-deployment11.yaml,Unknown,SCHEMA_ERROR,,,,,,0,0,0,0,290.05,0.0,290.05,,,,0,0,0.0,0.0,"C:\Users\CAOSD\projects\tool-security-rules\resources\dataset_yamls\original_yamls_10k\webhook-deployment11.yaml - Deployment dynamic_parameters is invalid: problem validating schema. Check JSON formatting: jsonschema validation failed with 'https://raw.githubusercontent.com/yannh/kubernetes-json-schema/master/master-standalone-strict/deployment-apps-v1.json#' - at '/spec/template/spec': validation failed   - at '/spec/template/spec/containers/0': validation failed     - at '/spec/template/spec/containers/0/livenessProbe': validation failed       - at '/spec/template/spec/containers/0/livenessProbe/initialDelaySeconds': got string, want null or integer       - at '/spec/template/spec/containers/0/livenessProbe/periodSeconds': got string, want null or integer       - at '/spec/template/spec/containers/0/livenessProbe/successThreshold': got string, want null or integer       - at '/spec/template/spec/containers/0/livenessProbe/timeoutSeconds': got string, want null or integer       - at '/spec/template/spec/containers/0/livenessProbe/failureThreshold': got string, want null or integer     - at '/spec/template/spec/containers/0/readinessProbe': validation failed       - at '/spec/template/spec/containers/0/readinessProbe/failureThreshold': got string, want null or integer       - at '/spec/template/spec/containers/0/readinessProbe/initialDelaySeconds': got string, want null or integer       - at '/spec/template/spec/containers/0/readinessProbe/periodSeconds': got string, want null or integer       - at '/spec/template/spec/containers/0/readinessProbe/successThreshold': got string, want null or integer       - at '/spec/template/spec/containers/0/readinessProbe/timeoutSeconds': got string, want null or integer   - at '/spec/template/spec/enableServiceLinks': got string, want null or boolean   - at '/spec/template/spec/automountServiceAccountToken': got string, want null or boolean - at '/spec/replicas': got string, want null or integer - at '/spec/revisionHistoryLimit': got string, want null or integer | Summary: 1 resource found in 1 file - Valid: 0, Invalid: 1, Errors: 0, Skipped: 0"
webhook-deployment12.yaml,Unknown,SCHEMA_ERROR,,,,,,0,0,0,0,294.43,0.0,294.43,,,,0,0,0.0,0.0,"C:\Users\CAOSD\projects\tool-security-rules\resources\dataset_yamls\original_yamls_10k\webhook-deployment12.yaml - Deployment dynamic_parameters-webhook is invalid: problem validating schema. Check JSON formatting: jsonschema validation failed with 'https://raw.githubusercontent.com/yannh/kubernetes-json-schema/master/master-standalone-strict/deployment-apps-v1.json#' - at '/spec/replicas': got string, want null or integer - at '/spec/revisionHistoryLimit': got string, want null or integer - at '/spec/template/spec': validation failed   - at '/spec/template/spec/automountServiceAccountToken': got string, want null or boolean   - at '/spec/template/spec/containers/0/ports': validation failed     - at '/spec/template/spec/containers/0/ports/0/containerPort': got string, want integer     - at '/spec/template/spec/containers/0/ports/1/containerPort': got string, want integer   - at '/spec/template/spec/hostNetwork': got string, want null or boolean | Summary: 1 resource found in 1 file - Valid: 0, Invalid: 1, Errors: 0, Skipped: 0"
webhook-deployment13.yaml,Unknown,SCHEMA_ERROR,,,,,,0,0,0,0,293.15,0.0,293.15,,,,0,0,0.0,0.0,"C:\Users\CAOSD\projects\tool-security-rules\resources\dataset_yamls\original_yamls_10k\webhook-deployment13.yaml - Deployment dynamic_parameters-webhook is invalid: problem validating schema. Check JSON formatting: jsonschema validation failed with 'https://raw.githubusercontent.com/yannh/kubernetes-json-schema/master/master-standalone-strict/deployment-apps-v1.json#' - at '/spec/replicas': got string, want null or integer - at '/spec/revisionHistoryLimit': got string, want null or integer - at '/spec/template/spec': validation failed   - at '/spec/template/spec/automountServiceAccountToken': got string, want null or boolean   - at '/spec/template/spec/containers/0/ports': validation failed     - at '/spec/template/spec/containers/0/ports/0/containerPort': got string, want integer     - at '/spec/template/spec/containers/0/ports/1/containerPort': got string, want integer   - at '/spec/template/spec/hostNetwork': got string, want null or boolean | Summary: 1 resource found in 1 file - Valid: 0, Invalid: 1, Errors: 0, Skipped: 0"
webhook-deployment2.yaml,Deployment,31,8,8,4,12,0,62,422,178,735,99704.05,62.99,99767.04,True,True,True,54,42,42.17,100.0,
webhook-deployment5.yaml,Deployment,31,8,8,4,12,0,62,422,178,735,99526.78,61.98,99588.76,True,True,True,54,42,42.17,100.0,
webhook-deployment6.yaml,Deployment,31,8,8,1,9,0,35,422,178,8,99523.26,35.24,99558.5,True,True,True,10,2,86.36,100.0,
webhook-deployment6_1.yaml,ServiceAccount,3,0,0,0,0,0,5,7,0,1,7220.98,0.0,7220.98,True,True,True,0,0,100.0,
webhook-deployment6_3.yaml,RoleBinding,4,0,0,0,0,0,14,12,0,1,7484.01,0.0,7484.01,True,True,True,0,0,100.0,
webhook-deployment7.yaml,Deployment,31,8,8,5,13,0,21,422,178,1,99264.38,23.98,99288.36,True,True,True,17,2,66.67,100.0,
webhook-deployment8.yaml,Deployment,31,8,8,4,12,0,62,422,178,735,99550.48,62.52,99613.0,True,True,True,54,42,42.17,100.0,
webhook-deploy_1.yaml,Service,6,1,1,0,1,0,16,13,2,1,28326.07,10.4,28336.47,True,True,True,1,1,92.31,100.0,
webhook-install_10.yaml,Job,31,7,7,5,12,1,31,420,176,7,96123.56,30.19,96153.75,False,True,True,15,2,79.52,100.0,
webhook-install_2.yaml,Service,6,1,1,0,1,0,19,13,2,1,28322.13,12.11,28334.24,True,True,True,1,1,93.33,100.0,
webhook-install_3.yaml,Unknown,SCHEMA_ERROR,,,,,,0,0,0,0,363.35,0.0,363.35,,,,0,0,0.0,0.0,"C:\Users\CAOSD\projects\tool-security-rules\resources\dataset_yamls\original_yamls_10k\webhook-install_3.yaml - Deployment gateway-api-admission-server is invalid: problem validating schema. Check JSON formatting: jsonschema validation failed with 'https://raw.githubusercontent.com/yannh/kubernetes-json-schema/master/master-standalone-strict/deployment-apps-v1.json#' - at '/spec/template/spec/containers/0': additional properties 'serviceAccount' not allowed | Summary: 1 resource found in 1 file - Valid: 0, Invalid: 1, Errors: 0, Skipped: 0"
webhook-install_4.yaml,ServiceAccount,3,0,0,0,0,0,8,7,0,1,7224.2,0.0,7224.2,True,True,True,0,0,100.0,
webhook-install_6.yaml,ClusterRoleBinding,4,0,0,0,0,0,17,12,0,1,7472.14,0.0,7472.14,True,True,True,0,0,100.0,
webhook-install_8.yaml,RoleBinding,4,0,0,0,0,0,18,12,0,1,7218.71,0.0,7218.71,True,True,True,0,0,100.0,
webhook-install_9.yaml,Job,31,7,7,5,12,1,32,420,176,4,96444.58,30.43,96475.01,False,True,True,15,2,78.48,100.0,
webhook-psp-clusterrolebinding5.yaml,ClusterRoleBinding,4,0,0,0,0,0,16,12,0,4,7216.68,0.0,7216.68,True,True,True,0,0,100.0,
webhook-rbac2_1.yaml,ClusterRoleBinding,4,0,0,0,0,0,17,12,0,7,7446.34,0.0,7446.34,True,True,True,0,0,100.0,
webhook-rbac2_3.yaml,RoleBinding,4,0,0,0,0,0,18,12,0,7,7244.01,0.0,7244.01,True,True,True,0,0,100.0,
webhook-rbac3.yaml,ServiceAccount,3,0,0,0,0,0,5,7,0,1,7476.92,0.0,7476.92,True,True,True,0,0,100.0,
webhook-rbac3_2.yaml,ClusterRoleBinding,4,0,0,0,0,0,13,12,0,1,7236.13,0.0,7236.13,True,True,True,0,0,100.0,
webhook-rbac6_1.yaml,ClusterRoleBinding,4,0,0,0,0,0,17,12,0,7,7270.84,0.0,7270.84,True,True,True,0,0,100.0,
webhook-rbac6_3.yaml,RoleBinding,4,0,0,0,0,0,18,12,0,7,7457.89,0.0,7457.89,True,True,True,0,0,100.0,
webhook-rbac7_1.yaml,ClusterRoleBinding,4,0,0,0,0,0,17,12,0,7,7229.8,0.0,7229.8,True,True,True,0,0,100.0,
webhook-rbac7_3.yaml,RoleBinding,4,0,0,0,0,0,18,12,0,7,7244.56,0.0,7244.56,True,True,True,0,0,100.0,
webhook-secret.yaml,Secret,4,0,0,0,0,0,8,14,0,6,7506.13,0.0,7506.13,True,True,True,0,0,100.0,
webhook-server-cert.yaml,Secret,4,0,0,0,0,0,8,14,0,2,7182.94,0.0,7182.94,True,True,True,0,0,100.0,
webhook-server.yaml,Deployment,31,8,8,0,8,0,40,422,178,12,99473.36,37.73,99511.09,True,True,True,9,1,89.36,100.0,
webhook-server_1.yaml,Service,6,1,1,0,1,0,17,13,2,1,28235.17,10.62,28245.79,True,True,True,1,1,92.31,100.0,
webhook-service10.yaml,Service,6,1,1,0,1,0,21,13,2,21,28549.85,18.86,28568.71,True,True,True,1,2,94.12,100.0,
webhook-service11.yaml,Service,6,1,1,0,1,0,15,13,2,1,28275.9,9.9,28285.8,True,True,True,3,3,75.0,100.0,
webhook-service14.yaml,Service,6,2,2,0,2,0,16,13,4,1,28299.18,9.91,28309.09,True,True,True,2,2,85.71,100.0,
webhook-service17.yaml,Service,6,1,1,0,1,0,13,13,2,1,28238.44,9.1,28247.54,True,True,True,2,2,81.82,100.0,
webhook-service19.yaml,Service,6,1,1,0,1,0,21,13,2,21,28255.23,19.02,28274.25,True,True,True,1,2,94.12,100.0,
webhook-service21.yaml,Service,6,1,1,0,1,0,15,13,2,1,28649.84,10.26,28660.1,True,True,True,2,2,93.1,100.0,
webhook-service3.yaml,Service,6,1,1,0,1,0,21,13,2,21,28265.6,18.55,28284.15,True,True,True,1,2,94.12,100.0,
webhook-service43.yaml,Service,6,1,1,0,1,0,21,13,2,12,28555.3,17.29,28572.59,True,True,True,1,1,95.65,100.0,
webhook-serviceaccount2.yaml,ServiceAccount,3,1,1,0,1,0,9,7,2,7,17554.15,11.87,17566.02,True,True,True,1,2,90.32,100.0,
webhook-serviceaccount4.yaml,ServiceAccount,3,1,1,0,1,0,9,7,2,7,17596.4,12.14,17608.54,True,True,True,1,2,90.32,100.0,
webhook-serviceaccount5.yaml,ServiceAccount,3,1,1,0,1,0,9,7,2,7,17340.1,12.19,17352.29,True,True,True,1,2,90.32,100.0,
webhook-serviceaccount9.yaml,ServiceAccount,3,0,0,0,0,0,8,7,0,5,7462.96,0.0,7462.96,True,True,True,0,0,100.0,
webhook.deploy.yaml,Deployment,31,9,9,5,14,0,44,422,188,4,99140.32,43.26,99183.58,True,True,True,39,24,38.83,100.0,
webhook.svc.yaml,Service,6,2,2,0,2,0,21,13,4,1,27993.35,12.68,28006.03,True,True,True,5,6,66.67,100.0,
webhook.tls.secret.yaml,Secret,4,0,0,0,0,0,9,14,0,2,7502.02,0.0,7502.02,True,True,True,0,0,100.0,
webhook10_1.yaml,Deployment,31,8,8,1,9,0,31,422,178,4,99417.16,27.11,99444.27,True,True,True,10,2,82.35,100.0,
webhook10_2.yaml,Service,6,1,1,0,1,0,19,13,2,1,28398.0,12.24,28410.24,True,True,True,1,1,93.33,100.0,
webhook12.yaml,Deployment,31,6,6,5,11,0,47,422,127,7,99874.71,40.64,99915.35,True,True,True,14,3,83.81,100.0,
webhook13_3.yaml,Deployment,31,8,8,5,13,0,25,422,178,1,99263.34,26.5,99289.84,True,True,True,17,2,67.8,100.0,
webhook13_4.yaml,Service,6,1,1,0,1,0,15,13,2,1,28330.95,9.87,28340.82,True,True,True,1,1,91.67,100.0,
webhook23.yaml,Deployment,31,8,8,4,12,4,53,422,178,24,99323.27,45.21,99368.48,False,True,True,44,36,32.2,100.0,
webhook35.yaml,Unknown,SCHEMA_ERROR,,,,,,0,0,0,0,306.38,0.0,306.38,,,,0,0,0.0,0.0,"C:\Users\CAOSD\projects\tool-security-rules\resources\dataset_yamls\original_yamls_10k\webhook35.yaml - Deployment fluid-webhook is invalid: problem validating schema. Check JSON formatting: jsonschema validation failed with 'https://raw.githubusercontent.com/yannh/kubernetes-json-schema/master/master-standalone-strict/deployment-apps-v1.json#' - at '/spec/replicas': got string, want null or integer | Summary: 1 resource found in 1 file - Valid: 0, Invalid: 1, Errors: 0, Skipped: 0"
webhook36.yaml,Unknown,SCHEMA_ERROR,,,,,,0,0,0,0,122.98,0.0,122.98,,,,0,0,0.0,0.0,"C:\Users\CAOSD\projects\tool-security-rules\resources\dataset_yamls\original_yamls_10k\webhook36.yaml - MutatingWebhookConfiguration istio-sidecar-injector-missing-overlap is invalid: problem validating schema. Check JSON formatting: jsonschema validation failed with 'https://raw.githubusercontent.com/yannh/kubernetes-json-schema/master/master-standalone-strict/mutatingwebhookconfiguration-admissionregistration-v1.json#' - at '/webhooks/0': missing property 'sideEffects' | Summary: 1 resource found in 1 file - Valid: 0, Invalid: 1, Errors: 0, Skipped: 0"
webhook36_1.yaml,Unknown,SCHEMA_ERROR,,,,,,0,0,0,0,121.01,0.0,121.01,,,,0,0,0.0,0.0,"C:\Users\CAOSD\projects\tool-security-rules\resources\dataset_yamls\original_yamls_10k\webhook36_1.yaml - MutatingWebhookConfiguration istio-sidecar-injector-overlap is invalid: problem validating schema. Check JSON formatting: jsonschema validation failed with 'https://raw.githubusercontent.com/yannh/kubernetes-json-schema/master/master-standalone-strict/mutatingwebhookconfiguration-admissionregistration-v1.json#' - at '/webhooks/0': missing property 'sideEffects' | Summary: 1 resource found in 1 file - Valid: 0, Invalid: 1, Errors: 0, Skipped: 0"
webhook36_2.yaml,Service,6,1,1,0,1,0,5,13,2,1,28871.02,6.94,28877.96,True,True,True,3,1,71.43,100.0,
webhook4_3.yaml,Deployment,31,8,8,5,13,0,25,422,178,1,99249.72,26.71,99276.43,True,True,True,17,2,67.8,100.0,
webhook4_4.yaml,Service,6,1,1,0,1,0,15,13,2,1,28212.79,9.88,28222.67,True,True,True,1,1,91.67,100.0,
webhookrole.yaml,ServiceAccount,3,0,0,0,0,0,5,7,0,1,7482.95,0.0,7482.95,True,True,True,0,0,100.0,
webhookrole_2.yaml,RoleBinding,4,0,0,0,0,0,14,12,0,1,7213.29,0.0,7213.29,True,True,True,0,0,100.0,
webhookrole_4.yaml,ClusterRoleBinding,4,0,0,0,0,0,13,12,0,1,7190.77,0.0,7190.77,True,True,True,0,0,100.0,
webhooks12.yaml,Deployment,31,4,4,1,5,0,82,422,77,720,100637.26,65.34,100702.6,True,True,True,58,57,37.16,100.0,
webhooktrigger.yaml,Unknown,SCHEMA_ERROR,,,,,,0,0,0,0,285.6,0.0,285.6,,,,0,0,0.0,0.0,"C:\Users\CAOSD\projects\tool-security-rules\resources\dataset_yamls\original_yamls_10k\webhooktrigger.yaml - WebhookTrigger trigger-example failed validation: could not find schema for WebhookTrigger | Summary: 1 resource found in 1 file - Valid: 0, Invalid: 0, Errors: 1, Skipped: 0"
webhook_cert_patch.yaml,Unknown,SCHEMA_ERROR,,,,,,0,0,0,0,111.56,0.0,111.56,,,,0,0,0.0,0.0,"C:\Users\CAOSD\projects\tool-security-rules\resources\dataset_yamls\original_yamls_10k\webhook_cert_patch.yaml - MutatingWebhookConfiguration telegraf-sidecar-operator is invalid: problem validating schema. Check JSON formatting: jsonschema validation failed with 'https://raw.githubusercontent.com/yannh/kubernetes-json-schema/master/master-standalone-strict/mutatingwebhookconfiguration-admissionregistration-v1.json#' - at '/webhooks/0': missing properties 'sideEffects', 'admissionReviewVersions' | Summary: 1 resource found in 1 file - Valid: 0, Invalid: 1, Errors: 0, Skipped: 0"
webhook_config_patch.yaml,Unknown,SCHEMA_ERROR,,,,,,0,0,0,0,385.11,0.0,385.11,,,,0,0,0.0,0.0,"C:\Users\CAOSD\projects\tool-security-rules\resources\dataset_yamls\original_yamls_10k\webhook_config_patch.yaml - Deployment webhook-manager is invalid: problem validating schema. Check JSON formatting: jsonschema validation failed with 'https://raw.githubusercontent.com/yannh/kubernetes-json-schema/master/master-standalone-strict/deployment-apps-v1.json#' - at '/spec': missing property 'selector' | Summary: 1 resource found in 1 file - Valid: 0, Invalid: 1, Errors: 0, Skipped: 0"
webhook_manifests_patch.yaml,Unknown,SCHEMA_ERROR,,,,,,0,0,0,0,257.03,0.0,257.03,,,,0,0,0.0,0.0,"C:\Users\CAOSD\projects\tool-security-rules\resources\dataset_yamls\original_yamls_10k\webhook_manifests_patch.yaml - ValidatingWebhookConfiguration validating-webhook-configuration is invalid: problem validating schema. Check JSON formatting: jsonschema validation failed with 'https://raw.githubusercontent.com/yannh/kubernetes-json-schema/master/master-standalone-strict/validatingwebhookconfiguration-admissionregistration-v1.json#' - at '/webhooks/0': validation failed   - at '/webhooks/0': missing properties 'sideEffects', 'admissionReviewVersions'   - at '/webhooks/0/clientConfig/service': missing properties 'namespace', 'name' - at '/webhooks/1': validation failed   - at '/webhooks/1': missing properties 'sideEffects', 'admissionReviewVersions'   - at '/webhooks/1/clientConfig/service': missing properties 'namespace', 'name' - at '/webhooks/2': validation failed   - at '/webhooks/2': missing properties 'sideEffects', 'admissionReviewVersions'   - at '/webhooks/2/clientConfig/service': missing properties 'namespace', 'name' | Summary: 1 resource found in 1 file - Valid: 0, Invalid: 1, Errors: 0, Skipped: 0"
webhook_patch.yaml,Unknown,SCHEMA_ERROR,,,,,,0,0,0,0,114.09,0.0,114.09,,,,0,0,0.0,0.0,"C:\Users\CAOSD\projects\tool-security-rules\resources\dataset_yamls\original_yamls_10k\webhook_patch.yaml - ValidatingWebhookConfiguration validating-webhook-configuration is invalid: problem validating schema. Check JSON formatting: jsonschema validation failed with 'https://raw.githubusercontent.com/yannh/kubernetes-json-schema/master/master-standalone-strict/validatingwebhookconfiguration-admissionregistration-v1.json#' - at '/webhooks/0': missing properties 'clientConfig', 'sideEffects' - at '/webhooks/0/admissionReviewVersions': got null, want array - at '/webhooks/0': additional properties '$patch' not allowed | Summary: 1 resource found in 1 file - Valid: 0, Invalid: 1, Errors: 0, Skipped: 0"
webhook_patch1.yaml,Unknown,SCHEMA_ERROR,,,,,,0,0,0,0,108.81,0.0,108.81,,,,0,0,0.0,0.0,"C:\Users\CAOSD\projects\tool-security-rules\resources\dataset_yamls\original_yamls_10k\webhook_patch1.yaml - ValidatingWebhookConfiguration validating-webhook-configuration is invalid: problem validating schema. Check JSON formatting: jsonschema validation failed with 'https://raw.githubusercontent.com/yannh/kubernetes-json-schema/master/master-standalone-strict/validatingwebhookconfiguration-admissionregistration-v1.json#' - at '/webhooks/0': missing properties 'clientConfig', 'sideEffects' - at '/webhooks/0/admissionReviewVersions': got null, want array - at '/webhooks/0': additional properties '$patch' not allowed | Summary: 1 resource found in 1 file - Valid: 0, Invalid: 1, Errors: 0, Skipped: 0"
webhook_patch2.yaml,Unknown,SCHEMA_ERROR,,,,,,0,0,0,0,112.38,0.0,112.38,,,,0,0,0.0,0.0,"C:\Users\CAOSD\projects\tool-security-rules\resources\dataset_yamls\original_yamls_10k\webhook_patch2.yaml - ValidatingWebhookConfiguration validating-webhook-configuration is invalid: problem validating schema. Check JSON formatting: jsonschema validation failed with 'https://raw.githubusercontent.com/yannh/kubernetes-json-schema/master/master-standalone-strict/validatingwebhookconfiguration-admissionregistration-v1.json#' - at '/webhooks/0': validation failed   - at '/webhooks/0': missing properties 'clientConfig', 'sideEffects'   - at '/webhooks/0/admissionReviewVersions': got null, want array   - at '/webhooks/0': additional properties '$patch' not allowed - at '/webhooks/1': validation failed   - at '/webhooks/1': missing properties 'clientConfig', 'sideEffects'   - at '/webhooks/1/admissionReviewVersions': got null, want array   - at '/webhooks/1': additional properties '$patch' not allowed - at '/webhooks/2': validation failed   - at '/webhooks/2': missing properties 'clientConfig', 'sideEffects'   - at '/webhooks/2/admissionReviewVersions': got null, want array   - at '/webhooks/2': additional properties '$patch' not allowed | Summary: 1 resource found in 1 file - Valid: 0, Invalid: 1, Errors: 0, Skipped: 0"
webhook_patch2_2.yaml,Unknown,SCHEMA_ERROR,,,,,,0,0,0,0,121.03,0.0,121.03,,,,0,0,0.0,0.0,"C:\Users\CAOSD\projects\tool-security-rules\resources\dataset_yamls\original_yamls_10k\webhook_patch2_2.yaml - MutatingWebhookConfiguration mutating-webhook-configuration is invalid: problem validating schema. Check JSON formatting: jsonschema validation failed with 'https://raw.githubusercontent.com/yannh/kubernetes-json-schema/master/master-standalone-strict/mutatingwebhookconfiguration-admissionregistration-v1.json#' - at '/webhooks/0': validation failed   - at '/webhooks/0': missing properties 'clientConfig', 'sideEffects'   - at '/webhooks/0/admissionReviewVersions': got null, want array   - at '/webhooks/0': additional properties '$patch' not allowed - at '/webhooks/1': validation failed   - at '/webhooks/1': missing properties 'clientConfig', 'sideEffects'   - at '/webhooks/1/admissionReviewVersions': got null, want array   - at '/webhooks/1': additional properties '$patch' not allowed | Summary: 1 resource found in 1 file - Valid: 0, Invalid: 1, Errors: 0, Skipped: 0"
webhook_patch2_4.yaml,Unknown,SCHEMA_ERROR,,,,,,0,0,0,0,111.01,0.0,111.01,,,,0,0,0.0,0.0,"C:\Users\CAOSD\projects\tool-security-rules\resources\dataset_yamls\original_yamls_10k\webhook_patch2_4.yaml - ValidatingWebhookConfiguration validating-webhook-configuration is invalid: problem validating schema. Check JSON formatting: jsonschema validation failed with 'https://raw.githubusercontent.com/yannh/kubernetes-json-schema/master/master-standalone-strict/validatingwebhookconfiguration-admissionregistration-v1.json#' - at '/webhooks/0': missing properties 'clientConfig', 'sideEffects' | Summary: 1 resource found in 1 file - Valid: 0, Invalid: 1, Errors: 0, Skipped: 0"
webhook_rbac.yaml,ServiceAccount,3,0,0,0,0,0,4,7,0,1,7227.2,0.0,7227.2,True,True,True,0,0,100.0,
webhook_rbac1_1.yaml,ClusterRoleBinding,4,0,0,0,0,0,16,12,0,1,7475.2,0.0,7475.2,True,True,True,0,0,100.0,
webhook_rbac2_1.yaml,ClusterRoleBinding,4,0,0,0,0,0,16,12,0,1,7212.62,0.0,7212.62,True,True,True,0,0,100.0,
webhook_rbac_2.yaml,RoleBinding,4,0,0,0,0,0,12,12,0,1,7488.68,0.0,7488.68,True,True,True,0,0,100.0,
webhook_service1.yaml,Service,6,1,1,0,1,0,14,13,2,1,28238.02,9.27,28247.29,True,True,True,3,3,72.73,100.0,
webhook_service_patch.yaml,Service,6,1,1,0,1,0,9,13,2,1,28528.42,8.29,28536.71,True,True,True,2,0,88.89,100.0,
weblog-pv.yaml,PersistentVolume,1,0,0,1,1,0,15,0,0,1,49.2,10.96,60.16,True,True,True,2,2,85.71,100.0,
weblog-pv1.yaml,PersistentVolume,1,0,0,1,1,0,15,0,0,1,48.03,10.7,58.73,True,True,True,2,2,85.71,100.0,
weblog-pv2.yaml,PersistentVolume,1,0,0,1,1,0,15,0,0,1,47.23,10.82,58.05,True,True,True,2,2,86.67,100.0,
weblog-pvc.yaml,PersistentVolumeClaim,2,1,1,0,1,0,11,7,3,1,14016.2,8.58,14024.78,True,True,True,2,2,81.82,100.0,
weblog-pvc1.yaml,PersistentVolumeClaim,2,1,1,0,1,0,11,7,3,1,13985.56,8.63,13994.19,True,True,True,2,2,81.82,100.0,
weblog-pvc2.yaml,PersistentVolumeClaim,2,1,1,0,1,0,11,7,3,1,13966.83,8.53,13975.36,True,True,True,1,1,90.91,100.0,
websecret.yaml,Secret,4,0,0,0,0,0,6,14,0,2,7254.44,0.0,7254.44,True,True,True,0,0,100.0,
webserver-claim2-persistentvolumeclaim.yaml,PersistentVolumeClaim,2,1,1,0,1,0,14,7,3,1,13966.61,10.05,13976.66,True,True,True,1,1,92.31,100.0,
webserver-claim3-persistentvolumeclaim.yaml,PersistentVolumeClaim,2,1,1,0,1,0,14,7,3,1,13788.53,10.17,13798.7,True,True,True,1,1,92.31,100.0,
webserver-consume-persistentvolumeclaim.yaml,PersistentVolumeClaim,2,1,1,0,1,0,14,7,3,1,13991.49,10.06,14001.55,True,True,True,1,1,92.86,100.0,
webserver-data-persistentvolumeclaim.yaml,PersistentVolumeClaim,2,1,1,0,1,0,14,7,3,1,13991.96,10.11,14002.07,True,True,True,1,2,89.66,100.0,
webserver-deploy.yaml,Deployment,31,8,8,5,13,0,27,422,178,2,99316.93,28.84,99345.77,True,True,True,17,3,76.74,100.0,
webserver-deploy1.yaml,Deployment,31,8,8,4,12,0,27,422,178,2,99420.91,29.14,99450.05,True,True,True,16,2,73.53,100.0,
webserver-deploy2.yaml,Deployment,31,8,8,5,13,0,27,422,178,2,99310.91,29.03,99339.94,True,True,True,21,7,58.82,100.0,
webserver-deploy3.yaml,Deployment,31,8,8,5,13,0,30,422,178,4,99184.48,41.59,99226.07,True,True,True,19,5,78.95,100.0,
webserver-deploy4.yaml,Deployment,31,8,8,5,13,0,38,422,185,8,99173.32,37.3,99210.62,True,True,True,19,8,70.97,100.0,
webserver-deploy5.yaml,Deployment,31,8,8,4,12,0,33,422,178,1,99232.71,31.17,99263.88,True,True,True,17,2,74.67,100.0,
webserver-deploy6.yaml,Deployment,31,8,8,4,12,0,33,422,178,1,99297.19,31.17,99328.36,True,True,True,17,2,74.67,100.0,
webserver-deploy7.yaml,Deployment,31,8,8,4,12,0,33,422,178,1,99138.2,31.39,99169.59,True,True,True,17,2,74.67,100.0,
webserver-deploy8.yaml,Deployment,31,8,8,4,12,0,33,422,178,1,99303.04,31.06,99334.1,True,True,True,17,2,74.67,100.0,
webserver-deploy9.yaml,Deployment,31,8,8,4,12,0,33,422,178,1,99376.45,31.39,99407.84,True,True,True,17,2,74.67,100.0,
webserver-deployment.yaml,Deployment,31,9,9,4,13,0,50,422,203,1440,99044.86,86.65,99131.51,True,True,True,102,88,34.93,100.0,
webserver-deployment1.yaml,Deployment,31,9,9,5,14,0,51,422,203,1152,99360.98,77.64,99438.62,True,True,True,76,62,28.12,100.0,
WebServer-Deployment2.yaml,Deployment,31,7,7,5,12,0,30,422,176,2,99411.7,33.3,99445.0,True,True,True,20,5,70.59,100.0,
webserver-deployment4.yaml,Deployment,31,7,7,1,8,0,28,422,176,4,99510.24,25.48,99535.72,True,True,True,20,12,48.39,100.0,
webserver-environment-variables.yaml,Pod,61,15,15,4,19,0,20,481,196,4,180749.72,24.26,180773.98,True,True,True,20,10,50.0,100.0,
webserver-environment-variables1.yaml,Pod,61,15,15,4,19,0,20,481,196,4,180761.42,24.15,180785.57,True,True,True,20,10,50.0,100.0,
webserver-export-persistentvolumeclaim.yaml,PersistentVolumeClaim,2,1,1,0,1,0,14,7,3,1,13730.72,10.01,13740.73,True,True,True,1,2,90.32,100.0,
webserver-headless-service.yaml,Service,6,1,1,0,1,0,15,13,2,1,28558.75,10.63,28569.38,True,True,True,2,2,84.62,100.0,
webserver-headless-service1.yaml,Service,6,1,1,0,1,0,15,13,2,1,28365.99,10.42,28376.41,True,True,True,2,2,84.62,100.0,
webserver-lb.yaml,Pod,61,13,13,4,17,0,16,481,187,2,181510.12,22.6,181532.72,True,True,True,20,2,56.0,100.0,
webserver-lb1.yaml,Pod,61,13,13,4,17,0,16,481,187,2,181390.47,22.75,181413.22,True,True,True,20,2,56.0,100.0,
webserver-media-persistentvolumeclaim.yaml,PersistentVolumeClaim,2,1,1,0,1,0,14,7,3,1,13982.81,10.26,13993.07,True,True,True,1,2,89.66,100.0,
webserver-service.yaml,Service,6,2,2,0,2,0,20,13,4,1,28016.32,11.91,28028.23,True,True,True,2,2,86.67,100.0,
webserver-service1.yaml,Service,6,1,1,0,1,0,17,13,2,1,28500.51,11.5,28512.01,True,True,True,3,3,81.25,100.0,
webserver-service2.yaml,Service,6,2,2,0,2,0,20,13,4,1,28026.23,11.97,28038.2,True,True,True,2,2,86.67,100.0,
webserver-service3.yaml,Service,6,2,2,0,2,0,20,13,4,1,27946.48,12.05,27958.53,True,True,True,2,2,86.67,100.0,
webserver-service4.yaml,Service,6,1,1,0,1,0,19,13,2,2,28527.89,13.22,28541.11,True,True,True,3,3,81.25,100.0,
WebServer-Service5.yaml,Service,6,2,2,0,2,0,16,13,4,1,27960.66,9.89,27970.55,True,True,True,2,2,83.33,100.0,
webserver-ssl.yaml,Pod,61,13,13,4,17,0,24,481,187,24,181553.96,35.72,181589.68,True,True,True,38,20,35.56,100.0,
webserver-ssl1.yaml,Pod,61,13,13,4,17,0,24,481,187,24,181687.28,35.81,181723.09,True,True,True,38,20,35.56,100.0,
webserver-svc.yaml,Service,6,2,2,0,2,0,20,13,4,1,28190.96,11.9,28202.86,True,True,True,2,2,87.5,100.0,
webserver-svc1.yaml,Service,6,2,2,0,2,0,20,13,4,1,28026.2,12.05,28038.25,True,True,True,2,2,87.5,100.0,
webserver-svc2.yaml,Service,6,2,2,0,2,0,20,13,4,1,28010.59,11.99,28022.58,True,True,True,2,2,87.5,100.0,
webserver-svc3.yaml,Service,6,2,2,0,2,0,17,13,4,1,28169.45,10.79,28180.24,True,True,True,5,5,61.54,100.0,
webserver-svc4.yaml,Service,6,2,2,0,2,0,17,13,4,1,28021.47,10.91,28032.38,True,True,True,5,5,61.54,100.0,
webserver-svc5.yaml,Service,6,2,2,0,2,0,17,13,4,1,28264.74,10.64,28275.38,True,True,True,5,5,61.54,100.0,
webserver-svc6.yaml,Service,6,2,2,0,2,0,17,13,4,1,27984.53,10.68,27995.21,True,True,True,5,5,61.54,100.0,
webserver-svc7.yaml,Service,6,2,2,0,2,0,17,13,4,1,27926.1,10.84,27936.94,True,True,True,5,5,61.54,100.0,
webserver10.yaml,Deployment,31,8,8,5,13,0,21,422,178,1,99097.44,23.67,99121.11,True,True,True,17,2,64.15,100.0,
webserver10_1.yaml,Service,6,2,2,0,2,0,14,13,4,1,28253.76,9.08,28262.84,True,True,True,2,2,81.82,100.0,
webserver11.yaml,Deployment,31,7,7,4,11,0,23,422,176,3,99564.83,24.34,99589.17,True,True,True,15,0,75.41,100.0,
webserver11_1.yaml,Service,6,1,1,0,1,0,14,13,2,1,28151.26,9.22,28160.48,True,True,True,1,1,90.91,100.0,
webserver3.yaml,Deployment,31,8,8,4,12,0,23,422,178,3,99198.95,24.25,99223.2,True,True,True,24,10,45.16,100.0,
webserver4.yaml,Deployment,31,7,7,4,11,0,23,422,176,1,99489.81,24.75,99514.56,True,True,True,15,0,73.68,100.0,
webserver4_1.yaml,Deployment,31,7,7,4,11,0,23,422,176,1,99546.1,24.67,99570.77,True,True,True,15,0,73.68,100.0,
webserver5.yaml,Pod,61,13,13,7,20,0,14,481,187,2,181383.34,38.43,181421.77,True,True,True,40,3,48.19,100.0,
webserver6.yaml,Deployment,31,8,8,4,12,0,23,422,178,3,99273.34,24.27,99297.61,True,True,True,24,10,45.16,100.0,
webserver7.yaml,Deployment,31,8,8,4,12,0,23,422,178,3,99119.44,24.54,99143.98,True,True,True,24,10,45.16,100.0,
webserver9.yaml,Deployment,31,7,7,4,11,0,23,422,176,3,99447.45,24.32,99471.77,True,True,True,15,0,75.41,100.0,
webserver9_1.yaml,Service,6,1,1,0,1,0,14,13,2,1,28184.67,9.23,28193.9,True,True,True,1,1,90.91,100.0,
webServerDeployment.yaml,Deployment,31,8,8,4,12,0,22,422,178,1,99314.01,25.03,99339.04,True,True,True,17,2,65.45,100.0,
webServerService.yaml,Service,6,2,2,0,2,0,17,13,4,1,28229.98,10.6,28240.58,True,True,True,5,5,61.54,100.0,
webserver_deployment.yaml,Deployment,31,8,8,4,12,0,44,422,178,1,99375.66,39.08,99414.74,True,True,True,33,21,47.06,100.0,
webserver_deployment1.yaml,Deployment,31,8,8,4,12,0,37,422,178,1,99311.97,32.98,99344.95,True,True,True,23,11,58.54,100.0,
webserver_deployment2.yaml,Deployment,31,8,8,4,12,0,37,422,178,1,99281.2,33.54,99314.74,True,True,True,23,11,58.54,100.0,
webserver_service.yaml,Service,6,2,2,0,2,0,23,13,4,1,28038.09,13.64,28051.73,True,True,True,2,4,83.33,100.0,
webserver_service1.yaml,Service,6,2,2,0,2,0,23,13,4,1,28213.93,13.78,28227.71,True,True,True,2,4,83.33,100.0,
webservice.yaml,Service,6,2,2,0,2,0,15,13,4,1,28008.52,9.92,28018.44,True,True,True,4,4,66.67,100.0,
website-deploy.yaml,Deployment,31,8,8,4,12,0,24,422,178,7,99219.23,37.26,99256.49,True,True,True,38,23,34.41,100.0,
website-deployment.yaml,Deployment,31,7,7,4,11,0,21,422,176,1,99527.93,24.46,99552.39,True,True,True,19,4,58.18,100.0,
website-deployment1.yaml,Deployment,31,8,8,1,9,0,55,422,178,120,99575.01,61.55,99636.56,True,True,True,63,54,29.09,100.0,
website-deployment10.yaml,Deployment,31,8,8,4,12,0,31,422,178,2,99277.42,32.03,99309.45,True,True,True,17,2,75.32,100.0,
website-deployment11.yaml,Deployment,31,8,8,4,12,0,25,422,178,2,99373.38,27.84,99401.22,True,True,True,17,2,70.77,100.0,
website-deployment12.yaml,Deployment,31,7,7,5,12,0,24,422,176,5,99612.29,33.09,99645.38,True,True,True,39,24,16.0,100.0,
website-deployment13.yaml,Deployment,31,7,7,0,7,0,49,422,176,4,99599.59,38.83,99638.42,True,True,True,15,7,77.55,100.0,
website-deployment15.yaml,Deployment,31,8,8,5,13,0,24,422,178,5,99311.43,34.63,99346.06,True,True,True,30,15,48.28,100.0,
website-deployment16.yaml,Deployment,31,8,8,5,13,0,24,422,178,5,99444.74,34.44,99479.18,True,True,True,30,15,48.28,100.0,
website-deployment17.yaml,Deployment,31,8,8,5,13,0,24,422,178,5,99343.56,34.55,99378.11,True,True,True,30,15,48.28,100.0,
website-deployment18.yaml,Deployment,31,7,7,5,12,0,31,422,176,1,99493.61,29.35,99522.96,True,True,True,16,1,76.06,100.0,
website-deployment2.yaml,Deployment,31,8,8,4,12,0,28,422,178,5,99279.28,44.33,99323.61,True,True,True,46,16,36.73,100.0,
website-deployment4.yaml,Deployment,31,8,8,4,12,0,31,422,178,2,99186.77,30.7,99217.47,True,True,True,16,4,72.22,100.0,
website-deployment4_2.yaml,Secret,4,0,0,0,0,0,6,14,0,5,7196.72,0.0,7196.72,True,True,True,0,0,100.0,
website-deployment4_3.yaml,Service,6,2,2,0,2,0,21,13,4,1,28223.83,12.11,28235.94,True,True,True,2,4,81.25,100.0,
website-deployment6.yaml,Deployment,31,8,8,4,12,0,47,422,178,6,99322.49,70.07,99392.56,True,True,True,59,29,46.99,100.0,
website-deployment8.yaml,Deployment,31,7,7,4,11,0,38,422,176,10,99513.47,51.73,99565.2,True,True,True,15,1,87.3,100.0,
website-deployment9.yaml,Deployment,31,9,9,4,13,0,35,422,187,4,99278.37,52.4,99330.77,True,True,True,41,15,53.33,100.0,
website-ingress.yaml,Ingress,3,0,0,0,0,0,25,4,0,2,7209.32,0.0,7209.32,True,True,True,0,0,100.0,
website-ingress1.yaml,Ingress,3,0,0,0,0,0,24,4,0,2,7194.98,0.0,7194.98,True,True,True,0,0,100.0,
website-secret1.yaml,Secret,4,0,0,0,0,0,7,14,0,1,7450.06,0.0,7450.06,True,True,True,0,0,100.0,
website-service.yaml,Service,6,1,1,0,1,0,16,13,2,1,28229.74,9.88,28239.62,True,True,True,3,3,75.0,100.0,
website-service1.yaml,Service,6,2,2,0,2,0,15,13,4,1,28238.16,9.83,28247.99,True,True,True,4,4,69.23,100.0,
website-service10.yaml,Service,6,2,2,0,2,0,17,13,4,1,28096.77,10.43,28107.2,True,True,True,2,2,84.62,100.0,
website-service11.yaml,Service,6,2,2,0,2,0,16,13,4,1,28210.39,10.04,28220.43,True,True,True,2,2,83.33,100.0,
website-service12.yaml,Service,6,1,1,0,1,0,17,13,2,1,28224.31,10.55,28234.86,True,True,True,1,1,92.31,100.0,
website-service14.yaml,Service,6,2,2,0,2,0,14,13,4,1,28056.27,9.08,28065.35,True,True,True,2,2,83.33,100.0,
website-service15.yaml,Service,6,2,2,0,2,0,14,13,4,1,28243.72,9.06,28252.78,True,True,True,2,2,83.33,100.0,
website-service16.yaml,Service,6,2,2,0,2,0,14,13,4,1,28007.59,9.06,28016.65,True,True,True,2,2,83.33,100.0,
website-service17.yaml,Service,6,2,2,0,2,0,17,13,4,1,28284.91,10.7,28295.61,True,True,True,5,5,64.29,100.0,
website-service2.yaml,Service,6,2,2,0,2,0,19,13,4,2,28004.09,11.97,28016.06,True,True,True,6,6,60.0,100.0,
website-service4.yaml,Service,6,2,2,0,2,0,16,13,4,1,27999.37,9.88,28009.25,True,True,True,4,4,66.67,100.0,
website-service5.yaml,Service,6,2,2,0,2,0,16,13,4,1,28324.98,9.74,28334.72,True,True,True,4,4,66.67,100.0,
website-service7.yaml,Service,6,2,2,0,2,0,16,13,4,1,27961.09,9.84,27970.93,True,True,True,2,2,83.33,100.0,
website-service8.yaml,Service,6,2,2,0,2,0,17,13,4,1,28234.62,10.58,28245.2,True,True,True,2,2,84.62,100.0,
website-service9.yaml,Service,6,2,2,0,2,0,17,13,4,1,28051.59,10.6,28062.19,True,True,True,2,2,84.62,100.0,
websocket_echo_backend.yaml,Unknown,SCHEMA_ERROR,,,,,,0,0,0,0,18.57,0.0,18.57,,,,0,0,0.0,0.0,"C:\Users\CAOSD\projects\tool-security-rules\resources\dataset_yamls\original_yamls_10k\websocket_echo_backend.yaml - failed validation: error while parsing: error unmarshaling JSON: while decoding JSON: json: cannot unmarshal object into Go struct field .Metadata.Name of type string | Summary: 1 resource found in 1 file - Valid: 0, Invalid: 0, Errors: 1, Skipped: 0"
websocket_echo_backend_1.yaml,Unknown,SCHEMA_ERROR,,,,,,0,0,0,0,19.53,0.0,19.53,,,,0,0,0.0,0.0,"C:\Users\CAOSD\projects\tool-security-rules\resources\dataset_yamls\original_yamls_10k\websocket_echo_backend_1.yaml - failed validation: error while parsing: error unmarshaling JSON: while decoding JSON: json: cannot unmarshal object into Go struct field .Metadata.Name of type string | Summary: 1 resource found in 1 file - Valid: 0, Invalid: 0, Errors: 1, Skipped: 0"
webtop.yaml,Secret,4,0,0,0,0,0,8,14,0,3,7209.59,0.0,7209.59,True,True,True,0,0,100.0,
webtop_2.yaml,Deployment,31,8,8,3,11,0,52,422,178,12,99346.6,46.37,99392.97,True,True,True,23,8,74.8,100.0,
webtop_3.yaml,Service,6,1,1,0,1,0,14,13,2,1,28486.29,9.94,28496.23,True,True,True,1,1,91.67,100.0,
webui-deployment-patch.yaml,Deployment,31,8,8,2,10,0,18,422,178,2,99285.79,20.69,99306.48,True,True,True,18,7,48.98,100.0,
webui-deployment-patch1.yaml,Deployment,31,8,8,2,10,0,18,422,178,2,99249.43,20.7,99270.13,True,True,True,18,7,48.98,100.0,
webui-deployment.yaml,Deployment,31,8,8,5,13,0,55,422,178,1,99610.94,43.16,99654.1,True,True,True,17,2,83.48,100.0,
webui-deployment1.yaml,Deployment,31,8,8,5,13,0,55,422,178,1,99354.84,43.66,99398.5,True,True,True,17,2,83.48,100.0,
webui-deployment1_1.yaml,PodDisruptionBudget,1,1,1,0,1,0,11,2,2,1,10385.15,9.38,10394.53,True,True,True,1,0,94.74,100.0,
webui-deployment2.yaml,Deployment,31,8,8,4,12,0,35,422,178,1,99300.9,32.48,99333.38,True,True,True,16,1,78.48,100.0,
webui-deployment2_1.yaml,Service,6,1,1,0,1,0,17,13,2,1,28574.61,10.5,28585.11,True,True,True,1,1,92.31,100.0,
webui-deployment2_2.yaml,PersistentVolumeClaim,2,1,1,0,1,0,15,7,3,1,13709.19,10.71,13719.9,True,True,True,1,1,92.86,100.0,
webui-deployment4.yaml,Deployment,31,8,8,0,8,0,38,422,178,4,99387.85,32.44,99420.29,True,True,True,9,1,88.1,100.0,
webui-deployment6.yaml,Deployment,31,8,8,0,8,0,61,422,186,192,99401.61,54.86,99456.47,True,True,True,9,1,92.86,100.0,
webui-deployment6_1.yaml,Service,6,1,1,0,1,0,18,13,2,2,28513.36,13.91,28527.27,True,True,True,2,2,88.24,100.0,
webui-deployment7.yaml,Deployment,31,8,8,0,8,0,77,422,178,192,99734.11,59.92,99794.03,True,True,True,21,5,83.54,100.0,
webui-deployment_1.yaml,PodDisruptionBudget,1,1,1,0,1,0,11,2,2,1,10386.1,9.39,10395.49,True,True,True,1,0,94.74,100.0,
webui-ingress.yaml,Ingress,3,0,0,0,0,0,24,4,0,5,7487.39,0.0,7487.39,True,True,True,0,0,100.0,
webui-ingress1.yaml,Ingress,3,0,0,0,0,0,24,4,0,5,7237.59,0.0,7237.59,True,True,True,0,0,100.0,
webui-ingress3.yaml,Ingress,3,1,1,0,1,0,17,4,2,1,13945.74,14.85,13960.59,True,True,True,4,0,91.3,100.0,
webui-pvc.yaml,PersistentVolumeClaim,2,1,1,0,1,0,14,7,3,1,13776.62,10.32,13786.94,True,True,True,1,1,92.31,100.0,
webui-pvc1.yaml,PersistentVolumeClaim,2,1,1,0,1,0,14,7,3,1,13970.09,9.97,13980.06,True,True,True,1,1,92.31,100.0,
webui-pvc2.yaml,PersistentVolumeClaim,2,1,1,0,1,0,14,7,3,1,13990.65,9.92,14000.57,True,True,True,2,1,88.0,100.0,
webui-service.yaml,Service,6,1,1,0,1,0,13,13,2,1,28265.33,9.15,28274.48,True,True,True,2,2,84.62,100.0,
webui-service1.yaml,Service,6,1,1,0,1,0,13,13,2,1,28465.05,9.25,28474.3,True,True,True,2,2,84.62,100.0,
webui-service3.yaml,Service,6,2,2,0,2,0,17,13,4,1,28014.5,10.66,28025.16,True,True,True,4,4,75.0,100.0,
webui-service5.yaml,Service,6,1,1,0,1,0,17,13,2,1,28230.22,10.46,28240.68,True,True,True,2,2,85.71,100.0,
webui-service6.yaml,Service,6,2,2,0,2,0,16,13,4,4,28300.9,11.85,28312.75,True,True,True,3,3,80.0,100.0,
webui.yaml,Deployment,31,8,8,5,13,0,26,422,178,16,99370.05,30.6,99400.65,True,True,True,17,1,75.0,100.0,
WebUI1_1.yaml,ServiceAccount,3,0,0,0,0,0,8,7,0,1,7181.76,0.0,7181.76,True,True,True,0,0,100.0,
WebUI1_10.yaml,ClusterRoleBinding,4,0,0,0,0,0,13,12,0,1,7242.57,0.0,7242.57,True,True,True,0,0,100.0,
WebUI1_11.yaml,Deployment,31,6,6,4,10,0,65,422,152,8,99799.38,49.95,99849.33,True,True,True,14,4,86.15,100.0,
WebUI1_12.yaml,Service,6,1,1,0,1,0,16,13,2,1,28289.75,10.52,28300.27,True,True,True,1,1,92.31,100.0,
WebUI1_13.yaml,Deployment,31,6,6,4,10,0,59,422,152,1,99438.79,44.57,99483.36,True,True,True,14,4,83.93,100.0,
WebUI1_2.yaml,Service,6,1,1,0,1,0,16,13,2,1,28232.17,10.63,28242.8,True,True,True,1,1,92.31,100.0,
WebUI1_3.yaml,Secret,4,0,0,0,0,0,9,14,0,1,7482.76,0.0,7482.76,True,True,True,0,0,100.0,
WebUI1_4.yaml,Secret,4,0,0,0,0,0,11,14,0,1,7186.22,0.0,7186.22,True,True,True,0,0,100.0,
WebUI1_5.yaml,Secret,4,0,0,0,0,0,9,14,0,1,7194.98,0.0,7194.98,True,True,True,0,0,100.0,
WebUI1_9.yaml,RoleBinding,4,0,0,0,0,0,17,12,0,1,7459.26,0.0,7459.26,True,True,True,0,0,100.0,
webui_1.yaml,Service,6,2,2,0,2,0,14,13,4,2,27948.26,9.91,27958.17,True,True,True,2,2,83.33,100.0,
webv.yaml,Pod,61,12,12,2,14,0,20,481,185,60,181454.2,22.87,181477.07,True,True,True,15,1,80.49,100.0,
webv1-pod.yaml,Pod,61,14,14,4,18,0,24,481,194,16,181243.54,29.55,181273.09,True,True,True,34,21,26.67,100.0,
webv1-service.yaml,Service,6,1,1,0,1,0,19,13,2,2,28537.82,12.0,28549.82,True,True,True,4,4,77.78,100.0,
webv1.yaml,Pod,61,12,12,2,14,0,20,481,185,60,181756.14,23.05,181779.19,True,True,True,15,1,80.49,100.0,
webv1_1.yaml,Service,6,2,2,0,2,0,18,13,4,1,27981.76,11.24,27993.0,True,True,True,2,2,85.71,100.0,
webv_1.yaml,Service,6,2,2,0,2,0,18,13,4,1,28244.65,11.44,28256.09,True,True,True,2,2,85.71,100.0,
web_1.yaml,Deployment,31,8,8,4,12,0,36,422,178,8,99123.08,34.96,99158.04,True,True,True,16,1,80.0,100.0,
web_2.yaml,Service,6,2,2,0,2,0,21,13,4,4,28312.62,14.12,28326.74,True,True,True,2,2,88.89,100.0,
web_app.yaml,Deployment,31,7,7,5,12,0,35,422,176,5,99759.04,38.99,99798.03,True,True,True,16,1,82.11,100.0,
web_app_1.yaml,Service,6,1,1,0,1,0,14,13,2,1,28259.89,9.03,28268.92,True,True,True,1,1,90.91,100.0,
web_app_2.yaml,Ingress,3,1,1,0,1,0,18,4,2,1,14045.14,15.77,14060.91,True,True,True,4,0,90.0,100.0,
web_deployment.yaml,Deployment,31,8,8,4,12,0,33,422,178,1,99133.63,31.33,99164.96,True,True,True,23,11,56.41,100.0,
web_deployment1.yaml,Deployment,31,8,8,4,12,0,33,422,178,1,99100.3,32.01,99132.31,True,True,True,23,11,56.41,100.0,
web_server.yaml,Deployment,31,8,8,4,12,0,23,422,178,2,99338.35,26.86,99365.21,True,True,True,16,0,74.19,100.0,
web_server1.yaml,Deployment,31,8,8,4,12,0,23,422,178,2,99370.52,26.9,99397.42,True,True,True,16,0,74.19,100.0,
web_server1_2.yaml,Secret,4,0,0,0,0,0,7,14,0,1,7206.45,0.0,7206.45,True,True,True,0,0,100.0,
web_server1_3.yaml,Service,6,2,2,0,2,0,15,13,4,1,28224.05,9.84,28233.89,True,True,True,2,2,83.33,100.0,
web_server_2.yaml,Secret,4,0,0,0,0,0,7,14,0,1,7200.55,0.0,7200.55,True,True,True,0,0,100.0,
web_server_3.yaml,Service,6,2,2,0,2,0,15,13,4,1,28040.22,10.12,28050.34,True,True,True,2,2,83.33,100.0,
web_server_deployment-service.yaml,Deployment,31,8,8,5,13,0,24,422,178,2,99165.52,27.15,99192.67,True,True,True,17,2,69.84,100.0,
web_server_deployment-service_1.yaml,Service,6,2,2,0,2,0,18,13,4,1,28272.32,11.48,28283.8,True,True,True,2,2,85.71,100.0,
web_server_deployment.yaml,Deployment,31,8,8,5,13,0,34,422,178,1,99281.49,31.88,99313.37,True,True,True,29,14,44.16,100.0,
web_server_deployment1.yaml,Deployment,31,8,8,5,13,0,34,422,178,1,99435.43,32.2,99467.63,True,True,True,29,14,44.16,100.0,
web_server_deployment2.yaml,Deployment,31,8,8,5,13,0,34,422,178,1,99116.42,32.03,99148.45,True,True,True,29,14,44.16,100.0,
web_server_service.yaml,Service,6,2,2,0,2,0,18,13,4,1,28003.25,11.2,28014.45,True,True,True,5,5,66.67,100.0,
web_server_service1.yaml,Service,6,2,2,0,2,0,18,13,4,1,28304.68,11.41,28316.09,True,True,True,5,5,66.67,100.0,
web_server_service2.yaml,Service,6,2,2,0,2,0,18,13,4,1,27990.18,11.3,28001.48,True,True,True,4,4,71.43,100.0,
web_server_service3.yaml,Service,6,2,2,0,2,0,18,13,4,1,27999.93,11.42,28011.35,True,True,True,5,5,66.67,100.0,
web_service.yaml,Service,6,2,2,0,2,0,21,13,4,1,28219.06,13.54,28232.6,True,True,True,2,4,82.35,100.0,
web_service1.yaml,Service,6,2,2,0,2,0,21,13,4,1,27960.35,12.86,27973.21,True,True,True,2,4,82.35,100.0,
web_service2.yaml,Service,6,2,2,0,2,0,23,13,4,1,28209.19,13.7,28222.89,True,True,True,2,4,83.33,100.0,
web_service3.yaml,Service,6,2,2,0,2,0,16,13,4,1,27997.97,10.13,28008.1,True,True,True,4,4,66.67,100.0,
web_stateful.yaml,Service,6,1,1,0,1,0,15,13,2,1,28536.19,10.52,28546.71,True,True,True,1,1,92.31,100.0,
web_stateful1.yaml,Service,6,1,1,0,1,0,15,13,2,1,28308.09,10.45,28318.54,True,True,True,1,1,92.31,100.0,
web_stateful1_1.yaml,StatefulSet,31,7,7,4,11,0,35,424,176,1,99477.91,32.68,99510.59,True,True,True,15,0,81.48,100.0,
web_stateful_1.yaml,StatefulSet,31,7,7,4,11,0,35,424,176,1,99503.87,32.93,99536.8,True,True,True,15,0,81.48,100.0,
weird-list1_1.yaml,ServiceAccount,3,0,0,0,0,0,4,7,0,1,7189.05,0.0,7189.05,True,True,True,0,0,100.0,
weird-list_1.yaml,ServiceAccount,3,0,0,0,0,0,4,7,0,1,7460.05,0.0,7460.05,True,True,True,0,0,100.0,
well-formed.yaml,Pod,61,15,15,7,22,0,9,481,198,1,180745.27,20.6,180765.87,True,True,True,24,2,35.0,100.0,
well-formed_1.yaml,Service,6,1,1,0,1,0,15,13,2,1,28221.31,9.79,28231.1,True,True,True,1,1,91.67,100.0,
wfs-deployment.yaml,Deployment,31,8,8,0,8,0,61,422,186,32,99370.89,49.75,99420.64,True,True,True,9,1,92.06,100.0,
wfs-deployment_1.yaml,Service,6,1,1,0,1,0,18,13,2,2,28275.38,13.43,28288.81,True,True,True,2,2,88.24,100.0,
wfuzz.yaml,Deployment,31,8,8,4,12,0,36,422,178,1,99267.49,30.65,99298.14,True,True,True,16,1,78.48,100.0,
wgs-snakemake.yaml,Pod,61,16,16,6,22,0,37,481,199,16,180902.33,37.34,180939.67,True,True,True,37,25,43.64,100.0,
wh.yaml,Ingress,3,1,1,0,1,0,21,4,2,1,14034.11,17.48,14051.59,True,True,True,4,0,90.91,100.0,
wh40k-wiki-secrets.yaml,Unknown,SCHEMA_ERROR,,,,,,0,0,0,0,244.23,0.0,244.23,,,,0,0,0.0,0.0,"C:\Users\CAOSD\projects\tool-security-rules\resources\dataset_yamls\original_yamls_10k\wh40k-wiki-secrets.yaml - Secret wh40k-wiki-secrets is invalid: problem validating schema. Check JSON formatting: jsonschema validation failed with 'https://raw.githubusercontent.com/yannh/kubernetes-json-schema/master/master-standalone-strict/secret-v1.json#' - at '': additional properties 'sops' not allowed | Summary: 1 resource found in 1 file - Valid: 0, Invalid: 1, Errors: 0, Skipped: 0"
wh40k-wiki-secrets_1.yaml,Unknown,SCHEMA_ERROR,,,,,,0,0,0,0,264.79,0.0,264.79,,,,0,0,0.0,0.0,"C:\Users\CAOSD\projects\tool-security-rules\resources\dataset_yamls\original_yamls_10k\wh40k-wiki-secrets_1.yaml - Secret wh40k-db-init-secrets is invalid: problem validating schema. Check JSON formatting: jsonschema validation failed with 'https://raw.githubusercontent.com/yannh/kubernetes-json-schema/master/master-standalone-strict/secret-v1.json#' - at '': additional properties 'sops' not allowed | Summary: 1 resource found in 1 file - Valid: 0, Invalid: 1, Errors: 0, Skipped: 0"
whereabouts.yaml,ServiceAccount,3,0,0,0,0,0,5,7,0,1,7174.13,0.0,7174.13,True,True,True,0,0,100.0,
whereabouts_1.yaml,ClusterRoleBinding,4,0,0,0,0,0,13,12,0,1,7475.48,0.0,7475.48,True,True,True,0,0,100.0,
whereabouts_3.yaml,DaemonSet,31,10,10,0,10,0,56,423,218,384,98777.99,47.29,98825.28,True,True,True,9,9,86.57,100.0,
whiteboard-service-deployment.yaml,Deployment,31,7,7,5,12,0,32,422,176,10,99534.98,66.16,99601.14,True,True,True,71,56,30.6,100.0,
whiteboard-service.yaml,Service,6,1,1,0,1,0,13,13,2,1,28327.57,9.33,28336.9,True,True,True,3,3,72.73,100.0,
whoami-clusterip.yaml,Service,6,1,1,0,1,0,18,13,2,1,28491.2,11.32,28502.52,True,True,True,4,4,71.43,100.0,
whoami-clusterip1.yaml,Service,6,1,1,0,1,0,18,13,2,1,28255.26,11.39,28266.65,True,True,True,4,4,71.43,100.0,
whoami-clusterip2.yaml,Service,6,1,1,0,1,0,18,13,2,1,28219.28,11.26,28230.54,True,True,True,4,4,71.43,100.0,
whoami-compliance-preferred.yaml,Deployment,31,7,7,4,11,0,41,422,176,4,99658.5,40.76,99699.26,True,True,True,34,20,47.06,100.0,
whoami-deployments.yaml,Deployment,31,7,7,4,11,0,22,422,176,4,99368.85,25.77,99394.62,True,True,True,15,0,73.68,100.0,
whoami-deployments1.yaml,Deployment,31,7,7,4,11,0,22,422,176,4,99301.28,25.41,99326.69,True,True,True,15,0,73.68,100.0,
whoami-deployments1_1.yaml,Deployment,31,7,7,4,11,0,25,422,176,4,99429.3,27.63,99456.93,True,True,True,15,0,76.19,100.0,
whoami-deployments2.yaml,Deployment,31,7,7,4,11,0,22,422,176,4,99404.76,25.37,99430.13,True,True,True,15,0,73.68,100.0,
whoami-deployments2_1.yaml,Deployment,31,7,7,4,11,0,25,422,176,4,99391.82,27.72,99419.54,True,True,True,15,0,76.19,100.0,
whoami-deployments_1.yaml,Deployment,31,7,7,4,11,0,25,422,176,4,99433.68,27.29,99460.97,True,True,True,15,0,76.19,100.0,
whoami-flask.yaml,Deployment,31,7,7,4,11,0,24,422,176,1,99462.28,25.85,99488.13,True,True,True,15,0,74.58,100.0,
whoami-flask_1.yaml,Service,6,2,2,0,2,0,15,13,4,1,28027.92,9.88,28037.8,True,True,True,2,2,83.33,100.0,
whoami-https.yaml,Ingress,3,0,0,0,0,0,21,4,0,1,7458.26,0.0,7458.26,True,True,True,0,0,100.0,
whoami-loadbalancer.yaml,Service,6,2,2,0,2,0,18,13,4,2,27892.48,12.0,27904.48,True,True,True,4,4,73.33,100.0,
whoami-loadbalancer1.yaml,Service,6,2,2,0,2,0,18,13,4,2,28220.25,11.94,28232.19,True,True,True,4,4,73.33,100.0,
whoami-loadbalancer2.yaml,Service,6,2,2,0,2,0,18,13,4,2,27985.4,11.81,27997.21,True,True,True,4,4,73.33,100.0,
whoami-loadbalancer3.yaml,Service,6,2,2,0,2,0,18,13,4,2,27915.75,11.95,27927.7,True,True,True,4,4,73.33,100.0,
whoami-loadbalancer4.yaml,Service,6,2,2,0,2,0,18,13,4,2,28243.77,12.12,28255.89,True,True,True,4,4,73.33,100.0,
whoami-loadbalancer5.yaml,Service,6,2,2,0,2,0,18,13,4,2,28061.03,12.14,28073.17,True,True,True,4,4,73.33,100.0,
whoami-nginx_1.yaml,Deployment,31,7,7,5,12,0,39,422,176,1,99545.12,34.08,99579.2,True,True,True,16,1,80.0,100.0,
whoami-nginx_2.yaml,Service,6,1,1,0,1,0,14,13,2,1,28567.69,9.95,28577.64,True,True,True,1,1,91.67,100.0,
whoami-nginx_3.yaml,Ingress,3,1,1,0,1,0,20,4,2,2,13782.29,17.25,13799.54,True,True,True,4,0,90.91,100.0,
whoami-nodeport.yaml,Service,6,2,2,0,2,0,19,13,4,2,28298.12,12.64,28310.76,True,True,True,5,5,68.75,100.0,
whoami-nodeport1.yaml,Service,6,2,2,0,2,0,19,13,4,2,27959.53,12.67,27972.2,True,True,True,5,5,68.75,100.0,
whoami-nodeport2.yaml,Service,6,2,2,0,2,0,19,13,4,2,28225.01,13.07,28238.08,True,True,True,5,5,68.75,100.0,
whoami-nodeport3.yaml,Service,6,2,2,0,2,0,19,13,4,2,28029.28,12.7,28041.98,True,True,True,5,5,68.75,100.0,
whoami-nodeport4.yaml,Service,6,2,2,0,2,0,19,13,4,2,27995.72,13.03,28008.75,True,True,True,5,5,68.75,100.0,
whoami-nodeport5.yaml,Service,6,2,2,0,2,0,19,13,4,2,28241.33,12.71,28254.04,True,True,True,5,5,68.75,100.0,
whoami-pod-2.yaml,Pod,61,13,13,6,19,0,11,481,187,2,181149.46,21.96,181171.42,True,True,True,24,2,40.91,100.0,
whoami-pod-21.yaml,Pod,61,13,13,6,19,0,11,481,187,2,181299.44,21.58,181321.02,True,True,True,24,2,40.91,100.0,
whoami-pod-22.yaml,Pod,61,13,13,6,19,0,11,481,187,2,181089.98,21.81,181111.79,True,True,True,24,2,40.91,100.0,
whoami-pod.yaml,Pod,61,13,13,6,19,0,8,481,187,1,181079.59,19.88,181099.47,True,True,True,24,2,31.58,100.0,
whoami-pod1.yaml,Pod,61,13,13,6,19,0,8,481,187,1,181165.28,19.74,181185.02,True,True,True,24,2,31.58,100.0,
whoami-pod2.yaml,Pod,61,13,13,6,19,0,8,481,187,1,180872.44,19.56,180892.0,True,True,True,24,2,31.58,100.0,
whoami-replicas-3.yaml,ReplicaSet,30,7,7,5,12,0,25,420,176,1,95904.1,26.7,95930.8,True,True,True,20,5,57.63,100.0,
whoami-replicas-31.yaml,ReplicaSet,30,7,7,5,12,0,25,420,176,1,95698.55,26.46,95725.01,True,True,True,20,5,57.63,100.0,
whoami-replicas-32.yaml,ReplicaSet,30,7,7,5,12,0,25,420,176,1,95805.35,26.01,95831.36,True,True,True,20,5,57.63,100.0,
whoami-replicas-33.yaml,ReplicaSet,30,7,7,5,12,0,25,420,176,1,95922.51,26.86,95949.37,True,True,True,20,5,57.63,100.0,
whoami-service-v1.yaml,Service,6,2,2,0,2,0,19,13,4,2,28013.53,12.69,28026.22,True,True,True,2,2,87.5,100.0,
whoami-service-v11.yaml,Service,6,2,2,0,2,0,19,13,4,2,28227.23,12.76,28239.99,True,True,True,2,2,87.5,100.0,
whoami-service-v11_1.yaml,Service,6,2,2,0,2,0,18,13,4,2,27912.93,11.89,27924.82,True,True,True,2,2,86.67,100.0,
whoami-service-v12.yaml,Service,6,2,2,0,2,0,19,13,4,2,28279.87,12.84,28292.71,True,True,True,2,2,87.5,100.0,
whoami-service-v12_1.yaml,Service,6,2,2,0,2,0,18,13,4,2,28011.39,11.99,28023.38,True,True,True,2,2,86.67,100.0,
whoami-service-v1_1.yaml,Service,6,2,2,0,2,0,18,13,4,2,27953.57,12.0,27965.57,True,True,True,2,2,86.67,100.0,
whoami-service-v2.yaml,Service,6,2,2,0,2,0,19,13,4,2,28257.78,12.86,28270.64,True,True,True,2,2,87.5,100.0,
whoami-service-v21.yaml,Service,6,2,2,0,2,0,19,13,4,2,27957.6,12.87,27970.47,True,True,True,2,2,87.5,100.0,
whoami-service-v21_1.yaml,Service,6,2,2,0,2,0,18,13,4,2,28169.32,11.84,28181.16,True,True,True,2,2,86.67,100.0,
whoami-service-v22.yaml,Service,6,2,2,0,2,0,19,13,4,2,28081.25,12.77,28094.02,True,True,True,2,2,87.5,100.0,
whoami-service-v22_1.yaml,Service,6,2,2,0,2,0,18,13,4,2,27946.38,12.07,27958.45,True,True,True,2,2,86.67,100.0,
whoami-service-v2_1.yaml,Service,6,2,2,0,2,0,18,13,4,2,28336.34,11.91,28348.25,True,True,True,2,2,86.67,100.0,
whoami-service.yaml,Service,6,2,2,0,2,0,17,13,4,1,27968.14,10.63,27978.77,True,True,True,3,3,76.92,100.0,
whoami-service1.yaml,Service,6,2,2,0,2,0,17,13,4,1,28276.03,10.63,28286.66,True,True,True,3,3,76.92,100.0,
whoami-service2.yaml,Service,6,2,2,0,2,0,17,13,4,1,27885.55,10.47,27896.02,True,True,True,3,3,76.92,100.0,
whoami-service3.yaml,Service,6,2,2,0,2,0,17,13,4,1,27975.97,22.96,27998.93,True,True,True,3,3,76.92,100.0,
whoami-svc-zeromatches.yaml,Service,6,1,1,0,1,0,16,13,2,2,28522.91,11.13,28534.04,True,True,True,3,3,78.57,100.0,
whoami-svc-zeromatches1.yaml,Service,6,1,1,0,1,0,16,13,2,2,28199.06,11.32,28210.38,True,True,True,3,3,78.57,100.0,
whoami-svc-zeromatches2.yaml,Service,6,1,1,0,1,0,16,13,2,2,28535.85,11.23,28547.08,True,True,True,3,3,78.57,100.0,
whoami-svc1_1.yaml,Service,6,1,1,0,1,0,14,13,2,2,28253.74,9.88,28263.62,True,True,True,1,1,91.67,100.0,
whoami-svc2_1.yaml,Service,6,1,1,0,1,0,14,13,2,2,28644.39,9.89,28654.28,True,True,True,1,1,91.67,100.0,
whoami-svc_1.yaml,Service,6,1,1,0,1,0,14,13,2,2,28337.48,9.85,28347.33,True,True,True,1,1,91.67,100.0,
whoami-traefik_1.yaml,Deployment,31,7,7,5,12,0,28,422,176,1,99496.55,27.76,99524.31,True,True,True,16,1,73.85,100.0,
whoami-traefik_2.yaml,Service,6,1,1,0,1,0,14,13,2,1,28161.21,9.83,28171.04,True,True,True,1,1,91.67,100.0,
whoami-traefik_3.yaml,Ingress,3,1,1,0,1,0,19,4,2,2,13976.35,16.82,13993.17,True,True,True,4,0,90.48,100.0,
whoami-v1-scale.yaml,Deployment,31,7,7,4,11,0,22,422,176,2,99478.1,24.65,99502.75,True,True,True,17,2,65.45,100.0,
whoami-v1-scale1.yaml,Deployment,31,7,7,4,11,0,22,422,176,2,99473.13,24.82,99497.95,True,True,True,17,2,65.45,100.0,
whoami-v1-scale2.yaml,Deployment,31,7,7,4,11,0,22,422,176,2,99314.15,25.18,99339.33,True,True,True,17,2,65.45,100.0,
whoami-v1.yaml,Deployment,31,8,8,4,12,0,21,422,178,2,99394.39,24.47,99418.86,True,True,True,18,2,62.96,100.0,
whoami-v11.yaml,Deployment,31,8,8,4,12,0,21,422,178,2,99165.58,24.34,99189.92,True,True,True,18,2,62.96,100.0,
whoami-v12.yaml,Deployment,31,8,8,4,12,0,21,422,178,2,99382.7,24.51,99407.21,True,True,True,18,2,62.96,100.0,
whoami-v2.yaml,Deployment,31,7,7,4,11,0,25,422,176,2,99402.19,26.36,99428.55,True,True,True,20,5,59.02,100.0,
whoami-v21.yaml,Deployment,31,7,7,4,11,0,25,422,176,2,99432.54,26.9,99459.44,True,True,True,20,5,59.02,100.0,
whoami-v22.yaml,Deployment,31,7,7,4,11,0,25,422,176,2,99037.21,26.81,99064.02,True,True,True,20,5,59.02,100.0,
whoami.yaml,Pod,61,13,13,6,19,0,11,481,187,2,181273.97,21.83,181295.8,True,True,True,24,2,40.91,100.0,
whoami1.yaml,Deployment,31,8,8,5,13,0,19,422,178,1,99214.23,22.86,99237.09,True,True,True,17,2,61.22,100.0,
whoami11.yaml,Service,6,1,1,0,1,0,18,13,2,1,28547.83,11.06,28558.89,True,True,True,1,1,92.86,100.0,
whoami11_1.yaml,Deployment,31,7,7,4,11,0,25,422,176,2,99442.92,26.66,99469.58,True,True,True,15,0,75.41,100.0,
whoami12.yaml,Pod,61,13,13,6,19,0,11,481,187,2,181132.97,22.25,181155.22,True,True,True,24,2,40.91,100.0,
whoami13.yaml,Deployment,31,9,9,4,13,0,20,422,188,1,98847.33,23.31,98870.64,True,True,True,17,2,62.75,100.0,
whoami13_1.yaml,Service,6,1,1,0,1,0,17,13,2,1,28205.1,11.09,28216.19,True,True,True,1,1,92.86,100.0,
whoami13_3.yaml,Pod,61,15,15,6,21,0,11,481,198,2,180615.24,20.84,180636.08,True,True,True,24,2,43.48,100.0,
whoami14.yaml,ReplicaSet,30,7,7,5,12,0,25,420,176,1,95812.56,25.48,95838.04,True,True,True,20,5,57.63,100.0,
whoami15.yaml,Pod,61,13,13,7,20,0,13,481,187,2,181388.89,22.95,181411.84,True,True,True,26,5,36.73,100.0,
whoami18.yaml,ReplicaSet,30,7,7,5,12,0,25,420,176,1,95919.52,26.05,95945.57,True,True,True,20,5,57.63,100.0,
whoami19.yaml,Deployment,31,7,7,5,12,4,24,422,176,8,99427.19,23.41,99450.6,False,True,True,9,1,82.76,100.0,
whoami19_1.yaml,Service,6,1,1,0,1,0,13,13,2,2,28205.41,9.69,28215.1,True,True,True,1,1,91.67,100.0,
whoami19_2.yaml,Ingress,3,1,1,0,1,0,19,4,2,1,14030.8,15.65,14046.45,True,True,True,4,0,90.0,100.0,
whoami1_1.yaml,Service,6,1,1,0,1,0,13,13,2,1,28261.28,9.13,28270.41,True,True,True,1,1,90.91,100.0,
whoami2.yaml,ReplicaSet,30,7,7,5,12,0,25,420,176,1,95763.82,25.59,95789.41,True,True,True,20,5,57.63,100.0,
whoami20_1.yaml,Deployment,31,7,7,4,11,0,26,422,176,1,99381.33,26.99,99408.32,True,True,True,15,0,75.41,100.0,
whoami20_2.yaml,Service,6,1,1,0,1,0,19,13,2,1,28240.17,11.91,28252.08,True,True,True,1,1,93.33,100.0,
whoami20_3.yaml,Ingress,3,1,1,0,1,0,19,4,2,1,14010.55,15.77,14026.32,True,True,True,4,0,90.0,100.0,
whoami21.yaml,Deployment,31,8,8,3,11,0,27,422,178,2,99218.32,26.74,99245.06,True,True,True,13,1,78.12,100.0,
whoami21_1.yaml,Service,6,1,1,0,1,0,13,13,2,1,28257.02,8.97,28265.99,True,True,True,1,1,90.91,100.0,
whoami22.yaml,Deployment,31,9,9,5,14,0,22,422,188,1,98914.3,24.3,98938.6,True,True,True,18,3,61.82,100.0,
whoami22_1.yaml,Service,6,1,1,0,1,0,16,13,2,1,28465.31,10.54,28475.85,True,True,True,1,1,92.31,100.0,
whoami22_2.yaml,Ingress,3,1,1,0,1,0,17,4,2,1,13734.29,15.0,13749.29,True,True,True,4,0,89.47,100.0,
whoami3.yaml,Pod,61,13,13,6,19,0,11,481,187,2,181247.35,21.65,181269.0,True,True,True,24,2,40.91,100.0,
whoami4.yaml,Deployment,31,8,8,5,13,0,19,422,178,1,99111.53,22.77,99134.3,True,True,True,17,2,61.22,100.0,
whoami4_1.yaml,Service,6,1,1,0,1,0,13,13,2,1,28489.56,9.0,28498.56,True,True,True,1,1,90.91,100.0,
whoami5.yaml,ReplicaSet,30,7,7,5,12,0,25,420,176,1,95465.57,25.91,95491.48,True,True,True,20,5,57.63,100.0,
whoami6.yaml,Deployment,31,7,7,5,12,0,24,422,176,8,99440.78,28.04,99468.82,True,True,True,16,1,73.02,100.0,
whoami6_1.yaml,Service,6,1,1,0,1,0,11,13,2,2,28425.32,9.17,28434.49,True,True,True,1,1,90.91,100.0,
whoami6_2.yaml,Ingress,3,0,0,0,0,0,23,4,0,1,7230.95,0.0,7230.95,True,True,True,0,0,100.0,
whoami7.yaml,Pod,61,13,13,7,20,0,13,481,187,2,181217.44,22.73,181240.17,True,True,True,26,5,36.73,100.0,
whoami8.yaml,Deployment,31,8,8,5,13,0,20,422,178,1,99159.85,23.12,99182.97,True,True,True,17,2,62.75,100.0,
whoami8_1.yaml,Service,6,1,1,0,1,0,14,13,2,1,28290.38,9.64,28300.02,True,True,True,1,1,91.67,100.0,
whoami9.yaml,Deployment,31,8,8,5,13,0,25,422,178,1,99041.11,25.9,99067.01,True,True,True,17,2,67.8,100.0,
whoami9_1.yaml,Service,6,1,1,0,1,0,13,13,2,1,28436.65,8.99,28445.64,True,True,True,1,1,90.91,100.0,
wiki-app-deployment_1.yaml,Deployment,31,8,8,5,13,0,34,422,178,12,99401.3,55.84,99457.14,True,True,True,42,5,64.66,100.0,
wiki-app-deployment_2.yaml,Service,6,2,2,0,2,0,14,13,4,1,27899.57,9.09,27908.66,True,True,True,2,2,81.82,100.0,
wiki-postgres.yaml,Deployment,31,8,8,0,8,0,37,422,178,16,99527.47,43.85,99571.32,True,True,True,9,1,91.07,100.0,
wiki-postgres_1.yaml,Service,6,1,1,0,1,0,15,13,2,1,28484.47,9.71,28494.18,True,True,True,1,1,91.67,100.0,
wiki-postgres_2.yaml,PersistentVolumeClaim,2,1,1,0,1,0,11,7,3,1,13763.55,8.65,13772.2,True,True,True,1,1,90.91,100.0,
wiki-postgres_3.yaml,PersistentVolume,1,0,0,1,1,0,15,0,0,1,49.28,11.31,60.59,True,True,True,1,1,92.86,100.0,
wikijs.yaml,Deployment,31,8,8,0,8,0,32,422,178,24,99307.07,47.78,99354.85,True,True,True,9,1,91.67,100.0,
wikijs_1.yaml,Service,6,1,1,0,1,0,15,13,2,1,28587.55,9.78,28597.33,True,True,True,1,1,91.67,100.0,
wikijs_2.yaml,Ingress,3,0,0,0,0,0,25,4,0,2,7208.03,0.0,7208.03,True,True,True,0,0,100.0,
wikils.yaml,Deployment,31,7,7,4,11,0,21,422,176,1,99444.93,23.78,99468.71,True,True,True,15,0,71.7,100.0,
wikils_1.yaml,Service,6,1,1,0,1,0,14,13,2,1,28206.92,9.03,28215.95,True,True,True,1,1,90.91,100.0,
wikipedia-rag-service.yaml,Service,6,2,2,0,2,0,19,13,4,1,28222.44,11.3,28233.74,True,True,True,2,2,85.71,100.0,
wikipedia-rag-service_1.yaml,Service,6,2,2,0,2,0,20,13,4,1,27934.54,11.86,27946.4,True,True,True,2,2,86.67,100.0,
wil-ingress.yaml,Ingress,3,1,1,0,1,0,16,4,2,1,13957.94,14.09,13972.03,True,True,True,4,0,88.89,100.0,
wildcard-ingress.yaml,Ingress,3,1,1,0,1,0,21,4,2,2,13690.59,18.06,13708.65,True,True,True,5,1,86.96,100.0,
wildcard-ingress1.yaml,Unknown,SCHEMA_ERROR,,,,,,0,0,0,0,7013.94,0.0,7013.94,,,,0,0,0.0,0.0,Timeout_Exceeded
wildcard-ingress2.yaml,Unknown,SCHEMA_ERROR,,,,,,0,0,0,0,7018.18,0.0,7018.18,,,,0,0,0.0,0.0,Timeout_Exceeded
wildcard-ingress3.yaml,Unknown,SCHEMA_ERROR,,,,,,0,0,0,0,7019.49,0.0,7019.49,,,,0,0,0.0,0.0,Timeout_Exceeded
wildcard-secret-ingress.yaml,Unknown,SCHEMA_ERROR,,,,,,0,0,0,0,7008.57,0.0,7008.57,,,,0,0,0.0,0.0,Timeout_Exceeded
wildcard-secret-ingress1.yaml,Ingress,3,0,0,0,0,0,22,4,0,2,7403.64,0.0,7403.64,True,True,True,0,0,100.0,
wildcard-secret-ingress_1.yaml,Ingress,3,1,1,0,1,0,19,4,2,2,13930.57,16.45,13947.02,True,True,True,4,0,90.48,100.0,
wildcard-secret-ingress_2.yaml,Ingress,3,1,1,0,1,0,19,4,2,2,13629.54,16.32,13645.86,True,True,True,4,0,90.48,100.0,
wildcard-tls-secret.yaml,Secret,4,0,0,0,0,0,7,14,0,2,7456.1,0.0,7456.1,True,True,True,0,0,100.0,
wildcardingress.yaml,Ingress,3,0,0,0,0,0,24,4,0,2,7208.54,0.0,7208.54,True,True,True,0,0,100.0,
wildfly-rc.yaml,ReplicationController,25,7,7,0,7,0,20,420,176,2,95873.89,19.11,95893.0,True,True,True,9,1,78.26,100.0,
wildfly-rc1.yaml,ReplicationController,25,7,7,0,7,0,20,420,176,2,96157.88,19.26,96177.14,True,True,True,9,1,78.26,100.0,
wildfly-rc2.yaml,ReplicationController,25,7,7,0,7,0,20,420,176,2,95683.62,19.23,95702.85,True,True,True,9,1,78.26,100.0,
wild_card_ingress.yaml,Ingress,3,1,1,0,1,0,16,4,2,2,13986.26,21.56,14007.82,True,True,True,7,3,82.14,100.0,
willwork.yaml,Unknown,SCHEMA_ERROR,,,,,,0,0,0,0,511.85,0.0,511.85,,,,0,0,0.0,0.0,"C:\Users\CAOSD\projects\tool-security-rules\resources\dataset_yamls\original_yamls_10k\willwork.yaml - Deployment nginx-deployment is invalid: problem validating schema. Check JSON formatting: jsonschema validation failed with 'https://raw.githubusercontent.com/yannh/kubernetes-json-schema/master/master-standalone-strict/deployment-apps-v1.json#' - at '/spec/template/spec/securityContext': additional properties 'privileged' not allowed | Summary: 1 resource found in 1 file - Valid: 0, Invalid: 1, Errors: 0, Skipped: 0"
willwork1.yaml,Deployment,31,7,7,4,11,0,21,422,176,1,99450.77,24.03,99474.8,True,True,True,16,1,69.09,100.0,
willwork2.yaml,Unknown,SCHEMA_ERROR,,,,,,0,0,0,0,276.19,0.0,276.19,,,,0,0,0.0,0.0,"C:\Users\CAOSD\projects\tool-security-rules\resources\dataset_yamls\original_yamls_10k\willwork2.yaml - Deployment nginx-deployment is invalid: problem validating schema. Check JSON formatting: jsonschema validation failed with 'https://raw.githubusercontent.com/yannh/kubernetes-json-schema/master/master-standalone-strict/deployment-apps-v1.json#' - at '/spec/template/spec/securityContext': additional properties 'privileged' not allowed | Summary: 1 resource found in 1 file - Valid: 0, Invalid: 1, Errors: 0, Skipped: 0"
willwork3.yaml,Deployment,31,7,7,4,11,0,21,422,176,1,99462.05,24.38,99486.43,True,True,True,16,1,69.09,100.0,
win-pods.yaml,Pod,61,14,14,6,20,0,18,481,190,3,181008.26,22.67,181030.93,True,True,True,23,4,50.91,100.0,
win-pods_1.yaml,Pod,61,14,14,6,20,0,21,481,190,1,180935.83,24.97,180960.8,True,True,True,23,4,52.63,100.0,
windows-albums.yaml,Deployment,31,8,8,4,12,0,33,422,178,2,99129.38,32.15,99161.53,True,True,True,16,1,77.92,100.0,
windows-albums1.yaml,Deployment,31,8,8,4,12,0,33,422,178,2,99203.38,32.09,99235.47,True,True,True,16,1,77.92,100.0,
windows-albums1_1.yaml,Service,6,1,1,0,1,0,15,13,2,1,28197.96,9.89,28207.85,True,True,True,1,1,91.67,100.0,
windows-albums1_2.yaml,Deployment,31,8,8,4,12,0,33,422,178,2,99246.56,31.7,99278.26,True,True,True,16,1,77.92,100.0,
windows-albums1_3.yaml,Service,6,1,1,0,1,0,15,13,2,1,28534.6,9.81,28544.41,True,True,True,1,1,91.67,100.0,
windows-albums_1.yaml,Service,6,1,1,0,1,0,15,13,2,1,28281.8,10.03,28291.83,True,True,True,1,1,91.67,100.0,
windows-albums_2.yaml,Deployment,31,8,8,4,12,0,33,422,178,2,99139.02,31.86,99170.88,True,True,True,16,1,77.92,100.0,
windows-albums_3.yaml,Service,6,1,1,0,1,0,15,13,2,1,28232.26,9.72,28241.98,True,True,True,1,1,91.67,100.0,
windows-login.yaml,Deployment,31,10,10,4,14,0,42,422,195,1,98768.7,35.68,98804.38,True,True,True,28,13,57.73,100.0,
windows-login1.yaml,Deployment,31,10,10,4,14,0,42,422,195,1,98633.21,35.86,98669.07,True,True,True,28,13,57.73,100.0,
windows-pod-projected.yaml,Pod,61,13,13,6,19,0,23,481,187,1,181490.51,27.92,181518.43,True,True,True,23,1,64.71,100.0,
windows-pod-projected_1.yaml,Secret,4,0,0,0,0,0,7,14,0,1,7444.02,0.0,7444.02,True,True,True,0,0,100.0,
windows1.yaml,DaemonSet,31,10,10,4,14,0,55,423,218,12,98981.44,48.16,99029.6,True,True,True,18,5,81.6,100.0,
windows2.yaml,PersistentVolumeClaim,2,1,1,0,1,0,11,7,3,1,13770.26,8.58,13778.84,True,True,True,1,1,90.91,100.0,
windows2_1.yaml,Pod,61,15,15,7,22,0,28,481,213,36,181103.71,41.8,181145.51,True,True,True,23,2,74.75,100.0,
windows2_2.yaml,Service,6,2,2,0,2,0,17,13,4,3,27998.77,16.88,28015.65,True,True,True,4,4,80.95,100.0,
windowshostprocess0.yaml,Pod,61,15,15,7,22,0,15,481,200,1,180765.4,30.34,180795.74,True,True,True,33,6,40.0,100.0,
windowshostprocess01.yaml,Pod,61,15,15,7,22,0,15,481,200,1,180577.09,30.12,180607.21,True,True,True,33,6,40.0,100.0,
windowshostprocess010.yaml,Pod,61,15,15,7,22,0,15,481,200,1,180617.71,30.27,180647.98,True,True,True,33,6,40.0,100.0,
windowshostprocess0100.yaml,Pod,61,15,15,7,22,0,23,481,200,1,180878.26,34.14,180912.4,True,True,True,33,6,48.0,100.0,
windowshostprocess0101.yaml,Pod,61,13,13,7,20,0,29,481,149,1,181117.18,34.48,181151.66,True,True,True,27,6,59.26,100.0,
windowshostprocess0102.yaml,Pod,61,13,13,7,20,0,29,481,149,1,180966.13,34.17,181000.3,True,True,True,27,6,59.26,100.0,
windowshostprocess0103.yaml,Pod,61,13,13,7,20,0,29,481,149,1,181125.22,35.19,181160.41,True,True,True,27,6,59.26,100.0,
windowshostprocess0104.yaml,Pod,61,13,13,7,20,0,29,481,149,1,181015.77,34.5,181050.27,True,True,True,27,6,59.26,100.0,
windowshostprocess0105.yaml,Pod,61,15,15,7,22,0,16,481,200,1,180863.26,30.97,180894.23,True,True,True,33,6,41.79,100.0,
windowshostprocess0106.yaml,Pod,61,15,15,7,22,0,16,481,200,1,180926.83,31.0,180957.83,True,True,True,33,6,41.79,100.0,
windowshostprocess0107.yaml,Pod,61,15,15,7,22,0,16,481,200,1,180673.93,31.06,180704.99,True,True,True,33,6,41.79,100.0,
windowshostprocess0108.yaml,Pod,61,15,15,7,22,0,16,481,200,1,180749.57,30.82,180780.39,True,True,True,33,6,41.79,100.0,
windowshostprocess0109.yaml,Pod,61,15,15,7,22,0,16,481,200,1,180854.28,30.75,180885.03,True,True,True,33,6,41.79,100.0,
windowshostprocess011.yaml,Pod,61,15,15,7,22,0,15,481,200,1,180577.0,30.28,180607.28,True,True,True,33,6,40.0,100.0,
windowshostprocess0110.yaml,Pod,61,15,15,7,22,0,20,481,200,1,180545.76,33.69,180579.45,True,True,True,33,6,45.07,100.0,
windowshostprocess0111.yaml,Pod,61,15,15,7,22,0,20,481,200,1,180710.33,32.38,180742.71,True,True,True,33,6,45.07,100.0,
windowshostprocess0112.yaml,Pod,61,15,15,7,22,0,15,481,200,1,180723.93,29.93,180753.86,True,True,True,33,6,40.0,100.0,
windowshostprocess0113.yaml,Pod,61,15,15,7,22,0,15,481,200,1,180658.61,29.92,180688.53,True,True,True,33,6,40.0,100.0,
windowshostprocess0114.yaml,Pod,61,15,15,7,22,0,15,481,200,1,180637.76,30.3,180668.06,True,True,True,33,6,40.0,100.0,
windowshostprocess0115.yaml,Pod,61,15,15,7,22,0,15,481,200,1,180694.4,30.67,180725.07,True,True,True,33,6,40.0,100.0,
windowshostprocess0116.yaml,Pod,61,15,15,7,22,0,15,481,200,1,180564.75,31.04,180595.79,True,True,True,33,6,40.0,100.0,
windowshostprocess0117.yaml,Pod,61,15,15,7,22,0,15,481,200,1,180915.78,30.09,180945.87,True,True,True,33,6,40.0,100.0,
windowshostprocess0118.yaml,Pod,61,15,15,7,22,0,15,481,200,1,180678.74,30.05,180708.79,True,True,True,33,6,40.0,100.0,
windowshostprocess0119.yaml,Pod,61,15,15,7,22,0,15,481,200,1,180623.32,30.66,180653.98,True,True,True,33,6,40.0,100.0,
windowshostprocess012.yaml,Pod,61,15,15,7,22,0,15,481,200,1,180556.79,30.17,180586.96,True,True,True,33,6,40.0,100.0,
windowshostprocess0120.yaml,Pod,61,15,15,7,22,0,15,481,200,1,180647.34,30.23,180677.57,True,True,True,33,6,40.0,100.0,
windowshostprocess0121.yaml,Pod,61,15,15,7,22,0,15,481,200,1,180673.12,30.66,180703.78,True,True,True,33,6,40.0,100.0,
windowshostprocess0122.yaml,Pod,61,15,15,7,22,0,15,481,200,1,180553.68,30.07,180583.75,True,True,True,33,6,40.0,100.0,
windowshostprocess0123.yaml,Pod,61,15,15,7,22,0,15,481,200,1,180625.53,30.29,180655.82,True,True,True,33,6,40.0,100.0,
windowshostprocess0124.yaml,Pod,61,15,15,7,22,0,15,481,200,1,180514.44,30.25,180544.69,True,True,True,33,6,40.0,100.0,
windowshostprocess0125.yaml,Pod,61,15,15,7,22,0,15,481,200,1,180421.34,30.48,180451.82,True,True,True,33,6,40.0,100.0,
windowshostprocess0126.yaml,Pod,61,15,15,7,22,0,15,481,200,1,180495.97,30.79,180526.76,True,True,True,33,6,40.0,100.0,
windowshostprocess0127.yaml,Pod,61,15,15,7,22,0,15,481,200,1,184563.5,30.85,184594.35,True,True,True,33,6,40.0,100.0,
windowshostprocess0128.yaml,Pod,61,15,15,7,22,0,15,481,200,1,182400.19,30.8,182430.99,True,True,True,33,6,40.0,100.0,
windowshostprocess0129.yaml,Pod,61,15,15,7,22,0,15,481,200,1,180771.21,30.3,180801.51,True,True,True,33,6,40.0,100.0,
windowshostprocess013.yaml,Pod,61,15,15,7,22,0,15,481,200,1,180446.31,29.94,180476.25,True,True,True,33,6,40.0,100.0,
windowshostprocess0130.yaml,Pod,61,15,15,7,22,0,15,481,200,1,180515.91,29.86,180545.77,True,True,True,33,6,40.0,100.0,
windowshostprocess0131.yaml,Pod,61,15,15,7,22,0,15,481,200,1,180515.7,30.1,180545.8,True,True,True,33,6,40.0,100.0,
windowshostprocess0132.yaml,Pod,61,15,15,7,22,0,15,481,200,1,180420.91,30.31,180451.22,True,True,True,33,6,40.0,100.0,
windowshostprocess0133.yaml,Pod,61,15,15,7,22,0,15,481,200,1,180373.05,30.04,180403.09,True,True,True,33,6,40.0,100.0,
windowshostprocess0134.yaml,Pod,61,15,15,7,22,0,15,481,200,1,180668.2,30.57,180698.77,True,True,True,33,6,40.0,100.0,
windowshostprocess0135.yaml,Pod,61,15,15,7,22,0,15,481,200,1,180407.36,30.73,180438.09,True,True,True,33,6,40.0,100.0,
windowshostprocess0136.yaml,Pod,61,15,15,7,22,0,15,481,200,1,180487.83,30.14,180517.97,True,True,True,33,6,40.0,100.0,
windowshostprocess0137.yaml,Pod,61,15,15,7,22,0,15,481,200,1,180729.6,30.36,180759.96,True,True,True,33,6,40.0,100.0,
windowshostprocess0138.yaml,Pod,61,15,15,7,22,0,15,481,200,1,180402.78,30.43,180433.21,True,True,True,33,6,40.0,100.0,
windowshostprocess0139.yaml,Pod,61,15,15,7,22,0,15,481,200,1,180227.86,30.43,180258.29,True,True,True,33,6,40.0,100.0,
windowshostprocess014.yaml,Pod,61,15,15,7,22,0,15,481,200,1,180419.21,30.59,180449.8,True,True,True,33,6,40.0,100.0,
windowshostprocess0140.yaml,Pod,61,15,15,7,22,0,15,481,200,1,180299.05,30.55,180329.6,True,True,True,33,6,40.0,100.0,
windowshostprocess0141.yaml,Pod,61,15,15,7,22,0,15,481,200,1,180473.78,29.64,180503.42,True,True,True,33,6,40.0,100.0,
windowshostprocess0142.yaml,Pod,61,15,15,7,22,0,16,481,200,1,180654.32,30.64,180684.96,True,True,True,33,6,41.79,100.0,
windowshostprocess0143.yaml,Pod,61,15,15,7,22,0,16,481,200,1,180308.32,31.04,180339.36,True,True,True,33,6,41.79,100.0,
windowshostprocess0144.yaml,Pod,61,15,15,7,22,0,20,481,200,1,180176.98,33.09,180210.07,True,True,True,33,6,45.07,100.0,
windowshostprocess0145.yaml,Pod,61,15,15,7,22,0,20,481,200,1,180354.72,33.3,180388.02,True,True,True,33,6,45.07,100.0,
windowshostprocess0146.yaml,Pod,61,15,15,7,22,0,20,481,200,1,180307.96,32.59,180340.55,True,True,True,33,6,45.07,100.0,
windowshostprocess0147.yaml,Pod,61,15,15,7,22,0,20,481,200,1,180138.0,33.25,180171.25,True,True,True,33,6,45.07,100.0,
windowshostprocess0148.yaml,Pod,61,15,15,7,22,0,20,481,200,1,180183.77,32.7,180216.47,True,True,True,33,6,45.07,100.0,
windowshostprocess0149.yaml,Pod,61,15,15,7,22,0,20,481,200,1,180197.86,33.03,180230.89,True,True,True,33,6,45.07,100.0,
windowshostprocess015.yaml,Pod,61,15,15,7,22,0,15,481,200,1,180186.05,30.44,180216.49,True,True,True,33,6,40.0,100.0,
windowshostprocess0150.yaml,Pod,61,15,15,7,22,0,20,481,200,1,180285.91,33.3,180319.21,True,True,True,33,6,45.07,100.0,
windowshostprocess0151.yaml,Pod,61,15,15,7,22,0,20,481,200,1,180259.36,32.79,180292.15,True,True,True,33,6,45.07,100.0,
windowshostprocess0152.yaml,Pod,61,15,15,7,22,0,20,481,200,1,180292.13,32.3,180324.43,True,True,True,33,6,45.07,100.0,
windowshostprocess0153.yaml,Pod,61,15,15,7,22,0,23,481,200,1,180207.26,33.94,180241.2,True,True,True,33,6,48.0,100.0,
windowshostprocess0154.yaml,Pod,61,15,15,7,22,0,16,481,200,1,180150.39,30.64,180181.03,True,True,True,33,6,41.79,100.0,
windowshostprocess0155.yaml,Pod,61,15,15,7,22,0,23,481,200,1,180509.4,34.65,180544.05,True,True,True,33,6,48.0,100.0,
windowshostprocess0156.yaml,Pod,61,15,15,7,22,0,23,481,200,1,180318.7,34.76,180353.46,True,True,True,33,6,48.0,100.0,
windowshostprocess0157.yaml,Pod,61,13,13,7,20,0,29,481,149,1,180611.65,34.75,180646.4,True,True,True,27,6,59.26,100.0,
windowshostprocess0158.yaml,Pod,61,13,13,7,20,0,29,481,149,1,180484.88,34.25,180519.13,True,True,True,27,6,59.26,100.0,
windowshostprocess0159.yaml,Pod,61,13,13,7,20,0,29,481,149,1,180610.32,34.25,180644.57,True,True,True,27,6,59.26,100.0,
windowshostprocess016.yaml,Pod,61,15,15,7,22,0,15,481,200,1,180417.41,29.9,180447.31,True,True,True,33,6,40.0,100.0,
windowshostprocess0160.yaml,Pod,61,13,13,7,20,0,29,481,149,1,180752.57,34.69,180787.26,True,True,True,27,6,59.26,100.0,
windowshostprocess0161.yaml,Pod,61,13,13,7,20,0,29,481,149,1,180642.81,34.32,180677.13,True,True,True,27,6,59.26,100.0,
windowshostprocess0162.yaml,Pod,61,13,13,7,20,0,29,481,149,1,180640.39,35.1,180675.49,True,True,True,27,6,59.26,100.0,
windowshostprocess0163.yaml,Pod,61,13,13,7,20,0,29,481,149,1,180587.26,34.32,180621.58,True,True,True,27,6,59.26,100.0,
windowshostprocess0164.yaml,Pod,61,13,13,7,20,0,29,481,149,1,180557.39,34.56,180591.95,True,True,True,27,6,59.26,100.0,
windowshostprocess0165.yaml,Pod,61,15,15,7,22,0,16,481,200,1,180187.33,30.48,180217.81,True,True,True,33,6,41.79,100.0,
windowshostprocess0166.yaml,Pod,61,15,15,7,22,0,16,481,200,1,180182.17,31.14,180213.31,True,True,True,33,6,41.79,100.0,
windowshostprocess0167.yaml,Pod,61,15,15,7,22,0,16,481,200,1,180110.79,31.82,180142.61,True,True,True,33,6,41.79,100.0,
windowshostprocess0168.yaml,Pod,61,15,15,7,22,0,16,481,200,1,180226.44,30.77,180257.21,True,True,True,33,6,41.79,100.0,
windowshostprocess0169.yaml,Pod,61,15,15,7,22,0,16,481,200,1,180215.19,31.7,180246.89,True,True,True,33,6,41.79,100.0,
windowshostprocess017.yaml,Pod,61,15,15,7,22,0,15,481,200,1,180055.96,29.84,180085.8,True,True,True,33,6,40.0,100.0,
windowshostprocess0170.yaml,Pod,61,15,15,7,22,0,20,481,200,1,180117.46,31.99,180149.45,True,True,True,33,6,45.07,100.0,
windowshostprocess0171.yaml,Pod,61,15,15,7,22,0,20,481,200,1,180377.91,32.6,180410.51,True,True,True,33,6,45.07,100.0,
windowshostprocess0172.yaml,Pod,61,15,15,7,22,0,15,481,200,1,180155.9,29.65,180185.55,True,True,True,33,6,40.0,100.0,
windowshostprocess0173.yaml,Pod,61,15,15,7,22,0,15,481,200,1,180208.81,30.4,180239.21,True,True,True,33,6,40.0,100.0,
windowshostprocess0174.yaml,Pod,61,15,15,7,22,0,15,481,200,1,180186.66,30.0,180216.66,True,True,True,33,6,40.0,100.0,
windowshostprocess0175.yaml,Pod,61,15,15,7,22,0,15,481,200,1,180128.35,30.25,180158.6,True,True,True,33,6,40.0,100.0,
windowshostprocess0176.yaml,Pod,61,15,15,7,22,0,15,481,200,1,180207.12,30.34,180237.46,True,True,True,33,6,40.0,100.0,
windowshostprocess0177.yaml,Pod,61,15,15,7,22,0,15,481,200,1,180316.37,30.35,180346.72,True,True,True,33,6,40.0,100.0,
windowshostprocess0178.yaml,Pod,61,15,15,7,22,0,15,481,200,1,180497.49,30.16,180527.65,True,True,True,33,6,40.0,100.0,
windowshostprocess0179.yaml,Pod,61,15,15,7,22,0,15,481,200,1,180345.28,29.98,180375.26,True,True,True,33,6,40.0,100.0,
windowshostprocess018.yaml,Pod,61,15,15,7,22,0,15,481,200,1,180196.24,30.47,180226.71,True,True,True,33,6,40.0,100.0,
windowshostprocess0180.yaml,Pod,61,15,15,7,22,0,15,481,200,1,180157.61,30.38,180187.99,True,True,True,33,6,40.0,100.0,
windowshostprocess0181.yaml,Pod,61,15,15,7,22,0,15,481,200,1,180243.91,30.29,180274.2,True,True,True,33,6,40.0,100.0,
windowshostprocess0182.yaml,Pod,61,15,15,7,22,0,15,481,200,1,181959.4,30.59,181989.99,True,True,True,33,6,40.0,100.0,
windowshostprocess0183.yaml,Pod,61,15,15,7,22,0,15,481,200,1,180177.36,30.14,180207.5,True,True,True,33,6,40.0,100.0,
windowshostprocess0184.yaml,Pod,61,15,15,7,22,0,15,481,200,1,179913.28,30.01,179943.29,True,True,True,33,6,40.0,100.0,
windowshostprocess0185.yaml,Pod,61,15,15,7,22,0,15,481,200,1,179943.07,30.02,179973.09,True,True,True,33,6,40.0,100.0,
windowshostprocess0186.yaml,Pod,61,15,15,7,22,0,15,481,200,1,179844.18,30.14,179874.32,True,True,True,33,6,40.0,100.0,
windowshostprocess0187.yaml,Pod,61,15,15,7,22,0,15,481,200,1,180108.1,29.86,180137.96,True,True,True,33,6,40.0,100.0,
windowshostprocess0188.yaml,Pod,61,15,15,7,22,0,15,481,200,1,179876.59,30.45,179907.04,True,True,True,33,6,40.0,100.0,
windowshostprocess0189.yaml,Pod,61,15,15,7,22,0,15,481,200,1,179833.31,30.18,179863.49,True,True,True,33,6,40.0,100.0,
windowshostprocess019.yaml,Pod,61,15,15,7,22,0,15,481,200,1,179856.51,29.55,179886.06,True,True,True,33,6,40.0,100.0,
windowshostprocess0190.yaml,Pod,61,15,15,7,22,0,15,481,200,1,180251.92,29.91,180281.83,True,True,True,33,6,40.0,100.0,
windowshostprocess0191.yaml,Pod,61,15,15,7,22,0,15,481,200,1,179953.14,30.0,179983.14,True,True,True,33,6,40.0,100.0,
windowshostprocess0192.yaml,Pod,61,15,15,7,22,0,15,481,200,1,180031.06,29.84,180060.9,True,True,True,33,6,40.0,100.0,
windowshostprocess0193.yaml,Pod,61,15,15,7,22,0,15,481,200,1,179970.35,30.22,180000.57,True,True,True,33,6,40.0,100.0,
windowshostprocess0194.yaml,Pod,61,15,15,7,22,0,15,481,200,1,179796.26,29.63,179825.89,True,True,True,33,6,40.0,100.0,
windowshostprocess0195.yaml,Pod,61,15,15,7,22,0,15,481,200,1,180288.07,29.45,180317.52,True,True,True,33,6,40.0,100.0,
windowshostprocess0196.yaml,Pod,61,15,15,7,22,0,15,481,200,1,180416.59,32.25,180448.84,True,True,True,33,6,40.0,100.0,
windowshostprocess0197.yaml,Pod,61,15,15,7,22,0,15,481,200,1,180195.62,29.67,180225.29,True,True,False,33,6,40.0,100.0,Timeout_Exceeded
windowshostprocess0198.yaml,Pod,61,15,15,7,22,0,16,481,200,1,180170.79,31.26,180202.05,True,True,True,33,6,41.79,100.0,
windowshostprocess0199.yaml,Pod,61,15,15,7,22,0,16,481,200,1,180347.85,30.77,180378.62,True,True,True,33,6,41.79,100.0,
windowshostprocess02.yaml,Pod,61,15,15,7,22,0,15,481,200,1,180405.71,29.78,180435.49,True,True,True,33,6,40.0,100.0,
windowshostprocess020.yaml,Pod,61,15,15,7,22,0,15,481,200,1,180162.39,29.93,180192.32,True,True,True,33,6,40.0,100.0,
windowshostprocess0200.yaml,Pod,61,15,15,7,22,0,20,481,200,1,180363.75,31.95,180395.7,True,True,True,33,6,45.07,100.0,
windowshostprocess0201.yaml,Pod,61,15,15,7,22,0,20,481,200,1,180344.05,32.38,180376.43,True,True,True,33,6,45.07,100.0,
windowshostprocess0202.yaml,Pod,61,15,15,7,22,0,20,481,200,1,180112.25,33.06,180145.31,True,True,True,33,6,45.07,100.0,
windowshostprocess0203.yaml,Pod,61,15,15,7,22,0,20,481,200,1,180318.47,32.6,180351.07,True,True,True,33,6,45.07,100.0,
windowshostprocess0204.yaml,Pod,61,15,15,7,22,0,20,481,200,1,180497.03,32.68,180529.71,True,True,True,33,6,45.07,100.0,
windowshostprocess0205.yaml,Pod,61,15,15,7,22,0,20,481,200,1,180218.52,32.5,180251.02,True,True,True,33,6,45.07,100.0,
windowshostprocess0206.yaml,Pod,61,15,15,7,22,0,20,481,200,1,180181.5,32.32,180213.82,True,True,True,33,6,45.07,100.0,
windowshostprocess0207.yaml,Pod,61,15,15,7,22,0,20,481,200,1,180291.57,33.06,180324.63,True,True,True,33,6,45.07,100.0,
windowshostprocess0208.yaml,Pod,61,15,15,7,22,0,20,481,200,1,180639.54,32.43,180671.97,True,True,True,33,6,45.07,100.0,
windowshostprocess0209.yaml,Pod,61,15,15,7,22,0,23,481,200,1,180459.2,33.75,180492.95,True,True,True,33,6,48.0,100.0,
windowshostprocess021.yaml,Pod,61,15,15,7,22,0,15,481,200,1,180498.68,30.57,180529.25,True,True,True,33,6,40.0,100.0,
windowshostprocess0210.yaml,Pod,61,15,15,7,22,0,16,481,200,1,180294.1,30.23,180324.33,True,True,True,33,6,41.79,100.0,
windowshostprocess0211.yaml,Pod,61,15,15,7,22,0,23,481,200,1,180248.07,33.86,180281.93,True,True,True,33,6,48.0,100.0,
windowshostprocess0212.yaml,Pod,61,15,15,7,22,0,23,481,200,1,180122.42,34.01,180156.43,True,True,True,33,6,48.0,100.0,
windowshostprocess0213.yaml,Pod,61,13,13,7,20,0,29,481,149,1,192966.45,35.19,193001.64,True,True,True,27,6,59.26,100.0,
windowshostprocess0214.yaml,Pod,61,13,13,7,20,0,29,481,149,1,187084.47,35.08,187119.55,True,True,True,27,6,59.26,100.0,
windowshostprocess0215.yaml,Pod,61,13,13,7,20,0,29,481,149,1,191484.18,34.78,191518.96,True,True,True,27,6,59.26,100.0,
windowshostprocess0216.yaml,Pod,61,13,13,7,20,0,29,481,149,1,195319.98,34.35,195354.33,True,True,True,27,6,59.26,100.0,
windowshostprocess0217.yaml,Pod,61,15,15,7,22,0,16,481,200,1,189604.1,30.79,189634.89,True,True,True,33,6,41.79,100.0,
windowshostprocess0218.yaml,Pod,61,15,15,7,22,0,16,481,200,1,183294.22,30.86,183325.08,True,True,True,33,6,41.79,100.0,
windowshostprocess0219.yaml,Pod,61,15,15,7,22,0,16,481,200,1,189237.07,34.98,189272.05,True,True,True,33,6,41.79,100.0,
windowshostprocess022.yaml,Pod,61,15,15,7,22,0,15,481,200,1,202340.64,30.28,202370.92,True,True,True,33,6,40.0,100.0,
windowshostprocess0220.yaml,Pod,61,15,15,7,22,0,16,481,200,1,197250.66,30.8,197281.46,True,True,True,33,6,41.79,100.0,
windowshostprocess0221.yaml,Pod,61,15,15,7,22,0,16,481,200,1,196199.18,32.58,196231.76,True,True,True,33,6,41.79,100.0,
windowshostprocess0222.yaml,Pod,61,15,15,7,22,0,20,481,200,1,193600.17,33.03,193633.2,True,True,True,33,6,45.07,100.0,
windowshostprocess0223.yaml,Pod,61,15,15,7,22,0,20,481,200,1,200499.15,32.71,200531.86,True,True,True,33,6,45.07,100.0,
windowshostprocess0224.yaml,Pod,61,15,15,7,22,0,15,481,200,1,196271.48,31.81,196303.29,True,True,True,33,6,40.0,100.0,
windowshostprocess0225.yaml,Pod,61,15,15,7,22,0,15,481,200,1,202084.32,33.33,202117.65,True,True,True,33,6,40.0,100.0,
windowshostprocess0226.yaml,Pod,61,15,15,7,22,0,15,481,200,1,210383.41,31.09,210414.5,True,True,True,33,6,40.0,100.0,
windowshostprocess0227.yaml,Pod,61,15,15,7,22,0,15,481,200,1,199576.61,32.01,199608.62,True,True,True,33,6,40.0,100.0,
windowshostprocess0228.yaml,Pod,61,15,15,7,22,0,15,481,200,1,201230.5,31.13,201261.63,True,True,True,33,6,40.0,100.0,
windowshostprocess0229.yaml,Pod,61,15,15,7,22,0,15,481,200,1,202704.58,30.66,202735.24,True,True,True,33,6,40.0,100.0,
windowshostprocess023.yaml,Pod,61,15,15,7,22,0,15,481,200,1,201065.85,30.87,201096.72,True,True,True,33,6,40.0,100.0,
windowshostprocess0230.yaml,Pod,61,15,15,7,22,0,15,481,200,1,193373.97,29.96,193403.93,True,True,True,33,6,40.0,100.0,
windowshostprocess0231.yaml,Pod,61,15,15,7,22,0,15,481,200,1,194081.86,29.75,194111.61,True,True,True,33,6,40.0,100.0,
windowshostprocess0232.yaml,Pod,61,15,15,7,22,0,15,481,200,1,196050.12,31.16,196081.28,True,True,True,33,6,40.0,100.0,
windowshostprocess0233.yaml,Pod,61,15,15,7,22,0,15,481,200,1,206909.68,31.8,206941.48,True,True,True,33,6,40.0,100.0,
windowshostprocess0234.yaml,Pod,61,15,15,7,22,0,15,481,200,1,195993.01,30.26,196023.27,True,True,True,33,6,40.0,100.0,
windowshostprocess0235.yaml,Pod,61,15,15,7,22,0,15,481,200,1,189874.1,30.6,189904.7,True,True,True,33,6,40.0,100.0,
windowshostprocess0236.yaml,Pod,61,15,15,7,22,0,15,481,200,1,189448.29,30.17,189478.46,True,True,True,33,6,40.0,100.0,
windowshostprocess0237.yaml,Pod,61,15,15,7,22,0,15,481,200,1,189864.93,30.0,189894.93,True,True,True,33,6,40.0,100.0,
windowshostprocess0238.yaml,Pod,61,15,15,7,22,0,15,481,200,1,190326.12,30.34,190356.46,True,True,True,33,6,40.0,100.0,
windowshostprocess0239.yaml,Pod,61,15,15,7,22,0,15,481,200,1,191246.02,30.46,191276.48,True,True,True,33,6,40.0,100.0,
windowshostprocess024.yaml,Pod,61,15,15,7,22,0,15,481,200,1,194144.0,31.28,194175.28,True,True,True,33,6,40.0,100.0,
windowshostprocess0240.yaml,Pod,61,15,15,7,22,0,15,481,200,1,198511.96,30.45,198542.41,True,True,True,33,6,40.0,100.0,
windowshostprocess0241.yaml,Pod,61,15,15,7,22,0,15,481,200,1,199853.04,30.73,199883.77,True,True,True,33,6,40.0,100.0,
windowshostprocess0242.yaml,Pod,61,15,15,7,22,0,15,481,200,1,195921.19,30.26,195951.45,True,True,True,33,6,40.0,100.0,
windowshostprocess0243.yaml,Pod,61,15,15,7,22,0,15,481,200,1,190340.34,30.36,190370.7,True,True,True,33,6,40.0,100.0,
windowshostprocess0244.yaml,Pod,61,15,15,7,22,0,15,481,200,1,191769.76,30.04,191799.8,True,True,True,33,6,40.0,100.0,
windowshostprocess0245.yaml,Pod,61,15,15,7,22,0,15,481,200,1,193585.34,30.61,193615.95,True,True,True,33,6,40.0,100.0,
windowshostprocess0246.yaml,Pod,61,15,15,7,22,0,15,481,200,1,202244.46,29.79,202274.25,True,True,True,33,6,40.0,100.0,
windowshostprocess0247.yaml,Pod,61,15,15,7,22,0,15,481,200,1,201339.8,31.45,201371.25,True,True,True,33,6,40.0,100.0,
windowshostprocess0248.yaml,Pod,61,15,15,7,22,0,16,481,200,1,195796.11,30.98,195827.09,True,True,True,33,6,41.79,100.0,
windowshostprocess0249.yaml,Pod,61,15,15,7,22,0,16,481,200,1,202391.17,31.81,202422.98,True,True,True,33,6,41.79,100.0,
windowshostprocess025.yaml,Pod,61,15,15,7,22,0,15,481,200,1,196972.89,30.65,197003.54,True,True,True,33,6,40.0,100.0,
windowshostprocess0250.yaml,Pod,61,15,15,7,22,0,20,481,200,1,192338.15,32.59,192370.74,True,True,True,33,6,45.07,100.0,
windowshostprocess0251.yaml,Pod,61,15,15,7,22,0,20,481,200,1,190581.47,32.83,190614.3,True,True,True,33,6,45.07,100.0,
windowshostprocess0252.yaml,Pod,61,15,15,7,22,0,20,481,200,1,195808.45,32.91,195841.36,True,True,True,33,6,45.07,100.0,
windowshostprocess0253.yaml,Pod,61,15,15,7,22,0,20,481,200,1,200656.02,38.96,200694.98,True,True,True,33,6,45.07,100.0,
windowshostprocess0254.yaml,Pod,61,15,15,7,22,0,20,481,200,1,205795.78,33.31,205829.09,True,True,True,33,6,45.07,100.0,
windowshostprocess0255.yaml,Pod,61,15,15,7,22,0,20,481,200,1,200687.29,33.08,200720.37,True,True,True,33,6,45.07,100.0,
windowshostprocess0256.yaml,Pod,61,15,15,7,22,0,20,481,200,1,198636.72,32.77,198669.49,True,True,True,33,6,45.07,100.0,
windowshostprocess0257.yaml,Pod,61,15,15,7,22,0,20,481,200,1,205561.78,34.1,205595.88,True,True,True,33,6,45.07,100.0,
windowshostprocess0258.yaml,Pod,61,15,15,7,22,0,20,481,200,1,203358.34,32.77,203391.11,True,True,True,33,6,45.07,100.0,
windowshostprocess0259.yaml,Pod,61,15,15,7,22,0,23,481,200,1,209614.37,34.76,209649.13,True,True,True,33,6,48.0,100.0,
windowshostprocess026.yaml,Pod,61,15,15,7,22,0,15,481,200,1,205471.8,31.08,205502.88,True,True,True,33,6,40.0,100.0,
windowshostprocess0260.yaml,Pod,61,15,15,7,22,0,16,481,200,1,208519.8,33.07,208552.87,True,True,True,33,6,41.79,100.0,
windowshostprocess0261.yaml,Pod,61,15,15,7,22,0,23,481,200,1,196174.49,35.12,196209.61,True,True,True,33,6,48.0,100.0,
windowshostprocess0262.yaml,Pod,61,15,15,7,22,0,23,481,200,1,196965.37,34.76,197000.13,True,True,True,33,6,48.0,100.0,
windowshostprocess0263.yaml,Pod,61,13,13,7,20,0,29,481,149,1,197645.12,34.44,197679.56,True,True,True,27,6,59.26,100.0,
windowshostprocess0264.yaml,Pod,61,13,13,7,20,0,29,481,149,1,200380.31,34.86,200415.17,True,True,True,27,6,59.26,100.0,
windowshostprocess0265.yaml,Pod,61,15,15,7,22,0,16,481,200,1,204372.78,32.22,204405.0,True,True,True,33,6,41.79,100.0,
windowshostprocess0266.yaml,Pod,61,15,15,7,22,0,16,481,200,1,196103.07,31.34,196134.41,True,True,True,33,6,41.79,100.0,
windowshostprocess0267.yaml,Pod,61,15,15,7,22,0,16,481,200,1,189723.67,31.16,189754.83,True,True,True,33,6,41.79,100.0,
windowshostprocess0268.yaml,Pod,61,15,15,7,22,0,16,481,200,1,192332.39,31.13,192363.52,True,True,True,33,6,41.79,100.0,
windowshostprocess0269.yaml,Pod,61,15,15,7,22,0,16,481,200,1,189535.41,30.6,189566.01,True,True,True,33,6,41.79,100.0,
windowshostprocess027.yaml,Pod,61,15,15,7,22,0,15,481,200,1,188363.22,30.08,188393.3,True,True,False,33,6,40.0,100.0,Timeout_Exceeded
windowshostprocess0270.yaml,Pod,61,15,15,7,22,0,20,481,200,1,185234.48,32.55,185267.03,True,True,True,33,6,45.07,100.0,
windowshostprocess0271.yaml,Pod,61,15,15,7,22,0,20,481,200,1,185983.93,33.2,186017.13,True,True,True,33,6,45.07,100.0,
windowshostprocess0272.yaml,Pod,61,15,15,7,22,0,15,481,200,1,185162.4,29.51,185191.91,True,True,True,33,6,40.0,100.0,
windowshostprocess0273.yaml,Pod,61,15,15,7,22,0,15,481,200,1,185294.11,30.28,185324.39,True,True,True,33,6,40.0,100.0,
windowshostprocess0274.yaml,Pod,61,15,15,7,22,0,15,481,200,1,185179.81,29.73,185209.54,True,True,True,33,6,40.0,100.0,
windowshostprocess0275.yaml,Pod,61,15,15,7,22,0,15,481,200,1,185148.98,29.73,185178.71,True,True,True,33,6,40.0,100.0,
windowshostprocess0276.yaml,Pod,61,15,15,7,22,0,15,481,200,1,185225.66,29.49,185255.15,True,True,True,33,6,40.0,100.0,
windowshostprocess0277.yaml,Pod,61,15,15,7,22,0,15,481,200,1,185169.36,30.59,185199.95,True,True,True,33,6,40.0,100.0,
windowshostprocess0278.yaml,Pod,61,15,15,7,22,0,15,481,200,1,185507.73,29.56,185537.29,True,True,True,33,6,40.0,100.0,
windowshostprocess0279.yaml,Pod,61,15,15,7,22,0,15,481,200,1,185080.36,30.16,185110.52,True,True,True,33,6,40.0,100.0,
windowshostprocess028.yaml,Pod,61,15,15,7,22,0,15,481,200,1,185654.0,29.98,185683.98,True,True,True,33,6,40.0,100.0,
windowshostprocess0280.yaml,Pod,61,15,15,7,22,0,15,481,200,1,185204.6,30.57,185235.17,True,True,True,33,6,40.0,100.0,
windowshostprocess0281.yaml,Pod,61,15,15,7,22,0,15,481,200,1,185323.84,30.88,185354.72,True,True,True,33,6,40.0,100.0,
windowshostprocess0282.yaml,Pod,61,15,15,7,22,0,15,481,200,1,185174.54,29.84,185204.38,True,True,True,33,6,40.0,100.0,
windowshostprocess0283.yaml,Pod,61,15,15,7,22,0,15,481,200,1,188640.01,30.17,188670.18,True,True,True,33,6,40.0,100.0,
windowshostprocess0284.yaml,Pod,61,15,15,7,22,0,15,481,200,1,187403.93,30.23,187434.16,True,True,False,33,6,40.0,100.0,Timeout_Exceeded
windowshostprocess0285.yaml,Pod,61,15,15,7,22,0,15,481,200,1,189663.91,30.37,189694.28,True,True,True,33,6,40.0,100.0,
windowshostprocess0286.yaml,Pod,61,15,15,7,22,0,15,481,200,1,195419.99,30.67,195450.66,True,True,True,33,6,40.0,100.0,
windowshostprocess0287.yaml,Pod,61,15,15,7,22,0,15,481,200,1,195951.88,29.75,195981.63,True,True,True,33,6,40.0,100.0,
windowshostprocess0288.yaml,Pod,61,15,15,7,22,0,15,481,200,1,189120.1,30.55,189150.65,True,True,True,33,6,40.0,100.0,
windowshostprocess0289.yaml,Pod,61,15,15,7,22,0,15,481,200,1,193092.04,30.14,193122.18,True,True,True,33,6,40.0,100.0,
windowshostprocess029.yaml,Pod,61,15,15,7,22,0,15,481,200,1,198977.12,30.15,199007.27,True,True,True,33,6,40.0,100.0,
windowshostprocess0290.yaml,Pod,61,15,15,7,22,0,15,481,200,1,190603.4,30.72,190634.12,True,True,True,33,6,40.0,100.0,
windowshostprocess0291.yaml,Pod,61,15,15,7,22,0,15,481,200,1,196861.67,30.68,196892.35,True,True,True,33,6,40.0,100.0,
windowshostprocess0292.yaml,Pod,61,15,15,7,22,0,15,481,200,1,198488.13,30.42,198518.55,True,True,True,33,6,40.0,100.0,
windowshostprocess0293.yaml,Pod,61,15,15,7,22,0,15,481,200,1,193101.8,30.48,193132.28,True,True,True,33,6,40.0,100.0,
windowshostprocess0294.yaml,Pod,61,15,15,7,22,0,15,481,200,1,191659.64,30.1,191689.74,True,True,False,33,6,40.0,100.0,Timeout_Exceeded
windowshostprocess0295.yaml,Pod,61,15,15,7,22,0,15,481,200,1,193118.1,30.83,193148.93,True,True,True,33,6,40.0,100.0,
windowshostprocess0296.yaml,Pod,61,15,15,7,22,0,15,481,200,1,194214.47,29.89,194244.36,True,True,True,33,6,40.0,100.0,
windowshostprocess0297.yaml,Pod,61,15,15,7,22,0,15,481,200,1,194661.45,29.95,194691.4,True,True,True,33,6,40.0,100.0,
windowshostprocess0298.yaml,Pod,61,15,15,7,22,0,15,481,200,1,197068.02,30.64,197098.66,True,True,True,33,6,40.0,100.0,
windowshostprocess0299.yaml,Pod,61,15,15,7,22,0,15,481,200,1,198730.01,30.11,198760.12,True,True,True,33,6,40.0,100.0,
windowshostprocess03.yaml,Pod,61,15,15,7,22,0,15,481,200,1,194227.65,30.42,194258.07,True,True,True,33,6,40.0,100.0,
windowshostprocess030.yaml,Pod,61,15,15,7,22,0,16,481,200,1,189855.32,32.13,189887.45,True,True,True,33,6,41.79,100.0,
windowshostprocess0300.yaml,Pod,61,15,15,7,22,0,15,481,200,1,191295.94,30.22,191326.16,True,True,True,33,6,40.0,100.0,
windowshostprocess0301.yaml,Pod,61,15,15,7,22,0,15,481,200,1,191114.16,29.81,191143.97,True,True,True,33,6,40.0,100.0,
windowshostprocess0302.yaml,Pod,61,15,15,7,22,0,16,481,200,1,190134.91,30.88,190165.79,True,True,True,33,6,41.79,100.0,
windowshostprocess0303.yaml,Pod,61,15,15,7,22,0,16,481,200,1,190639.14,30.49,190669.63,True,True,True,33,6,41.79,100.0,
windowshostprocess0304.yaml,Pod,61,15,15,7,22,0,20,481,200,1,192007.0,33.27,192040.27,True,True,True,33,6,45.07,100.0,
windowshostprocess0305.yaml,Pod,61,15,15,7,22,0,20,481,200,1,190872.5,34.83,190907.33,True,True,True,33,6,45.07,100.0,
windowshostprocess0306.yaml,Pod,61,15,15,7,22,0,20,481,200,1,190874.61,32.44,190907.05,True,True,True,33,6,45.07,100.0,
windowshostprocess0307.yaml,Pod,61,15,15,7,22,0,20,481,200,1,189243.91,32.39,189276.3,True,True,True,33,6,45.07,100.0,
windowshostprocess0308.yaml,Pod,61,15,15,7,22,0,20,481,200,1,188934.8,33.2,188968.0,True,True,True,33,6,45.07,100.0,
windowshostprocess0309.yaml,Pod,61,15,15,7,22,0,20,481,200,1,188677.16,32.32,188709.48,True,True,True,33,6,45.07,100.0,
windowshostprocess031.yaml,Pod,61,15,15,7,22,0,16,481,200,1,188309.89,31.36,188341.25,True,True,True,33,6,41.79,100.0,
windowshostprocess0310.yaml,Pod,61,15,15,7,22,0,20,481,200,1,188367.36,31.87,188399.23,True,True,True,33,6,45.07,100.0,
windowshostprocess0311.yaml,Pod,61,15,15,7,22,0,20,481,200,1,188171.08,32.87,188203.95,True,True,True,33,6,45.07,100.0,
windowshostprocess0312.yaml,Pod,61,15,15,7,22,0,20,481,200,1,188106.69,32.57,188139.26,True,True,True,33,6,45.07,100.0,
windowshostprocess0313.yaml,Pod,61,15,15,7,22,0,23,481,200,1,188664.59,34.2,188698.79,True,True,True,33,6,48.0,100.0,
windowshostprocess0314.yaml,Pod,61,15,15,7,22,0,16,481,200,1,195640.23,30.76,195670.99,True,True,True,33,6,41.79,100.0,
windowshostprocess0315.yaml,Pod,61,15,15,7,22,0,23,481,200,1,195174.44,33.86,195208.3,True,True,True,33,6,48.0,100.0,
windowshostprocess0316.yaml,Pod,61,15,15,7,22,0,23,481,200,1,192505.29,35.08,192540.37,True,True,True,33,6,48.0,100.0,
windowshostprocess0317.yaml,Pod,61,13,13,7,20,0,29,481,149,1,198276.4,35.48,198311.88,True,True,True,27,6,59.26,100.0,
windowshostprocess0318.yaml,Pod,61,13,13,7,20,0,29,481,149,1,201193.44,35.17,201228.61,True,True,True,27,6,59.26,100.0,
windowshostprocess0319.yaml,Pod,61,13,13,7,20,0,29,481,149,1,197666.1,34.71,197700.81,True,True,True,27,6,59.26,100.0,
windowshostprocess032.yaml,Pod,61,15,15,7,22,0,20,481,200,1,199629.29,33.14,199662.43,True,True,True,33,6,45.07,100.0,
windowshostprocess0320.yaml,Pod,61,13,13,7,20,0,29,481,149,1,196977.61,35.48,197013.09,True,True,True,27,6,59.26,100.0,
windowshostprocess0321.yaml,Pod,61,13,13,7,20,0,29,481,149,1,197839.53,34.71,197874.24,True,True,True,27,6,59.26,100.0,
windowshostprocess0322.yaml,Pod,61,13,13,7,20,0,29,481,149,1,195514.94,35.06,195550.0,True,True,True,27,6,59.26,100.0,
windowshostprocess0323.yaml,Pod,61,13,13,7,20,0,29,481,149,1,198953.77,34.52,198988.29,True,True,True,27,6,59.26,100.0,
windowshostprocess0324.yaml,Pod,61,13,13,7,20,0,29,481,149,1,194251.79,34.08,194285.87,True,True,True,27,6,59.26,100.0,
windowshostprocess0325.yaml,Pod,61,15,15,7,22,0,16,481,200,1,193540.09,31.27,193571.36,True,True,True,33,6,41.79,100.0,
windowshostprocess0326.yaml,Pod,61,15,15,7,22,0,16,481,200,1,194580.14,31.33,194611.47,True,True,True,33,6,41.79,100.0,
windowshostprocess0327.yaml,Pod,61,15,15,7,22,0,16,481,200,1,191487.21,30.45,191517.66,True,True,True,33,6,41.79,100.0,
windowshostprocess0328.yaml,Pod,61,15,15,7,22,0,16,481,200,1,193759.17,30.99,193790.16,True,True,True,33,6,41.79,100.0,
windowshostprocess0329.yaml,Pod,61,15,15,7,22,0,16,481,200,1,186275.97,31.47,186307.44,True,True,True,33,6,41.79,100.0,
windowshostprocess033.yaml,Pod,61,15,15,7,22,0,20,481,200,1,182063.94,32.32,182096.26,True,True,True,33,6,45.07,100.0,
windowshostprocess0330.yaml,Pod,61,15,15,7,22,0,20,481,200,1,181551.88,32.44,181584.32,True,True,True,33,6,45.07,100.0,
windowshostprocess0331.yaml,Pod,61,15,15,7,22,0,20,481,200,1,181067.19,32.39,181099.58,True,True,True,33,6,45.07,100.0,
windowshostprocess0332.yaml,Pod,61,15,15,7,22,0,15,481,200,1,181097.17,30.72,181127.89,True,True,True,33,6,40.0,100.0,
windowshostprocess0333.yaml,Pod,61,15,15,7,22,0,15,481,200,1,181299.15,29.44,181328.59,True,True,True,33,6,40.0,100.0,
windowshostprocess0334.yaml,Pod,61,15,15,7,22,0,15,481,200,1,181200.23,29.58,181229.81,True,True,True,33,6,40.0,100.0,
windowshostprocess0335.yaml,Pod,61,15,15,7,22,0,15,481,200,1,181558.13,29.6,181587.73,True,True,True,33,6,40.0,100.0,
windowshostprocess0336.yaml,Pod,61,15,15,7,22,0,15,481,200,1,181164.26,29.43,181193.69,True,True,True,33,6,40.0,100.0,
windowshostprocess0337.yaml,Pod,61,15,15,7,22,0,15,481,200,1,180937.88,29.89,180967.77,True,True,True,33,6,40.0,100.0,
windowshostprocess0338.yaml,Pod,61,15,15,7,22,0,15,481,200,1,181021.29,30.76,181052.05,True,True,True,33,6,40.0,100.0,
windowshostprocess0339.yaml,Pod,61,15,15,7,22,0,15,481,200,1,180962.59,29.98,180992.57,True,True,True,33,6,40.0,100.0,
windowshostprocess034.yaml,Pod,61,15,15,7,22,0,20,481,200,1,181127.19,32.29,181159.48,True,True,True,33,6,45.07,100.0,
windowshostprocess0340.yaml,Pod,61,15,15,7,22,0,15,481,200,1,181143.7,29.56,181173.26,True,True,True,33,6,40.0,100.0,
windowshostprocess0341.yaml,Pod,61,15,15,7,22,0,15,481,200,1,181232.88,30.56,181263.44,True,True,True,33,6,40.0,100.0,
windowshostprocess0342.yaml,Pod,61,15,15,7,22,0,15,481,200,1,181123.26,31.27,181154.53,True,True,True,33,6,40.0,100.0,
windowshostprocess0343.yaml,Pod,61,15,15,7,22,0,15,481,200,1,180926.11,30.5,180956.61,True,True,True,33,6,40.0,100.0,
windowshostprocess0344.yaml,Pod,61,15,15,7,22,0,15,481,200,1,181078.62,30.93,181109.55,True,True,True,33,6,40.0,100.0,
windowshostprocess0345.yaml,Pod,61,15,15,7,22,0,15,481,200,1,180919.61,29.72,180949.33,True,True,True,33,6,40.0,100.0,
windowshostprocess0346.yaml,Pod,61,15,15,7,22,0,15,481,200,1,180328.41,29.92,180358.33,True,True,True,33,6,40.0,100.0,
windowshostprocess0347.yaml,Pod,61,15,15,7,22,0,15,481,200,1,180596.18,30.42,180626.6,True,True,True,33,6,40.0,100.0,
windowshostprocess0348.yaml,Pod,61,15,15,7,22,0,15,481,200,1,180396.62,30.03,180426.65,True,True,True,33,6,40.0,100.0,
windowshostprocess0349.yaml,Pod,61,15,15,7,22,0,15,481,200,1,180326.65,30.07,180356.72,True,True,True,33,6,40.0,100.0,
windowshostprocess035.yaml,Pod,61,15,15,7,22,0,20,481,200,1,180226.66,31.86,180258.52,True,True,True,33,6,45.07,100.0,
windowshostprocess0350.yaml,Pod,61,15,15,7,22,0,15,481,200,1,180315.65,30.07,180345.72,True,True,True,33,6,40.0,100.0,
windowshostprocess0351.yaml,Pod,61,15,15,7,22,0,15,481,200,1,180350.02,29.57,180379.59,True,True,False,33,6,40.0,100.0,Timeout_Exceeded
windowshostprocess0352.yaml,Pod,61,15,15,7,22,0,15,481,200,1,180511.0,29.9,180540.9,True,True,True,33,6,40.0,100.0,
windowshostprocess0353.yaml,Pod,61,15,15,7,22,0,15,481,200,1,180266.9,29.31,180296.21,True,True,True,33,6,40.0,100.0,
windowshostprocess0354.yaml,Pod,61,15,15,7,22,0,15,481,200,1,180257.35,29.6,180286.95,True,True,True,33,6,40.0,100.0,
windowshostprocess0355.yaml,Pod,61,15,15,7,22,0,15,481,200,1,180170.65,30.3,180200.95,True,True,True,33,6,40.0,100.0,
windowshostprocess0356.yaml,Pod,61,15,15,7,22,0,15,481,200,1,180222.4,29.44,180251.84,True,True,True,33,6,40.0,100.0,
windowshostprocess0357.yaml,Pod,61,15,15,7,22,0,15,481,200,1,180387.55,29.53,180417.08,True,True,True,33,6,40.0,100.0,
windowshostprocess0358.yaml,Pod,61,15,15,7,22,0,15,481,200,1,180318.54,29.91,180348.45,True,True,True,33,6,40.0,100.0,
windowshostprocess0359.yaml,Pod,61,15,15,7,22,0,15,481,200,1,180082.73,29.43,180112.16,True,True,True,33,6,40.0,100.0,
windowshostprocess036.yaml,Pod,61,15,15,7,22,0,20,481,200,1,180204.53,31.71,180236.24,True,True,True,33,6,45.07,100.0,
windowshostprocess0360.yaml,Pod,61,15,15,7,22,0,15,481,200,1,180658.46,30.37,180688.83,True,True,True,33,6,40.0,100.0,
windowshostprocess0361.yaml,Pod,61,15,15,7,22,0,15,481,200,1,180343.36,29.38,180372.74,True,True,True,33,6,40.0,100.0,
windowshostprocess0362.yaml,Pod,61,15,15,7,22,0,16,481,200,1,180587.73,30.56,180618.29,True,True,True,33,6,41.79,100.0,
windowshostprocess0363.yaml,Pod,61,15,15,7,22,0,16,481,200,1,180268.75,30.25,180299.0,True,True,True,33,6,41.79,100.0,
windowshostprocess0364.yaml,Pod,61,15,15,7,22,0,20,481,200,1,180533.73,31.77,180565.5,True,True,True,33,6,45.07,100.0,
windowshostprocess0365.yaml,Pod,61,15,15,7,22,0,20,481,200,1,183333.22,31.81,183365.03,True,True,True,33,6,45.07,100.0,
windowshostprocess0366.yaml,Pod,61,15,15,7,22,0,20,481,200,1,180289.54,31.77,180321.31,True,True,True,33,6,45.07,100.0,
windowshostprocess0367.yaml,Pod,61,15,15,7,22,0,20,481,200,1,180287.83,31.82,180319.65,True,True,True,33,6,45.07,100.0,
windowshostprocess0368.yaml,Pod,61,15,15,7,22,0,20,481,200,1,180236.96,32.12,180269.08,True,True,True,33,6,45.07,100.0,
windowshostprocess0369.yaml,Pod,61,15,15,7,22,0,20,481,200,1,180342.51,32.23,180374.74,True,True,True,33,6,45.07,100.0,
windowshostprocess037.yaml,Pod,61,15,15,7,22,0,20,481,200,1,180180.9,32.03,180212.93,True,True,True,33,6,45.07,100.0,
windowshostprocess0370.yaml,Pod,61,15,15,7,22,0,20,481,200,1,180505.75,31.84,180537.59,True,True,True,33,6,45.07,100.0,
windowshostprocess0371.yaml,Pod,61,15,15,7,22,0,20,481,200,1,180450.14,31.74,180481.88,True,True,True,33,6,45.07,100.0,
windowshostprocess0372.yaml,Pod,61,15,15,7,22,0,20,481,200,1,180429.7,31.79,180461.49,True,True,True,33,6,45.07,100.0,
windowshostprocess0373.yaml,Pod,61,15,15,7,22,0,23,481,200,1,180718.16,33.91,180752.07,True,True,True,33,6,48.0,100.0,
windowshostprocess0374.yaml,Pod,61,15,15,7,22,0,16,481,200,1,180693.28,30.58,180723.86,True,True,True,33,6,41.79,100.0,
windowshostprocess0375.yaml,Pod,61,15,15,7,22,0,23,481,200,1,180223.13,33.38,180256.51,True,True,True,33,6,48.0,100.0,
windowshostprocess0376.yaml,Pod,61,15,15,7,22,0,23,481,200,1,180831.4,33.4,180864.8,True,True,True,33,6,48.0,100.0,
windowshostprocess0377.yaml,Pod,61,13,13,7,20,0,29,481,149,1,181226.9,33.84,181260.74,True,True,True,27,6,59.26,100.0,
windowshostprocess0378.yaml,Pod,61,13,13,7,20,0,29,481,149,1,181105.65,34.52,181140.17,True,True,True,27,6,59.26,100.0,
windowshostprocess0379.yaml,Pod,61,13,13,7,20,0,29,481,149,1,181027.23,34.31,181061.54,True,True,True,27,6,59.26,100.0,
windowshostprocess038.yaml,Pod,61,15,15,7,22,0,20,481,200,1,180806.35,31.86,180838.21,True,True,True,33,6,45.07,100.0,
windowshostprocess0380.yaml,Pod,61,13,13,7,20,0,29,481,149,1,181377.87,34.63,181412.5,True,True,True,27,6,59.26,100.0,
windowshostprocess0381.yaml,Pod,61,13,13,7,20,0,29,481,149,1,181189.81,33.62,181223.43,True,True,True,27,6,59.26,100.0,
windowshostprocess0382.yaml,Pod,61,13,13,7,20,0,29,481,149,1,181171.81,34.47,181206.28,True,True,True,27,6,59.26,100.0,
windowshostprocess0383.yaml,Pod,61,13,13,7,20,0,29,481,149,1,181457.51,34.22,181491.73,True,True,True,27,6,59.26,100.0,
windowshostprocess0384.yaml,Pod,61,13,13,7,20,0,29,481,149,1,181031.72,35.09,181066.81,True,True,True,27,6,59.26,100.0,
windowshostprocess0385.yaml,Pod,61,15,15,7,22,0,16,481,200,1,180935.14,30.17,180965.31,True,True,True,33,6,41.79,100.0,
windowshostprocess0386.yaml,Pod,61,15,15,7,22,0,16,481,200,1,180678.76,30.83,180709.59,True,True,True,33,6,41.79,100.0,
windowshostprocess0387.yaml,Pod,61,15,15,7,22,0,16,481,200,1,180599.36,30.6,180629.96,True,True,True,33,6,41.79,100.0,
windowshostprocess0388.yaml,Pod,61,15,15,7,22,0,16,481,200,1,180777.31,30.34,180807.65,True,True,True,33,6,41.79,100.0,
windowshostprocess0389.yaml,Pod,61,15,15,7,22,0,16,481,200,1,180625.11,30.74,180655.85,True,True,True,33,6,41.79,100.0,
windowshostprocess039.yaml,Pod,61,15,15,7,22,0,20,481,200,1,180754.65,31.81,180786.46,True,True,True,33,6,45.07,100.0,
windowshostprocess0390.yaml,Pod,61,15,15,7,22,0,20,481,200,1,180569.66,31.8,180601.46,True,True,True,33,6,45.07,100.0,
windowshostprocess0391.yaml,Pod,61,15,15,7,22,0,20,481,200,1,180802.18,32.43,180834.61,True,True,True,33,6,45.07,100.0,
windowshostprocess0392.yaml,Pod,61,15,15,7,22,0,15,481,200,1,181001.88,29.86,181031.74,True,True,True,33,6,40.0,100.0,
windowshostprocess0393.yaml,Pod,61,15,15,7,22,0,15,481,200,1,180811.65,29.86,180841.51,True,True,True,33,6,40.0,100.0,
windowshostprocess0394.yaml,Pod,61,15,15,7,22,0,15,481,200,1,180925.29,30.3,180955.59,True,True,True,33,6,40.0,100.0,
windowshostprocess0395.yaml,Pod,61,15,15,7,22,0,15,481,200,1,180515.97,30.54,180546.51,True,True,True,33,6,40.0,100.0,
windowshostprocess0396.yaml,Pod,61,15,15,7,22,0,15,481,200,1,180845.3,29.42,180874.72,True,True,True,33,6,40.0,100.0,
windowshostprocess0397.yaml,Pod,61,15,15,7,22,0,15,481,200,1,180805.5,29.84,180835.34,True,True,True,33,6,40.0,100.0,
windowshostprocess0398.yaml,Pod,61,15,15,7,22,0,15,481,200,1,181034.0,29.76,181063.76,True,True,True,33,6,40.0,100.0,
windowshostprocess0399.yaml,Pod,61,15,15,7,22,0,15,481,200,1,180862.31,30.14,180892.45,True,True,True,33,6,40.0,100.0,
windowshostprocess04.yaml,Pod,61,15,15,7,22,0,15,481,200,1,180925.43,29.6,180955.03,True,True,True,33,6,40.0,100.0,
windowshostprocess040.yaml,Pod,61,15,15,7,22,0,20,481,200,1,181008.63,32.87,181041.5,True,True,True,33,6,45.07,100.0,
windowshostprocess0400.yaml,Pod,61,15,15,7,22,0,15,481,200,1,181111.71,30.07,181141.78,True,True,True,33,6,40.0,100.0,
windowshostprocess0401.yaml,Pod,61,15,15,7,22,0,15,481,200,1,180990.48,29.57,181020.05,True,True,True,33,6,40.0,100.0,
windowshostprocess0402.yaml,Pod,61,15,15,7,22,0,15,481,200,1,181078.68,29.64,181108.32,True,True,True,33,6,40.0,100.0,
windowshostprocess0403.yaml,Pod,61,15,15,7,22,0,15,481,200,1,181045.71,29.95,181075.66,True,True,True,33,6,40.0,100.0,
windowshostprocess0404.yaml,Pod,61,15,15,7,22,0,15,481,200,1,181340.4,29.65,181370.05,True,True,True,33,6,40.0,100.0,
windowshostprocess0405.yaml,Pod,61,15,15,7,22,0,15,481,200,1,180912.56,29.62,180942.18,True,True,True,33,6,40.0,100.0,
windowshostprocess0406.yaml,Pod,61,15,15,7,22,0,15,481,200,1,181421.33,29.95,181451.28,True,True,True,33,6,40.0,100.0,
windowshostprocess0407.yaml,Pod,61,15,15,7,22,0,15,481,200,1,181280.84,30.1,181310.94,True,True,True,33,6,40.0,100.0,
windowshostprocess0408.yaml,Pod,61,15,15,7,22,0,15,481,200,1,181029.17,29.84,181059.01,True,True,True,33,6,40.0,100.0,
windowshostprocess0409.yaml,Pod,61,15,15,7,22,0,15,481,200,1,181309.97,30.48,181340.45,True,True,True,33,6,40.0,100.0,
windowshostprocess041.yaml,Pod,61,15,15,7,22,0,23,481,200,1,181243.11,33.93,181277.04,True,True,True,33,6,48.0,100.0,
windowshostprocess0410.yaml,Pod,61,15,15,7,22,0,15,481,200,1,181316.29,30.65,181346.94,True,True,True,33,6,40.0,100.0,
windowshostprocess0411.yaml,Pod,61,15,15,7,22,0,15,481,200,1,181369.36,31.23,181400.59,True,True,True,33,6,40.0,100.0,
windowshostprocess0412.yaml,Pod,61,15,15,7,22,0,15,481,200,1,180861.03,31.01,180892.04,True,True,True,33,6,40.0,100.0,
windowshostprocess0413.yaml,Pod,61,15,15,7,22,0,15,481,200,1,181224.02,30.06,181254.08,True,True,True,33,6,40.0,100.0,
windowshostprocess0414.yaml,Pod,61,15,15,7,22,0,15,481,200,1,181149.63,30.19,181179.82,True,True,True,33,6,40.0,100.0,
windowshostprocess0415.yaml,Pod,61,15,15,7,22,0,15,481,200,1,181250.54,30.79,181281.33,True,True,True,33,6,40.0,100.0,
windowshostprocess0416.yaml,Pod,61,15,15,7,22,0,16,481,200,1,181268.7,30.83,181299.53,True,True,True,33,6,41.79,100.0,
windowshostprocess0417.yaml,Pod,61,15,15,7,22,0,16,481,200,1,180966.55,31.04,180997.59,True,True,True,33,6,41.79,100.0,
windowshostprocess0418.yaml,Pod,61,15,15,7,22,0,20,481,200,1,181358.57,32.24,181390.81,True,True,True,33,6,45.07,100.0,
windowshostprocess0419.yaml,Pod,61,15,15,7,22,0,20,481,200,1,181488.08,32.35,181520.43,True,True,True,33,6,45.07,100.0,
windowshostprocess042.yaml,Pod,61,15,15,7,22,0,16,481,200,1,181292.16,30.67,181322.83,True,True,True,33,6,41.79,100.0,
windowshostprocess0420.yaml,Pod,61,15,15,7,22,0,20,481,200,1,181050.44,32.62,181083.06,True,True,True,33,6,45.07,100.0,
windowshostprocess0421.yaml,Pod,61,15,15,7,22,0,20,481,200,1,181237.79,32.29,181270.08,True,True,True,33,6,45.07,100.0,
windowshostprocess0422.yaml,Pod,61,15,15,7,22,0,20,481,200,1,181466.43,32.33,181498.76,True,True,True,33,6,45.07,100.0,
windowshostprocess0423.yaml,Pod,61,15,15,7,22,0,20,481,200,1,181289.28,32.62,181321.9,True,True,True,33,6,45.07,100.0,
windowshostprocess0424.yaml,Pod,61,15,15,7,22,0,20,481,200,1,181495.98,32.93,181528.91,True,True,True,33,6,45.07,100.0,
windowshostprocess0425.yaml,Pod,61,15,15,7,22,0,20,481,200,1,181446.03,32.49,181478.52,True,True,True,33,6,45.07,100.0,
windowshostprocess0426.yaml,Pod,61,15,15,7,22,0,20,481,200,1,181271.26,32.63,181303.89,True,True,True,33,6,45.07,100.0,
windowshostprocess0427.yaml,Pod,61,15,15,7,22,0,23,481,200,1,181252.39,34.44,181286.83,True,True,True,33,6,48.0,100.0,
windowshostprocess0428.yaml,Pod,61,15,15,7,22,0,16,481,200,1,181334.76,30.77,181365.53,True,True,True,33,6,41.79,100.0,
windowshostprocess0429.yaml,Pod,61,15,15,7,22,0,23,481,200,1,181355.73,34.14,181389.87,True,True,True,33,6,48.0,100.0,
windowshostprocess043.yaml,Pod,61,15,15,7,22,0,23,481,200,1,181467.37,33.81,181501.18,True,True,True,33,6,48.0,100.0,
windowshostprocess0430.yaml,Pod,61,15,15,7,22,0,23,481,200,1,181504.99,33.99,181538.98,True,True,True,33,6,48.0,100.0,
windowshostprocess0431.yaml,Pod,61,13,13,7,20,0,29,481,149,1,181726.17,34.08,181760.25,True,True,True,27,6,59.26,100.0,
windowshostprocess0432.yaml,Pod,61,13,13,7,20,0,29,481,149,1,181597.87,34.49,181632.36,True,True,True,27,6,59.26,100.0,
windowshostprocess0433.yaml,Pod,61,15,15,7,22,0,16,481,200,1,181712.38,30.85,181743.23,True,True,True,33,6,41.79,100.0,
windowshostprocess0434.yaml,Pod,61,15,15,7,22,0,16,481,200,1,181316.88,30.66,181347.54,True,True,True,33,6,41.79,100.0,
windowshostprocess0435.yaml,Pod,61,15,15,7,22,0,16,481,200,1,181243.94,30.36,181274.3,True,True,True,33,6,41.79,100.0,
windowshostprocess0436.yaml,Pod,61,15,15,7,22,0,16,481,200,1,181420.43,30.69,181451.12,True,True,True,33,6,41.79,100.0,
windowshostprocess0437.yaml,Pod,61,15,15,7,22,0,16,481,200,1,181242.83,30.37,181273.2,True,True,True,33,6,41.79,100.0,
windowshostprocess0438.yaml,Pod,61,15,15,7,22,0,20,481,200,1,181419.44,32.88,181452.32,True,True,True,33,6,45.07,100.0,
windowshostprocess0439.yaml,Pod,61,15,15,7,22,0,20,481,200,1,181456.47,32.58,181489.05,True,True,True,33,6,45.07,100.0,
windowshostprocess044.yaml,Pod,61,15,15,7,22,0,23,481,200,1,181406.43,33.77,181440.2,True,True,True,33,6,48.0,100.0,
windowshostprocess0440.yaml,Pod,61,15,15,7,22,0,15,481,200,1,181462.6,30.96,181493.56,True,True,True,33,6,40.0,100.0,
windowshostprocess0441.yaml,Pod,61,15,15,7,22,0,15,481,200,1,181336.6,30.76,181367.36,True,True,True,33,6,40.0,100.0,
windowshostprocess0442.yaml,Pod,61,15,15,7,22,0,15,481,200,1,181180.02,30.14,181210.16,True,True,True,33,6,40.0,100.0,
windowshostprocess0443.yaml,Pod,61,15,15,7,22,0,15,481,200,1,181135.06,30.33,181165.39,True,True,True,33,6,40.0,100.0,
windowshostprocess0444.yaml,Pod,61,15,15,7,22,0,15,481,200,1,181289.2,30.79,181319.99,True,True,True,33,6,40.0,100.0,
windowshostprocess0445.yaml,Pod,61,15,15,7,22,0,15,481,200,1,181379.99,29.96,181409.95,True,True,True,33,6,40.0,100.0,
windowshostprocess0446.yaml,Pod,61,15,15,7,22,0,15,481,200,1,181417.52,30.26,181447.78,True,True,True,33,6,40.0,100.0,
windowshostprocess0447.yaml,Pod,61,15,15,7,22,0,15,481,200,1,181338.6,30.53,181369.13,True,True,True,33,6,40.0,100.0,
windowshostprocess0448.yaml,Pod,61,15,15,7,22,0,15,481,200,1,181120.3,30.09,181150.39,True,True,True,33,6,40.0,100.0,
windowshostprocess0449.yaml,Pod,61,15,15,7,22,0,15,481,200,1,181243.66,30.09,181273.75,True,True,True,33,6,40.0,100.0,
windowshostprocess045.yaml,Pod,61,13,13,7,20,0,29,481,149,1,181983.19,33.95,182017.14,True,True,True,27,6,59.26,100.0,
windowshostprocess0450.yaml,Pod,61,15,15,7,22,0,15,481,200,1,181331.89,30.24,181362.13,True,True,True,33,6,40.0,100.0,
windowshostprocess0451.yaml,Pod,61,15,15,7,22,0,15,481,200,1,181384.16,29.99,181414.15,True,True,True,33,6,40.0,100.0,
windowshostprocess0452.yaml,Pod,61,15,15,7,22,0,15,481,200,1,181178.61,30.38,181208.99,True,True,True,33,6,40.0,100.0,
windowshostprocess0453.yaml,Pod,61,15,15,7,22,0,15,481,200,1,181231.89,30.47,181262.36,True,True,True,33,6,40.0,100.0,
windowshostprocess0454.yaml,Pod,61,15,15,7,22,0,15,481,200,1,181363.3,30.2,181393.5,True,True,True,33,6,40.0,100.0,
windowshostprocess0455.yaml,Pod,61,15,15,7,22,0,15,481,200,1,181196.39,30.6,181226.99,True,True,True,33,6,40.0,100.0,
windowshostprocess0456.yaml,Pod,61,15,15,7,22,0,15,481,200,1,181228.73,30.38,181259.11,True,True,True,33,6,40.0,100.0,
windowshostprocess0457.yaml,Pod,61,15,15,7,22,0,15,481,200,1,181268.46,29.69,181298.15,True,True,True,33,6,40.0,100.0,
windowshostprocess0458.yaml,Pod,61,15,15,7,22,0,15,481,200,1,181301.26,29.97,181331.23,True,True,True,33,6,40.0,100.0,
windowshostprocess0459.yaml,Pod,61,15,15,7,22,0,15,481,200,1,181572.73,30.28,181603.01,True,True,True,33,6,40.0,100.0,
windowshostprocess046.yaml,Pod,61,13,13,7,20,0,29,481,149,1,181942.07,34.0,181976.07,True,True,True,27,6,59.26,100.0,
windowshostprocess0460.yaml,Pod,61,15,15,7,22,0,15,481,200,1,181360.28,29.63,181389.91,True,True,True,33,6,40.0,100.0,
windowshostprocess0461.yaml,Pod,61,15,15,7,22,0,15,481,200,1,181251.09,30.08,181281.17,True,True,True,33,6,40.0,100.0,
windowshostprocess0462.yaml,Pod,61,15,15,7,22,0,15,481,200,1,181434.42,30.09,181464.51,True,True,True,33,6,40.0,100.0,
windowshostprocess0463.yaml,Pod,61,15,15,7,22,0,15,481,200,1,181332.3,29.87,181362.17,True,True,True,33,6,40.0,100.0,
windowshostprocess0464.yaml,Pod,61,15,15,7,22,0,15,481,200,1,181134.38,30.72,181165.1,True,True,True,33,6,40.0,100.0,
windowshostprocess0465.yaml,Pod,61,15,15,7,22,0,15,481,200,1,181158.45,29.62,181188.07,True,True,True,33,6,40.0,100.0,
windowshostprocess0466.yaml,Pod,61,15,15,7,22,0,15,481,200,1,181577.84,29.81,181607.65,True,True,True,33,6,40.0,100.0,
windowshostprocess0467.yaml,Pod,61,15,15,7,22,0,15,481,200,1,181235.37,30.26,181265.63,True,True,True,33,6,40.0,100.0,
windowshostprocess0468.yaml,Pod,61,15,15,7,22,0,15,481,200,1,181366.08,30.16,181396.24,True,True,True,33,6,40.0,100.0,
windowshostprocess0469.yaml,Pod,61,15,15,7,22,0,15,481,200,1,181338.91,29.97,181368.88,True,True,True,33,6,40.0,100.0,
windowshostprocess047.yaml,Pod,61,13,13,7,20,0,29,481,149,1,181679.87,34.17,181714.04,True,True,True,27,6,59.26,100.0,
windowshostprocess0470.yaml,Pod,61,15,15,7,22,0,16,481,200,1,181382.07,30.87,181412.94,True,True,True,33,6,41.79,100.0,
windowshostprocess0471.yaml,Pod,61,15,15,7,22,0,16,481,200,1,181596.37,31.0,181627.37,True,True,True,33,6,41.79,100.0,
windowshostprocess0472.yaml,Pod,61,15,15,7,22,0,20,481,200,1,181560.09,32.57,181592.66,True,True,True,33,6,45.07,100.0,
windowshostprocess0473.yaml,Pod,61,15,15,7,22,0,20,481,200,1,181338.88,32.49,181371.37,True,True,True,33,6,45.07,100.0,
windowshostprocess0474.yaml,Pod,61,15,15,7,22,0,20,481,200,1,181275.01,32.54,181307.55,True,True,True,33,6,45.07,100.0,
windowshostprocess0475.yaml,Pod,61,15,15,7,22,0,20,481,200,1,181347.89,32.26,181380.15,True,True,True,33,6,45.07,100.0,
windowshostprocess0476.yaml,Pod,61,15,15,7,22,0,20,481,200,1,181676.96,32.57,181709.53,True,True,True,33,6,45.07,100.0,
windowshostprocess0477.yaml,Pod,61,15,15,7,22,0,20,481,200,1,181472.96,32.29,181505.25,True,True,True,33,6,45.07,100.0,
windowshostprocess0478.yaml,Pod,61,15,15,7,22,0,20,481,200,1,181242.06,32.49,181274.55,True,True,True,33,6,45.07,100.0,
windowshostprocess0479.yaml,Pod,61,15,15,7,22,0,20,481,200,1,181430.6,32.67,181463.27,True,True,True,33,6,45.07,100.0,
windowshostprocess048.yaml,Pod,61,13,13,7,20,0,29,481,149,1,181824.83,34.1,181858.93,True,True,True,27,6,59.26,100.0,
windowshostprocess0480.yaml,Pod,61,15,15,7,22,0,20,481,200,1,181281.77,32.39,181314.16,True,True,True,33,6,45.07,100.0,
windowshostprocess0481.yaml,Pod,61,15,15,7,22,0,23,481,200,1,181144.52,35.39,181179.91,True,True,True,33,6,48.0,100.0,
windowshostprocess0482.yaml,Pod,61,15,15,7,22,0,16,481,200,1,181309.2,30.63,181339.83,True,True,True,33,6,41.79,100.0,
windowshostprocess0483.yaml,Pod,61,15,15,7,22,0,23,481,200,1,181629.11,34.54,181663.65,True,True,True,33,6,48.0,100.0,
windowshostprocess0484.yaml,Pod,61,15,15,7,22,0,23,481,200,1,181457.31,34.42,181491.73,True,True,True,33,6,48.0,100.0,
windowshostprocess0485.yaml,Pod,61,13,13,7,20,0,29,481,149,1,181817.93,34.74,181852.67,True,True,True,27,6,59.26,100.0,
windowshostprocess0486.yaml,Pod,61,13,13,7,20,0,29,481,149,1,181822.45,34.9,181857.35,True,True,True,27,6,59.26,100.0,
windowshostprocess0487.yaml,Pod,61,13,13,7,20,0,29,481,149,1,181668.56,34.31,181702.87,True,True,True,27,6,59.26,100.0,
windowshostprocess0488.yaml,Pod,61,13,13,7,20,0,29,481,149,1,181977.01,34.22,182011.23,True,True,True,27,6,59.26,100.0,
windowshostprocess0489.yaml,Pod,61,13,13,7,20,0,29,481,149,1,181825.16,33.98,181859.14,True,True,True,27,6,59.26,100.0,
windowshostprocess049.yaml,Pod,61,13,13,7,20,0,29,481,149,1,181841.43,45.76,181887.19,True,True,True,27,6,59.26,100.0,
windowshostprocess0490.yaml,Pod,61,13,13,7,20,0,29,481,149,1,181774.59,35.12,181809.71,True,True,True,27,6,59.26,100.0,
windowshostprocess0491.yaml,Pod,61,13,13,7,20,0,29,481,149,1,181829.51,34.5,181864.01,True,True,True,27,6,59.26,100.0,
windowshostprocess0492.yaml,Pod,61,13,13,7,20,0,29,481,149,1,181908.88,34.32,181943.2,True,True,True,27,6,59.26,100.0,
windowshostprocess0493.yaml,Pod,61,15,15,7,22,0,16,481,200,1,181341.16,31.33,181372.49,True,True,True,33,6,41.79,100.0,
windowshostprocess0494.yaml,Pod,61,15,15,7,22,0,16,481,200,1,181501.89,31.53,181533.42,True,True,True,33,6,41.79,100.0,
windowshostprocess0495.yaml,Pod,61,15,15,7,22,0,16,481,200,1,181372.13,31.24,181403.37,True,True,True,33,6,41.79,100.0,
windowshostprocess0496.yaml,Pod,61,15,15,7,22,0,16,481,200,1,181375.79,31.06,181406.85,True,True,True,33,6,41.79,100.0,
windowshostprocess0497.yaml,Pod,61,15,15,7,22,0,16,481,200,1,181396.87,30.68,181427.55,True,True,True,33,6,41.79,100.0,
windowshostprocess0498.yaml,Pod,61,15,15,7,22,0,20,481,200,1,181453.71,32.83,181486.54,True,True,True,33,6,45.07,100.0,
windowshostprocess0499.yaml,Pod,61,15,15,7,22,0,20,481,200,1,181301.89,32.19,181334.08,True,True,True,33,6,45.07,100.0,
windowshostprocess05.yaml,Pod,61,15,15,7,22,0,15,481,200,1,181209.88,31.25,181241.13,True,True,True,33,6,40.0,100.0,
windowshostprocess050.yaml,Pod,61,13,13,7,20,0,29,481,149,1,181909.8,34.79,181944.59,True,True,True,27,6,59.26,100.0,
windowshostprocess0500.yaml,Pod,61,15,15,7,22,0,15,481,200,1,181437.11,30.36,181467.47,True,True,True,33,6,40.0,100.0,
windowshostprocess0501.yaml,Pod,61,15,15,7,22,0,15,481,200,1,181158.58,30.72,181189.3,True,True,True,33,6,40.0,100.0,
windowshostprocess0502.yaml,Pod,61,15,15,7,22,0,15,481,200,1,181589.38,30.32,181619.7,True,True,True,33,6,40.0,100.0,
windowshostprocess0503.yaml,Pod,61,15,15,7,22,0,15,481,200,1,181473.65,29.73,181503.38,True,True,True,33,6,40.0,100.0,
windowshostprocess0504.yaml,Pod,61,15,15,7,22,0,15,481,200,1,181443.85,30.03,181473.88,True,True,True,33,6,40.0,100.0,
windowshostprocess0505.yaml,Pod,61,15,15,7,22,0,15,481,200,1,181515.18,29.9,181545.08,True,True,True,33,6,40.0,100.0,
windowshostprocess0506.yaml,Pod,61,15,15,7,22,0,15,481,200,1,181569.38,31.01,181600.39,True,True,True,33,6,40.0,100.0,
windowshostprocess0507.yaml,Pod,61,15,15,7,22,0,15,481,200,1,181555.13,30.53,181585.66,True,True,True,33,6,40.0,100.0,
windowshostprocess0508.yaml,Pod,61,15,15,7,22,0,15,481,200,1,181437.59,30.42,181468.01,True,True,True,33,6,40.0,100.0,
windowshostprocess0509.yaml,Pod,61,15,15,7,22,0,15,481,200,1,181340.83,29.86,181370.69,True,True,True,33,6,40.0,100.0,
windowshostprocess051.yaml,Pod,61,13,13,7,20,0,29,481,149,1,181763.14,33.81,181796.95,True,True,True,27,6,59.26,100.0,
windowshostprocess0510.yaml,Pod,61,15,15,7,22,0,15,481,200,1,181376.44,29.63,181406.07,True,True,True,33,6,40.0,100.0,
windowshostprocess0511.yaml,Pod,61,15,15,7,22,0,15,481,200,1,181381.45,29.59,181411.04,True,True,True,33,6,40.0,100.0,
windowshostprocess0512.yaml,Pod,61,15,15,7,22,0,15,481,200,1,181430.53,29.74,181460.27,True,True,True,33,6,40.0,100.0,
windowshostprocess0513.yaml,Pod,61,15,15,7,22,0,15,481,200,1,181259.86,30.0,181289.86,True,True,True,33,6,40.0,100.0,
windowshostprocess0514.yaml,Pod,61,15,15,7,22,0,15,481,200,1,181295.82,30.07,181325.89,True,True,True,33,6,40.0,100.0,
windowshostprocess0515.yaml,Pod,61,15,15,7,22,0,15,481,200,1,181228.84,30.13,181258.97,True,True,True,33,6,40.0,100.0,
windowshostprocess0516.yaml,Pod,61,15,15,7,22,0,15,481,200,1,182346.73,30.59,182377.32,True,True,True,33,6,40.0,100.0,
windowshostprocess0517.yaml,Pod,61,15,15,7,22,0,15,481,200,1,181421.87,30.1,181451.97,True,True,True,33,6,40.0,100.0,
windowshostprocess0518.yaml,Pod,61,15,15,7,22,0,15,481,200,1,181237.39,29.93,181267.32,True,True,True,33,6,40.0,100.0,
windowshostprocess0519.yaml,Pod,61,15,15,7,22,0,15,481,200,1,181266.01,30.14,181296.15,True,True,True,33,6,40.0,100.0,
windowshostprocess052.yaml,Pod,61,13,13,7,20,0,29,481,149,1,181778.08,34.7,181812.78,True,True,True,27,6,59.26,100.0,
windowshostprocess0520.yaml,Pod,61,15,15,7,22,0,15,481,200,1,181428.68,30.12,181458.8,True,True,True,33,6,40.0,100.0,
windowshostprocess0521.yaml,Pod,61,15,15,7,22,0,15,481,200,1,181249.57,30.4,181279.97,True,True,True,33,6,40.0,100.0,
windowshostprocess0522.yaml,Pod,61,15,15,7,22,0,15,481,200,1,181440.28,30.01,181470.29,True,True,True,33,6,40.0,100.0,
windowshostprocess0523.yaml,Pod,61,15,15,7,22,0,15,481,200,1,181372.49,30.03,181402.52,True,True,True,33,6,40.0,100.0,
windowshostprocess0524.yaml,Pod,61,15,15,7,22,0,15,481,200,1,181343.35,30.5,181373.85,True,True,True,33,6,40.0,100.0,
windowshostprocess0525.yaml,Pod,61,15,15,7,22,0,15,481,200,1,181549.56,30.6,181580.16,True,True,True,33,6,40.0,100.0,
windowshostprocess0526.yaml,Pod,61,15,15,7,22,0,15,481,200,1,181396.27,30.52,181426.79,True,True,True,33,6,40.0,100.0,
windowshostprocess0527.yaml,Pod,61,15,15,7,22,0,15,481,200,1,181307.76,30.03,181337.79,True,True,True,33,6,40.0,100.0,
windowshostprocess0528.yaml,Pod,61,15,15,7,22,0,15,481,200,1,181331.27,30.23,181361.5,True,True,True,33,6,40.0,100.0,
windowshostprocess0529.yaml,Pod,61,15,15,7,22,0,15,481,200,1,181413.09,29.75,181442.84,True,True,True,33,6,40.0,100.0,
windowshostprocess053.yaml,Pod,61,15,15,7,22,0,16,481,200,1,181479.29,30.71,181510.0,True,True,True,33,6,41.79,100.0,
windowshostprocess0530.yaml,Pod,61,15,15,7,22,0,16,481,200,1,181121.35,30.3,181151.65,True,True,True,33,6,41.79,100.0,
windowshostprocess0531.yaml,Pod,61,15,15,7,22,0,16,481,200,1,181294.07,30.53,181324.6,True,True,True,33,6,41.79,100.0,
windowshostprocess0532.yaml,Pod,61,15,15,7,22,0,20,481,200,1,181019.22,32.13,181051.35,True,True,True,33,6,45.07,100.0,
windowshostprocess0533.yaml,Pod,61,15,15,7,22,0,20,481,200,1,181224.53,31.95,181256.48,True,True,True,33,6,45.07,100.0,
windowshostprocess0534.yaml,Pod,61,15,15,7,22,0,20,481,200,1,181200.17,32.93,181233.1,True,True,True,33,6,45.07,100.0,
windowshostprocess0535.yaml,Pod,61,15,15,7,22,0,20,481,200,1,181259.63,32.7,181292.33,True,True,True,33,6,45.07,100.0,
windowshostprocess0536.yaml,Pod,61,15,15,7,22,0,20,481,200,1,181378.56,32.74,181411.3,True,True,True,33,6,45.07,100.0,
windowshostprocess0537.yaml,Pod,61,15,15,7,22,0,20,481,200,1,181450.65,31.91,181482.56,True,True,True,33,6,45.07,100.0,
windowshostprocess0538.yaml,Pod,61,15,15,7,22,0,20,481,200,1,181255.06,32.16,181287.22,True,True,True,33,6,45.07,100.0,
windowshostprocess0539.yaml,Pod,61,15,15,7,22,0,20,481,200,1,181246.54,32.13,181278.67,True,True,True,33,6,45.07,100.0,
windowshostprocess054.yaml,Pod,61,15,15,7,22,0,16,481,200,1,181125.53,31.09,181156.62,True,True,True,33,6,41.79,100.0,
windowshostprocess0540.yaml,Pod,61,15,15,7,22,0,20,481,200,1,181379.57,32.04,181411.61,True,True,True,33,6,45.07,100.0,
windowshostprocess0541.yaml,Pod,61,15,15,7,22,0,23,481,200,1,181301.32,33.81,181335.13,True,True,True,33,6,48.0,100.0,
windowshostprocess0542.yaml,Pod,61,15,15,7,22,0,16,481,200,1,181556.84,30.61,181587.45,True,True,True,33,6,41.79,100.0,
windowshostprocess0543.yaml,Pod,61,15,15,7,22,0,23,481,200,1,181326.17,33.85,181360.02,True,True,True,33,6,48.0,100.0,
windowshostprocess0544.yaml,Pod,61,15,15,7,22,0,23,481,200,1,181215.64,34.56,181250.2,True,True,True,33,6,48.0,100.0,
windowshostprocess0545.yaml,Pod,61,13,13,7,20,0,29,481,149,1,181715.77,34.91,181750.68,True,True,True,27,6,59.26,100.0,
windowshostprocess0546.yaml,Pod,61,13,13,7,20,0,29,481,149,1,181707.12,33.98,181741.1,True,True,True,27,6,59.26,100.0,
windowshostprocess0547.yaml,Pod,61,13,13,7,20,0,29,481,149,1,181717.59,34.44,181752.03,True,True,True,27,6,59.26,100.0,
windowshostprocess0548.yaml,Pod,61,13,13,7,20,0,29,481,149,1,181500.2,34.82,181535.02,True,True,True,27,6,59.26,100.0,
windowshostprocess0549.yaml,Pod,61,13,13,7,20,0,29,481,149,1,181752.28,34.41,181786.69,True,True,True,27,6,59.26,100.0,
windowshostprocess055.yaml,Pod,61,15,15,7,22,0,16,481,200,1,181265.77,31.63,181297.4,True,True,True,33,6,41.79,100.0,
windowshostprocess0550.yaml,Pod,61,13,13,7,20,0,29,481,149,1,186299.46,35.23,186334.69,True,True,True,27,6,59.26,100.0,
windowshostprocess0551.yaml,Pod,61,13,13,7,20,0,29,481,149,1,181810.26,35.1,181845.36,True,True,True,27,6,59.26,100.0,
windowshostprocess0552.yaml,Pod,61,13,13,7,20,0,29,481,149,1,181651.13,33.85,181684.98,True,True,True,27,6,59.26,100.0,
windowshostprocess0553.yaml,Pod,61,15,15,7,22,0,16,481,200,1,181046.78,30.31,181077.09,True,True,True,33,6,41.79,100.0,
windowshostprocess0554.yaml,Pod,61,15,15,7,22,0,16,481,200,1,181160.85,31.36,181192.21,True,True,True,33,6,41.79,100.0,
windowshostprocess0555.yaml,Pod,61,15,15,7,22,0,16,481,200,1,181160.62,31.15,181191.77,True,True,True,33,6,41.79,100.0,
windowshostprocess0556.yaml,Pod,61,15,15,7,22,0,16,481,200,1,181056.91,30.72,181087.63,True,True,True,33,6,41.79,100.0,
windowshostprocess0557.yaml,Pod,61,15,15,7,22,0,16,481,200,1,180882.1,30.28,180912.38,True,True,True,33,6,41.79,100.0,
windowshostprocess0558.yaml,Pod,61,15,15,7,22,0,20,481,200,1,181217.99,32.09,181250.08,True,True,True,33,6,45.07,100.0,
windowshostprocess0559.yaml,Pod,61,15,15,7,22,0,20,481,200,1,181035.8,31.98,181067.78,True,True,True,33,6,45.07,100.0,
windowshostprocess056.yaml,Pod,61,15,15,7,22,0,16,481,200,1,181107.12,30.58,181137.7,True,True,True,33,6,41.79,100.0,
windowshostprocess057.yaml,Pod,61,15,15,7,22,0,16,481,200,1,181195.59,30.4,181225.99,True,True,True,33,6,41.79,100.0,
windowshostprocess058.yaml,Pod,61,15,15,7,22,0,20,481,200,1,180882.32,32.43,180914.75,True,True,True,33,6,45.07,100.0,
windowshostprocess059.yaml,Pod,61,15,15,7,22,0,20,481,200,1,180996.24,31.96,181028.2,True,True,True,33,6,45.07,100.0,
windowshostprocess06.yaml,Pod,61,15,15,7,22,0,15,481,200,1,180966.23,29.61,180995.84,True,True,True,33,6,40.0,100.0,
windowshostprocess060.yaml,Pod,61,15,15,7,22,0,15,481,200,1,180933.74,29.83,180963.57,True,True,True,33,6,40.0,100.0,
windowshostprocess061.yaml,Pod,61,15,15,7,22,0,15,481,200,1,181079.04,29.88,181108.92,True,True,True,33,6,40.0,100.0,
windowshostprocess0612.yaml,Pod,61,15,15,7,22,0,15,481,200,1,180775.93,29.9,180805.83,True,True,True,33,6,40.0,100.0,
windowshostprocess0613.yaml,Pod,61,15,15,7,22,0,15,481,200,1,181051.83,30.42,181082.25,True,True,True,33,6,40.0,100.0,
windowshostprocess0614.yaml,Pod,61,15,15,7,22,0,15,481,200,1,180875.28,29.96,180905.24,True,True,True,33,6,40.0,100.0,
windowshostprocess0615.yaml,Pod,61,15,15,7,22,0,15,481,200,1,181041.84,30.17,181072.01,True,True,True,33,6,40.0,100.0,
windowshostprocess0616.yaml,Pod,61,15,15,7,22,0,15,481,200,1,180975.69,30.79,181006.48,True,True,True,33,6,40.0,100.0,
windowshostprocess0617.yaml,Pod,61,15,15,7,22,0,15,481,200,1,181107.2,29.66,181136.86,True,True,True,33,6,40.0,100.0,
windowshostprocess0618.yaml,Pod,61,15,15,7,22,0,15,481,200,1,181202.65,29.92,181232.57,True,True,True,33,6,40.0,100.0,
windowshostprocess0619.yaml,Pod,61,15,15,7,22,0,15,481,200,1,180813.44,30.18,180843.62,True,True,True,33,6,40.0,100.0,
windowshostprocess062.yaml,Pod,61,15,15,7,22,0,15,481,200,1,181117.77,30.85,181148.62,True,True,True,33,6,40.0,100.0,
windowshostprocess0620.yaml,Pod,61,15,15,7,22,0,15,481,200,1,181116.82,30.01,181146.83,True,True,True,33,6,40.0,100.0,
windowshostprocess0621.yaml,Pod,61,15,15,7,22,0,15,481,200,1,181008.5,30.37,181038.87,True,True,True,33,6,40.0,100.0,
windowshostprocess0622.yaml,Pod,61,15,15,7,22,0,15,481,200,1,181180.62,30.22,181210.84,True,True,True,33,6,40.0,100.0,
windowshostprocess0623.yaml,Pod,61,15,15,7,22,0,15,481,200,1,181007.28,30.05,181037.33,True,True,True,33,6,40.0,100.0,
windowshostprocess0624.yaml,Pod,61,15,15,7,22,0,15,481,200,1,180931.98,29.87,180961.85,True,True,True,33,6,40.0,100.0,
windowshostprocess0625.yaml,Pod,61,15,15,7,22,0,15,481,200,1,181099.81,29.96,181129.77,True,True,True,33,6,40.0,100.0,
windowshostprocess0626.yaml,Pod,61,15,15,7,22,0,15,481,200,1,182896.92,30.25,182927.17,True,True,True,33,6,40.0,100.0,
windowshostprocess0627.yaml,Pod,61,15,15,7,22,0,15,481,200,1,181133.51,30.34,181163.85,True,True,True,33,6,40.0,100.0,
windowshostprocess0628.yaml,Pod,61,15,15,7,22,0,15,481,200,1,181074.03,30.23,181104.26,True,True,True,33,6,40.0,100.0,
windowshostprocess0629.yaml,Pod,61,15,15,7,22,0,15,481,200,1,180794.99,30.1,180825.09,True,True,True,33,6,40.0,100.0,
windowshostprocess063.yaml,Pod,61,15,15,7,22,0,15,481,200,1,180943.21,29.92,180973.13,True,True,True,33,6,40.0,100.0,
windowshostprocess0630.yaml,Pod,61,15,15,7,22,0,15,481,200,1,180995.57,29.68,181025.25,True,True,True,33,6,40.0,100.0,
windowshostprocess0631.yaml,Pod,61,15,15,7,22,0,15,481,200,1,180987.51,29.97,181017.48,True,True,True,33,6,40.0,100.0,
windowshostprocess0632.yaml,Pod,61,15,15,7,22,0,15,481,200,1,180834.45,30.23,180864.68,True,True,True,33,6,40.0,100.0,
windowshostprocess0633.yaml,Pod,61,15,15,7,22,0,15,481,200,1,180810.37,30.4,180840.77,True,True,True,33,6,40.0,100.0,
windowshostprocess0634.yaml,Pod,61,15,15,7,22,0,15,481,200,1,181190.54,30.08,181220.62,True,True,True,33,6,40.0,100.0,
windowshostprocess0635.yaml,Pod,61,15,15,7,22,0,15,481,200,1,180864.45,30.4,180894.85,True,True,True,33,6,40.0,100.0,
windowshostprocess0636.yaml,Pod,61,15,15,7,22,0,15,481,200,1,180930.65,29.99,180960.64,True,True,True,33,6,40.0,100.0,
windowshostprocess0637.yaml,Pod,61,15,15,7,22,0,15,481,200,1,181204.82,30.97,181235.79,True,True,True,33,6,40.0,100.0,
windowshostprocess0638.yaml,Pod,61,15,15,7,22,0,15,481,200,1,180932.5,30.58,180963.08,True,True,True,33,6,40.0,100.0,
windowshostprocess0639.yaml,Pod,61,15,15,7,22,0,15,481,200,1,181084.42,30.08,181114.5,True,True,True,33,6,40.0,100.0,
windowshostprocess064.yaml,Pod,61,15,15,7,22,0,15,481,200,1,180725.0,30.35,180755.35,True,True,True,33,6,40.0,100.0,
windowshostprocess0640.yaml,Pod,61,15,15,7,22,0,15,481,200,1,180861.25,29.97,180891.22,True,True,True,33,6,40.0,100.0,
windowshostprocess0641.yaml,Pod,61,15,15,7,22,0,15,481,200,1,181130.62,30.03,181160.65,True,True,True,33,6,40.0,100.0,
windowshostprocess0642.yaml,Pod,61,15,15,7,22,0,16,481,200,1,181273.9,30.69,181304.59,True,True,True,33,6,41.79,100.0,
windowshostprocess0643.yaml,Pod,61,15,15,7,22,0,16,481,200,1,181395.48,30.6,181426.08,True,True,True,33,6,41.79,100.0,
windowshostprocess0644.yaml,Pod,61,15,15,7,22,0,20,481,200,1,181079.27,32.33,181111.6,True,True,True,33,6,45.07,100.0,
windowshostprocess0645.yaml,Pod,61,15,15,7,22,0,20,481,200,1,180924.47,32.06,180956.53,True,True,True,33,6,45.07,100.0,
windowshostprocess0646.yaml,Pod,61,15,15,7,22,0,20,481,200,1,181057.4,32.09,181089.49,True,True,True,33,6,45.07,100.0,
windowshostprocess0647.yaml,Pod,61,15,15,7,22,0,20,481,200,1,181111.15,33.45,181144.6,True,True,True,33,6,45.07,100.0,
windowshostprocess0648.yaml,Pod,61,15,15,7,22,0,20,481,200,1,181020.12,32.24,181052.36,True,True,True,33,6,45.07,100.0,
windowshostprocess0649.yaml,Pod,61,15,15,7,22,0,20,481,200,1,181068.9,32.92,181101.82,True,True,True,33,6,45.07,100.0,
windowshostprocess065.yaml,Pod,61,15,15,7,22,0,15,481,200,1,181055.51,30.35,181085.86,True,True,True,33,6,40.0,100.0,
windowshostprocess0650.yaml,Pod,61,15,15,7,22,0,20,481,200,1,181020.64,32.23,181052.87,True,True,True,33,6,45.07,100.0,
windowshostprocess0651.yaml,Pod,61,15,15,7,22,0,20,481,200,1,181237.77,32.26,181270.03,True,True,True,33,6,45.07,100.0,
windowshostprocess0652.yaml,Pod,61,15,15,7,22,0,20,481,200,1,181058.58,32.29,181090.87,True,True,True,33,6,45.07,100.0,
windowshostprocess0653.yaml,Pod,61,15,15,7,22,0,23,481,200,1,181141.12,33.84,181174.96,True,True,True,33,6,48.0,100.0,
windowshostprocess0654.yaml,Pod,61,15,15,7,22,0,16,481,200,1,181321.95,31.6,181353.55,True,True,True,33,6,41.79,100.0,
windowshostprocess0655.yaml,Pod,61,15,15,7,22,0,23,481,200,1,181161.61,34.75,181196.36,True,True,True,33,6,48.0,100.0,
windowshostprocess0656.yaml,Pod,61,15,15,7,22,0,23,481,200,1,181078.84,33.77,181112.61,True,True,True,33,6,48.0,100.0,
windowshostprocess0657.yaml,Pod,61,13,13,7,20,0,29,481,149,1,181946.94,34.11,181981.05,True,True,True,27,6,59.26,100.0,
windowshostprocess0658.yaml,Pod,61,13,13,7,20,0,29,481,149,1,181431.98,34.18,181466.16,True,True,True,27,6,59.26,100.0,
windowshostprocess0659.yaml,Pod,61,13,13,7,20,0,29,481,149,1,181687.99,34.11,181722.1,True,True,True,27,6,59.26,100.0,
windowshostprocess066.yaml,Pod,61,15,15,7,22,0,15,481,200,1,181331.73,29.55,181361.28,True,True,True,33,6,40.0,100.0,
windowshostprocess0660.yaml,Pod,61,13,13,7,20,0,29,481,149,1,181740.13,34.19,181774.32,True,True,True,27,6,59.26,100.0,
windowshostprocess0661.yaml,Pod,61,13,13,7,20,0,29,481,149,1,181936.15,34.45,181970.6,True,True,True,27,6,59.26,100.0,
windowshostprocess0662.yaml,Pod,61,13,13,7,20,0,29,481,149,1,181375.96,34.05,181410.01,True,True,True,27,6,59.26,100.0,
windowshostprocess0663.yaml,Pod,61,13,13,7,20,0,29,481,149,1,181780.44,34.38,181814.82,True,True,True,27,6,59.26,100.0,
windowshostprocess0664.yaml,Pod,61,13,13,7,20,0,29,481,149,1,181623.51,34.01,181657.52,True,True,True,27,6,59.26,100.0,
windowshostprocess0665.yaml,Pod,61,15,15,7,22,0,16,481,200,1,181088.78,30.51,181119.29,True,True,True,33,6,41.79,100.0,
windowshostprocess0666.yaml,Pod,61,15,15,7,22,0,16,481,200,1,181003.65,30.71,181034.36,True,True,True,33,6,41.79,100.0,
windowshostprocess0667.yaml,Pod,61,15,15,7,22,0,16,481,200,1,181095.0,31.58,181126.58,True,True,True,33,6,41.79,100.0,
windowshostprocess0668.yaml,Pod,61,15,15,7,22,0,16,481,200,1,181052.72,31.23,181083.95,True,True,True,33,6,41.79,100.0,
windowshostprocess0669.yaml,Pod,61,15,15,7,22,0,16,481,200,1,180917.7,31.13,180948.83,True,True,True,33,6,41.79,100.0,
windowshostprocess067.yaml,Pod,61,15,15,7,22,0,15,481,200,1,180992.31,30.56,181022.87,True,True,True,33,6,40.0,100.0,
windowshostprocess0670.yaml,Pod,61,15,15,7,22,0,20,481,200,1,181080.8,32.41,181113.21,True,True,True,33,6,45.07,100.0,
windowshostprocess0671.yaml,Pod,61,15,15,7,22,0,20,481,200,1,181194.63,32.64,181227.27,True,True,True,33,6,45.07,100.0,
windowshostprocess0672.yaml,Pod,61,15,15,7,22,0,15,481,200,1,180933.04,30.06,180963.1,True,True,True,33,6,40.0,100.0,
windowshostprocess0673.yaml,Pod,61,15,15,7,22,0,15,481,200,1,181211.43,29.96,181241.39,True,True,True,33,6,40.0,100.0,
windowshostprocess0674.yaml,Pod,61,15,15,7,22,0,15,481,200,1,181018.62,30.21,181048.83,True,True,True,33,6,40.0,100.0,
windowshostprocess0675.yaml,Pod,61,15,15,7,22,0,15,481,200,1,181118.64,30.41,181149.05,True,True,True,33,6,40.0,100.0,
windowshostprocess0676.yaml,Pod,61,15,15,7,22,0,15,481,200,1,181420.57,30.39,181450.96,True,True,True,33,6,40.0,100.0,
windowshostprocess0677.yaml,Pod,61,15,15,7,22,0,15,481,200,1,181269.14,30.25,181299.39,True,True,True,33,6,40.0,100.0,
windowshostprocess0678.yaml,Pod,61,15,15,7,22,0,15,481,200,1,181206.64,30.06,181236.7,True,True,True,33,6,40.0,100.0,
windowshostprocess0679.yaml,Pod,61,15,15,7,22,0,15,481,200,1,182346.44,30.04,182376.48,True,True,True,33,6,40.0,100.0,
windowshostprocess068.yaml,Pod,61,15,15,7,22,0,15,481,200,1,181331.59,30.11,181361.7,True,True,True,33,6,40.0,100.0,
windowshostprocess0680.yaml,Pod,61,15,15,7,22,0,15,481,200,1,181284.57,29.83,181314.4,True,True,True,33,6,40.0,100.0,
windowshostprocess0681.yaml,Pod,61,15,15,7,22,0,15,481,200,1,181579.78,30.26,181610.04,True,True,True,33,6,40.0,100.0,
windowshostprocess0682.yaml,Pod,61,15,15,7,22,0,15,481,200,1,194502.7,30.2,194532.9,True,True,True,33,6,40.0,100.0,
windowshostprocess0683.yaml,Pod,61,15,15,7,22,0,15,481,200,1,183326.84,30.17,183357.01,True,True,True,33,6,40.0,100.0,
windowshostprocess0684.yaml,Pod,61,15,15,7,22,0,15,481,200,1,182693.46,29.93,182723.39,True,True,True,33,6,40.0,100.0,
windowshostprocess0685.yaml,Pod,61,15,15,7,22,0,15,481,200,1,183767.82,30.15,183797.97,True,True,True,33,6,40.0,100.0,
windowshostprocess0686.yaml,Pod,61,15,15,7,22,0,15,481,200,1,182127.67,29.63,182157.3,True,True,True,33,6,40.0,100.0,
windowshostprocess0687.yaml,Pod,61,15,15,7,22,0,15,481,200,1,186973.25,30.07,187003.32,True,True,True,33,6,40.0,100.0,
windowshostprocess0688.yaml,Pod,61,15,15,7,22,0,15,481,200,1,185353.88,30.53,185384.41,True,True,True,33,6,40.0,100.0,
windowshostprocess0689.yaml,Pod,61,15,15,7,22,0,15,481,200,1,186588.57,32.03,186620.6,True,True,True,33,6,40.0,100.0,
windowshostprocess069.yaml,Pod,61,15,15,7,22,0,15,481,200,1,196900.61,31.16,196931.77,True,True,True,33,6,40.0,100.0,
windowshostprocess0690.yaml,Pod,61,15,15,7,22,0,15,481,200,1,202334.98,31.8,202366.78,True,True,True,33,6,40.0,100.0,
windowshostprocess0691.yaml,Pod,61,15,15,7,22,0,15,481,200,1,198557.56,31.74,198589.3,True,True,True,33,6,40.0,100.0,
windowshostprocess0692.yaml,Pod,61,15,15,7,22,0,15,481,200,1,197106.36,30.31,197136.67,True,True,True,33,6,40.0,100.0,
windowshostprocess0693.yaml,Pod,61,15,15,7,22,0,15,481,200,1,192695.71,30.32,192726.03,True,True,True,33,6,40.0,100.0,
windowshostprocess0694.yaml,Pod,61,15,15,7,22,0,15,481,200,1,192792.5,30.04,192822.54,True,True,True,33,6,40.0,100.0,
windowshostprocess0695.yaml,Pod,61,15,15,7,22,0,15,481,200,1,191457.52,31.15,191488.67,True,True,True,33,6,40.0,100.0,
windowshostprocess0696.yaml,Pod,61,15,15,7,22,0,15,481,200,1,196114.93,31.08,196146.01,True,True,True,33,6,40.0,100.0,
windowshostprocess0697.yaml,Pod,61,15,15,7,22,0,15,481,200,1,194323.8,30.37,194354.17,True,True,True,33,6,40.0,100.0,
windowshostprocess0698.yaml,Pod,61,15,15,7,22,0,15,481,200,1,192574.26,30.2,192604.46,True,True,True,33,6,40.0,100.0,
windowshostprocess0699.yaml,Pod,61,15,15,7,22,0,15,481,200,1,195215.36,30.6,195245.96,True,True,True,33,6,40.0,100.0,
windowshostprocess07.yaml,Pod,61,15,15,7,22,0,15,481,200,1,193344.34,29.84,193374.18,True,True,True,33,6,40.0,100.0,
windowshostprocess070.yaml,Pod,61,15,15,7,22,0,15,481,200,1,198235.81,30.7,198266.51,True,True,True,33,6,40.0,100.0,
windowshostprocess0700.yaml,Pod,61,15,15,7,22,0,15,481,200,1,196037.1,29.71,196066.81,True,True,True,33,6,40.0,100.0,
windowshostprocess0701.yaml,Pod,61,15,15,7,22,0,15,481,200,1,195334.05,30.16,195364.21,True,True,True,33,6,40.0,100.0,
windowshostprocess0702.yaml,Pod,61,15,15,7,22,0,16,481,200,1,197693.23,31.56,197724.79,True,True,True,33,6,41.79,100.0,
windowshostprocess0703.yaml,Pod,61,15,15,7,22,0,16,481,200,1,193801.97,31.03,193833.0,True,True,True,33,6,41.79,100.0,
windowshostprocess0704.yaml,Pod,61,15,15,7,22,0,20,481,200,1,195652.2,32.89,195685.09,True,True,True,33,6,45.07,100.0,
windowshostprocess0705.yaml,Pod,61,15,15,7,22,0,20,481,200,1,197691.83,32.44,197724.27,True,True,True,33,6,45.07,100.0,
windowshostprocess0706.yaml,Pod,61,15,15,7,22,0,20,481,200,1,195388.54,37.17,195425.71,True,True,True,33,6,45.07,100.0,
windowshostprocess0707.yaml,Pod,61,15,15,7,22,0,20,481,200,1,198907.83,32.37,198940.2,True,True,True,33,6,45.07,100.0,
windowshostprocess0708.yaml,Pod,61,15,15,7,22,0,20,481,200,1,196050.87,32.23,196083.1,True,True,True,33,6,45.07,100.0,
windowshostprocess0709.yaml,Pod,61,15,15,7,22,0,20,481,200,1,192565.72,32.72,192598.44,True,True,True,33,6,45.07,100.0,
windowshostprocess071.yaml,Pod,61,15,15,7,22,0,15,481,200,1,196089.26,30.88,196120.14,True,True,True,33,6,40.0,100.0,
windowshostprocess0710.yaml,Pod,61,15,15,7,22,0,20,481,200,1,200429.46,33.28,200462.74,True,True,True,33,6,45.07,100.0,
windowshostprocess0711.yaml,Pod,61,15,15,7,22,0,20,481,200,1,191091.78,32.84,191124.62,True,True,True,33,6,45.07,100.0,
windowshostprocess0712.yaml,Pod,61,15,15,7,22,0,20,481,200,1,204080.6,35.0,204115.6,True,True,True,33,6,45.07,100.0,
windowshostprocess0713.yaml,Pod,61,15,15,7,22,0,23,481,200,1,201553.44,34.5,201587.94,True,True,True,33,6,48.0,100.0,
windowshostprocess0714.yaml,Pod,61,15,15,7,22,0,16,481,200,1,189739.91,31.29,189771.2,True,True,True,33,6,41.79,100.0,
windowshostprocess0715.yaml,Pod,61,15,15,7,22,0,23,481,200,1,190105.95,34.62,190140.57,True,True,True,33,6,48.0,100.0,
windowshostprocess0716.yaml,Pod,61,15,15,7,22,0,23,481,200,1,190107.28,33.99,190141.27,True,True,True,33,6,48.0,100.0,
windowshostprocess0717.yaml,Pod,61,13,13,7,20,0,29,481,149,1,190283.86,35.07,190318.93,True,True,True,27,6,59.26,100.0,
windowshostprocess0718.yaml,Pod,61,13,13,7,20,0,29,481,149,1,191619.87,34.92,191654.79,True,True,True,27,6,59.26,100.0,
windowshostprocess0719.yaml,Pod,61,13,13,7,20,0,29,481,149,1,190209.81,34.13,190243.94,True,True,True,27,6,59.26,100.0,
windowshostprocess072.yaml,Pod,61,15,15,7,22,0,15,481,200,1,194636.27,30.36,194666.63,True,True,True,33,6,40.0,100.0,
windowshostprocess0720.yaml,Pod,61,13,13,7,20,0,29,481,149,1,195564.94,34.23,195599.17,True,True,True,27,6,59.26,100.0,
windowshostprocess0721.yaml,Pod,61,13,13,7,20,0,29,481,149,1,193823.73,34.59,193858.32,True,True,True,27,6,59.26,100.0,
windowshostprocess0722.yaml,Pod,61,13,13,7,20,0,29,481,149,1,196868.73,35.74,196904.47,True,True,True,27,6,59.26,100.0,
windowshostprocess0723.yaml,Pod,61,13,13,7,20,0,29,481,149,1,197011.58,37.0,197048.58,True,True,True,27,6,59.26,100.0,
windowshostprocess0724.yaml,Pod,61,13,13,7,20,0,29,481,149,1,196693.08,35.01,196728.09,True,True,True,27,6,59.26,100.0,
windowshostprocess0725.yaml,Pod,61,15,15,7,22,0,16,481,200,1,193628.96,30.67,193659.63,True,True,True,33,6,41.79,100.0,
windowshostprocess0726.yaml,Pod,61,15,15,7,22,0,16,481,200,1,194980.66,30.4,195011.06,True,True,True,33,6,41.79,100.0,
windowshostprocess0727.yaml,Pod,61,15,15,7,22,0,16,481,200,1,193846.55,30.71,193877.26,True,True,True,33,6,41.79,100.0,
windowshostprocess0728.yaml,Pod,61,15,15,7,22,0,16,481,200,1,196632.67,31.48,196664.15,True,True,True,33,6,41.79,100.0,
windowshostprocess0729.yaml,Pod,61,15,15,7,22,0,16,481,200,1,195518.97,31.92,195550.89,True,True,True,33,6,41.79,100.0,
windowshostprocess073.yaml,Pod,61,15,15,7,22,0,15,481,200,1,197044.39,30.05,197074.44,True,True,True,33,6,40.0,100.0,
windowshostprocess0730.yaml,Pod,61,15,15,7,22,0,20,481,200,1,195765.24,32.23,195797.47,True,True,True,33,6,45.07,100.0,
windowshostprocess0731.yaml,Pod,61,15,15,7,22,0,20,481,200,1,195422.79,32.63,195455.42,True,True,True,33,6,45.07,100.0,
windowshostprocess0732.yaml,Pod,61,15,15,7,22,0,15,481,200,1,191968.94,30.69,191999.63,True,True,True,33,6,40.0,100.0,
windowshostprocess0733.yaml,Pod,61,15,15,7,22,0,15,481,200,1,192587.58,29.74,192617.32,True,True,True,33,6,40.0,100.0,
windowshostprocess0734.yaml,Pod,61,15,15,7,22,0,15,481,200,1,188302.88,30.09,188332.97,True,True,True,33,6,40.0,100.0,
windowshostprocess0735.yaml,Pod,61,15,15,7,22,0,15,481,200,1,185091.57,30.44,185122.01,True,True,True,33,6,40.0,100.0,
windowshostprocess0736.yaml,Pod,61,15,15,7,22,0,15,481,200,1,185172.96,29.81,185202.77,True,True,True,33,6,40.0,100.0,
windowshostprocess0737.yaml,Pod,61,15,15,7,22,0,15,481,200,1,184609.48,29.66,184639.14,True,True,True,33,6,40.0,100.0,
windowshostprocess0738.yaml,Pod,61,15,15,7,22,0,15,481,200,1,184147.72,30.44,184178.16,True,True,True,33,6,40.0,100.0,
windowshostprocess0739.yaml,Pod,61,15,15,7,22,0,15,481,200,1,184337.02,30.11,184367.13,True,True,True,33,6,40.0,100.0,
windowshostprocess074.yaml,Pod,61,15,15,7,22,0,15,481,200,1,183627.92,30.8,183658.72,True,True,True,33,6,40.0,100.0,
windowshostprocess0740.yaml,Pod,61,15,15,7,22,0,15,481,200,1,183639.47,29.82,183669.29,True,True,True,33,6,40.0,100.0,
windowshostprocess0741.yaml,Pod,61,15,15,7,22,0,15,481,200,1,183635.32,29.83,183665.15,True,True,True,33,6,40.0,100.0,
windowshostprocess0742.yaml,Pod,61,15,15,7,22,0,15,481,200,1,183782.77,29.72,183812.49,True,True,True,33,6,40.0,100.0,
windowshostprocess0743.yaml,Pod,61,15,15,7,22,0,15,481,200,1,184362.07,30.46,184392.53,True,True,True,33,6,40.0,100.0,
windowshostprocess0744.yaml,Pod,61,15,15,7,22,0,15,481,200,1,183826.91,30.33,183857.24,True,True,True,33,6,40.0,100.0,
windowshostprocess0745.yaml,Pod,61,15,15,7,22,0,15,481,200,1,183452.76,29.68,183482.44,True,True,True,33,6,40.0,100.0,
windowshostprocess0746.yaml,Pod,61,15,15,7,22,0,15,481,200,1,183573.91,29.83,183603.74,True,True,True,33,6,40.0,100.0,
windowshostprocess0747.yaml,Pod,61,15,15,7,22,0,15,481,200,1,183577.21,29.99,183607.2,True,True,True,33,6,40.0,100.0,
windowshostprocess0748.yaml,Pod,61,15,15,7,22,0,15,481,200,1,183370.85,29.84,183400.69,True,True,True,33,6,40.0,100.0,
windowshostprocess0749.yaml,Pod,61,15,15,7,22,0,15,481,200,1,183275.9,29.58,183305.48,True,True,True,33,6,40.0,100.0,
windowshostprocess075.yaml,Pod,61,15,15,7,22,0,15,481,200,1,183942.64,31.09,183973.73,True,True,True,33,6,40.0,100.0,
windowshostprocess0750.yaml,Pod,61,15,15,7,22,0,15,481,200,1,183414.38,29.99,183444.37,True,True,True,33,6,40.0,100.0,
windowshostprocess0751.yaml,Pod,61,15,15,7,22,0,15,481,200,1,183425.23,30.11,183455.34,True,True,True,33,6,40.0,100.0,
windowshostprocess0752.yaml,Pod,61,15,15,7,22,0,15,481,200,1,183395.8,29.72,183425.52,True,True,True,33,6,40.0,100.0,
windowshostprocess0753.yaml,Pod,61,15,15,7,22,0,15,481,200,1,184725.28,29.64,184754.92,True,True,True,33,6,40.0,100.0,
windowshostprocess0754.yaml,Pod,61,15,15,7,22,0,15,481,200,1,183756.9,29.8,183786.7,True,True,True,33,6,40.0,100.0,
windowshostprocess0755.yaml,Pod,61,15,15,7,22,0,15,481,200,1,183482.4,29.6,183512.0,True,True,True,33,6,40.0,100.0,
windowshostprocess0756.yaml,Pod,61,15,15,7,22,0,15,481,200,1,183669.58,30.22,183699.8,True,True,True,33,6,40.0,100.0,
windowshostprocess0757.yaml,Pod,61,15,15,7,22,0,15,481,200,1,183448.29,30.22,183478.51,True,True,True,33,6,40.0,100.0,
windowshostprocess0758.yaml,Pod,61,15,15,7,22,0,15,481,200,1,183558.16,29.74,183587.9,True,True,True,33,6,40.0,100.0,
windowshostprocess0759.yaml,Pod,61,15,15,7,22,0,15,481,200,1,183299.13,29.64,183328.77,True,True,True,33,6,40.0,100.0,
windowshostprocess076.yaml,Pod,61,15,15,7,22,0,15,481,200,1,183731.99,29.71,183761.7,True,True,True,33,6,40.0,100.0,
windowshostprocess0760.yaml,Pod,61,15,15,7,22,0,15,481,200,1,183293.87,30.26,183324.13,True,True,True,33,6,40.0,100.0,
windowshostprocess0761.yaml,Pod,61,15,15,7,22,0,15,481,200,1,183274.45,29.8,183304.25,True,True,True,33,6,40.0,100.0,
windowshostprocess0762.yaml,Pod,61,15,15,7,22,0,16,481,200,1,183415.55,31.16,183446.71,True,True,True,33,6,41.79,100.0,
windowshostprocess0763.yaml,Pod,61,15,15,7,22,0,16,481,200,1,183608.68,30.13,183638.81,True,True,True,33,6,41.79,100.0,
windowshostprocess0764.yaml,Pod,61,15,15,7,22,0,20,481,200,1,195279.95,32.95,195312.9,True,True,True,33,6,45.07,100.0,
windowshostprocess0765.yaml,Pod,61,15,15,7,22,0,20,481,200,1,198993.24,33.44,199026.68,True,True,True,33,6,45.07,100.0,
windowshostprocess0766.yaml,Pod,61,15,15,7,22,0,20,481,200,1,196433.3,33.19,196466.49,True,True,False,33,6,45.07,100.0,Timeout_Exceeded
windowshostprocess0767.yaml,Unknown,SCHEMA_ERROR,,,,,,0,0,0,0,7015.0,0.0,7015.0,,,,0,0,0.0,0.0,Timeout_Exceeded
windowshostprocess0768.yaml,Unknown,SCHEMA_ERROR,,,,,,0,0,0,0,7008.1,0.0,7008.1,,,,0,0,0.0,0.0,Timeout_Exceeded
windowshostprocess0769.yaml,Unknown,SCHEMA_ERROR,,,,,,0,0,0,0,7020.4,0.0,7020.4,,,,0,0,0.0,0.0,Timeout_Exceeded
windowshostprocess077.yaml,Pod,61,15,15,7,22,0,15,481,200,1,200805.04,32.2,200837.24,True,True,True,33,6,40.0,100.0,
windowshostprocess0770.yaml,Pod,61,15,15,7,22,0,20,481,200,1,192194.82,32.28,192227.1,True,True,True,33,6,45.07,100.0,
windowshostprocess0771.yaml,Pod,61,15,15,7,22,0,20,481,200,1,189253.12,33.14,189286.26,True,True,True,33,6,45.07,100.0,
windowshostprocess0772.yaml,Pod,61,15,15,7,22,0,20,481,200,1,189279.2,32.39,189311.59,True,True,True,33,6,45.07,100.0,
windowshostprocess0773.yaml,Pod,61,15,15,7,22,0,23,481,200,1,195476.55,35.15,195511.7,True,True,True,33,6,48.0,100.0,
windowshostprocess0774.yaml,Pod,61,15,15,7,22,0,16,481,200,1,201590.48,30.92,201621.4,True,True,True,33,6,41.79,100.0,
windowshostprocess0775.yaml,Pod,61,15,15,7,22,0,23,481,200,1,201537.75,33.9,201571.65,True,True,True,33,6,48.0,100.0,
windowshostprocess0776.yaml,Pod,61,15,15,7,22,0,23,481,200,1,195893.52,34.24,195927.76,True,True,True,33,6,48.0,100.0,
windowshostprocess0777.yaml,Pod,61,13,13,7,20,0,29,481,149,1,193975.88,34.86,194010.74,True,True,True,27,6,59.26,100.0,
windowshostprocess0778.yaml,Pod,61,13,13,7,20,0,29,481,149,1,193134.35,34.14,193168.49,True,True,True,27,6,59.26,100.0,
windowshostprocess0779.yaml,Pod,61,13,13,7,20,0,29,481,149,1,189287.7,34.22,189321.92,True,True,True,27,6,59.26,100.0,
windowshostprocess078.yaml,Pod,61,15,15,7,22,0,15,481,200,1,189596.6,29.82,189626.42,True,True,True,33,6,40.0,100.0,
windowshostprocess0780.yaml,Pod,61,13,13,7,20,0,29,481,149,1,190162.58,35.58,190198.16,True,True,True,27,6,59.26,100.0,
windowshostprocess0781.yaml,Pod,61,13,13,7,20,0,29,481,149,1,195116.2,34.49,195150.69,True,True,True,27,6,59.26,100.0,
windowshostprocess0782.yaml,Pod,61,13,13,7,20,0,29,481,149,1,198743.47,35.4,198778.87,True,True,True,27,6,59.26,100.0,
windowshostprocess0783.yaml,Pod,61,13,13,7,20,0,29,481,149,1,200276.8,35.15,200311.95,True,True,True,27,6,59.26,100.0,
windowshostprocess0784.yaml,Pod,61,13,13,7,20,0,29,481,149,1,198694.36,35.41,198729.77,True,True,True,27,6,59.26,100.0,
windowshostprocess0785.yaml,Pod,61,15,15,7,22,0,16,481,200,1,200204.85,31.79,200236.64,True,True,True,33,6,41.79,100.0,
windowshostprocess0786.yaml,Pod,61,15,15,7,22,0,16,481,200,1,194667.88,31.74,194699.62,True,True,True,33,6,41.79,100.0,
windowshostprocess0787.yaml,Pod,61,15,15,7,22,0,16,481,200,1,202213.16,30.94,202244.1,True,True,True,33,6,41.79,100.0,
windowshostprocess0788.yaml,Pod,61,15,15,7,22,0,16,481,200,1,197135.57,31.91,197167.48,True,True,True,33,6,41.79,100.0,
windowshostprocess0789.yaml,Pod,61,15,15,7,22,0,16,481,200,1,197074.75,31.22,197105.97,True,True,True,33,6,41.79,100.0,
windowshostprocess079.yaml,Pod,61,15,15,7,22,0,15,481,200,1,188609.29,29.96,188639.25,True,True,True,33,6,40.0,100.0,
windowshostprocess0790.yaml,Pod,61,15,15,7,22,0,20,481,200,1,189169.49,31.98,189201.47,True,True,True,33,6,45.07,100.0,
windowshostprocess0791.yaml,Pod,61,15,15,7,22,0,20,481,200,1,189494.96,32.69,189527.65,True,True,True,33,6,45.07,100.0,
windowshostprocess0792.yaml,Pod,61,15,15,7,22,0,15,481,200,1,188315.5,30.02,188345.52,True,True,True,33,6,40.0,100.0,
windowshostprocess0793.yaml,Pod,61,15,15,7,22,0,15,481,200,1,189258.99,30.48,189289.47,True,True,True,33,6,40.0,100.0,
windowshostprocess0794.yaml,Pod,61,15,15,7,22,0,15,481,200,1,188633.83,29.57,188663.4,True,True,True,33,6,40.0,100.0,
windowshostprocess0795.yaml,Pod,61,15,15,7,22,0,15,481,200,1,181184.03,29.26,181213.29,True,True,True,33,6,40.0,100.0,
windowshostprocess0796.yaml,Pod,61,15,15,7,22,0,15,481,200,1,180870.03,29.78,180899.81,True,True,True,33,6,40.0,100.0,
windowshostprocess0797.yaml,Pod,61,15,15,7,22,0,15,481,200,1,179978.33,29.75,180008.08,True,True,True,33,6,40.0,100.0,
windowshostprocess0798.yaml,Pod,61,15,15,7,22,0,15,481,200,1,180270.23,29.69,180299.92,True,True,True,33,6,40.0,100.0,
windowshostprocess0799.yaml,Pod,61,15,15,7,22,0,15,481,200,1,179942.41,29.63,179972.04,True,True,True,33,6,40.0,100.0,
windowshostprocess08.yaml,Pod,61,15,15,7,22,0,15,481,200,1,180078.11,29.45,180107.56,True,True,True,33,6,40.0,100.0,
windowshostprocess080.yaml,Pod,61,15,15,7,22,0,15,481,200,1,180415.22,29.67,180444.89,True,True,True,33,6,40.0,100.0,
windowshostprocess0800.yaml,Pod,61,15,15,7,22,0,15,481,200,1,179797.75,29.67,179827.42,True,True,True,33,6,40.0,100.0,
windowshostprocess0801.yaml,Pod,61,15,15,7,22,0,15,481,200,1,179617.42,30.01,179647.43,True,True,True,33,6,40.0,100.0,
windowshostprocess0802.yaml,Pod,61,15,15,7,22,0,15,481,200,1,179934.9,30.05,179964.95,True,True,True,33,6,40.0,100.0,
windowshostprocess0803.yaml,Pod,61,15,15,7,22,0,15,481,200,1,179617.79,30.08,179647.87,True,True,True,33,6,40.0,100.0,
windowshostprocess0804.yaml,Pod,61,15,15,7,22,0,15,481,200,1,179488.24,29.88,179518.12,True,True,True,33,6,40.0,100.0,
windowshostprocess0805.yaml,Pod,61,15,15,7,22,0,15,481,200,1,180032.51,29.9,180062.41,True,True,True,33,6,40.0,100.0,
windowshostprocess0806.yaml,Pod,61,15,15,7,22,0,15,481,200,1,179801.5,29.65,179831.15,True,True,True,33,6,40.0,100.0,
windowshostprocess0807.yaml,Pod,61,15,15,7,22,0,15,481,200,1,179842.32,29.59,179871.91,True,True,True,33,6,40.0,100.0,
windowshostprocess0808.yaml,Pod,61,15,15,7,22,0,15,481,200,1,179980.58,29.66,180010.24,True,True,True,33,6,40.0,100.0,
windowshostprocess0809.yaml,Pod,61,15,15,7,22,0,15,481,200,1,180092.98,29.86,180122.84,True,True,True,33,6,40.0,100.0,
windowshostprocess081.yaml,Pod,61,15,15,7,22,0,15,481,200,1,180160.54,29.92,180190.46,True,True,True,33,6,40.0,100.0,
windowshostprocess0810.yaml,Pod,61,15,15,7,22,0,15,481,200,1,180140.44,29.49,180169.93,True,True,True,33,6,40.0,100.0,
windowshostprocess0811.yaml,Pod,61,15,15,7,22,0,15,481,200,1,180045.25,29.9,180075.15,True,True,True,33,6,40.0,100.0,
windowshostprocess0812.yaml,Pod,61,15,15,7,22,0,15,481,200,1,180109.88,30.01,180139.89,True,True,True,33,6,40.0,100.0,
windowshostprocess0813.yaml,Pod,61,15,15,7,22,0,15,481,200,1,180273.79,29.81,180303.6,True,True,True,33,6,40.0,100.0,
windowshostprocess0814.yaml,Pod,61,15,15,7,22,0,15,481,200,1,180064.02,29.73,180093.75,True,True,True,33,6,40.0,100.0,
windowshostprocess0815.yaml,Pod,61,15,15,7,22,0,15,481,200,1,180187.55,29.74,180217.29,True,True,True,33,6,40.0,100.0,
windowshostprocess0816.yaml,Pod,61,15,15,7,22,0,15,481,200,1,179855.96,29.4,179885.36,True,True,True,33,6,40.0,100.0,
windowshostprocess0817.yaml,Pod,61,15,15,7,22,0,15,481,200,1,180134.42,29.58,180164.0,True,True,True,33,6,40.0,100.0,
windowshostprocess0818.yaml,Pod,61,15,15,7,22,0,15,481,200,1,180313.61,29.73,180343.34,True,True,True,33,6,40.0,100.0,
windowshostprocess0819.yaml,Pod,61,15,15,7,22,0,15,481,200,1,180262.71,29.71,180292.42,True,True,True,33,6,40.0,100.0,
windowshostprocess082.yaml,Pod,61,15,15,7,22,0,15,481,200,1,180171.06,29.92,180200.98,True,True,True,33,6,40.0,100.0,
windowshostprocess0820.yaml,Pod,61,15,15,7,22,0,15,481,200,1,180495.99,29.68,180525.67,True,True,True,33,6,40.0,100.0,
windowshostprocess0821.yaml,Pod,61,15,15,7,22,0,15,481,200,1,180084.52,29.82,180114.34,True,True,True,33,6,40.0,100.0,
windowshostprocess0822.yaml,Pod,61,15,15,7,22,0,16,481,200,1,180266.31,31.4,180297.71,True,True,True,33,6,41.79,100.0,
windowshostprocess0823.yaml,Pod,61,15,15,7,22,0,16,481,200,1,180564.84,30.79,180595.63,True,True,True,33,6,41.79,100.0,
windowshostprocess0824.yaml,Pod,61,15,15,7,22,0,20,481,200,1,180214.73,32.28,180247.01,True,True,True,33,6,45.07,100.0,
windowshostprocess0825.yaml,Pod,61,15,15,7,22,0,20,481,200,1,180153.67,32.43,180186.1,True,True,True,33,6,45.07,100.0,
windowshostprocess0826.yaml,Pod,61,15,15,7,22,0,20,481,200,1,180477.73,32.12,180509.85,True,True,True,33,6,45.07,100.0,
windowshostprocess0827.yaml,Pod,61,15,15,7,22,0,20,481,200,1,180757.45,32.2,180789.65,True,True,True,33,6,45.07,100.0,
windowshostprocess0828.yaml,Pod,61,15,15,7,22,0,20,481,200,1,180361.24,32.09,180393.33,True,True,True,33,6,45.07,100.0,
windowshostprocess0829.yaml,Pod,61,15,15,7,22,0,20,481,200,1,180939.66,32.02,180971.68,True,True,True,33,6,45.07,100.0,
windowshostprocess083.yaml,Pod,61,15,15,7,22,0,15,481,200,1,180670.46,30.23,180700.69,True,True,True,33,6,40.0,100.0,
windowshostprocess0830.yaml,Pod,61,15,15,7,22,0,20,481,200,1,180564.43,31.96,180596.39,True,True,True,33,6,45.07,100.0,
windowshostprocess0831.yaml,Pod,61,15,15,7,22,0,20,481,200,1,180334.34,32.69,180367.03,True,True,True,33,6,45.07,100.0,
windowshostprocess0832.yaml,Pod,61,15,15,7,22,0,20,481,200,1,180367.58,33.12,180400.7,True,True,True,33,6,45.07,100.0,
windowshostprocess0833.yaml,Pod,61,15,15,7,22,0,23,481,200,1,180402.06,34.9,180436.96,True,True,True,33,6,48.0,100.0,
windowshostprocess0834.yaml,Pod,61,15,15,7,22,0,16,481,200,1,181078.6,30.79,181109.39,True,True,True,33,6,41.79,100.0,
windowshostprocess0835.yaml,Pod,61,15,15,7,22,0,23,481,200,1,180533.02,34.25,180567.27,True,True,True,33,6,48.0,100.0,
windowshostprocess0836.yaml,Pod,61,15,15,7,22,0,23,481,200,1,180445.22,33.6,180478.82,True,True,True,33,6,48.0,100.0,
windowshostprocess0837.yaml,Pod,61,13,13,7,20,0,29,481,149,1,180795.95,34.12,180830.07,True,True,True,27,6,59.26,100.0,
windowshostprocess0838.yaml,Pod,61,13,13,7,20,0,29,481,149,1,180745.37,34.71,180780.08,True,True,True,27,6,59.26,100.0,
windowshostprocess0839.yaml,Pod,61,13,13,7,20,0,29,481,149,1,180784.27,34.12,180818.39,True,True,True,27,6,59.26,100.0,
windowshostprocess084.yaml,Pod,61,15,15,7,22,0,15,481,200,1,180456.85,30.07,180486.92,True,True,True,33,6,40.0,100.0,
windowshostprocess0840.yaml,Pod,61,13,13,7,20,0,29,481,149,1,180890.25,34.21,180924.46,True,True,True,27,6,59.26,100.0,
windowshostprocess0841.yaml,Pod,61,13,13,7,20,0,29,481,149,1,181343.4,34.4,181377.8,True,True,True,27,6,59.26,100.0,
windowshostprocess0842.yaml,Pod,61,13,13,7,20,0,29,481,149,1,180931.55,34.51,180966.06,True,True,True,27,6,59.26,100.0,
windowshostprocess0843.yaml,Pod,61,13,13,7,20,0,29,481,149,1,181182.69,34.42,181217.11,True,True,True,27,6,59.26,100.0,
windowshostprocess0844.yaml,Pod,61,13,13,7,20,0,29,481,149,1,181497.32,33.96,181531.28,True,True,True,27,6,59.26,100.0,
windowshostprocess0845.yaml,Pod,61,15,15,7,22,0,16,481,200,1,180760.93,31.01,180791.94,True,True,True,33,6,41.79,100.0,
windowshostprocess0846.yaml,Pod,61,15,15,7,22,0,16,481,200,1,180960.28,31.37,180991.65,True,True,True,33,6,41.79,100.0,
windowshostprocess0847.yaml,Pod,61,15,15,7,22,0,16,481,200,1,180677.18,31.16,180708.34,True,True,True,33,6,41.79,100.0,
windowshostprocess0848.yaml,Pod,61,15,15,7,22,0,16,481,200,1,181088.75,30.6,181119.35,True,True,True,33,6,41.79,100.0,
windowshostprocess0849.yaml,Pod,61,15,15,7,22,0,16,481,200,1,181199.61,30.32,181229.93,True,True,True,33,6,41.79,100.0,
windowshostprocess085.yaml,Pod,61,15,15,7,22,0,15,481,200,1,180922.08,30.39,180952.47,True,True,True,33,6,40.0,100.0,
windowshostprocess0850.yaml,Pod,61,15,15,7,22,0,20,481,200,1,181017.6,32.49,181050.09,True,True,True,33,6,45.07,100.0,
windowshostprocess0851.yaml,Pod,61,15,15,7,22,0,20,481,200,1,181611.54,32.09,181643.63,True,True,True,33,6,45.07,100.0,
windowshostprocess0852.yaml,Pod,61,15,15,7,22,0,15,481,200,1,180958.41,30.06,180988.47,True,True,True,33,6,40.0,100.0,
windowshostprocess0853.yaml,Pod,61,15,15,7,22,0,15,481,200,1,181342.31,30.53,181372.84,True,True,True,33,6,40.0,100.0,
windowshostprocess0854.yaml,Pod,61,15,15,7,22,0,15,481,200,1,180966.65,30.41,180997.06,True,True,True,33,6,40.0,100.0,
windowshostprocess0855.yaml,Pod,61,15,15,7,22,0,15,481,200,1,181006.1,30.06,181036.16,True,True,True,33,6,40.0,100.0,
windowshostprocess0856.yaml,Pod,61,15,15,7,22,0,15,481,200,1,180738.47,29.85,180768.32,True,True,True,33,6,40.0,100.0,
windowshostprocess0857.yaml,Pod,61,15,15,7,22,0,15,481,200,1,181012.82,30.18,181043.0,True,True,True,33,6,40.0,100.0,
windowshostprocess0858.yaml,Pod,61,15,15,7,22,0,15,481,200,1,181241.9,29.75,181271.65,True,True,True,33,6,40.0,100.0,
windowshostprocess0859.yaml,Pod,61,15,15,7,22,0,15,481,200,1,180951.08,30.17,180981.25,True,True,True,33,6,40.0,100.0,
windowshostprocess086.yaml,Pod,61,15,15,7,22,0,16,481,200,1,180961.42,30.44,180991.86,True,True,True,33,6,41.79,100.0,
windowshostprocess0860.yaml,Pod,61,15,15,7,22,0,15,481,200,1,180741.68,30.04,180771.72,True,True,True,33,6,40.0,100.0,
windowshostprocess0861.yaml,Pod,61,15,15,7,22,0,15,481,200,1,180885.04,29.94,180914.98,True,True,True,33,6,40.0,100.0,
windowshostprocess0862.yaml,Pod,61,15,15,7,22,0,15,481,200,1,181287.02,29.89,181316.91,True,True,True,33,6,40.0,100.0,
windowshostprocess0863.yaml,Pod,61,15,15,7,22,0,15,481,200,1,181082.03,30.0,181112.03,True,True,True,33,6,40.0,100.0,
windowshostprocess0864.yaml,Pod,61,15,15,7,22,0,15,481,200,1,180918.55,29.93,180948.48,True,True,True,33,6,40.0,100.0,
windowshostprocess0865.yaml,Pod,61,15,15,7,22,0,15,481,200,1,181097.73,29.7,181127.43,True,True,True,33,6,40.0,100.0,
windowshostprocess0866.yaml,Pod,61,15,15,7,22,0,15,481,200,1,180960.87,29.94,180990.81,True,True,True,33,6,40.0,100.0,
windowshostprocess0867.yaml,Pod,61,15,15,7,22,0,15,481,200,1,181370.45,30.32,181400.77,True,True,True,33,6,40.0,100.0,
windowshostprocess0868.yaml,Pod,61,15,15,7,22,0,15,481,200,1,181627.19,31.0,181658.19,True,True,True,33,6,40.0,100.0,
windowshostprocess0869.yaml,Pod,61,15,15,7,22,0,15,481,200,1,180904.19,29.79,180933.98,True,True,True,33,6,40.0,100.0,
windowshostprocess087.yaml,Pod,61,15,15,7,22,0,16,481,200,1,180829.8,30.84,180860.64,True,True,True,33,6,41.79,100.0,
windowshostprocess0870.yaml,Pod,61,15,15,7,22,0,15,481,200,1,181111.17,30.3,181141.47,True,True,True,33,6,40.0,100.0,
windowshostprocess0871.yaml,Pod,61,15,15,7,22,0,15,481,200,1,182095.51,30.42,182125.93,True,True,True,33,6,40.0,100.0,
windowshostprocess0872.yaml,Pod,61,15,15,7,22,0,15,481,200,1,181465.77,29.7,181495.47,True,True,True,33,6,40.0,100.0,
windowshostprocess0873.yaml,Pod,61,15,15,7,22,0,15,481,200,1,181712.97,29.87,181742.84,True,True,True,33,6,40.0,100.0,
windowshostprocess0874.yaml,Pod,61,15,15,7,22,0,15,481,200,1,181060.93,29.82,181090.75,True,True,True,33,6,40.0,100.0,
windowshostprocess0875.yaml,Pod,61,15,15,7,22,0,15,481,200,1,181206.92,29.62,181236.54,True,True,True,33,6,40.0,100.0,
windowshostprocess0876.yaml,Pod,61,15,15,7,22,0,15,481,200,1,181704.72,29.69,181734.41,True,True,True,33,6,40.0,100.0,
windowshostprocess0877.yaml,Pod,61,15,15,7,22,0,15,481,200,1,181418.29,29.75,181448.04,True,True,True,33,6,40.0,100.0,
windowshostprocess0878.yaml,Pod,61,15,15,7,22,0,15,481,200,1,181125.1,29.84,181154.94,True,True,True,33,6,40.0,100.0,
windowshostprocess0879.yaml,Pod,61,15,15,7,22,0,15,481,200,1,181380.04,29.86,181409.9,True,True,True,33,6,40.0,100.0,
windowshostprocess088.yaml,Pod,61,15,15,7,22,0,20,481,200,1,181179.5,32.29,181211.79,True,True,True,33,6,45.07,100.0,
windowshostprocess0880.yaml,Pod,61,15,15,7,22,0,15,481,200,1,181444.3,30.1,181474.4,True,True,True,33,6,40.0,100.0,
windowshostprocess0881.yaml,Pod,61,15,15,7,22,0,15,481,200,1,181439.9,29.91,181469.81,True,True,True,33,6,40.0,100.0,
windowshostprocess0882.yaml,Pod,61,15,15,7,22,0,16,481,200,1,181543.73,30.85,181574.58,True,True,True,33,6,41.79,100.0,
windowshostprocess0883.yaml,Pod,61,15,15,7,22,0,16,481,200,1,182003.04,30.65,182033.69,True,True,True,33,6,41.79,100.0,
windowshostprocess0884.yaml,Pod,61,15,15,7,22,0,20,481,200,1,181522.13,32.22,181554.35,True,True,True,33,6,45.07,100.0,
windowshostprocess0885.yaml,Pod,61,15,15,7,22,0,20,481,200,1,181677.9,32.7,181710.6,True,True,True,33,6,45.07,100.0,
windowshostprocess0886.yaml,Pod,61,15,15,7,22,0,20,481,200,1,181510.92,31.99,181542.91,True,True,True,33,6,45.07,100.0,
windowshostprocess0887.yaml,Pod,61,15,15,7,22,0,20,481,200,1,181634.24,33.14,181667.38,True,True,True,33,6,45.07,100.0,
windowshostprocess0888.yaml,Pod,61,15,15,7,22,0,20,481,200,1,181290.29,32.42,181322.71,True,True,True,33,6,45.07,100.0,
windowshostprocess0889.yaml,Pod,61,15,15,7,22,0,20,481,200,1,181541.34,32.17,181573.51,True,True,True,33,6,45.07,100.0,
windowshostprocess089.yaml,Pod,61,15,15,7,22,0,20,481,200,1,182176.24,32.84,182209.08,True,True,True,33,6,45.07,100.0,
windowshostprocess0890.yaml,Pod,61,15,15,7,22,0,20,481,200,1,182184.32,32.26,182216.58,True,True,True,33,6,45.07,100.0,
windowshostprocess0891.yaml,Pod,61,15,15,7,22,0,20,481,200,1,181411.2,31.94,181443.14,True,True,True,33,6,45.07,100.0,
windowshostprocess0892.yaml,Pod,61,15,15,7,22,0,20,481,200,1,181659.44,32.18,181691.62,True,True,True,33,6,45.07,100.0,
windowshostprocess0893.yaml,Pod,61,15,15,7,22,0,23,481,200,1,181428.47,33.95,181462.42,True,True,True,33,6,48.0,100.0,
windowshostprocess0894.yaml,Pod,61,15,15,7,22,0,16,481,200,1,182023.39,30.24,182053.63,True,True,True,33,6,41.79,100.0,
windowshostprocess0895.yaml,Pod,61,15,15,7,22,0,23,481,200,1,181509.81,33.24,181543.05,True,True,True,33,6,48.0,100.0,
windowshostprocess0896.yaml,Pod,61,15,15,7,22,0,23,481,200,1,181678.05,33.83,181711.88,True,True,True,33,6,48.0,100.0,
windowshostprocess0897.yaml,Pod,61,13,13,7,20,0,29,481,149,1,181893.26,34.64,181927.9,True,True,True,27,6,59.26,100.0,
windowshostprocess0898.yaml,Pod,61,13,13,7,20,0,29,481,149,1,181874.98,34.36,181909.34,True,True,True,27,6,59.26,100.0,
windowshostprocess0899.yaml,Pod,61,13,13,7,20,0,29,481,149,1,182208.43,34.12,182242.55,True,True,True,27,6,59.26,100.0,
windowshostprocess09.yaml,Pod,61,15,15,7,22,0,15,481,200,1,181627.06,29.64,181656.7,True,True,True,33,6,40.0,100.0,
windowshostprocess090.yaml,Pod,61,15,15,7,22,0,20,481,200,1,182021.35,32.59,182053.94,True,True,True,33,6,45.07,100.0,
windowshostprocess0900.yaml,Pod,61,13,13,7,20,0,29,481,149,1,181879.55,34.63,181914.18,True,True,True,27,6,59.26,100.0,
windowshostprocess0901.yaml,Pod,61,13,13,7,20,0,29,481,149,1,181906.14,34.61,181940.75,True,True,True,27,6,59.26,100.0,
windowshostprocess0902.yaml,Pod,61,13,13,7,20,0,29,481,149,1,182084.16,34.48,182118.64,True,True,True,27,6,59.26,100.0,
windowshostprocess0903.yaml,Pod,61,13,13,7,20,0,29,481,149,1,182257.05,34.36,182291.41,True,True,True,27,6,59.26,100.0,
windowshostprocess0904.yaml,Pod,61,13,13,7,20,0,29,481,149,1,182167.65,33.99,182201.64,True,True,True,27,6,59.26,100.0,
windowshostprocess0905.yaml,Pod,61,15,15,7,22,0,16,481,200,1,181751.36,30.81,181782.17,True,True,True,33,6,41.79,100.0,
windowshostprocess0906.yaml,Pod,61,15,15,7,22,0,16,481,200,1,182198.53,31.33,182229.86,True,True,True,33,6,41.79,100.0,
windowshostprocess0907.yaml,Pod,61,15,15,7,22,0,16,481,200,1,182033.12,30.73,182063.85,True,True,True,33,6,41.79,100.0,
windowshostprocess0908.yaml,Pod,61,15,15,7,22,0,16,481,200,1,181971.51,30.43,182001.94,True,True,True,33,6,41.79,100.0,
windowshostprocess0909.yaml,Pod,61,15,15,7,22,0,16,481,200,1,181526.35,30.3,181556.65,True,True,True,33,6,41.79,100.0,
windowshostprocess091.yaml,Pod,61,15,15,7,22,0,20,481,200,1,181677.61,31.81,181709.42,True,True,True,33,6,45.07,100.0,
windowshostprocess0910.yaml,Pod,61,15,15,7,22,0,20,481,200,1,181356.82,31.93,181388.75,True,True,True,33,6,45.07,100.0,
windowshostprocess0911.yaml,Pod,61,15,15,7,22,0,20,481,200,1,181662.58,31.79,181694.37,True,True,True,33,6,45.07,100.0,
windowshostprocess092.yaml,Pod,61,15,15,7,22,0,20,481,200,1,181831.69,32.37,181864.06,True,True,True,33,6,45.07,100.0,
windowshostprocess093.yaml,Pod,61,15,15,7,22,0,20,481,200,1,181434.76,32.13,181466.89,True,True,True,33,6,45.07,100.0,
windowshostprocess094.yaml,Pod,61,15,15,7,22,0,20,481,200,1,181850.09,32.18,181882.27,True,True,True,33,6,45.07,100.0,
windowshostprocess095.yaml,Pod,61,15,15,7,22,0,20,481,200,1,181361.01,32.08,181393.09,True,True,True,33,6,45.07,100.0,
windowshostprocess096.yaml,Pod,61,15,15,7,22,0,20,481,200,1,181334.74,32.13,181366.87,True,True,True,33,6,45.07,100.0,
windowshostprocess097.yaml,Pod,61,15,15,7,22,0,23,481,200,1,181280.83,33.58,181314.41,True,True,True,33,6,48.0,100.0,
windowshostprocess098.yaml,Pod,61,15,15,7,22,0,16,481,200,1,181958.72,32.03,181990.75,True,True,True,33,6,41.79,100.0,
windowshostprocess099.yaml,Pod,61,15,15,7,22,0,23,481,200,1,181669.53,33.81,181703.34,True,True,True,33,6,48.0,100.0,
windowshostprocess1.yaml,Pod,61,15,15,7,22,1,18,481,195,1,182011.4,33.26,182044.66,False,True,True,34,4,45.71,100.0,
windowshostprocess11.yaml,Pod,61,15,15,7,22,1,18,481,195,1,181606.08,33.24,181639.32,False,True,True,34,4,45.71,100.0,
windowshostprocess110.yaml,Pod,61,15,15,7,22,1,18,481,195,1,181522.17,32.99,181555.16,False,True,True,34,4,45.71,100.0,
windowshostprocess1100.yaml,Pod,61,15,15,7,22,1,25,481,195,1,185476.54,36.49,185513.03,False,True,True,34,4,52.5,100.0,
windowshostprocess1101.yaml,Pod,61,13,13,7,20,1,31,481,144,1,182082.25,37.7,182119.95,False,True,True,28,4,62.79,100.0,
windowshostprocess1102.yaml,Pod,61,13,13,7,20,1,31,481,144,1,182515.03,36.78,182551.81,False,True,True,28,4,62.79,100.0,
windowshostprocess1103.yaml,Pod,61,13,13,7,20,1,31,481,144,1,181900.69,36.77,181937.46,False,True,True,28,4,62.79,100.0,
windowshostprocess1104.yaml,Pod,61,13,13,7,20,1,31,481,144,1,181721.72,36.45,181758.17,False,True,True,28,4,62.79,100.0,
windowshostprocess1105.yaml,Pod,61,15,15,7,22,1,20,481,195,1,181616.5,33.2,181649.7,False,True,True,34,4,47.22,100.0,
windowshostprocess1106.yaml,Pod,61,15,15,7,22,1,20,481,195,1,181651.27,33.03,181684.3,False,True,True,34,4,47.22,100.0,
windowshostprocess1107.yaml,Pod,61,15,15,7,22,1,20,481,195,1,181423.76,33.65,181457.41,False,True,True,34,4,47.22,100.0,
windowshostprocess1108.yaml,Pod,61,15,15,7,22,1,20,481,195,1,181686.01,35.42,181721.43,False,True,True,34,4,47.22,100.0,
windowshostprocess1109.yaml,Pod,61,15,15,7,22,1,20,481,195,1,181507.1,33.72,181540.82,False,True,True,34,4,47.22,100.0,
windowshostprocess111.yaml,Pod,61,15,15,7,22,1,18,481,195,1,181340.47,33.0,181373.47,False,True,True,34,4,45.71,100.0,
windowshostprocess1110.yaml,Pod,61,15,15,7,22,1,22,481,195,1,181419.03,35.21,181454.24,False,True,True,34,4,50.0,100.0,
windowshostprocess1111.yaml,Pod,61,15,15,7,22,1,22,481,195,1,181400.85,34.99,181435.84,False,True,True,34,4,50.0,100.0,
windowshostprocess1112.yaml,Pod,61,15,15,7,22,1,18,481,195,1,181945.95,33.32,181979.27,False,True,True,34,4,45.71,100.0,
windowshostprocess1113.yaml,Pod,61,15,15,7,22,1,18,481,195,1,181492.3,32.64,181524.94,False,True,True,34,4,45.71,100.0,
windowshostprocess1114.yaml,Pod,61,15,15,7,22,1,18,481,195,1,181462.23,32.71,181494.94,False,True,True,34,4,45.71,100.0,
windowshostprocess1115.yaml,Pod,61,15,15,7,22,1,18,481,195,1,181677.1,33.37,181710.47,False,True,True,34,4,45.71,100.0,
windowshostprocess1116.yaml,Pod,61,15,15,7,22,1,18,481,195,1,181330.24,32.56,181362.8,False,True,True,34,4,45.71,100.0,
windowshostprocess1117.yaml,Pod,61,15,15,7,22,1,18,481,195,1,181718.73,32.56,181751.29,False,True,True,34,4,45.71,100.0,
windowshostprocess1118.yaml,Pod,61,15,15,7,22,1,18,481,195,1,182481.51,33.77,182515.28,False,True,True,34,4,45.71,100.0,
windowshostprocess1119.yaml,Pod,61,15,15,7,22,1,18,481,195,1,182017.07,32.35,182049.42,False,True,True,34,4,45.71,100.0,
windowshostprocess112.yaml,Pod,61,15,15,7,22,1,18,481,195,1,181428.2,32.41,181460.61,False,True,True,34,4,45.71,100.0,
windowshostprocess1120.yaml,Pod,61,15,15,7,22,1,18,481,195,1,181779.76,32.41,181812.17,False,True,True,34,4,45.71,100.0,
windowshostprocess1121.yaml,Pod,61,15,15,7,22,1,18,481,195,1,181645.22,32.4,181677.62,False,True,True,34,4,45.71,100.0,
windowshostprocess1122.yaml,Pod,61,15,15,7,22,1,18,481,195,1,181599.79,32.4,181632.19,False,True,True,34,4,45.71,100.0,
windowshostprocess1123.yaml,Pod,61,15,15,7,22,1,18,481,195,1,181830.58,32.52,181863.1,False,True,True,34,4,45.71,100.0,
windowshostprocess1124.yaml,Pod,61,15,15,7,22,1,18,481,195,1,181636.48,32.3,181668.78,False,True,True,34,4,45.71,100.0,
windowshostprocess1125.yaml,Pod,61,15,15,7,22,1,18,481,195,1,181381.02,32.29,181413.31,False,True,True,34,4,45.71,100.0,
windowshostprocess1126.yaml,Pod,61,15,15,7,22,1,18,481,195,1,181485.15,32.44,181517.59,False,True,True,34,4,45.71,100.0,
windowshostprocess1127.yaml,Pod,61,15,15,7,22,1,18,481,195,1,181391.99,33.13,181425.12,False,True,True,34,4,45.71,100.0,
windowshostprocess1128.yaml,Pod,61,15,15,7,22,1,18,481,195,1,182097.07,32.57,182129.64,False,True,True,34,4,45.71,100.0,
windowshostprocess1129.yaml,Pod,61,15,15,7,22,1,18,481,195,1,181758.2,32.67,181790.87,False,True,True,34,4,45.71,100.0,
windowshostprocess113.yaml,Pod,61,15,15,7,22,1,18,481,195,1,181469.8,33.13,181502.93,False,True,True,34,4,45.71,100.0,
windowshostprocess1130.yaml,Pod,61,15,15,7,22,1,18,481,195,1,181460.65,32.84,181493.49,False,True,True,34,4,45.71,100.0,
windowshostprocess1131.yaml,Pod,61,15,15,7,22,1,18,481,195,1,181882.1,32.58,181914.68,False,True,True,34,4,45.71,100.0,
windowshostprocess1132.yaml,Pod,61,15,15,7,22,1,18,481,195,1,181603.04,33.68,181636.72,False,True,True,34,4,45.71,100.0,
windowshostprocess1133.yaml,Pod,61,15,15,7,22,1,18,481,195,1,181766.23,33.17,181799.4,False,True,True,34,4,45.71,100.0,
windowshostprocess1134.yaml,Pod,61,15,15,7,22,1,18,481,195,1,182311.68,32.72,182344.4,False,True,True,34,4,45.71,100.0,
windowshostprocess1135.yaml,Pod,61,15,15,7,22,1,18,481,195,1,181451.53,32.78,181484.31,False,True,True,34,4,45.71,100.0,
windowshostprocess1136.yaml,Pod,61,15,15,7,22,1,18,481,195,1,181550.77,33.11,181583.88,False,True,True,34,4,45.71,100.0,
windowshostprocess1137.yaml,Pod,61,15,15,7,22,1,18,481,195,1,181233.01,33.05,181266.06,False,True,True,34,4,45.71,100.0,
windowshostprocess1138.yaml,Pod,61,15,15,7,22,1,18,481,195,1,181506.7,32.78,181539.48,False,True,True,34,4,45.71,100.0,
windowshostprocess1139.yaml,Pod,61,15,15,7,22,1,18,481,195,1,181801.93,32.8,181834.73,False,True,True,34,4,45.71,100.0,
windowshostprocess114.yaml,Pod,61,15,15,7,22,1,18,481,195,1,181873.12,32.96,181906.08,False,True,True,34,4,45.71,100.0,
windowshostprocess1140.yaml,Pod,61,15,15,7,22,1,18,481,195,1,181762.14,32.24,181794.38,False,True,True,34,4,45.71,100.0,
windowshostprocess1141.yaml,Pod,61,15,15,7,22,1,18,481,195,1,181525.48,32.53,181558.01,False,True,True,34,4,45.71,100.0,
windowshostprocess1142.yaml,Pod,61,15,15,7,22,1,20,481,195,1,181903.4,33.36,181936.76,False,True,True,34,4,47.22,100.0,
windowshostprocess1143.yaml,Pod,61,15,15,7,22,1,20,481,195,1,182227.43,33.02,182260.45,False,True,True,34,4,47.22,100.0,
windowshostprocess1144.yaml,Pod,61,15,15,7,22,1,22,481,195,1,181517.24,35.46,181552.7,False,True,True,34,4,50.0,100.0,
windowshostprocess1145.yaml,Pod,61,15,15,7,22,1,22,481,195,1,181183.31,34.84,181218.15,False,True,True,34,4,50.0,100.0,
windowshostprocess1146.yaml,Pod,61,15,15,7,22,1,22,481,195,1,181273.32,34.93,181308.25,False,True,True,34,4,50.0,100.0,
windowshostprocess1147.yaml,Pod,61,15,15,7,22,1,22,481,195,1,181349.16,35.46,181384.62,False,True,True,34,4,50.0,100.0,
windowshostprocess1148.yaml,Pod,61,15,15,7,22,1,22,481,195,1,181689.44,36.04,181725.48,False,True,True,34,4,50.0,100.0,
windowshostprocess1149.yaml,Pod,61,15,15,7,22,1,22,481,195,1,181462.11,34.81,181496.92,False,True,True,34,4,50.0,100.0,
windowshostprocess115.yaml,Pod,61,15,15,7,22,1,18,481,195,1,181459.66,32.76,181492.42,False,True,True,34,4,45.71,100.0,
windowshostprocess1150.yaml,Pod,61,15,15,7,22,1,22,481,195,1,181615.5,35.14,181650.64,False,True,True,34,4,50.0,100.0,
windowshostprocess1151.yaml,Pod,61,15,15,7,22,1,22,481,195,1,181656.83,35.43,181692.26,False,True,True,34,4,50.0,100.0,
windowshostprocess1152.yaml,Pod,61,15,15,7,22,1,22,481,195,1,181538.32,35.6,181573.92,False,True,True,34,4,50.0,100.0,
windowshostprocess1153.yaml,Pod,61,15,15,7,22,1,25,481,195,1,182116.9,36.58,182153.48,False,True,True,34,4,52.5,100.0,
windowshostprocess1154.yaml,Pod,61,15,15,7,22,1,20,481,195,1,181636.11,33.81,181669.92,False,True,True,34,4,47.22,100.0,
windowshostprocess1155.yaml,Pod,61,15,15,7,22,1,25,481,195,1,181498.89,36.39,181535.28,False,True,True,34,4,52.5,100.0,
windowshostprocess1156.yaml,Pod,61,15,15,7,22,1,25,481,195,1,182255.0,36.42,182291.42,False,True,True,34,4,52.5,100.0,
windowshostprocess1157.yaml,Pod,61,13,13,7,20,1,31,481,144,1,182251.29,37.08,182288.37,False,True,True,28,4,62.79,100.0,
windowshostprocess1158.yaml,Pod,61,13,13,7,20,1,31,481,144,1,182660.9,36.86,182697.76,False,True,True,28,4,62.79,100.0,
windowshostprocess1159.yaml,Pod,61,13,13,7,20,1,31,481,144,1,181530.95,37.05,181568.0,False,True,True,28,4,62.79,100.0,
windowshostprocess116.yaml,Pod,61,15,15,7,22,1,18,481,195,1,181288.04,32.97,181321.01,False,True,True,34,4,45.71,100.0,
windowshostprocess1160.yaml,Pod,61,13,13,7,20,1,31,481,144,1,181961.5,36.87,181998.37,False,True,True,28,4,62.79,100.0,
windowshostprocess1161.yaml,Pod,61,13,13,7,20,1,31,481,144,1,181950.98,36.76,181987.74,False,True,True,28,4,62.79,100.0,
windowshostprocess1162.yaml,Pod,61,13,13,7,20,1,31,481,144,1,182117.63,36.75,182154.38,False,True,True,28,4,62.79,100.0,
windowshostprocess1163.yaml,Pod,61,13,13,7,20,1,31,481,144,1,181717.64,37.02,181754.66,False,True,True,28,4,62.79,100.0,
windowshostprocess1164.yaml,Pod,61,13,13,7,20,1,31,481,144,1,181813.96,37.06,181851.02,False,True,True,28,4,62.79,100.0,
windowshostprocess1165.yaml,Pod,61,15,15,7,22,1,20,481,195,1,181532.94,33.95,181566.89,False,True,True,34,4,47.22,100.0,
windowshostprocess1166.yaml,Pod,61,15,15,7,22,1,20,481,195,1,181673.5,33.66,181707.16,False,True,True,34,4,47.22,100.0,
windowshostprocess1167.yaml,Pod,61,15,15,7,22,1,20,481,195,1,181419.46,33.61,181453.07,False,True,True,34,4,47.22,100.0,
windowshostprocess1168.yaml,Pod,61,15,15,7,22,1,20,481,195,1,182136.81,33.3,182170.11,False,True,True,34,4,47.22,100.0,
windowshostprocess1169.yaml,Pod,61,15,15,7,22,1,20,481,195,1,181435.85,34.35,181470.2,False,True,True,34,4,47.22,100.0,
windowshostprocess117.yaml,Pod,61,15,15,7,22,1,18,481,195,1,181498.76,33.05,181531.81,False,True,True,34,4,45.71,100.0,
windowshostprocess1170.yaml,Pod,61,15,15,7,22,1,22,481,195,1,181863.21,35.52,181898.73,False,True,True,34,4,50.0,100.0,
windowshostprocess1171.yaml,Pod,61,15,15,7,22,1,22,481,195,1,182082.64,35.24,182117.88,False,True,True,34,4,50.0,100.0,
windowshostprocess1172.yaml,Pod,61,15,15,7,22,1,18,481,195,1,182021.75,32.72,182054.47,False,True,True,34,4,45.71,100.0,
windowshostprocess1173.yaml,Pod,61,15,15,7,22,1,18,481,195,1,181790.66,32.38,181823.04,False,True,True,34,4,45.71,100.0,
windowshostprocess1174.yaml,Pod,61,15,15,7,22,1,18,481,195,1,182069.99,33.21,182103.2,False,True,True,34,4,45.71,100.0,
windowshostprocess1175.yaml,Pod,61,15,15,7,22,1,18,481,195,1,181972.42,32.4,182004.82,False,True,True,34,4,45.71,100.0,
windowshostprocess1176.yaml,Pod,61,15,15,7,22,1,18,481,195,1,181274.65,32.44,181307.09,False,True,True,34,4,45.71,100.0,
windowshostprocess1177.yaml,Pod,61,15,15,7,22,1,18,481,195,1,181329.32,32.49,181361.81,False,True,True,34,4,45.71,100.0,
windowshostprocess1178.yaml,Pod,61,15,15,7,22,1,18,481,195,1,181482.52,32.38,181514.9,False,True,True,34,4,45.71,100.0,
windowshostprocess1179.yaml,Pod,61,15,15,7,22,1,18,481,195,1,181537.27,32.29,181569.56,False,True,True,34,4,45.71,100.0,
windowshostprocess118.yaml,Pod,61,15,15,7,22,1,18,481,195,1,181394.73,32.31,181427.04,False,True,True,34,4,45.71,100.0,
windowshostprocess1180.yaml,Pod,61,15,15,7,22,1,18,481,195,1,181361.16,33.09,181394.25,False,True,True,34,4,45.71,100.0,
windowshostprocess1181.yaml,Pod,61,15,15,7,22,1,18,481,195,1,181371.71,32.5,181404.21,False,True,True,34,4,45.71,100.0,
windowshostprocess1182.yaml,Pod,61,15,15,7,22,1,18,481,195,1,181489.11,32.91,181522.02,False,True,True,34,4,45.71,100.0,
windowshostprocess1183.yaml,Pod,61,15,15,7,22,1,18,481,195,1,182050.3,32.93,182083.23,False,True,True,34,4,45.71,100.0,
windowshostprocess1184.yaml,Pod,61,15,15,7,22,1,18,481,195,1,181574.91,32.92,181607.83,False,True,True,34,4,45.71,100.0,
windowshostprocess1185.yaml,Pod,61,15,15,7,22,1,18,481,195,1,181389.78,33.89,181423.67,False,True,True,34,4,45.71,100.0,
windowshostprocess1186.yaml,Pod,61,15,15,7,22,1,18,481,195,1,181279.01,33.2,181312.21,False,True,True,34,4,45.71,100.0,
windowshostprocess1187.yaml,Pod,61,15,15,7,22,1,18,481,195,1,181640.95,32.75,181673.7,False,True,True,34,4,45.71,100.0,
windowshostprocess1188.yaml,Pod,61,15,15,7,22,1,18,481,195,1,181672.22,32.91,181705.13,False,True,True,34,4,45.71,100.0,
windowshostprocess1189.yaml,Pod,61,15,15,7,22,1,18,481,195,1,184414.1,32.76,184446.86,False,True,True,34,4,45.71,100.0,
windowshostprocess119.yaml,Pod,61,15,15,7,22,1,18,481,195,1,181900.33,32.88,181933.21,False,True,True,34,4,45.71,100.0,
windowshostprocess1190.yaml,Pod,61,15,15,7,22,1,18,481,195,1,181291.83,33.01,181324.84,False,True,True,34,4,45.71,100.0,
windowshostprocess1191.yaml,Pod,61,15,15,7,22,1,18,481,195,1,181636.12,32.32,181668.44,False,True,True,34,4,45.71,100.0,
windowshostprocess1192.yaml,Pod,61,15,15,7,22,1,18,481,195,1,181414.48,32.42,181446.9,False,True,True,34,4,45.71,100.0,
windowshostprocess1193.yaml,Pod,61,15,15,7,22,1,18,481,195,1,181297.49,32.5,181329.99,False,True,True,34,4,45.71,100.0,
windowshostprocess1194.yaml,Pod,61,15,15,7,22,1,18,481,195,1,181605.22,32.7,181637.92,False,True,True,34,4,45.71,100.0,
windowshostprocess1195.yaml,Pod,61,15,15,7,22,1,18,481,195,1,181764.03,32.69,181796.72,False,True,True,34,4,45.71,100.0,
windowshostprocess1196.yaml,Pod,61,15,15,7,22,1,18,481,195,1,187468.41,34.18,187502.59,False,True,True,34,4,45.71,100.0,
windowshostprocess1197.yaml,Pod,61,15,15,7,22,1,18,481,195,1,181780.15,33.47,181813.62,False,True,True,34,4,45.71,100.0,
windowshostprocess1198.yaml,Pod,61,15,15,7,22,1,20,481,195,1,182204.02,33.34,182237.36,False,True,True,34,4,47.22,100.0,
windowshostprocess1199.yaml,Pod,61,15,15,7,22,1,20,481,195,1,182083.27,33.66,182116.93,False,True,True,34,4,47.22,100.0,
windowshostprocess12.yaml,Pod,61,15,15,7,22,1,18,481,195,1,181277.1,32.69,181309.79,False,True,True,34,4,45.71,100.0,
windowshostprocess120.yaml,Pod,61,15,15,7,22,1,18,481,195,1,181308.37,32.4,181340.77,False,True,True,34,4,45.71,100.0,
windowshostprocess1200.yaml,Pod,61,15,15,7,22,1,22,481,195,1,181895.47,35.05,181930.52,False,True,True,34,4,50.0,100.0,
windowshostprocess1201.yaml,Pod,61,15,15,7,22,1,22,481,195,1,181535.47,34.8,181570.27,False,True,True,34,4,50.0,100.0,
windowshostprocess1202.yaml,Pod,61,15,15,7,22,1,22,481,195,1,181596.19,35.32,181631.51,False,True,True,34,4,50.0,100.0,
windowshostprocess1203.yaml,Pod,61,15,15,7,22,1,22,481,195,1,181951.26,34.48,181985.74,False,True,True,34,4,50.0,100.0,
windowshostprocess1204.yaml,Pod,61,15,15,7,22,1,22,481,195,1,181259.41,35.22,181294.63,False,True,True,34,4,50.0,100.0,
windowshostprocess1205.yaml,Pod,61,15,15,7,22,1,22,481,195,1,181384.81,34.58,181419.39,False,True,True,34,4,50.0,100.0,
windowshostprocess1206.yaml,Pod,61,15,15,7,22,1,22,481,195,1,180844.1,34.94,180879.04,False,True,True,34,4,50.0,100.0,
windowshostprocess1207.yaml,Pod,61,15,15,7,22,1,22,481,195,1,181381.21,34.57,181415.78,False,True,True,34,4,50.0,100.0,
windowshostprocess1208.yaml,Pod,61,15,15,7,22,1,22,481,195,1,181211.72,34.89,181246.61,False,True,True,34,4,50.0,100.0,
windowshostprocess1209.yaml,Pod,61,15,15,7,22,1,25,481,195,1,181528.32,37.09,181565.41,False,True,True,34,4,52.5,100.0,
windowshostprocess121.yaml,Pod,61,15,15,7,22,1,18,481,195,1,181742.85,32.4,181775.25,False,True,True,34,4,45.71,100.0,
windowshostprocess1210.yaml,Pod,61,15,15,7,22,1,20,481,195,1,180825.67,33.01,180858.68,False,True,True,34,4,47.22,100.0,
windowshostprocess1211.yaml,Pod,61,15,15,7,22,1,25,481,195,1,181322.57,36.12,181358.69,False,True,True,34,4,52.5,100.0,
windowshostprocess1212.yaml,Pod,61,15,15,7,22,1,25,481,195,1,181150.01,36.35,181186.36,False,True,True,34,4,52.5,100.0,
windowshostprocess1213.yaml,Pod,61,13,13,7,20,1,31,481,144,1,182206.5,37.24,182243.74,False,True,True,28,4,62.79,100.0,
windowshostprocess1214.yaml,Pod,61,13,13,7,20,1,31,481,144,1,181466.35,36.64,181502.99,False,True,True,28,4,62.79,100.0,
windowshostprocess1215.yaml,Pod,61,13,13,7,20,1,31,481,144,1,181684.36,37.66,181722.02,False,True,True,28,4,62.79,100.0,
windowshostprocess1216.yaml,Pod,61,13,13,7,20,1,31,481,144,1,181471.11,36.56,181507.67,False,True,True,28,4,62.79,100.0,
windowshostprocess1217.yaml,Pod,61,15,15,7,22,1,20,481,195,1,180829.68,33.22,180862.9,False,True,True,34,4,47.22,100.0,
windowshostprocess1218.yaml,Pod,61,15,15,7,22,1,20,481,195,1,181103.01,34.08,181137.09,False,True,True,34,4,47.22,100.0,
windowshostprocess1219.yaml,Pod,61,15,15,7,22,1,20,481,195,1,180886.87,33.71,180920.58,False,True,True,34,4,47.22,100.0,
windowshostprocess122.yaml,Pod,61,15,15,7,22,1,18,481,195,1,181046.52,33.34,181079.86,False,True,True,34,4,45.71,100.0,
windowshostprocess1220.yaml,Pod,61,15,15,7,22,1,20,481,195,1,181373.16,33.66,181406.82,False,True,True,34,4,47.22,100.0,
windowshostprocess1221.yaml,Pod,61,15,15,7,22,1,20,481,195,1,181538.67,33.42,181572.09,False,True,True,34,4,47.22,100.0,
windowshostprocess1222.yaml,Pod,61,15,15,7,22,1,22,481,195,1,181279.35,35.04,181314.39,False,True,True,34,4,50.0,100.0,
windowshostprocess1223.yaml,Pod,61,15,15,7,22,1,22,481,195,1,181286.18,35.0,181321.18,False,True,True,34,4,50.0,100.0,
windowshostprocess1224.yaml,Pod,61,15,15,7,22,1,18,481,195,1,181666.65,32.85,181699.5,False,True,True,34,4,45.71,100.0,
windowshostprocess1225.yaml,Pod,61,15,15,7,22,1,18,481,195,1,181527.84,32.52,181560.36,False,True,True,34,4,45.71,100.0,
windowshostprocess1226.yaml,Pod,61,15,15,7,22,1,18,481,195,1,181190.32,32.96,181223.28,False,True,True,34,4,45.71,100.0,
windowshostprocess1227.yaml,Pod,61,15,15,7,22,1,18,481,195,1,181205.78,33.03,181238.81,False,True,True,34,4,45.71,100.0,
windowshostprocess1228.yaml,Pod,61,15,15,7,22,1,18,481,195,1,181142.8,33.0,181175.8,False,True,True,34,4,45.71,100.0,
windowshostprocess1229.yaml,Pod,61,15,15,7,22,1,18,481,195,1,180961.2,32.48,180993.68,False,True,True,34,4,45.71,100.0,
windowshostprocess123.yaml,Pod,61,15,15,7,22,1,18,481,195,1,180968.39,32.51,181000.9,False,True,True,34,4,45.71,100.0,
windowshostprocess1230.yaml,Pod,61,15,15,7,22,1,18,481,195,1,180926.71,32.76,180959.47,False,True,True,34,4,45.71,100.0,
windowshostprocess1231.yaml,Pod,61,15,15,7,22,1,18,481,195,1,181067.17,32.92,181100.09,False,True,True,34,4,45.71,100.0,
windowshostprocess1232.yaml,Pod,61,15,15,7,22,1,18,481,195,1,181226.04,32.99,181259.03,False,True,True,34,4,45.71,100.0,
windowshostprocess1233.yaml,Pod,61,15,15,7,22,1,18,481,195,1,181791.95,32.26,181824.21,False,True,True,34,4,45.71,100.0,
windowshostprocess1234.yaml,Pod,61,15,15,7,22,1,18,481,195,1,180794.54,43.57,180838.11,False,True,True,34,4,45.71,100.0,
windowshostprocess1235.yaml,Pod,61,15,15,7,22,1,18,481,195,1,181600.61,33.03,181633.64,False,True,True,34,4,45.71,100.0,
windowshostprocess1236.yaml,Pod,61,15,15,7,22,1,18,481,195,1,181107.01,32.53,181139.54,False,True,True,34,4,45.71,100.0,
windowshostprocess1237.yaml,Pod,61,15,15,7,22,1,18,481,195,1,181066.31,32.5,181098.81,False,True,True,34,4,45.71,100.0,
windowshostprocess1238.yaml,Pod,61,15,15,7,22,1,18,481,195,1,181600.4,32.6,181633.0,False,True,True,34,4,45.71,100.0,
windowshostprocess1239.yaml,Pod,61,15,15,7,22,1,18,481,195,1,181061.76,32.6,181094.36,False,True,True,34,4,45.71,100.0,
windowshostprocess124.yaml,Pod,61,15,15,7,22,1,18,481,195,1,180957.75,32.49,180990.24,False,True,True,34,4,45.71,100.0,
windowshostprocess1240.yaml,Pod,61,15,15,7,22,1,18,481,195,1,181194.02,32.85,181226.87,False,True,True,34,4,45.71,100.0,
windowshostprocess1241.yaml,Pod,61,15,15,7,22,1,18,481,195,1,180998.98,32.65,181031.63,False,True,True,34,4,45.71,100.0,
windowshostprocess1242.yaml,Pod,61,15,15,7,22,1,18,481,195,1,181057.12,32.57,181089.69,False,True,True,34,4,45.71,100.0,
windowshostprocess1243.yaml,Pod,61,15,15,7,22,1,18,481,195,1,181096.73,32.19,181128.92,False,True,True,34,4,45.71,100.0,
windowshostprocess1244.yaml,Pod,61,15,15,7,22,1,18,481,195,1,181636.03,32.22,181668.25,False,True,True,34,4,45.71,100.0,
windowshostprocess1245.yaml,Pod,61,15,15,7,22,1,18,481,195,1,181074.55,32.91,181107.46,False,True,True,34,4,45.71,100.0,
windowshostprocess1246.yaml,Pod,61,15,15,7,22,1,18,481,195,1,180944.57,32.33,180976.9,False,True,True,34,4,45.71,100.0,
windowshostprocess1247.yaml,Pod,61,15,15,7,22,1,18,481,195,1,180994.59,32.59,181027.18,False,True,True,34,4,45.71,100.0,
windowshostprocess1248.yaml,Pod,61,15,15,7,22,1,20,481,195,1,181086.61,33.83,181120.44,False,True,True,34,4,47.22,100.0,
windowshostprocess1249.yaml,Pod,61,15,15,7,22,1,20,481,195,1,181872.7,33.1,181905.8,False,True,True,34,4,47.22,100.0,
windowshostprocess125.yaml,Pod,61,15,15,7,22,1,18,481,195,1,180962.61,32.91,180995.52,False,True,True,34,4,45.71,100.0,
windowshostprocess1250.yaml,Pod,61,15,15,7,22,1,22,481,195,1,181456.42,34.59,181491.01,False,True,True,34,4,50.0,100.0,
windowshostprocess1251.yaml,Pod,61,15,15,7,22,1,22,481,195,1,181214.73,34.87,181249.6,False,True,True,34,4,50.0,100.0,
windowshostprocess1252.yaml,Pod,61,15,15,7,22,1,22,481,195,1,181571.25,34.9,181606.15,False,True,True,34,4,50.0,100.0,
windowshostprocess1253.yaml,Pod,61,15,15,7,22,1,22,481,195,1,180993.64,34.98,181028.62,False,True,True,34,4,50.0,100.0,
windowshostprocess1254.yaml,Pod,61,15,15,7,22,1,22,481,195,1,180879.05,34.58,180913.63,False,True,True,34,4,50.0,100.0,
windowshostprocess1255.yaml,Pod,61,15,15,7,22,1,22,481,195,1,181511.94,34.64,181546.58,False,True,True,34,4,50.0,100.0,
windowshostprocess1256.yaml,Pod,61,15,15,7,22,1,22,481,195,1,181191.9,34.54,181226.44,False,True,True,34,4,50.0,100.0,
windowshostprocess1257.yaml,Pod,61,15,15,7,22,1,22,481,195,1,181251.5,34.8,181286.3,False,True,True,34,4,50.0,100.0,
windowshostprocess1258.yaml,Pod,61,15,15,7,22,1,22,481,195,1,181453.25,34.49,181487.74,False,True,True,34,4,50.0,100.0,
windowshostprocess1259.yaml,Pod,61,15,15,7,22,1,25,481,195,1,180975.84,36.73,181012.57,False,True,True,34,4,52.5,100.0,
windowshostprocess126.yaml,Pod,61,15,15,7,22,1,18,481,195,1,181791.56,32.78,181824.34,False,True,True,34,4,45.71,100.0,
windowshostprocess1260.yaml,Pod,61,15,15,7,22,1,20,481,195,1,184709.97,33.8,184743.77,False,True,True,34,4,47.22,100.0,
windowshostprocess1261.yaml,Pod,61,15,15,7,22,1,25,481,195,1,183604.84,36.55,183641.39,False,True,True,34,4,52.5,100.0,
windowshostprocess1262.yaml,Pod,61,15,15,7,22,1,25,481,195,1,181647.33,36.77,181684.1,False,True,True,34,4,52.5,100.0,
windowshostprocess1263.yaml,Pod,61,13,13,7,20,1,31,481,144,1,181812.82,37.2,181850.02,False,True,True,28,4,62.79,100.0,
windowshostprocess1264.yaml,Pod,61,13,13,7,20,1,31,481,144,1,182340.41,37.05,182377.46,False,True,True,28,4,62.79,100.0,
windowshostprocess1265.yaml,Pod,61,15,15,7,22,1,20,481,195,1,182217.53,34.2,182251.73,False,True,True,34,4,47.22,100.0,
windowshostprocess1266.yaml,Pod,61,15,15,7,22,1,20,481,195,1,182202.09,33.1,182235.19,False,True,True,34,4,47.22,100.0,
windowshostprocess1267.yaml,Unknown,SCHEMA_ERROR,,,,,,0,0,0,0,7008.85,0.0,7008.85,,,,0,0,0.0,0.0,Timeout_Exceeded
windowshostprocess1268.yaml,Pod,61,15,15,7,22,1,20,481,195,1,181266.25,33.0,181299.25,False,True,True,34,4,47.22,100.0,
windowshostprocess1269.yaml,Pod,61,15,15,7,22,1,20,481,195,1,181000.58,33.36,181033.94,False,True,True,34,4,47.22,100.0,
windowshostprocess127.yaml,Pod,61,15,15,7,22,1,18,481,195,1,182612.5,32.47,182644.97,False,True,True,34,4,45.71,100.0,
windowshostprocess1270.yaml,Pod,61,15,15,7,22,1,22,481,195,1,181262.44,35.06,181297.5,False,True,True,34,4,50.0,100.0,
windowshostprocess1271.yaml,Pod,61,15,15,7,22,1,22,481,195,1,181202.65,34.82,181237.47,False,True,True,34,4,50.0,100.0,
windowshostprocess1272.yaml,Pod,61,15,15,7,22,1,18,481,195,1,181444.88,32.87,181477.75,False,True,True,34,4,45.71,100.0,
windowshostprocess1273.yaml,Unknown,SCHEMA_ERROR,,,,,,0,0,0,0,7016.57,0.0,7016.57,,,,0,0,0.0,0.0,Timeout_Exceeded
windowshostprocess1274.yaml,Unknown,SCHEMA_ERROR,,,,,,0,0,0,0,7006.61,0.0,7006.61,,,,0,0,0.0,0.0,Timeout_Exceeded
windowshostprocess1275.yaml,Unknown,SCHEMA_ERROR,,,,,,0,0,0,0,7021.38,0.0,7021.38,,,,0,0,0.0,0.0,Timeout_Exceeded
windowshostprocess1276.yaml,Pod,61,15,15,7,22,1,18,481,195,1,181776.96,34.07,181811.03,False,True,True,34,4,45.71,100.0,
windowshostprocess1277.yaml,Pod,61,15,15,7,22,1,18,481,195,1,182439.28,32.94,182472.22,False,True,True,34,4,45.71,100.0,
windowshostprocess1278.yaml,Pod,61,15,15,7,22,1,18,481,195,1,185174.45,32.6,185207.05,False,True,True,34,4,45.71,100.0,
windowshostprocess1279.yaml,Pod,61,15,15,7,22,1,18,481,195,1,193646.91,32.6,193679.51,False,True,True,34,4,45.71,100.0,
windowshostprocess128.yaml,Pod,61,15,15,7,22,1,18,481,195,1,187771.0,33.59,187804.59,False,True,True,34,4,45.71,100.0,
windowshostprocess1280.yaml,Pod,61,15,15,7,22,1,18,481,195,1,185129.17,32.24,185161.41,False,True,True,34,4,45.71,100.0,
windowshostprocess1281.yaml,Pod,61,15,15,7,22,1,18,481,195,1,184218.07,33.0,184251.07,False,True,True,34,4,45.71,100.0,
windowshostprocess1282.yaml,Pod,61,15,15,7,22,1,18,481,195,1,183139.79,32.49,183172.28,False,True,True,34,4,45.71,100.0,
windowshostprocess1283.yaml,Pod,61,15,15,7,22,1,18,481,195,1,182377.23,32.48,182409.71,False,True,True,34,4,45.71,100.0,
windowshostprocess1284.yaml,Pod,61,15,15,7,22,1,18,481,195,1,183126.04,32.78,183158.82,False,True,True,34,4,45.71,100.0,
windowshostprocess1285.yaml,Pod,61,15,15,7,22,1,18,481,195,1,182791.82,33.22,182825.04,False,True,True,34,4,45.71,100.0,
windowshostprocess1286.yaml,Pod,61,15,15,7,22,1,18,481,195,1,197842.46,35.93,197878.39,False,True,True,34,4,45.71,100.0,
windowshostprocess1287.yaml,Pod,61,15,15,7,22,1,18,481,195,1,195211.09,32.88,195243.97,False,True,True,34,4,45.71,100.0,
windowshostprocess1288.yaml,Pod,61,15,15,7,22,1,18,481,195,1,194618.29,33.54,194651.83,False,True,True,34,4,45.71,100.0,
windowshostprocess1289.yaml,Pod,61,15,15,7,22,1,18,481,195,1,193606.22,32.68,193638.9,False,True,True,34,4,45.71,100.0,
windowshostprocess129.yaml,Pod,61,15,15,7,22,1,18,481,195,1,189495.43,32.33,189527.76,False,True,False,34,4,45.71,100.0,Timeout_Exceeded
windowshostprocess1290.yaml,Pod,61,15,15,7,22,1,18,481,195,1,188868.45,32.51,188900.96,False,True,True,34,4,45.71,100.0,
windowshostprocess1291.yaml,Pod,61,15,15,7,22,1,18,481,195,1,188215.64,32.77,188248.41,False,True,True,34,4,45.71,100.0,
windowshostprocess1292.yaml,Pod,61,15,15,7,22,1,18,481,195,1,193547.37,33.11,193580.48,False,True,True,34,4,45.71,100.0,
windowshostprocess1293.yaml,Pod,61,15,15,7,22,1,18,481,195,1,189242.67,32.6,189275.27,False,True,True,34,4,45.71,100.0,
windowshostprocess1294.yaml,Pod,61,15,15,7,22,1,18,481,195,1,190245.94,32.92,190278.86,False,True,True,34,4,45.71,100.0,
windowshostprocess1295.yaml,Pod,61,15,15,7,22,1,18,481,195,1,196123.21,33.93,196157.14,False,True,True,34,4,45.71,100.0,
windowshostprocess1296.yaml,Pod,61,15,15,7,22,1,18,481,195,1,200317.12,33.37,200350.49,False,True,True,34,4,45.71,100.0,
windowshostprocess1297.yaml,Pod,61,15,15,7,22,1,18,481,195,1,189477.31,32.63,189509.94,False,True,True,34,4,45.71,100.0,
windowshostprocess1298.yaml,Pod,61,15,15,7,22,1,18,481,195,1,189056.02,32.47,189088.49,False,True,True,34,4,45.71,100.0,
windowshostprocess1299.yaml,Pod,61,15,15,7,22,1,18,481,195,1,191960.73,32.62,191993.35,False,True,True,34,4,45.71,100.0,
windowshostprocess13.yaml,Pod,61,15,15,7,22,1,18,481,195,1,191448.95,34.84,191483.79,False,True,True,34,4,45.71,100.0,
windowshostprocess130.yaml,Pod,61,15,15,7,22,1,20,481,195,1,193833.75,34.33,193868.08,False,True,True,34,4,47.22,100.0,
windowshostprocess1300.yaml,Pod,61,15,15,7,22,1,18,481,195,1,192740.17,32.46,192772.63,False,True,True,34,4,45.71,100.0,
windowshostprocess1301.yaml,Pod,61,15,15,7,22,1,18,481,195,1,193953.91,33.45,193987.36,False,True,True,34,4,45.71,100.0,
windowshostprocess1302.yaml,Pod,61,15,15,7,22,1,20,481,195,1,194444.34,34.32,194478.66,False,True,True,34,4,47.22,100.0,
windowshostprocess1303.yaml,Pod,61,15,15,7,22,1,20,481,195,1,200980.08,34.23,201014.31,False,True,True,34,4,47.22,100.0,
windowshostprocess1304.yaml,Pod,61,15,15,7,22,1,22,481,195,1,198667.79,37.6,198705.39,False,True,True,34,4,50.0,100.0,
windowshostprocess1305.yaml,Pod,61,15,15,7,22,1,22,481,195,1,198267.23,35.51,198302.74,False,True,True,34,4,50.0,100.0,
windowshostprocess1306.yaml,Pod,61,15,15,7,22,1,22,481,195,1,195585.13,35.92,195621.05,False,True,True,34,4,50.0,100.0,
windowshostprocess1307.yaml,Pod,61,15,15,7,22,1,22,481,195,1,195610.92,34.96,195645.88,False,True,True,34,4,50.0,100.0,
windowshostprocess1308.yaml,Pod,61,15,15,7,22,1,22,481,195,1,189802.0,35.56,189837.56,False,True,True,34,4,50.0,100.0,
windowshostprocess1309.yaml,Pod,61,15,15,7,22,1,22,481,195,1,190907.88,35.46,190943.34,False,True,True,34,4,50.0,100.0,
windowshostprocess131.yaml,Pod,61,15,15,7,22,1,20,481,195,1,189131.2,33.71,189164.91,False,True,True,34,4,47.22,100.0,
windowshostprocess1310.yaml,Pod,61,15,15,7,22,1,22,481,195,1,187446.76,35.24,187482.0,False,True,True,34,4,50.0,100.0,
windowshostprocess1311.yaml,Pod,61,15,15,7,22,1,22,481,195,1,188485.25,35.69,188520.94,False,True,True,34,4,50.0,100.0,
windowshostprocess1312.yaml,Pod,61,15,15,7,22,1,22,481,195,1,189614.49,40.42,189654.91,False,True,True,34,4,50.0,100.0,
windowshostprocess1313.yaml,Pod,61,15,15,7,22,1,25,481,195,1,189698.85,36.47,189735.32,False,True,True,34,4,52.5,100.0,
windowshostprocess1314.yaml,Pod,61,15,15,7,22,1,20,481,195,1,192169.82,33.22,192203.04,False,True,True,34,4,47.22,100.0,
windowshostprocess1315.yaml,Pod,61,15,15,7,22,1,25,481,195,1,194657.81,36.17,194693.98,False,True,True,34,4,52.5,100.0,
windowshostprocess1316.yaml,Pod,61,15,15,7,22,1,25,481,195,1,187042.36,36.57,187078.93,False,True,True,34,4,52.5,100.0,
windowshostprocess1317.yaml,Pod,61,13,13,7,20,1,31,481,144,1,198986.4,37.12,199023.52,False,True,True,28,4,62.79,100.0,
windowshostprocess1318.yaml,Pod,61,13,13,7,20,1,31,481,144,1,196139.63,37.33,196176.96,False,True,True,28,4,62.79,100.0,
windowshostprocess1319.yaml,Pod,61,13,13,7,20,1,31,481,144,1,195439.85,36.83,195476.68,False,True,True,28,4,62.79,100.0,
windowshostprocess132.yaml,Pod,61,15,15,7,22,1,22,481,195,1,204746.57,36.33,204782.9,False,True,True,34,4,50.0,100.0,
windowshostprocess1320.yaml,Pod,61,13,13,7,20,1,31,481,144,1,192687.91,36.71,192724.62,False,True,True,28,4,62.79,100.0,
windowshostprocess1321.yaml,Pod,61,13,13,7,20,1,31,481,144,1,193152.14,37.41,193189.55,False,True,True,28,4,62.79,100.0,
windowshostprocess1322.yaml,Pod,61,13,13,7,20,1,31,481,144,1,193205.82,37.55,193243.37,False,True,True,28,4,62.79,100.0,
windowshostprocess1323.yaml,Pod,61,13,13,7,20,1,31,481,144,1,186892.35,37.08,186929.43,False,True,True,28,4,62.79,100.0,
windowshostprocess1324.yaml,Pod,61,13,13,7,20,1,31,481,144,1,186687.71,37.1,186724.81,False,True,True,28,4,62.79,100.0,
windowshostprocess1325.yaml,Pod,61,15,15,7,22,1,20,481,195,1,186169.96,33.96,186203.92,False,True,True,34,4,47.22,100.0,
windowshostprocess1326.yaml,Pod,61,15,15,7,22,1,20,481,195,1,186437.67,34.32,186471.99,False,True,True,34,4,47.22,100.0,
windowshostprocess1327.yaml,Pod,61,15,15,7,22,1,20,481,195,1,186592.65,34.2,186626.85,False,True,True,34,4,47.22,100.0,
windowshostprocess1328.yaml,Pod,61,15,15,7,22,1,20,481,195,1,186107.78,34.33,186142.11,False,True,True,34,4,47.22,100.0,
windowshostprocess1329.yaml,Pod,61,15,15,7,22,1,20,481,195,1,186347.57,33.89,186381.46,False,True,True,34,4,47.22,100.0,
windowshostprocess133.yaml,Pod,61,15,15,7,22,1,22,481,195,1,186299.63,35.5,186335.13,False,True,True,34,4,50.0,100.0,
windowshostprocess1330.yaml,Pod,61,15,15,7,22,1,22,481,195,1,187040.87,34.93,187075.8,False,True,True,34,4,50.0,100.0,
windowshostprocess1331.yaml,Pod,61,15,15,7,22,1,22,481,195,1,187107.59,36.91,187144.5,False,True,True,34,4,50.0,100.0,
windowshostprocess1332.yaml,Pod,61,15,15,7,22,1,18,481,195,1,186974.83,33.73,187008.56,False,True,True,34,4,45.71,100.0,
windowshostprocess1333.yaml,Pod,61,15,15,7,22,1,18,481,195,1,187101.27,32.35,187133.62,False,True,True,34,4,45.71,100.0,
windowshostprocess1334.yaml,Pod,61,15,15,7,22,1,18,481,195,1,187098.07,33.76,187131.83,False,True,True,34,4,45.71,100.0,
windowshostprocess1335.yaml,Pod,61,15,15,7,22,1,18,481,195,1,187326.74,33.9,187360.64,False,True,True,34,4,45.71,100.0,
windowshostprocess1336.yaml,Pod,61,15,15,7,22,1,18,481,195,1,187340.81,33.77,187374.58,False,True,True,34,4,45.71,100.0,
windowshostprocess1337.yaml,Pod,61,15,15,7,22,1,18,481,195,1,187238.84,33.56,187272.4,False,True,True,34,4,45.71,100.0,
windowshostprocess1338.yaml,Pod,61,15,15,7,22,1,18,481,195,1,187181.47,33.39,187214.86,False,True,True,34,4,45.71,100.0,
windowshostprocess1339.yaml,Pod,61,15,15,7,22,1,18,481,195,1,187151.45,33.75,187185.2,False,True,True,34,4,45.71,100.0,
windowshostprocess134.yaml,Pod,61,15,15,7,22,1,22,481,195,1,187059.04,36.29,187095.33,False,True,True,34,4,50.0,100.0,
windowshostprocess1340.yaml,Pod,61,15,15,7,22,1,18,481,195,1,187597.64,32.87,187630.51,False,True,True,34,4,45.71,100.0,
windowshostprocess1341.yaml,Pod,61,15,15,7,22,1,18,481,195,1,187644.85,32.37,187677.22,False,True,True,34,4,45.71,100.0,
windowshostprocess1342.yaml,Pod,61,15,15,7,22,1,18,481,195,1,187013.2,32.89,187046.09,False,True,True,34,4,45.71,100.0,
windowshostprocess1343.yaml,Pod,61,15,15,7,22,1,18,481,195,1,187443.84,32.54,187476.38,False,True,True,34,4,45.71,100.0,
windowshostprocess1344.yaml,Pod,61,15,15,7,22,1,18,481,195,1,187272.18,33.33,187305.51,False,True,True,34,4,45.71,100.0,
windowshostprocess1345.yaml,Pod,61,15,15,7,22,1,18,481,195,1,187061.85,33.38,187095.23,False,True,True,34,4,45.71,100.0,
windowshostprocess1346.yaml,Pod,61,15,15,7,22,1,18,481,195,1,187153.41,33.17,187186.58,False,True,True,34,4,45.71,100.0,
windowshostprocess1347.yaml,Pod,61,15,15,7,22,1,18,481,195,1,186578.5,32.75,186611.25,False,True,True,34,4,45.71,100.0,
windowshostprocess1348.yaml,Pod,61,15,15,7,22,1,18,481,195,1,186395.17,33.84,186429.01,False,True,True,34,4,45.71,100.0,
windowshostprocess1349.yaml,Pod,61,15,15,7,22,1,18,481,195,1,186317.46,33.14,186350.6,False,True,True,34,4,45.71,100.0,
windowshostprocess135.yaml,Pod,61,15,15,7,22,1,22,481,195,1,186322.15,34.89,186357.04,False,True,True,34,4,50.0,100.0,
windowshostprocess1350.yaml,Pod,61,15,15,7,22,1,18,481,195,1,186342.59,33.78,186376.37,False,True,True,34,4,45.71,100.0,
windowshostprocess1351.yaml,Pod,61,15,15,7,22,1,18,481,195,1,186562.22,32.8,186595.02,False,True,True,34,4,45.71,100.0,
windowshostprocess1352.yaml,Pod,61,15,15,7,22,1,18,481,195,1,186215.71,32.39,186248.1,False,True,True,34,4,45.71,100.0,
windowshostprocess1353.yaml,Pod,61,15,15,7,22,1,18,481,195,1,186996.27,33.49,187029.76,False,True,True,34,4,45.71,100.0,
windowshostprocess1354.yaml,Pod,61,15,15,7,22,1,18,481,195,1,191420.69,32.93,191453.62,False,True,True,34,4,45.71,100.0,
windowshostprocess1355.yaml,Pod,61,15,15,7,22,1,18,481,195,1,189443.52,33.37,189476.89,False,True,True,34,4,45.71,100.0,
windowshostprocess1356.yaml,Pod,61,15,15,7,22,1,18,481,195,1,191778.03,32.77,191810.8,False,True,True,34,4,45.71,100.0,
windowshostprocess1357.yaml,Pod,61,15,15,7,22,1,18,481,195,1,192704.73,33.07,192737.8,False,True,True,34,4,45.71,100.0,
windowshostprocess1358.yaml,Pod,61,15,15,7,22,1,18,481,195,1,194786.6,34.54,194821.14,False,True,True,34,4,45.71,100.0,
windowshostprocess1359.yaml,Pod,61,15,15,7,22,1,18,481,195,1,196802.63,32.78,196835.41,False,True,True,34,4,45.71,100.0,
windowshostprocess136.yaml,Pod,61,15,15,7,22,1,22,481,195,1,197172.71,34.98,197207.69,False,True,True,34,4,50.0,100.0,
windowshostprocess1360.yaml,Pod,61,15,15,7,22,1,18,481,195,1,187739.0,32.84,187771.84,False,True,True,34,4,45.71,100.0,
windowshostprocess1361.yaml,Pod,61,15,15,7,22,1,18,481,195,1,189384.05,33.32,189417.37,False,True,True,34,4,45.71,100.0,
windowshostprocess1362.yaml,Pod,61,15,15,7,22,1,20,481,195,1,194396.14,34.53,194430.67,False,True,True,34,4,47.22,100.0,
windowshostprocess1363.yaml,Pod,61,15,15,7,22,1,20,481,195,1,197842.34,35.01,197877.35,False,True,True,34,4,47.22,100.0,
windowshostprocess1364.yaml,Pod,61,15,15,7,22,1,22,481,195,1,198873.3,36.02,198909.32,False,True,True,34,4,50.0,100.0,
windowshostprocess1365.yaml,Pod,61,15,15,7,22,1,22,481,195,1,201298.22,36.52,201334.74,False,True,True,34,4,50.0,100.0,
windowshostprocess1366.yaml,Pod,61,15,15,7,22,1,22,481,195,1,197340.61,36.03,197376.64,False,True,True,34,4,50.0,100.0,
windowshostprocess1367.yaml,Pod,61,15,15,7,22,1,22,481,195,1,196385.07,37.37,196422.44,False,True,True,34,4,50.0,100.0,
windowshostprocess1368.yaml,Pod,61,15,15,7,22,1,22,481,195,1,194029.79,34.76,194064.55,False,True,True,34,4,50.0,100.0,
windowshostprocess1369.yaml,Pod,61,15,15,7,22,1,22,481,195,1,189910.53,34.9,189945.43,False,True,True,34,4,50.0,100.0,
windowshostprocess137.yaml,Pod,61,15,15,7,22,1,22,481,195,1,189981.56,34.9,190016.46,False,True,True,34,4,50.0,100.0,
windowshostprocess1370.yaml,Pod,61,15,15,7,22,1,22,481,195,1,190481.55,35.66,190517.21,False,True,True,34,4,50.0,100.0,
windowshostprocess1371.yaml,Pod,61,15,15,7,22,1,22,481,195,1,208104.98,36.45,208141.43,False,True,True,34,4,50.0,100.0,
windowshostprocess1372.yaml,Pod,61,15,15,7,22,1,22,481,195,1,212326.24,36.21,212362.45,False,True,True,34,4,50.0,100.0,
windowshostprocess1373.yaml,Pod,61,15,15,7,22,1,25,481,195,1,197507.34,36.3,197543.64,False,True,True,34,4,52.5,100.0,
windowshostprocess1374.yaml,Pod,61,15,15,7,22,1,20,481,195,1,204581.55,35.52,204617.07,False,True,True,34,4,47.22,100.0,
windowshostprocess1375.yaml,Pod,61,15,15,7,22,1,25,481,195,1,210733.21,38.19,210771.4,False,True,True,34,4,52.5,100.0,
