Filename,Kind,Policies_Evaluated,Orig_AST_Alerts,Orig_Regex_Alerts,Total_Initial_Alerts,Security_Score,Risk_Deduction_Score,Rem_Alerts,N_Features,N_Features_in_Policies_Complete,N_Features_in_Policies_Failed,N_Configurations,T_AST_ms,T_Detection_ms,T_AST_Remed_ms,T_Total_Pipeline_ms,Is_Fully_Secure,Is_K8s_Rem_Valid,AST_Lines_Added,AST_Lines_Removed,Patch_Similarity_%,Comments_Retention_%,Failed_Policies_Details,Kubeconform_Error
172.16_net_calico1_19.yaml,DaemonSet,31,10,3,13,61.54,0.0,0,83,423,218,10000,2277.57,3621.99,143.75,3765.74,True,True,40,33,81.7,100.0,"{'no_root': 'trivy', 'kubernetes_primary_supplementary_gid': 'trivy', 'kubernetes_drop_default_capabilities': 'trivy', 'no_mounted_hostpath': 'trivy', 'use_high_gid': 'trivy', 'kubernetes_use_readonly_filesystem': 'trivy', 'no_privileged_containers': 'trivy', 'kubernetes_drop_unused_capabilities': 'trivy', 'no_host_network': 'trivy', 'use_high_uid': 'trivy', 'memoryLimitsMissing': 'polaris', 'memoryRequestsMissing': 'polaris', 'cpuLimitsMissing': 'polaris'}",
172.16_net_calico_19.yaml,DaemonSet,31,10,3,13,61.54,0.0,0,83,423,218,10000,158.12,1534.09,151.41,1685.5,True,True,40,33,81.7,100.0,"{'no_root': 'trivy', 'kubernetes_primary_supplementary_gid': 'trivy', 'kubernetes_drop_default_capabilities': 'trivy', 'no_mounted_hostpath': 'trivy', 'use_high_gid': 'trivy', 'kubernetes_use_readonly_filesystem': 'trivy', 'no_privileged_containers': 'trivy', 'kubernetes_drop_unused_capabilities': 'trivy', 'no_host_network': 'trivy', 'use_high_uid': 'trivy', 'memoryLimitsMissing': 'polaris', 'memoryRequestsMissing': 'polaris', 'cpuLimitsMissing': 'polaris'}",
2-sts.yaml,StatefulSet,31,7,2,9,76.07,16.0,0,66,424,176,4992,1349.7,1815.01,91.88,1906.89,True,True,38,1,89.54,100.0,"{'no_root': 'trivy', 'kubernetes_primary_supplementary_gid': 'trivy', 'kubernetes_drop_default_capabilities': 'trivy', 'use_high_gid': 'trivy', 'kubernetes_use_readonly_filesystem': 'trivy', 'kubernetes_drop_unused_capabilities': 'trivy', 'use_high_uid': 'trivy', 'memoryLimitsMissing': 'polaris', 'cpuLimitsMissing': 'polaris'}",
2.1.2_32.yaml,Deployment,31,5,4,9,76.5,17.5,0,74,422,103,10000,1446.23,2833.02,137.66,2970.68,True,True,13,5,95.0,100.0,"{'Require_Multiple_Replicas': 'kyverno', 'kubernetes_primary_supplementary_gid': 'trivy', 'kubernetes_drop_default_capabilities': 'trivy', 'use_high_gid': 'trivy', 'use_high_uid': 'trivy', 'memoryLimitsMissing': 'polaris', 'memoryRequestsMissing': 'polaris', 'cpuLimitsMissing': 'polaris', 'cpuRequestsMissing': 'polaris'}",
2.1.2_33.yaml,Deployment,31,5,4,9,76.5,17.5,0,71,422,103,10000,147.75,1972.86,194.02,2166.88,True,True,14,7,95.71,100.0,"{'Require_Multiple_Replicas': 'kyverno', 'kubernetes_primary_supplementary_gid': 'trivy', 'kubernetes_drop_default_capabilities': 'trivy', 'use_high_gid': 'trivy', 'use_high_uid': 'trivy', 'memoryLimitsMissing': 'polaris', 'memoryRequestsMissing': 'polaris', 'cpuLimitsMissing': 'polaris', 'cpuRequestsMissing': 'polaris'}",
2.1.2_34.yaml,StatefulSet,31,4,4,8,79.49,28.0,0,74,424,101,720,670.66,1705.4,134.08,1839.48,True,True,11,3,96.05,100.0,"{'kubernetes_primary_supplementary_gid': 'trivy', 'kubernetes_drop_default_capabilities': 'trivy', 'use_high_gid': 'trivy', 'use_high_uid': 'trivy', 'memoryLimitsMissing': 'polaris', 'memoryRequestsMissing': 'polaris', 'cpuLimitsMissing': 'polaris', 'cpuRequestsMissing': 'polaris'}",
3-statefulset.yaml,StatefulSet,31,6,0,6,85.04,47.5,0,96,424,151,2880,739.7,2321.83,152.97,2474.8,True,True,191,183,12.21,100.0,"{'kubernetes_primary_supplementary_gid': 'trivy', 'kubernetes_drop_default_capabilities': 'trivy', 'use_high_gid': 'trivy', 'kubernetes_use_readonly_filesystem': 'trivy', 'kubernetes_drop_unused_capabilities': 'trivy', 'use_high_uid': 'trivy'}",
3-statefulset1.yaml,StatefulSet,31,6,0,6,85.04,47.5,0,96,424,151,2880,128.28,1753.52,156.05,1909.57,True,True,191,183,12.21,100.0,"{'kubernetes_primary_supplementary_gid': 'trivy', 'kubernetes_drop_default_capabilities': 'trivy', 'use_high_gid': 'trivy', 'kubernetes_use_readonly_filesystem': 'trivy', 'kubernetes_drop_unused_capabilities': 'trivy', 'use_high_uid': 'trivy'}",
5-mongodb-statefulset.yaml,StatefulSet,31,6,0,6,85.04,47.5,0,94,424,151,6560,213.59,1625.47,135.92,1761.39,True,True,14,6,95.0,100.0,"{'kubernetes_primary_supplementary_gid': 'trivy', 'kubernetes_drop_default_capabilities': 'trivy', 'use_high_gid': 'trivy', 'kubernetes_use_readonly_filesystem': 'trivy', 'kubernetes_drop_unused_capabilities': 'trivy', 'use_high_uid': 'trivy'}",
5-mongodb-statefulset1.yaml,StatefulSet,31,6,0,6,85.04,47.5,0,94,424,151,6560,125.72,1507.62,135.99,1643.61,True,True,14,6,95.0,100.0,"{'kubernetes_primary_supplementary_gid': 'trivy', 'kubernetes_drop_default_capabilities': 'trivy', 'use_high_gid': 'trivy', 'kubernetes_use_readonly_filesystem': 'trivy', 'kubernetes_drop_unused_capabilities': 'trivy', 'use_high_uid': 'trivy'}",
addc_8.yaml,StatefulSet,31,10,0,10,72.65,4.0,0,77,424,228,10000,625.56,2135.4,125.8,2261.2,True,True,7,24,91.64,100.0,"{'no_root': 'trivy', 'kubernetes_primary_supplementary_gid': 'trivy', 'kubernetes_drop_default_capabilities': 'trivy', 'use_high_gid': 'trivy', 'kubernetes_use_readonly_filesystem': 'trivy', 'kubernetes_drop_unused_capabilities': 'trivy', 'kubernetes_no_hostaliases': 'trivy', 'no_sysadmin_capability': 'trivy', 'use_high_uid': 'trivy', 'kubernetes_no_non_default_capabilities': 'trivy'}",
app126_3.yaml,Secret,4,0,0,0,100.0,100.0,0,7,14,0,3,332.64,346.39,0.0,0.0,True,True,0,0,100.0,100.0,{},
apps.v1.DaemonSet.after_roundtrip4.yaml,Unknown,SCHEMA_ERROR,,,,,,0,0,0,0,0.0,0.0,0.0,279.22,,,,0,0.0,0.0,,"C:\Users\CAOSD\projects\tool-security-rules\..\scriptJsonToUvl\yamls_agrupation\small\apps.v1.DaemonSet.after_roundtrip4.yaml - DaemonSet 3{{ generateName }} is invalid: problem validating schema. Check JSON formatting: jsonschema validation failed with 'https://raw.githubusercontent.com/yannh/kubernetes-json-schema/master/master-standalone-strict/daemonset-apps-v1.json#' - at '/spec/template/metadata': additional properties 'clusterName' not allowed - at '/metadata': additional properties 'clusterName' not allowed | Summary: 1 resource found in 1 file - Valid: 0, Invalid: 1, Errors: 0, Skipped: 0"
apps.v1.DaemonSet.after_roundtrip7.yaml,Unknown,SCHEMA_ERROR,,,,,,0,0,0,0,0.0,0.0,0.0,365.93,,,,0,0.0,0.0,,"C:\Users\CAOSD\projects\tool-security-rules\..\scriptJsonToUvl\yamls_agrupation\small\apps.v1.DaemonSet.after_roundtrip7.yaml - DaemonSet 3{{ generateName }} is invalid: problem validating schema. Check JSON formatting: jsonschema validation failed with 'https://raw.githubusercontent.com/yannh/kubernetes-json-schema/master/master-standalone-strict/daemonset-apps-v1.json#' - at '/spec/template/metadata': additional properties 'clusterName' not allowed - at '/metadata': additional properties 'clusterName' not allowed | Summary: 1 resource found in 1 file - Valid: 0, Invalid: 1, Errors: 0, Skipped: 0"
apps.v1.DaemonSet13.yaml,Unknown,SCHEMA_ERROR,,,,,,0,0,0,0,0.0,0.0,0.0,305.77,,,,0,0.0,0.0,,"C:\Users\CAOSD\projects\tool-security-rules\..\scriptJsonToUvl\yamls_agrupation\small\apps.v1.DaemonSet13.yaml - DaemonSet 3{{ generateName }} is invalid: problem validating schema. Check JSON formatting: jsonschema validation failed with 'https://raw.githubusercontent.com/yannh/kubernetes-json-schema/master/master-standalone-strict/daemonset-apps-v1.json#' - at '/metadata': validation failed   - at '/metadata/managedFields/0': additional properties 'fields' not allowed   - at '/metadata': additional properties 'clusterName' not allowed - at '/spec/template/metadata': validation failed   - at '/spec/template/metadata/managedFields/0': additional properties 'fields' not allowed   - at '/spec/template/metadata': additional properties 'clusterName' not allowed | Summary: 1 resource found in 1 file - Valid: 0, Invalid: 1, Errors: 0, Skipped: 0"
apps.v1.DaemonSet25.yaml,Unknown,SCHEMA_ERROR,,,,,,0,0,0,0,0.0,0.0,0.0,289.78,,,,0,0.0,0.0,,"C:\Users\CAOSD\projects\tool-security-rules\..\scriptJsonToUvl\yamls_agrupation\small\apps.v1.DaemonSet25.yaml - DaemonSet 3{{ generateName }} is invalid: problem validating schema. Check JSON formatting: jsonschema validation failed with 'https://raw.githubusercontent.com/yannh/kubernetes-json-schema/master/master-standalone-strict/daemonset-apps-v1.json#' - at '/metadata': validation failed   - at '/metadata/managedFields/0': additional properties 'fields' not allowed   - at '/metadata': additional properties 'clusterName' not allowed - at '/spec/template/metadata': validation failed   - at '/spec/template/metadata/managedFields/0': additional properties 'fields' not allowed   - at '/spec/template/metadata': additional properties 'clusterName' not allowed | Summary: 1 resource found in 1 file - Valid: 0, Invalid: 1, Errors: 0, Skipped: 0"
apps.v1.Deployment.after_roundtrip4.yaml,Unknown,SCHEMA_ERROR,,,,,,0,0,0,0,0.0,0.0,0.0,292.08,,,,0,0.0,0.0,,"C:\Users\CAOSD\projects\tool-security-rules\..\scriptJsonToUvl\yamls_agrupation\small\apps.v1.Deployment.after_roundtrip4.yaml - Deployment 3{{ generateName }} is invalid: problem validating schema. Check JSON formatting: jsonschema validation failed with 'https://raw.githubusercontent.com/yannh/kubernetes-json-schema/master/master-standalone-strict/deployment-apps-v1.json#' - at '/metadata': additional properties 'clusterName' not allowed - at '/spec/template/metadata': additional properties 'clusterName' not allowed | Summary: 1 resource found in 1 file - Valid: 0, Invalid: 1, Errors: 0, Skipped: 0"
apps.v1.Deployment.after_roundtrip7.yaml,Unknown,SCHEMA_ERROR,,,,,,0,0,0,0,0.0,0.0,0.0,429.03,,,,0,0.0,0.0,,"C:\Users\CAOSD\projects\tool-security-rules\..\scriptJsonToUvl\yamls_agrupation\small\apps.v1.Deployment.after_roundtrip7.yaml - Deployment 3{{ generateName }} is invalid: problem validating schema. Check JSON formatting: jsonschema validation failed with 'https://raw.githubusercontent.com/yannh/kubernetes-json-schema/master/master-standalone-strict/deployment-apps-v1.json#' - at '/metadata': additional properties 'clusterName' not allowed - at '/spec/template/metadata': additional properties 'clusterName' not allowed | Summary: 1 resource found in 1 file - Valid: 0, Invalid: 1, Errors: 0, Skipped: 0"
apps.v1.Deployment13.yaml,Unknown,SCHEMA_ERROR,,,,,,0,0,0,0,0.0,0.0,0.0,348.04,,,,0,0.0,0.0,,"C:\Users\CAOSD\projects\tool-security-rules\..\scriptJsonToUvl\yamls_agrupation\small\apps.v1.Deployment13.yaml - Deployment 3{{ generateName }} is invalid: problem validating schema. Check JSON formatting: jsonschema validation failed with 'https://raw.githubusercontent.com/yannh/kubernetes-json-schema/master/master-standalone-strict/deployment-apps-v1.json#' - at '/metadata': validation failed   - at '/metadata/managedFields/0': additional properties 'fields' not allowed   - at '/metadata': additional properties 'clusterName' not allowed - at '/spec/template/metadata': validation failed   - at '/spec/template/metadata/managedFields/0': additional properties 'fields' not allowed   - at '/spec/template/metadata': additional properties 'clusterName' not allowed | Summary: 1 resource found in 1 file - Valid: 0, Invalid: 1, Errors: 0, Skipped: 0"
apps.v1.Deployment25.yaml,Unknown,SCHEMA_ERROR,,,,,,0,0,0,0,0.0,0.0,0.0,270.66,,,,0,0.0,0.0,,"C:\Users\CAOSD\projects\tool-security-rules\..\scriptJsonToUvl\yamls_agrupation\small\apps.v1.Deployment25.yaml - Deployment 3{{ generateName }} is invalid: problem validating schema. Check JSON formatting: jsonschema validation failed with 'https://raw.githubusercontent.com/yannh/kubernetes-json-schema/master/master-standalone-strict/deployment-apps-v1.json#' - at '/spec/template/metadata': validation failed   - at '/spec/template/metadata/managedFields/0': additional properties 'fields' not allowed   - at '/spec/template/metadata': additional properties 'clusterName' not allowed - at '/metadata': validation failed   - at '/metadata/managedFields/0': additional properties 'fields' not allowed   - at '/metadata': additional properties 'clusterName' not allowed | Summary: 1 resource found in 1 file - Valid: 0, Invalid: 1, Errors: 0, Skipped: 0"
apps.v1.ReplicaSet.after_roundtrip4.yaml,Unknown,SCHEMA_ERROR,,,,,,0,0,0,0,0.0,0.0,0.0,516.89,,,,0,0.0,0.0,,"C:\Users\CAOSD\projects\tool-security-rules\..\scriptJsonToUvl\yamls_agrupation\small\apps.v1.ReplicaSet.after_roundtrip4.yaml - ReplicaSet 3{{ generateName }} is invalid: problem validating schema. Check JSON formatting: jsonschema validation failed with 'https://raw.githubusercontent.com/yannh/kubernetes-json-schema/master/master-standalone-strict/replicaset-apps-v1.json#' - at '/metadata': additional properties 'clusterName' not allowed - at '/spec/template/metadata': additional properties 'clusterName' not allowed | Summary: 1 resource found in 1 file - Valid: 0, Invalid: 1, Errors: 0, Skipped: 0"
apps.v1.ReplicaSet.after_roundtrip7.yaml,Unknown,SCHEMA_ERROR,,,,,,0,0,0,0,0.0,0.0,0.0,474.06,,,,0,0.0,0.0,,"C:\Users\CAOSD\projects\tool-security-rules\..\scriptJsonToUvl\yamls_agrupation\small\apps.v1.ReplicaSet.after_roundtrip7.yaml - ReplicaSet 3{{ generateName }} is invalid: problem validating schema. Check JSON formatting: jsonschema validation failed with 'https://raw.githubusercontent.com/yannh/kubernetes-json-schema/master/master-standalone-strict/replicaset-apps-v1.json#' - at '/metadata': additional properties 'clusterName' not allowed - at '/spec/template/metadata': additional properties 'clusterName' not allowed | Summary: 1 resource found in 1 file - Valid: 0, Invalid: 1, Errors: 0, Skipped: 0"
apps.v1.ReplicaSet13.yaml,Unknown,SCHEMA_ERROR,,,,,,0,0,0,0,0.0,0.0,0.0,279.83,,,,0,0.0,0.0,,"C:\Users\CAOSD\projects\tool-security-rules\..\scriptJsonToUvl\yamls_agrupation\small\apps.v1.ReplicaSet13.yaml - ReplicaSet 3{{ generateName }} is invalid: problem validating schema. Check JSON formatting: jsonschema validation failed with 'https://raw.githubusercontent.com/yannh/kubernetes-json-schema/master/master-standalone-strict/replicaset-apps-v1.json#' - at '/spec/template/metadata': validation failed   - at '/spec/template/metadata/managedFields/0': additional properties 'fields' not allowed   - at '/spec/template/metadata': additional properties 'clusterName' not allowed - at '/metadata': validation failed   - at '/metadata/managedFields/0': additional properties 'fields' not allowed   - at '/metadata': additional properties 'clusterName' not allowed | Summary: 1 resource found in 1 file - Valid: 0, Invalid: 1, Errors: 0, Skipped: 0"
apps.v1.ReplicaSet25.yaml,Unknown,SCHEMA_ERROR,,,,,,0,0,0,0,0.0,0.0,0.0,306.67,,,,0,0.0,0.0,,"C:\Users\CAOSD\projects\tool-security-rules\..\scriptJsonToUvl\yamls_agrupation\small\apps.v1.ReplicaSet25.yaml - ReplicaSet 3{{ generateName }} is invalid: problem validating schema. Check JSON formatting: jsonschema validation failed with 'https://raw.githubusercontent.com/yannh/kubernetes-json-schema/master/master-standalone-strict/replicaset-apps-v1.json#' - at '/metadata': validation failed   - at '/metadata/managedFields/0': additional properties 'fields' not allowed   - at '/metadata': additional properties 'clusterName' not allowed - at '/spec/template/metadata': validation failed   - at '/spec/template/metadata/managedFields/0': additional properties 'fields' not allowed   - at '/spec/template/metadata': additional properties 'clusterName' not allowed | Summary: 1 resource found in 1 file - Valid: 0, Invalid: 1, Errors: 0, Skipped: 0"
apps.v1.StatefulSet.after_roundtrip4.yaml,Unknown,SCHEMA_ERROR,,,,,,0,0,0,0,0.0,0.0,0.0,304.43,,,,0,0.0,0.0,,"C:\Users\CAOSD\projects\tool-security-rules\..\scriptJsonToUvl\yamls_agrupation\small\apps.v1.StatefulSet.after_roundtrip4.yaml - StatefulSet 3{{ generateName }} is invalid: problem validating schema. Check JSON formatting: jsonschema validation failed with 'https://raw.githubusercontent.com/yannh/kubernetes-json-schema/master/master-standalone-strict/statefulset-apps-v1.json#' - at '/metadata': additional properties 'clusterName' not allowed - at '/spec': validation failed   - at '/spec/template/metadata': additional properties 'clusterName' not allowed   - at '/spec/volumeClaimTemplates/0/metadata': additional properties 'clusterName' not allowed | Summary: 1 resource found in 1 file - Valid: 0, Invalid: 1, Errors: 0, Skipped: 0"
apps.v1.StatefulSet.after_roundtrip7.yaml,Unknown,SCHEMA_ERROR,,,,,,0,0,0,0,0.0,0.0,0.0,347.07,,,,0,0.0,0.0,,"C:\Users\CAOSD\projects\tool-security-rules\..\scriptJsonToUvl\yamls_agrupation\small\apps.v1.StatefulSet.after_roundtrip7.yaml - StatefulSet 3{{ generateName }} is invalid: problem validating schema. Check JSON formatting: jsonschema validation failed with 'https://raw.githubusercontent.com/yannh/kubernetes-json-schema/master/master-standalone-strict/statefulset-apps-v1.json#' - at '/metadata': additional properties 'clusterName' not allowed - at '/spec': validation failed   - at '/spec/template/metadata': additional properties 'clusterName' not allowed   - at '/spec/volumeClaimTemplates/0/metadata': additional properties 'clusterName' not allowed | Summary: 1 resource found in 1 file - Valid: 0, Invalid: 1, Errors: 0, Skipped: 0"
apps.v1.StatefulSet13.yaml,Unknown,SCHEMA_ERROR,,,,,,0,0,0,0,0.0,0.0,0.0,301.55,,,,0,0.0,0.0,,"C:\Users\CAOSD\projects\tool-security-rules\..\scriptJsonToUvl\yamls_agrupation\small\apps.v1.StatefulSet13.yaml - StatefulSet 3{{ generateName }} is invalid: problem validating schema. Check JSON formatting: jsonschema validation failed with 'https://raw.githubusercontent.com/yannh/kubernetes-json-schema/master/master-standalone-strict/statefulset-apps-v1.json#' - at '/metadata': validation failed   - at '/metadata/managedFields/0': additional properties 'fields' not allowed   - at '/metadata': additional properties 'clusterName' not allowed - at '/spec': validation failed   - at '/spec/template/metadata': validation failed     - at '/spec/template/metadata/managedFields/0': additional properties 'fields' not allowed     - at '/spec/template/metadata': additional properties 'clusterName' not allowed   - at '/spec/volumeClaimTemplates/0/metadata': validation failed     - at '/spec/volumeClaimTemplates/0/metadata/managedFields/0': additional properties 'fields' not allowed     - at '/spec/volumeClaimTemplates/0/metadata': additional properties 'clusterName' not allowed | Summary: 1 resource found in 1 file - Valid: 0, Invalid: 1, Errors: 0, Skipped: 0"
apps.v1.StatefulSet25.yaml,Unknown,SCHEMA_ERROR,,,,,,0,0,0,0,0.0,0.0,0.0,290.43,,,,0,0.0,0.0,,"C:\Users\CAOSD\projects\tool-security-rules\..\scriptJsonToUvl\yamls_agrupation\small\apps.v1.StatefulSet25.yaml - StatefulSet 3{{ generateName }} is invalid: problem validating schema. Check JSON formatting: jsonschema validation failed with 'https://raw.githubusercontent.com/yannh/kubernetes-json-schema/master/master-standalone-strict/statefulset-apps-v1.json#' - at '/metadata': validation failed   - at '/metadata/managedFields/0': additional properties 'fields' not allowed   - at '/metadata': additional properties 'clusterName' not allowed - at '/spec': validation failed   - at '/spec/volumeClaimTemplates/0/metadata': validation failed     - at '/spec/volumeClaimTemplates/0/metadata/managedFields/0': additional properties 'fields' not allowed     - at '/spec/volumeClaimTemplates/0/metadata': additional properties 'clusterName' not allowed   - at '/spec/template/metadata': validation failed     - at '/spec/template/metadata/managedFields/0': additional properties 'fields' not allowed     - at '/spec/template/metadata': additional properties 'clusterName' not allowed | Summary: 1 resource found in 1 file - Valid: 0, Invalid: 1, Errors: 0, Skipped: 0"
argo-cd.v2.10.6_42.yaml,Deployment,31,5,4,9,76.5,17.5,0,72,422,87,10000,450.77,2331.81,187.27,2519.08,True,True,11,5,96.75,100.0,"{'kubernetes_default_namespace_should_not_be_used': 'trivy', 'Require_Multiple_Replicas': 'kyverno', 'kubernetes_primary_supplementary_gid': 'trivy', 'use_high_gid': 'trivy', 'use_high_uid': 'trivy', 'memoryLimitsMissing': 'polaris', 'memoryRequestsMissing': 'polaris', 'cpuLimitsMissing': 'polaris', 'cpuRequestsMissing': 'polaris'}",
argo-cd.v2.10.6_44.yaml,Deployment,31,5,4,9,76.5,17.5,0,108,422,87,10000,581.76,4190.18,260.7,4450.88,True,True,13,8,97.0,100.0,"{'kubernetes_default_namespace_should_not_be_used': 'trivy', 'Require_Multiple_Replicas': 'kyverno', 'kubernetes_primary_supplementary_gid': 'trivy', 'use_high_gid': 'trivy', 'use_high_uid': 'trivy', 'memoryLimitsMissing': 'polaris', 'memoryRequestsMissing': 'polaris', 'cpuLimitsMissing': 'polaris', 'cpuRequestsMissing': 'polaris'}",
argo-cd.v2.10.6_45.yaml,Deployment,31,5,4,9,76.5,17.5,0,88,422,87,10000,132.11,4687.82,296.35,4984.17,True,True,11,5,97.95,100.0,"{'kubernetes_default_namespace_should_not_be_used': 'trivy', 'Require_Multiple_Replicas': 'kyverno', 'kubernetes_primary_supplementary_gid': 'trivy', 'use_high_gid': 'trivy', 'use_high_uid': 'trivy', 'memoryLimitsMissing': 'polaris', 'memoryRequestsMissing': 'polaris', 'cpuLimitsMissing': 'polaris', 'cpuRequestsMissing': 'polaris'}",
argo-cd.v2.10.6_48.yaml,StatefulSet,31,4,4,8,79.49,28.0,0,80,424,85,10000,337.75,3001.91,221.64,3223.55,True,True,10,3,97.77,100.0,"{'kubernetes_default_namespace_should_not_be_used': 'trivy', 'kubernetes_primary_supplementary_gid': 'trivy', 'use_high_gid': 'trivy', 'use_high_uid': 'trivy', 'memoryLimitsMissing': 'polaris', 'memoryRequestsMissing': 'polaris', 'cpuLimitsMissing': 'polaris', 'cpuRequestsMissing': 'polaris'}",
argo-cm-nodeport_43.yaml,Deployment,31,4,4,8,78.63,25.0,0,53,422,77,6336,113.79,1472.98,162.46,1635.44,True,True,12,4,96.21,100.0,"{'Require_Multiple_Replicas': 'kyverno', 'kubernetes_primary_supplementary_gid': 'trivy', 'use_high_gid': 'trivy', 'use_high_uid': 'trivy', 'memoryLimitsMissing': 'polaris', 'memoryRequestsMissing': 'polaris', 'cpuLimitsMissing': 'polaris', 'cpuRequestsMissing': 'polaris'}",
argo-cm-nodeport_47.yaml,Deployment,31,4,4,8,78.63,25.0,0,97,422,77,10000,113.45,3305.0,247.3,3552.3,True,True,17,10,95.68,100.0,"{'Require_Multiple_Replicas': 'kyverno', 'kubernetes_primary_supplementary_gid': 'trivy', 'use_high_gid': 'trivy', 'use_high_uid': 'trivy', 'memoryLimitsMissing': 'polaris', 'memoryRequestsMissing': 'polaris', 'cpuLimitsMissing': 'polaris', 'cpuRequestsMissing': 'polaris'}",
argo-cm-nodeport_48.yaml,Deployment,31,4,4,8,78.63,25.0,0,75,422,77,10000,110.79,3561.67,264.08,3825.75,True,True,12,4,97.69,100.0,"{'Require_Multiple_Replicas': 'kyverno', 'kubernetes_primary_supplementary_gid': 'trivy', 'use_high_gid': 'trivy', 'use_high_uid': 'trivy', 'memoryLimitsMissing': 'polaris', 'memoryRequestsMissing': 'polaris', 'cpuLimitsMissing': 'polaris', 'cpuRequestsMissing': 'polaris'}",
argo-cm-nodeport_49.yaml,StatefulSet,31,3,4,7,81.62,35.5,0,66,424,75,1440,110.45,2135.61,197.9,2333.51,True,True,10,2,97.68,100.0,"{'kubernetes_primary_supplementary_gid': 'trivy', 'use_high_gid': 'trivy', 'use_high_uid': 'trivy', 'memoryLimitsMissing': 'polaris', 'memoryRequestsMissing': 'polaris', 'cpuLimitsMissing': 'polaris', 'cpuRequestsMissing': 'polaris'}",
argo-dex.yaml,Pod,61,8,6,14,79.68,0.0,0,154,481,86,10000,3189.14,5085.3,161.96,5247.26,True,True,21,11,92.89,100.0,"{'Restrict_node_selection': 'kyverno', 'kubernetes_primary_supplementary_gid': 'trivy', 'use_high_gid': 'trivy', 'Require_Run_As_Non_Root_User': 'kyverno', 'Check_supplementalGroups': 'kyverno', 'Require_Non_Root_Groups': 'kyverno', 'use_high_uid': 'trivy', 'Validate_User_ID_Group_ID_and_FS_Group': 'kyverno', 'memoryLimitsMissing': 'polaris', 'Require_Images_Use_Checksums': 'kyverno', 'memoryRequestsMissing': 'polaris', 'cpuLimitsMissing': 'polaris', 'Restrict_Image_Registries': 'kyverno', 'cpuRequestsMissing': 'polaris'}",
argo-quick-start-minimal_37.yaml,Secret,4,0,0,0,100.0,100.0,0,10,14,0,7,150.36,164.58,0.0,0.0,True,True,0,0,100.0,100.0,{},
argocd-application-controller-deployment.yaml,Deployment,31,4,5,9,74.36,10.0,0,68,422,77,2970,189.73,2534.77,218.33,2753.1,True,True,12,4,97.22,100.0,"{'Require_Multiple_Replicas': 'kyverno', 'kubernetes_primary_supplementary_gid': 'trivy', 'use_high_gid': 'trivy', 'use_high_uid': 'trivy', 'memoryLimitsMissing': 'polaris', 'memoryRequestsMissing': 'polaris', 'tagNotSpecified': 'polaris', 'cpuLimitsMissing': 'polaris', 'cpuRequestsMissing': 'polaris'}",
argocd-application-controller-deployment1.yaml,Deployment,31,4,5,9,74.36,10.0,0,69,422,77,1392,111.17,1983.48,195.89,2179.37,True,True,12,4,96.88,100.0,"{'Require_Multiple_Replicas': 'kyverno', 'kubernetes_primary_supplementary_gid': 'trivy', 'use_high_gid': 'trivy', 'use_high_uid': 'trivy', 'memoryLimitsMissing': 'polaris', 'memoryRequestsMissing': 'polaris', 'tagNotSpecified': 'polaris', 'cpuLimitsMissing': 'polaris', 'cpuRequestsMissing': 'polaris'}",
argocd-application-controller-statefulset.yaml,StatefulSet,31,3,5,8,77.35,20.5,0,69,424,75,3150,153.72,2822.79,230.42,3053.21,True,True,13,5,96.97,100.0,"{'kubernetes_primary_supplementary_gid': 'trivy', 'use_high_gid': 'trivy', 'use_high_uid': 'trivy', 'memoryLimitsMissing': 'polaris', 'memoryRequestsMissing': 'polaris', 'tagNotSpecified': 'polaris', 'cpuLimitsMissing': 'polaris', 'cpuRequestsMissing': 'polaris'}",
argocd-application-controller-statefulset4.yaml,StatefulSet,31,3,5,8,77.35,20.5,0,66,424,75,1440,107.53,2455.18,198.58,2653.76,True,True,11,3,97.3,100.0,"{'kubernetes_primary_supplementary_gid': 'trivy', 'use_high_gid': 'trivy', 'use_high_uid': 'trivy', 'memoryLimitsMissing': 'polaris', 'memoryRequestsMissing': 'polaris', 'tagNotSpecified': 'polaris', 'cpuLimitsMissing': 'polaris', 'cpuRequestsMissing': 'polaris'}",
argocd-applicationset-controller-deployment.yaml,Deployment,31,4,5,9,74.36,10.0,0,53,422,77,6624,110.83,1549.44,166.58,1716.02,True,True,201,193,9.22,100.0,"{'Require_Multiple_Replicas': 'kyverno', 'kubernetes_primary_supplementary_gid': 'trivy', 'use_high_gid': 'trivy', 'use_high_uid': 'trivy', 'memoryLimitsMissing': 'polaris', 'memoryRequestsMissing': 'polaris', 'tagNotSpecified': 'polaris', 'cpuLimitsMissing': 'polaris', 'cpuRequestsMissing': 'polaris'}",
argocd-applicationset-controller-deployment1.yaml,Deployment,31,4,5,9,74.36,10.0,0,53,422,77,6336,113.74,1440.93,162.04,1602.97,True,True,195,187,9.48,100.0,"{'Require_Multiple_Replicas': 'kyverno', 'kubernetes_primary_supplementary_gid': 'trivy', 'use_high_gid': 'trivy', 'use_high_uid': 'trivy', 'memoryLimitsMissing': 'polaris', 'memoryRequestsMissing': 'polaris', 'tagNotSpecified': 'polaris', 'cpuLimitsMissing': 'polaris', 'cpuRequestsMissing': 'polaris'}",
argocd-repo-server-deployment.yaml,Deployment,31,4,5,9,74.36,10.0,0,96,422,77,10000,124.93,3386.34,253.99,3640.33,True,True,237,230,30.4,100.0,"{'Require_Multiple_Replicas': 'kyverno', 'kubernetes_primary_supplementary_gid': 'trivy', 'use_high_gid': 'trivy', 'use_high_uid': 'trivy', 'memoryLimitsMissing': 'polaris', 'memoryRequestsMissing': 'polaris', 'tagNotSpecified': 'polaris', 'cpuLimitsMissing': 'polaris', 'cpuRequestsMissing': 'polaris'}",
argocd-repo-server-deployment3.yaml,Deployment,31,4,5,9,74.36,10.0,0,97,422,77,10000,110.17,3083.43,239.79,3323.22,True,True,220,213,32.03,100.0,"{'Require_Multiple_Replicas': 'kyverno', 'kubernetes_primary_supplementary_gid': 'trivy', 'use_high_gid': 'trivy', 'use_high_uid': 'trivy', 'memoryLimitsMissing': 'polaris', 'memoryRequestsMissing': 'polaris', 'tagNotSpecified': 'polaris', 'cpuLimitsMissing': 'polaris', 'cpuRequestsMissing': 'polaris'}",
argocd-secret.enc.yaml,Unknown,SCHEMA_ERROR,,,,,,0,0,0,0,0.0,0.0,0.0,115.03,,,,0,0.0,0.0,,"C:\Users\CAOSD\projects\tool-security-rules\..\scriptJsonToUvl\yamls_agrupation\small\argocd-secret.enc.yaml - Secret argocd-secret is invalid: problem validating schema. Check JSON formatting: jsonschema validation failed with 'https://raw.githubusercontent.com/yannh/kubernetes-json-schema/master/master-standalone-strict/secret-v1.json#' - at '': additional properties 'sops' not allowed | Summary: 1 resource found in 1 file - Valid: 0, Invalid: 1, Errors: 0, Skipped: 0"
argocd-server-deployment.yaml,Deployment,31,4,5,9,74.36,10.0,0,74,422,77,10000,128.56,4733.65,303.39,5037.04,True,True,372,364,5.88,100.0,"{'Require_Multiple_Replicas': 'kyverno', 'kubernetes_primary_supplementary_gid': 'trivy', 'use_high_gid': 'trivy', 'use_high_uid': 'trivy', 'memoryLimitsMissing': 'polaris', 'memoryRequestsMissing': 'polaris', 'tagNotSpecified': 'polaris', 'cpuLimitsMissing': 'polaris', 'cpuRequestsMissing': 'polaris'}",
argocd-server-deployment3.yaml,Deployment,31,4,5,9,74.36,10.0,0,75,422,77,10000,111.26,3388.89,275.68,3664.57,True,True,14,6,97.12,100.0,"{'Require_Multiple_Replicas': 'kyverno', 'kubernetes_primary_supplementary_gid': 'trivy', 'use_high_gid': 'trivy', 'use_high_uid': 'trivy', 'memoryLimitsMissing': 'polaris', 'memoryRequestsMissing': 'polaris', 'tagNotSpecified': 'polaris', 'cpuLimitsMissing': 'polaris', 'cpuRequestsMissing': 'polaris'}",
argocd-workload.yaml,Deployment,31,4,4,8,78.63,25.0,0,51,422,77,6624,115.04,1471.19,171.14,1642.33,True,True,12,5,96.07,100.0,"{'Require_Multiple_Replicas': 'kyverno', 'kubernetes_primary_supplementary_gid': 'trivy', 'use_high_gid': 'trivy', 'use_high_uid': 'trivy', 'memoryLimitsMissing': 'polaris', 'memoryRequestsMissing': 'polaris', 'cpuLimitsMissing': 'polaris', 'cpuRequestsMissing': 'polaris'}",
argocd-workload1.yaml,Deployment,31,4,4,8,78.63,25.0,0,51,422,77,6624,112.08,1510.84,167.64,1678.48,True,True,12,5,96.07,100.0,"{'Require_Multiple_Replicas': 'kyverno', 'kubernetes_primary_supplementary_gid': 'trivy', 'use_high_gid': 'trivy', 'use_high_uid': 'trivy', 'memoryLimitsMissing': 'polaris', 'memoryRequestsMissing': 'polaris', 'cpuLimitsMissing': 'polaris', 'cpuRequestsMissing': 'polaris'}",
argocd-workload1_3.yaml,Deployment,31,5,4,9,75.64,14.5,0,98,422,86,10000,208.0,4764.24,313.74,5077.98,True,True,40,21,92.66,100.0,"{'Require_Multiple_Replicas': 'kyverno', 'kubernetes_primary_supplementary_gid': 'trivy', 'use_high_gid': 'trivy', 'no_auto_mount_service_token': 'trivy', 'use_high_uid': 'trivy', 'memoryLimitsMissing': 'polaris', 'memoryRequestsMissing': 'polaris', 'cpuLimitsMissing': 'polaris', 'cpuRequestsMissing': 'polaris'}",
argocd-workload1_4.yaml,Deployment,31,4,4,8,78.63,25.0,0,73,422,77,10000,125.68,4238.26,300.36,4538.62,True,True,12,5,97.82,100.0,"{'Require_Multiple_Replicas': 'kyverno', 'kubernetes_primary_supplementary_gid': 'trivy', 'use_high_gid': 'trivy', 'use_high_uid': 'trivy', 'memoryLimitsMissing': 'polaris', 'memoryRequestsMissing': 'polaris', 'cpuLimitsMissing': 'polaris', 'cpuRequestsMissing': 'polaris'}",
argocd-workload1_5.yaml,StatefulSet,31,3,4,7,81.62,35.5,0,64,424,75,3150,99.93,2776.54,235.81,3012.35,True,True,10,3,97.81,100.0,"{'kubernetes_primary_supplementary_gid': 'trivy', 'use_high_gid': 'trivy', 'use_high_uid': 'trivy', 'memoryLimitsMissing': 'polaris', 'memoryRequestsMissing': 'polaris', 'cpuLimitsMissing': 'polaris', 'cpuRequestsMissing': 'polaris'}",
argocd-workload_3.yaml,Deployment,31,5,4,9,75.64,14.5,0,98,422,86,10000,121.12,4718.58,317.01,5035.59,True,True,40,21,92.66,100.0,"{'Require_Multiple_Replicas': 'kyverno', 'kubernetes_primary_supplementary_gid': 'trivy', 'use_high_gid': 'trivy', 'no_auto_mount_service_token': 'trivy', 'use_high_uid': 'trivy', 'memoryLimitsMissing': 'polaris', 'memoryRequestsMissing': 'polaris', 'cpuLimitsMissing': 'polaris', 'cpuRequestsMissing': 'polaris'}",
argocd-workload_4.yaml,Deployment,31,4,4,8,78.63,25.0,0,73,422,77,10000,109.86,4404.73,304.93,4709.66,True,True,12,5,97.82,100.0,"{'Require_Multiple_Replicas': 'kyverno', 'kubernetes_primary_supplementary_gid': 'trivy', 'use_high_gid': 'trivy', 'use_high_uid': 'trivy', 'memoryLimitsMissing': 'polaris', 'memoryRequestsMissing': 'polaris', 'cpuLimitsMissing': 'polaris', 'cpuRequestsMissing': 'polaris'}",
argocd-workload_5.yaml,StatefulSet,31,3,4,7,81.62,35.5,0,64,424,75,3150,102.77,2672.24,228.58,2900.82,True,True,10,3,97.81,100.0,"{'kubernetes_primary_supplementary_gid': 'trivy', 'use_high_gid': 'trivy', 'use_high_uid': 'trivy', 'memoryLimitsMissing': 'polaris', 'memoryRequestsMissing': 'polaris', 'cpuLimitsMissing': 'polaris', 'cpuRequestsMissing': 'polaris'}",
argocd.install1_45.yaml,Deployment,31,4,4,8,78.63,25.0,0,53,422,77,6336,129.29,1495.37,162.72,1658.09,True,True,12,4,96.21,100.0,"{'Require_Multiple_Replicas': 'kyverno', 'kubernetes_primary_supplementary_gid': 'trivy', 'use_high_gid': 'trivy', 'use_high_uid': 'trivy', 'memoryLimitsMissing': 'polaris', 'memoryRequestsMissing': 'polaris', 'cpuLimitsMissing': 'polaris', 'cpuRequestsMissing': 'polaris'}",
argocd.install1_49.yaml,Deployment,31,4,4,8,78.63,25.0,0,96,422,77,10000,114.82,3388.55,252.1,3640.65,True,True,17,10,95.98,100.0,"{'Require_Multiple_Replicas': 'kyverno', 'kubernetes_primary_supplementary_gid': 'trivy', 'use_high_gid': 'trivy', 'use_high_uid': 'trivy', 'memoryLimitsMissing': 'polaris', 'memoryRequestsMissing': 'polaris', 'cpuLimitsMissing': 'polaris', 'cpuRequestsMissing': 'polaris'}",
argocd.install1_50.yaml,Deployment,31,4,4,8,78.63,25.0,0,74,422,77,10000,111.62,3575.23,269.94,3845.17,True,True,12,4,97.75,100.0,"{'Require_Multiple_Replicas': 'kyverno', 'kubernetes_primary_supplementary_gid': 'trivy', 'use_high_gid': 'trivy', 'use_high_uid': 'trivy', 'memoryLimitsMissing': 'polaris', 'memoryRequestsMissing': 'polaris', 'cpuLimitsMissing': 'polaris', 'cpuRequestsMissing': 'polaris'}",
argocd.install1_51.yaml,StatefulSet,31,3,4,7,81.62,35.5,0,69,424,75,1536,101.56,2270.77,204.99,2475.76,True,True,10,2,97.78,100.0,"{'kubernetes_primary_supplementary_gid': 'trivy', 'use_high_gid': 'trivy', 'use_high_uid': 'trivy', 'memoryLimitsMissing': 'polaris', 'memoryRequestsMissing': 'polaris', 'cpuLimitsMissing': 'polaris', 'cpuRequestsMissing': 'polaris'}",
argocd.install_45.yaml,Deployment,31,4,4,8,78.63,25.0,0,53,422,77,6336,113.6,1476.6,162.45,1639.05,True,True,12,4,96.21,100.0,"{'Require_Multiple_Replicas': 'kyverno', 'kubernetes_primary_supplementary_gid': 'trivy', 'use_high_gid': 'trivy', 'use_high_uid': 'trivy', 'memoryLimitsMissing': 'polaris', 'memoryRequestsMissing': 'polaris', 'cpuLimitsMissing': 'polaris', 'cpuRequestsMissing': 'polaris'}",
argocd.install_49.yaml,Deployment,31,4,4,8,78.63,25.0,0,96,422,77,10000,115.29,3271.33,254.37,3525.7,True,True,17,10,95.98,100.0,"{'Require_Multiple_Replicas': 'kyverno', 'kubernetes_primary_supplementary_gid': 'trivy', 'use_high_gid': 'trivy', 'use_high_uid': 'trivy', 'memoryLimitsMissing': 'polaris', 'memoryRequestsMissing': 'polaris', 'cpuLimitsMissing': 'polaris', 'cpuRequestsMissing': 'polaris'}",
argocd.install_50.yaml,Deployment,31,4,4,8,78.63,25.0,0,74,422,77,10000,112.02,3667.26,278.66,3945.92,True,True,12,4,97.73,100.0,"{'Require_Multiple_Replicas': 'kyverno', 'kubernetes_primary_supplementary_gid': 'trivy', 'use_high_gid': 'trivy', 'use_high_uid': 'trivy', 'memoryLimitsMissing': 'polaris', 'memoryRequestsMissing': 'polaris', 'cpuLimitsMissing': 'polaris', 'cpuRequestsMissing': 'polaris'}",
argocd.install_51.yaml,StatefulSet,31,3,4,7,81.62,35.5,0,69,424,75,1536,105.17,2329.37,205.09,2534.46,True,True,10,2,97.78,100.0,"{'kubernetes_primary_supplementary_gid': 'trivy', 'use_high_gid': 'trivy', 'use_high_uid': 'trivy', 'memoryLimitsMissing': 'polaris', 'memoryRequestsMissing': 'polaris', 'cpuLimitsMissing': 'polaris', 'cpuRequestsMissing': 'polaris'}",
argocd.v2.8.11_41.yaml,Deployment,31,4,4,8,78.63,25.0,0,51,422,77,5472,110.48,1258.48,150.2,1408.68,True,True,12,4,95.85,100.0,"{'Require_Multiple_Replicas': 'kyverno', 'kubernetes_primary_supplementary_gid': 'trivy', 'use_high_gid': 'trivy', 'use_high_uid': 'trivy', 'memoryLimitsMissing': 'polaris', 'memoryRequestsMissing': 'polaris', 'cpuLimitsMissing': 'polaris', 'cpuRequestsMissing': 'polaris'}",
argocd.v2.8.11_45.yaml,Deployment,31,4,4,8,78.63,25.0,0,97,422,77,10000,109.55,2579.7,214.81,2794.51,True,True,17,10,95.32,100.0,"{'Require_Multiple_Replicas': 'kyverno', 'kubernetes_primary_supplementary_gid': 'trivy', 'use_high_gid': 'trivy', 'use_high_uid': 'trivy', 'memoryLimitsMissing': 'polaris', 'memoryRequestsMissing': 'polaris', 'cpuLimitsMissing': 'polaris', 'cpuRequestsMissing': 'polaris'}",
argocd.v2.8.11_46.yaml,Deployment,31,4,4,8,78.63,25.0,0,75,422,77,10000,111.53,3160.86,245.16,3406.02,True,True,12,4,97.52,100.0,"{'Require_Multiple_Replicas': 'kyverno', 'kubernetes_primary_supplementary_gid': 'trivy', 'use_high_gid': 'trivy', 'use_high_uid': 'trivy', 'memoryLimitsMissing': 'polaris', 'memoryRequestsMissing': 'polaris', 'cpuLimitsMissing': 'polaris', 'cpuRequestsMissing': 'polaris'}",
argocd.v2.8.11_47.yaml,StatefulSet,31,3,4,7,81.62,35.5,0,66,424,75,1104,108.54,1523.32,165.65,1688.97,True,True,10,2,97.24,100.0,"{'kubernetes_primary_supplementary_gid': 'trivy', 'use_high_gid': 'trivy', 'use_high_uid': 'trivy', 'memoryLimitsMissing': 'polaris', 'memoryRequestsMissing': 'polaris', 'cpuLimitsMissing': 'polaris', 'cpuRequestsMissing': 'polaris'}",
argocd13_45.yaml,Deployment,31,4,4,8,78.63,25.0,0,53,422,77,6336,120.5,1486.8,163.66,1650.46,True,True,12,4,96.21,100.0,"{'Require_Multiple_Replicas': 'kyverno', 'kubernetes_primary_supplementary_gid': 'trivy', 'use_high_gid': 'trivy', 'use_high_uid': 'trivy', 'memoryLimitsMissing': 'polaris', 'memoryRequestsMissing': 'polaris', 'cpuLimitsMissing': 'polaris', 'cpuRequestsMissing': 'polaris'}",
argocd13_49.yaml,Deployment,31,4,4,8,78.63,25.0,0,96,422,77,10000,114.56,3230.81,251.12,3481.93,True,True,17,10,95.98,100.0,"{'Require_Multiple_Replicas': 'kyverno', 'kubernetes_primary_supplementary_gid': 'trivy', 'use_high_gid': 'trivy', 'use_high_uid': 'trivy', 'memoryLimitsMissing': 'polaris', 'memoryRequestsMissing': 'polaris', 'cpuLimitsMissing': 'polaris', 'cpuRequestsMissing': 'polaris'}",
argocd13_50.yaml,Deployment,31,4,4,8,78.63,25.0,0,74,422,77,10000,114.84,3693.02,269.95,3962.97,True,True,12,4,97.73,100.0,"{'Require_Multiple_Replicas': 'kyverno', 'kubernetes_primary_supplementary_gid': 'trivy', 'use_high_gid': 'trivy', 'use_high_uid': 'trivy', 'memoryLimitsMissing': 'polaris', 'memoryRequestsMissing': 'polaris', 'cpuLimitsMissing': 'polaris', 'cpuRequestsMissing': 'polaris'}",
argocd13_51.yaml,StatefulSet,31,3,4,7,81.62,35.5,0,69,424,75,1536,104.12,2371.47,206.64,2578.11,True,True,10,2,97.78,100.0,"{'kubernetes_primary_supplementary_gid': 'trivy', 'use_high_gid': 'trivy', 'use_high_uid': 'trivy', 'memoryLimitsMissing': 'polaris', 'memoryRequestsMissing': 'polaris', 'cpuLimitsMissing': 'polaris', 'cpuRequestsMissing': 'polaris'}",
argocd44_43.yaml,Deployment,31,4,4,8,78.63,25.0,0,53,422,77,6336,113.51,1485.0,172.84,1657.84,True,True,12,4,96.21,100.0,"{'Require_Multiple_Replicas': 'kyverno', 'kubernetes_primary_supplementary_gid': 'trivy', 'use_high_gid': 'trivy', 'use_high_uid': 'trivy', 'memoryLimitsMissing': 'polaris', 'memoryRequestsMissing': 'polaris', 'cpuLimitsMissing': 'polaris', 'cpuRequestsMissing': 'polaris'}",
argocd44_47.yaml,Deployment,31,4,4,8,78.63,25.0,0,97,422,77,10000,117.89,2986.36,235.19,3221.55,True,True,17,10,95.68,100.0,"{'Require_Multiple_Replicas': 'kyverno', 'kubernetes_primary_supplementary_gid': 'trivy', 'use_high_gid': 'trivy', 'use_high_uid': 'trivy', 'memoryLimitsMissing': 'polaris', 'memoryRequestsMissing': 'polaris', 'cpuLimitsMissing': 'polaris', 'cpuRequestsMissing': 'polaris'}",
argocd44_48.yaml,Deployment,31,4,4,8,78.63,25.0,0,75,422,77,10000,110.36,3584.05,265.61,3849.66,True,True,12,4,97.69,100.0,"{'Require_Multiple_Replicas': 'kyverno', 'kubernetes_primary_supplementary_gid': 'trivy', 'use_high_gid': 'trivy', 'use_high_uid': 'trivy', 'memoryLimitsMissing': 'polaris', 'memoryRequestsMissing': 'polaris', 'cpuLimitsMissing': 'polaris', 'cpuRequestsMissing': 'polaris'}",
argocd44_49.yaml,StatefulSet,31,3,4,7,81.62,35.5,0,66,424,75,1440,103.12,2157.67,197.56,2355.23,True,True,10,2,97.68,100.0,"{'kubernetes_primary_supplementary_gid': 'trivy', 'use_high_gid': 'trivy', 'use_high_uid': 'trivy', 'memoryLimitsMissing': 'polaris', 'memoryRequestsMissing': 'polaris', 'cpuLimitsMissing': 'polaris', 'cpuRequestsMissing': 'polaris'}",
argocd45_43.yaml,Deployment,31,4,4,8,78.63,25.0,0,53,422,77,6336,117.78,1484.1,164.15,1648.25,True,True,12,4,96.21,100.0,"{'Require_Multiple_Replicas': 'kyverno', 'kubernetes_primary_supplementary_gid': 'trivy', 'use_high_gid': 'trivy', 'use_high_uid': 'trivy', 'memoryLimitsMissing': 'polaris', 'memoryRequestsMissing': 'polaris', 'cpuLimitsMissing': 'polaris', 'cpuRequestsMissing': 'polaris'}",
argocd45_47.yaml,Deployment,31,4,4,8,78.63,25.0,0,97,422,77,10000,112.21,2889.43,235.8,3125.23,True,True,17,10,95.68,100.0,"{'Require_Multiple_Replicas': 'kyverno', 'kubernetes_primary_supplementary_gid': 'trivy', 'use_high_gid': 'trivy', 'use_high_uid': 'trivy', 'memoryLimitsMissing': 'polaris', 'memoryRequestsMissing': 'polaris', 'cpuLimitsMissing': 'polaris', 'cpuRequestsMissing': 'polaris'}",
argocd45_48.yaml,Deployment,31,4,4,8,78.63,25.0,0,75,422,77,10000,120.32,3899.18,276.24,4175.42,True,True,12,4,97.69,100.0,"{'Require_Multiple_Replicas': 'kyverno', 'kubernetes_primary_supplementary_gid': 'trivy', 'use_high_gid': 'trivy', 'use_high_uid': 'trivy', 'memoryLimitsMissing': 'polaris', 'memoryRequestsMissing': 'polaris', 'cpuLimitsMissing': 'polaris', 'cpuRequestsMissing': 'polaris'}",
argocd45_49.yaml,StatefulSet,31,3,4,7,81.62,35.5,0,66,424,75,1440,106.86,2102.34,196.7,2299.04,True,True,10,2,97.68,100.0,"{'kubernetes_primary_supplementary_gid': 'trivy', 'use_high_gid': 'trivy', 'use_high_uid': 'trivy', 'memoryLimitsMissing': 'polaris', 'memoryRequestsMissing': 'polaris', 'cpuLimitsMissing': 'polaris', 'cpuRequestsMissing': 'polaris'}",
argocd4_45.yaml,Deployment,31,4,4,8,78.63,25.0,0,53,422,77,6336,111.75,1478.89,162.37,1641.26,True,True,12,4,96.21,100.0,"{'Require_Multiple_Replicas': 'kyverno', 'kubernetes_primary_supplementary_gid': 'trivy', 'use_high_gid': 'trivy', 'use_high_uid': 'trivy', 'memoryLimitsMissing': 'polaris', 'memoryRequestsMissing': 'polaris', 'cpuLimitsMissing': 'polaris', 'cpuRequestsMissing': 'polaris'}",
argocd4_49.yaml,Deployment,31,4,4,8,78.63,25.0,0,96,422,77,10000,108.44,3372.18,257.36,3629.54,True,True,17,10,95.98,100.0,"{'Require_Multiple_Replicas': 'kyverno', 'kubernetes_primary_supplementary_gid': 'trivy', 'use_high_gid': 'trivy', 'use_high_uid': 'trivy', 'memoryLimitsMissing': 'polaris', 'memoryRequestsMissing': 'polaris', 'cpuLimitsMissing': 'polaris', 'cpuRequestsMissing': 'polaris'}",
argocd4_50.yaml,Deployment,31,4,4,8,78.63,25.0,0,74,422,77,10000,107.54,3667.17,268.83,3936.0,True,True,12,4,97.73,100.0,"{'Require_Multiple_Replicas': 'kyverno', 'kubernetes_primary_supplementary_gid': 'trivy', 'use_high_gid': 'trivy', 'use_high_uid': 'trivy', 'memoryLimitsMissing': 'polaris', 'memoryRequestsMissing': 'polaris', 'cpuLimitsMissing': 'polaris', 'cpuRequestsMissing': 'polaris'}",
argocd4_51.yaml,StatefulSet,31,3,4,7,81.62,35.5,0,69,424,75,1536,112.04,2349.05,208.04,2557.09,True,True,10,2,97.78,100.0,"{'kubernetes_primary_supplementary_gid': 'trivy', 'use_high_gid': 'trivy', 'use_high_uid': 'trivy', 'memoryLimitsMissing': 'polaris', 'memoryRequestsMissing': 'polaris', 'cpuLimitsMissing': 'polaris', 'cpuRequestsMissing': 'polaris'}",
argocd50_46.yaml,Deployment,31,4,4,8,78.63,25.0,0,97,422,77,10000,121.66,2229.96,199.23,2429.19,True,True,17,10,94.93,100.0,"{'Require_Multiple_Replicas': 'kyverno', 'kubernetes_primary_supplementary_gid': 'trivy', 'use_high_gid': 'trivy', 'use_high_uid': 'trivy', 'memoryLimitsMissing': 'polaris', 'memoryRequestsMissing': 'polaris', 'cpuLimitsMissing': 'polaris', 'cpuRequestsMissing': 'polaris'}",
argocd50_47.yaml,Deployment,31,4,4,8,78.63,25.0,0,75,422,77,10000,115.73,2846.89,232.51,3079.4,True,True,12,4,97.38,100.0,"{'Require_Multiple_Replicas': 'kyverno', 'kubernetes_primary_supplementary_gid': 'trivy', 'use_high_gid': 'trivy', 'use_high_uid': 'trivy', 'memoryLimitsMissing': 'polaris', 'memoryRequestsMissing': 'polaris', 'cpuLimitsMissing': 'polaris', 'cpuRequestsMissing': 'polaris'}",
argocd50_48.yaml,StatefulSet,31,3,4,7,81.62,35.5,0,66,424,75,1008,105.6,1424.65,158.21,1582.86,True,True,10,2,97.07,100.0,"{'kubernetes_primary_supplementary_gid': 'trivy', 'use_high_gid': 'trivy', 'use_high_uid': 'trivy', 'memoryLimitsMissing': 'polaris', 'memoryRequestsMissing': 'polaris', 'cpuLimitsMissing': 'polaris', 'cpuRequestsMissing': 'polaris'}",
argocd63_43.yaml,Deployment,31,4,4,8,78.63,25.0,0,53,422,77,6336,108.79,1477.62,164.86,1642.48,True,True,12,4,96.21,100.0,"{'Require_Multiple_Replicas': 'kyverno', 'kubernetes_primary_supplementary_gid': 'trivy', 'use_high_gid': 'trivy', 'use_high_uid': 'trivy', 'memoryLimitsMissing': 'polaris', 'memoryRequestsMissing': 'polaris', 'cpuLimitsMissing': 'polaris', 'cpuRequestsMissing': 'polaris'}",
argocd63_47.yaml,Deployment,31,4,4,8,78.63,25.0,0,97,422,77,10000,112.81,2987.35,237.76,3225.11,True,True,17,10,95.76,100.0,"{'Require_Multiple_Replicas': 'kyverno', 'kubernetes_primary_supplementary_gid': 'trivy', 'use_high_gid': 'trivy', 'use_high_uid': 'trivy', 'memoryLimitsMissing': 'polaris', 'memoryRequestsMissing': 'polaris', 'cpuLimitsMissing': 'polaris', 'cpuRequestsMissing': 'polaris'}",
argocd63_48.yaml,Deployment,31,4,4,8,78.63,25.0,0,75,422,77,10000,109.78,3420.86,264.89,3685.75,True,True,12,4,97.69,100.0,"{'Require_Multiple_Replicas': 'kyverno', 'kubernetes_primary_supplementary_gid': 'trivy', 'use_high_gid': 'trivy', 'use_high_uid': 'trivy', 'memoryLimitsMissing': 'polaris', 'memoryRequestsMissing': 'polaris', 'cpuLimitsMissing': 'polaris', 'cpuRequestsMissing': 'polaris'}",
argocd63_49.yaml,StatefulSet,31,3,4,7,81.62,35.5,0,66,424,75,1488,114.76,2253.58,202.46,2456.04,True,True,10,2,97.74,100.0,"{'kubernetes_primary_supplementary_gid': 'trivy', 'use_high_gid': 'trivy', 'use_high_uid': 'trivy', 'memoryLimitsMissing': 'polaris', 'memoryRequestsMissing': 'polaris', 'cpuLimitsMissing': 'polaris', 'cpuRequestsMissing': 'polaris'}",
argocd_install_41.yaml,Deployment,31,4,4,8,78.63,25.0,0,53,422,77,6048,112.94,1391.34,157.61,1548.95,True,True,12,4,96.1,100.0,"{'Require_Multiple_Replicas': 'kyverno', 'kubernetes_primary_supplementary_gid': 'trivy', 'use_high_gid': 'trivy', 'use_high_uid': 'trivy', 'memoryLimitsMissing': 'polaris', 'memoryRequestsMissing': 'polaris', 'cpuLimitsMissing': 'polaris', 'cpuRequestsMissing': 'polaris'}",
argocd_install_45.yaml,Deployment,31,4,4,8,78.63,25.0,0,97,422,77,10000,121.55,2630.15,214.12,2844.27,True,True,17,10,95.32,100.0,"{'Require_Multiple_Replicas': 'kyverno', 'kubernetes_primary_supplementary_gid': 'trivy', 'use_high_gid': 'trivy', 'use_high_uid': 'trivy', 'memoryLimitsMissing': 'polaris', 'memoryRequestsMissing': 'polaris', 'cpuLimitsMissing': 'polaris', 'cpuRequestsMissing': 'polaris'}",
argocd_install_46.yaml,Deployment,31,4,4,8,78.63,25.0,0,75,422,77,10000,115.38,3060.55,243.73,3304.28,True,True,12,4,97.48,100.0,"{'Require_Multiple_Replicas': 'kyverno', 'kubernetes_primary_supplementary_gid': 'trivy', 'use_high_gid': 'trivy', 'use_high_uid': 'trivy', 'memoryLimitsMissing': 'polaris', 'memoryRequestsMissing': 'polaris', 'cpuLimitsMissing': 'polaris', 'cpuRequestsMissing': 'polaris'}",
argocd_install_47.yaml,StatefulSet,31,3,4,7,81.62,35.5,0,66,424,75,1104,104.92,1596.41,177.65,1774.06,True,True,10,2,97.24,100.0,"{'kubernetes_primary_supplementary_gid': 'trivy', 'use_high_gid': 'trivy', 'use_high_uid': 'trivy', 'memoryLimitsMissing': 'polaris', 'memoryRequestsMissing': 'polaris', 'cpuLimitsMissing': 'polaris', 'cpuRequestsMissing': 'polaris'}",
autoscaling.v2.HorizontalPodAutoscaler13.yaml,Unknown,SCHEMA_ERROR,,,,,,0,0,0,0,0.0,0.0,0.0,145.71,,,,0,0.0,0.0,,"C:\Users\CAOSD\projects\tool-security-rules\..\scriptJsonToUvl\yamls_agrupation\small\autoscaling.v2.HorizontalPodAutoscaler13.yaml - HorizontalPodAutoscaler 3{{ generateName }} is invalid: problem validating schema. Check JSON formatting: jsonschema validation failed with 'https://raw.githubusercontent.com/yannh/kubernetes-json-schema/master/master-standalone-strict/horizontalpodautoscaler-autoscaling-v2.json#' - at '/metadata': additional properties 'clusterName' not allowed | Summary: 1 resource found in 1 file - Valid: 0, Invalid: 1, Errors: 0, Skipped: 0"
autoscaling.v2.HorizontalPodAutoscaler21.yaml,Unknown,SCHEMA_ERROR,,,,,,0,0,0,0,0.0,0.0,0.0,295.32,,,,0,0.0,0.0,,"C:\Users\CAOSD\projects\tool-security-rules\..\scriptJsonToUvl\yamls_agrupation\small\autoscaling.v2.HorizontalPodAutoscaler21.yaml - HorizontalPodAutoscaler 3{{ generateName }} is invalid: problem validating schema. Check JSON formatting: jsonschema validation failed with 'https://raw.githubusercontent.com/yannh/kubernetes-json-schema/master/master-standalone-strict/horizontalpodautoscaler-autoscaling-v2.json#' - at '/metadata': additional properties 'clusterName' not allowed | Summary: 1 resource found in 1 file - Valid: 0, Invalid: 1, Errors: 0, Skipped: 0"
aws-k8s-cni_6.yaml,DaemonSet,31,12,3,15,55.56,0.0,0,91,423,238,10000,644.4,2300.91,148.67,2449.58,True,True,32,32,85.59,100.0,"{'no_root': 'trivy', 'kubernetes_primary_supplementary_gid': 'trivy', 'kubernetes_drop_default_capabilities': 'trivy', 'Require_aws_node_DaemonSet_use_IRSA': 'kyverno', 'no_mounted_hostpath': 'trivy', 'use_high_gid': 'trivy', 'kubernetes_use_readonly_filesystem': 'trivy', 'no_privileged_containers': 'trivy', 'kubernetes_drop_unused_capabilities': 'trivy', 'no_host_network': 'trivy', 'use_high_uid': 'trivy', 'kubernetes_no_non_default_capabilities': 'trivy', 'memoryLimitsMissing': 'polaris', 'memoryRequestsMissing': 'polaris', 'cpuLimitsMissing': 'polaris'}",
azkv-pushsecret-certificate.yaml,Secret,4,0,0,0,100.0,100.0,0,6,14,0,1,34.87,48.47,0.0,0.0,True,True,0,0,100.0,100.0,{},
batch.v1.Job.after_roundtrip4.yaml,Unknown,SCHEMA_ERROR,,,,,,0,0,0,0,0.0,0.0,0.0,421.17,,,,0,0.0,0.0,,"C:\Users\CAOSD\projects\tool-security-rules\..\scriptJsonToUvl\yamls_agrupation\small\batch.v1.Job.after_roundtrip4.yaml - Job 3{{ generateName }} is invalid: problem validating schema. Check JSON formatting: jsonschema validation failed with 'https://raw.githubusercontent.com/yannh/kubernetes-json-schema/master/master-standalone-strict/job-batch-v1.json#' - at '/metadata': additional properties 'clusterName' not allowed - at '/spec/template/metadata': additional properties 'clusterName' not allowed | Summary: 1 resource found in 1 file - Valid: 0, Invalid: 1, Errors: 0, Skipped: 0"
batch.v1.Job.after_roundtrip7.yaml,Unknown,SCHEMA_ERROR,,,,,,0,0,0,0,0.0,0.0,0.0,280.26,,,,0,0.0,0.0,,"C:\Users\CAOSD\projects\tool-security-rules\..\scriptJsonToUvl\yamls_agrupation\small\batch.v1.Job.after_roundtrip7.yaml - Job 3{{ generateName }} is invalid: problem validating schema. Check JSON formatting: jsonschema validation failed with 'https://raw.githubusercontent.com/yannh/kubernetes-json-schema/master/master-standalone-strict/job-batch-v1.json#' - at '/metadata': additional properties 'clusterName' not allowed - at '/spec/template/metadata': additional properties 'clusterName' not allowed | Summary: 1 resource found in 1 file - Valid: 0, Invalid: 1, Errors: 0, Skipped: 0"
batch.v1.Job13.yaml,Unknown,SCHEMA_ERROR,,,,,,0,0,0,0,0.0,0.0,0.0,448.8,,,,0,0.0,0.0,,"C:\Users\CAOSD\projects\tool-security-rules\..\scriptJsonToUvl\yamls_agrupation\small\batch.v1.Job13.yaml - Job 3{{ generateName }} is invalid: problem validating schema. Check JSON formatting: jsonschema validation failed with 'https://raw.githubusercontent.com/yannh/kubernetes-json-schema/master/master-standalone-strict/job-batch-v1.json#' - at '/metadata': validation failed   - at '/metadata/managedFields/0': additional properties 'fields' not allowed   - at '/metadata': additional properties 'clusterName' not allowed - at '/spec/template/metadata': validation failed   - at '/spec/template/metadata/managedFields/0': additional properties 'fields' not allowed   - at '/spec/template/metadata': additional properties 'clusterName' not allowed | Summary: 1 resource found in 1 file - Valid: 0, Invalid: 1, Errors: 0, Skipped: 0"
batch.v1.Job25.yaml,Unknown,SCHEMA_ERROR,,,,,,0,0,0,0,0.0,0.0,0.0,279.93,,,,0,0.0,0.0,,"C:\Users\CAOSD\projects\tool-security-rules\..\scriptJsonToUvl\yamls_agrupation\small\batch.v1.Job25.yaml - Job 3{{ generateName }} is invalid: problem validating schema. Check JSON formatting: jsonschema validation failed with 'https://raw.githubusercontent.com/yannh/kubernetes-json-schema/master/master-standalone-strict/job-batch-v1.json#' - at '/metadata': validation failed   - at '/metadata/managedFields/0': additional properties 'fields' not allowed   - at '/metadata': additional properties 'clusterName' not allowed - at '/spec/template/metadata': validation failed   - at '/spec/template/metadata/managedFields/0': additional properties 'fields' not allowed   - at '/spec/template/metadata': additional properties 'clusterName' not allowed | Summary: 1 resource found in 1 file - Valid: 0, Invalid: 1, Errors: 0, Skipped: 0"
bookstore-tls.yaml,Secret,4,0,0,0,100.0,100.0,0,8,14,0,2,60.89,74.52,0.0,0.0,True,True,0,0,100.0,100.0,{},
build3_42.yaml,Deployment,31,4,4,8,78.63,25.0,0,54,422,77,6048,113.32,1418.72,159.85,1578.57,True,True,12,4,96.12,100.0,"{'Require_Multiple_Replicas': 'kyverno', 'kubernetes_primary_supplementary_gid': 'trivy', 'use_high_gid': 'trivy', 'use_high_uid': 'trivy', 'memoryLimitsMissing': 'polaris', 'memoryRequestsMissing': 'polaris', 'cpuLimitsMissing': 'polaris', 'cpuRequestsMissing': 'polaris'}",
build3_46.yaml,Deployment,31,4,4,8,78.63,25.0,0,98,422,77,10000,106.04,2629.5,216.15,2845.65,True,True,17,10,95.34,100.0,"{'Require_Multiple_Replicas': 'kyverno', 'kubernetes_primary_supplementary_gid': 'trivy', 'use_high_gid': 'trivy', 'use_high_uid': 'trivy', 'memoryLimitsMissing': 'polaris', 'memoryRequestsMissing': 'polaris', 'cpuLimitsMissing': 'polaris', 'cpuRequestsMissing': 'polaris'}",
build3_47.yaml,Deployment,31,4,4,8,78.63,25.0,0,76,422,77,10000,116.58,3097.97,243.91,3341.88,True,True,12,4,97.48,100.0,"{'Require_Multiple_Replicas': 'kyverno', 'kubernetes_primary_supplementary_gid': 'trivy', 'use_high_gid': 'trivy', 'use_high_uid': 'trivy', 'memoryLimitsMissing': 'polaris', 'memoryRequestsMissing': 'polaris', 'cpuLimitsMissing': 'polaris', 'cpuRequestsMissing': 'polaris'}",
build3_48.yaml,StatefulSet,31,3,4,7,81.62,35.5,0,67,424,75,1104,109.91,1601.37,167.0,1768.37,True,True,10,2,97.25,100.0,"{'kubernetes_primary_supplementary_gid': 'trivy', 'use_high_gid': 'trivy', 'use_high_uid': 'trivy', 'memoryLimitsMissing': 'polaris', 'memoryRequestsMissing': 'polaris', 'cpuLimitsMissing': 'polaris', 'cpuRequestsMissing': 'polaris'}",
build8_42.yaml,Deployment,31,4,4,8,78.63,25.0,0,54,422,77,6048,109.99,1426.74,158.72,1585.46,True,True,12,4,96.12,100.0,"{'Require_Multiple_Replicas': 'kyverno', 'kubernetes_primary_supplementary_gid': 'trivy', 'use_high_gid': 'trivy', 'use_high_uid': 'trivy', 'memoryLimitsMissing': 'polaris', 'memoryRequestsMissing': 'polaris', 'cpuLimitsMissing': 'polaris', 'cpuRequestsMissing': 'polaris'}",
build8_46.yaml,Deployment,31,4,4,8,78.63,25.0,0,98,422,77,10000,113.49,2618.09,224.11,2842.2,True,True,17,10,95.34,100.0,"{'Require_Multiple_Replicas': 'kyverno', 'kubernetes_primary_supplementary_gid': 'trivy', 'use_high_gid': 'trivy', 'use_high_uid': 'trivy', 'memoryLimitsMissing': 'polaris', 'memoryRequestsMissing': 'polaris', 'cpuLimitsMissing': 'polaris', 'cpuRequestsMissing': 'polaris'}",
build8_47.yaml,Deployment,31,4,4,8,78.63,25.0,0,76,422,77,10000,109.31,3044.95,243.8,3288.75,True,True,12,4,97.48,100.0,"{'Require_Multiple_Replicas': 'kyverno', 'kubernetes_primary_supplementary_gid': 'trivy', 'use_high_gid': 'trivy', 'use_high_uid': 'trivy', 'memoryLimitsMissing': 'polaris', 'memoryRequestsMissing': 'polaris', 'cpuLimitsMissing': 'polaris', 'cpuRequestsMissing': 'polaris'}",
build8_48.yaml,StatefulSet,31,3,4,7,81.62,35.5,0,67,424,75,1104,109.37,1617.77,166.92,1784.69,True,True,10,2,97.25,100.0,"{'kubernetes_primary_supplementary_gid': 'trivy', 'use_high_gid': 'trivy', 'use_high_uid': 'trivy', 'memoryLimitsMissing': 'polaris', 'memoryRequestsMissing': 'polaris', 'cpuLimitsMissing': 'polaris', 'cpuRequestsMissing': 'polaris'}",
bunny-secret.yaml,Secret,4,0,0,0,100.0,100.0,0,6,14,0,1,34.93,48.98,0.0,0.0,True,True,0,0,100.0,100.0,{},
ca9.yaml,Secret,4,0,0,0,100.0,100.0,0,7,14,0,2,34.87,48.58,0.0,0.0,True,True,0,0,100.0,100.0,{},
caddy2_5.yaml,Deployment,31,5,0,5,87.61,56.5,0,94,422,109,10000,760.6,2145.01,133.94,2278.95,True,True,7,4,97.22,100.0,"{'no_root': 'trivy', 'kubernetes_primary_supplementary_gid': 'trivy', 'use_high_gid': 'trivy', 'no_auto_mount_service_token': 'trivy', 'use_high_uid': 'trivy'}",
calico-3.18.1_22.yaml,DaemonSet,31,10,3,13,61.54,0.0,0,90,423,218,10000,292.35,2205.35,162.62,2367.97,True,True,37,43,83.05,100.0,"{'no_root': 'trivy', 'kubernetes_primary_supplementary_gid': 'trivy', 'kubernetes_drop_default_capabilities': 'trivy', 'no_mounted_hostpath': 'trivy', 'use_high_gid': 'trivy', 'kubernetes_use_readonly_filesystem': 'trivy', 'no_privileged_containers': 'trivy', 'kubernetes_drop_unused_capabilities': 'trivy', 'no_host_network': 'trivy', 'use_high_uid': 'trivy', 'memoryLimitsMissing': 'polaris', 'memoryRequestsMissing': 'polaris', 'cpuLimitsMissing': 'polaris'}",
calico-ipv6_31.yaml,DaemonSet,31,10,3,13,61.54,0.0,0,101,423,218,10000,337.46,2811.12,186.19,2997.31,True,True,37,46,84.6,100.0,"{'no_root': 'trivy', 'kubernetes_primary_supplementary_gid': 'trivy', 'kubernetes_drop_default_capabilities': 'trivy', 'no_mounted_hostpath': 'trivy', 'use_high_gid': 'trivy', 'kubernetes_use_readonly_filesystem': 'trivy', 'no_privileged_containers': 'trivy', 'kubernetes_drop_unused_capabilities': 'trivy', 'no_host_network': 'trivy', 'use_high_uid': 'trivy', 'memoryLimitsMissing': 'polaris', 'memoryRequestsMissing': 'polaris', 'cpuLimitsMissing': 'polaris'}",
calico-typha_31.yaml,DaemonSet,31,10,3,13,61.54,0.0,0,101,423,218,10000,163.76,2536.88,182.55,2719.43,True,True,37,46,84.25,100.0,"{'no_root': 'trivy', 'kubernetes_primary_supplementary_gid': 'trivy', 'kubernetes_drop_default_capabilities': 'trivy', 'no_mounted_hostpath': 'trivy', 'use_high_gid': 'trivy', 'kubernetes_use_readonly_filesystem': 'trivy', 'no_privileged_containers': 'trivy', 'kubernetes_drop_unused_capabilities': 'trivy', 'no_host_network': 'trivy', 'use_high_uid': 'trivy', 'memoryLimitsMissing': 'polaris', 'memoryRequestsMissing': 'polaris', 'cpuLimitsMissing': 'polaris'}",
calico-v3.28.1_29.yaml,DaemonSet,31,10,3,13,61.54,0.0,0,101,423,218,10000,166.45,2499.06,176.37,2675.43,True,True,37,49,83.46,100.0,"{'no_root': 'trivy', 'kubernetes_primary_supplementary_gid': 'trivy', 'kubernetes_drop_default_capabilities': 'trivy', 'no_mounted_hostpath': 'trivy', 'use_high_gid': 'trivy', 'kubernetes_use_readonly_filesystem': 'trivy', 'no_privileged_containers': 'trivy', 'kubernetes_drop_unused_capabilities': 'trivy', 'no_host_network': 'trivy', 'use_high_uid': 'trivy', 'memoryLimitsMissing': 'polaris', 'memoryRequestsMissing': 'polaris', 'cpuLimitsMissing': 'polaris'}",
calico1.yaml,DaemonSet,31,9,4,13,59.83,0.0,0,150,423,192,10000,1166.62,4643.13,205.14,4848.27,True,True,26,65,84.17,100.0,"{'no_root': 'trivy', 'kubernetes_primary_supplementary_gid': 'trivy', 'no_mounted_hostpath': 'trivy', 'use_high_gid': 'trivy', 'kubernetes_use_readonly_filesystem': 'trivy', 'no_privileged_containers': 'trivy', 'no_host_network': 'trivy', 'kubernetes_no_self_privesc': 'trivy', 'use_high_uid': 'trivy', 'memoryLimitsMissing': 'polaris', 'memoryRequestsMissing': 'polaris', 'cpuLimitsMissing': 'polaris', 'cpuRequestsMissing': 'polaris'}",
calico10_29.yaml,DaemonSet,31,10,3,13,61.54,0.0,0,101,423,218,10000,152.3,2441.86,175.38,2617.24,True,True,37,46,83.95,100.0,"{'no_root': 'trivy', 'kubernetes_primary_supplementary_gid': 'trivy', 'kubernetes_drop_default_capabilities': 'trivy', 'no_mounted_hostpath': 'trivy', 'use_high_gid': 'trivy', 'kubernetes_use_readonly_filesystem': 'trivy', 'no_privileged_containers': 'trivy', 'kubernetes_drop_unused_capabilities': 'trivy', 'no_host_network': 'trivy', 'use_high_uid': 'trivy', 'memoryLimitsMissing': 'polaris', 'memoryRequestsMissing': 'polaris', 'cpuLimitsMissing': 'polaris'}",
calico11_19.yaml,DaemonSet,31,10,3,13,61.54,0.0,0,85,423,218,10000,164.81,1608.13,141.07,1749.2,True,True,37,36,81.98,100.0,"{'no_root': 'trivy', 'kubernetes_primary_supplementary_gid': 'trivy', 'kubernetes_drop_default_capabilities': 'trivy', 'no_mounted_hostpath': 'trivy', 'use_high_gid': 'trivy', 'kubernetes_use_readonly_filesystem': 'trivy', 'no_privileged_containers': 'trivy', 'kubernetes_drop_unused_capabilities': 'trivy', 'no_host_network': 'trivy', 'use_high_uid': 'trivy', 'memoryLimitsMissing': 'polaris', 'memoryRequestsMissing': 'polaris', 'cpuLimitsMissing': 'polaris'}",
calico13_19.yaml,DaemonSet,31,10,3,13,61.54,0.0,0,85,423,218,10000,158.02,1602.27,141.78,1744.05,True,True,37,36,81.98,100.0,"{'no_root': 'trivy', 'kubernetes_primary_supplementary_gid': 'trivy', 'kubernetes_drop_default_capabilities': 'trivy', 'no_mounted_hostpath': 'trivy', 'use_high_gid': 'trivy', 'kubernetes_use_readonly_filesystem': 'trivy', 'no_privileged_containers': 'trivy', 'kubernetes_drop_unused_capabilities': 'trivy', 'no_host_network': 'trivy', 'use_high_uid': 'trivy', 'memoryLimitsMissing': 'polaris', 'memoryRequestsMissing': 'polaris', 'cpuLimitsMissing': 'polaris'}",
calico14_29.yaml,DaemonSet,31,10,3,13,61.54,0.0,0,101,423,218,10000,170.26,2463.23,178.51,2641.74,True,True,37,46,84.07,100.0,"{'no_root': 'trivy', 'kubernetes_primary_supplementary_gid': 'trivy', 'kubernetes_drop_default_capabilities': 'trivy', 'no_mounted_hostpath': 'trivy', 'use_high_gid': 'trivy', 'kubernetes_use_readonly_filesystem': 'trivy', 'no_privileged_containers': 'trivy', 'kubernetes_drop_unused_capabilities': 'trivy', 'no_host_network': 'trivy', 'use_high_uid': 'trivy', 'memoryLimitsMissing': 'polaris', 'memoryRequestsMissing': 'polaris', 'cpuLimitsMissing': 'polaris'}",
calico16_25.yaml,DaemonSet,31,10,3,13,61.54,0.0,0,101,423,218,10000,163.79,2463.94,174.9,2638.84,True,True,37,46,83.95,100.0,"{'no_root': 'trivy', 'kubernetes_primary_supplementary_gid': 'trivy', 'kubernetes_drop_default_capabilities': 'trivy', 'no_mounted_hostpath': 'trivy', 'use_high_gid': 'trivy', 'kubernetes_use_readonly_filesystem': 'trivy', 'no_privileged_containers': 'trivy', 'kubernetes_drop_unused_capabilities': 'trivy', 'no_host_network': 'trivy', 'use_high_uid': 'trivy', 'memoryLimitsMissing': 'polaris', 'memoryRequestsMissing': 'polaris', 'cpuLimitsMissing': 'polaris'}",
calico17_31.yaml,DaemonSet,31,10,3,13,61.54,0.0,0,101,423,218,10000,157.85,2565.55,180.08,2745.63,True,True,37,46,84.37,100.0,"{'no_root': 'trivy', 'kubernetes_primary_supplementary_gid': 'trivy', 'kubernetes_drop_default_capabilities': 'trivy', 'no_mounted_hostpath': 'trivy', 'use_high_gid': 'trivy', 'kubernetes_use_readonly_filesystem': 'trivy', 'no_privileged_containers': 'trivy', 'kubernetes_drop_unused_capabilities': 'trivy', 'no_host_network': 'trivy', 'use_high_uid': 'trivy', 'memoryLimitsMissing': 'polaris', 'memoryRequestsMissing': 'polaris', 'cpuLimitsMissing': 'polaris'}",
calico18_27.yaml,DaemonSet,31,10,3,13,61.54,0.0,0,101,423,218,10000,162.21,2561.91,194.03,2755.94,True,True,37,46,84.37,100.0,"{'no_root': 'trivy', 'kubernetes_primary_supplementary_gid': 'trivy', 'kubernetes_drop_default_capabilities': 'trivy', 'no_mounted_hostpath': 'trivy', 'use_high_gid': 'trivy', 'kubernetes_use_readonly_filesystem': 'trivy', 'no_privileged_containers': 'trivy', 'kubernetes_drop_unused_capabilities': 'trivy', 'no_host_network': 'trivy', 'use_high_uid': 'trivy', 'memoryLimitsMissing': 'polaris', 'memoryRequestsMissing': 'polaris', 'cpuLimitsMissing': 'polaris'}",
calico25_25.yaml,DaemonSet,31,10,3,13,61.54,0.0,0,101,423,218,10000,154.09,2481.21,177.47,2658.68,True,True,37,46,84.07,100.0,"{'no_root': 'trivy', 'kubernetes_primary_supplementary_gid': 'trivy', 'kubernetes_drop_default_capabilities': 'trivy', 'no_mounted_hostpath': 'trivy', 'use_high_gid': 'trivy', 'kubernetes_use_readonly_filesystem': 'trivy', 'no_privileged_containers': 'trivy', 'kubernetes_drop_unused_capabilities': 'trivy', 'no_host_network': 'trivy', 'use_high_uid': 'trivy', 'memoryLimitsMissing': 'polaris', 'memoryRequestsMissing': 'polaris', 'cpuLimitsMissing': 'polaris'}",
calico26_29.yaml,DaemonSet,31,10,3,13,61.54,0.0,0,101,423,218,10000,173.59,2459.1,174.01,2633.11,True,True,37,46,83.95,100.0,"{'no_root': 'trivy', 'kubernetes_primary_supplementary_gid': 'trivy', 'kubernetes_drop_default_capabilities': 'trivy', 'no_mounted_hostpath': 'trivy', 'use_high_gid': 'trivy', 'kubernetes_use_readonly_filesystem': 'trivy', 'no_privileged_containers': 'trivy', 'kubernetes_drop_unused_capabilities': 'trivy', 'no_host_network': 'trivy', 'use_high_uid': 'trivy', 'memoryLimitsMissing': 'polaris', 'memoryRequestsMissing': 'polaris', 'cpuLimitsMissing': 'polaris'}",
calico27_37.yaml,DaemonSet,31,10,3,13,61.54,0.0,0,82,423,218,10000,164.36,1785.83,152.8,1938.63,True,True,37,36,83.22,100.0,"{'no_root': 'trivy', 'kubernetes_primary_supplementary_gid': 'trivy', 'kubernetes_drop_default_capabilities': 'trivy', 'no_mounted_hostpath': 'trivy', 'use_high_gid': 'trivy', 'kubernetes_use_readonly_filesystem': 'trivy', 'no_privileged_containers': 'trivy', 'kubernetes_drop_unused_capabilities': 'trivy', 'no_host_network': 'trivy', 'use_high_uid': 'trivy', 'memoryLimitsMissing': 'polaris', 'memoryRequestsMissing': 'polaris', 'cpuLimitsMissing': 'polaris'}",
calico29_37.yaml,DaemonSet,31,10,3,13,61.54,0.0,0,82,423,218,10000,162.32,1777.61,154.98,1932.59,True,True,37,36,83.22,100.0,"{'no_root': 'trivy', 'kubernetes_primary_supplementary_gid': 'trivy', 'kubernetes_drop_default_capabilities': 'trivy', 'no_mounted_hostpath': 'trivy', 'use_high_gid': 'trivy', 'kubernetes_use_readonly_filesystem': 'trivy', 'no_privileged_containers': 'trivy', 'kubernetes_drop_unused_capabilities': 'trivy', 'no_host_network': 'trivy', 'use_high_uid': 'trivy', 'memoryLimitsMissing': 'polaris', 'memoryRequestsMissing': 'polaris', 'cpuLimitsMissing': 'polaris'}",
calico2_25.yaml,DaemonSet,31,10,3,13,61.54,0.0,0,101,423,218,10000,160.54,2475.89,176.27,2652.16,True,True,37,46,83.95,100.0,"{'no_root': 'trivy', 'kubernetes_primary_supplementary_gid': 'trivy', 'kubernetes_drop_default_capabilities': 'trivy', 'no_mounted_hostpath': 'trivy', 'use_high_gid': 'trivy', 'kubernetes_use_readonly_filesystem': 'trivy', 'no_privileged_containers': 'trivy', 'kubernetes_drop_unused_capabilities': 'trivy', 'no_host_network': 'trivy', 'use_high_uid': 'trivy', 'memoryLimitsMissing': 'polaris', 'memoryRequestsMissing': 'polaris', 'cpuLimitsMissing': 'polaris'}",
calico30_19.yaml,DaemonSet,31,10,3,13,61.54,0.0,0,83,423,218,10000,166.95,1579.99,143.34,1723.33,True,True,40,33,81.89,100.0,"{'no_root': 'trivy', 'kubernetes_primary_supplementary_gid': 'trivy', 'kubernetes_drop_default_capabilities': 'trivy', 'no_mounted_hostpath': 'trivy', 'use_high_gid': 'trivy', 'kubernetes_use_readonly_filesystem': 'trivy', 'no_privileged_containers': 'trivy', 'kubernetes_drop_unused_capabilities': 'trivy', 'no_host_network': 'trivy', 'use_high_uid': 'trivy', 'memoryLimitsMissing': 'polaris', 'memoryRequestsMissing': 'polaris', 'cpuLimitsMissing': 'polaris'}",
calico31_25.yaml,DaemonSet,31,10,3,13,61.54,0.0,0,101,423,218,10000,161.66,2487.19,178.61,2665.8,True,True,37,46,84.07,100.0,"{'no_root': 'trivy', 'kubernetes_primary_supplementary_gid': 'trivy', 'kubernetes_drop_default_capabilities': 'trivy', 'no_mounted_hostpath': 'trivy', 'use_high_gid': 'trivy', 'kubernetes_use_readonly_filesystem': 'trivy', 'no_privileged_containers': 'trivy', 'kubernetes_drop_unused_capabilities': 'trivy', 'no_host_network': 'trivy', 'use_high_uid': 'trivy', 'memoryLimitsMissing': 'polaris', 'memoryRequestsMissing': 'polaris', 'cpuLimitsMissing': 'polaris'}",
calico32_25.yaml,DaemonSet,31,10,3,13,61.54,0.0,0,101,423,218,10000,168.7,2472.42,177.9,2650.32,True,True,37,46,84.07,100.0,"{'no_root': 'trivy', 'kubernetes_primary_supplementary_gid': 'trivy', 'kubernetes_drop_default_capabilities': 'trivy', 'no_mounted_hostpath': 'trivy', 'use_high_gid': 'trivy', 'kubernetes_use_readonly_filesystem': 'trivy', 'no_privileged_containers': 'trivy', 'kubernetes_drop_unused_capabilities': 'trivy', 'no_host_network': 'trivy', 'use_high_uid': 'trivy', 'memoryLimitsMissing': 'polaris', 'memoryRequestsMissing': 'polaris', 'cpuLimitsMissing': 'polaris'}",
calico33_29.yaml,DaemonSet,31,10,3,13,61.54,0.0,0,101,423,218,10000,155.72,2721.89,177.9,2899.79,True,True,37,46,83.95,100.0,"{'no_root': 'trivy', 'kubernetes_primary_supplementary_gid': 'trivy', 'kubernetes_drop_default_capabilities': 'trivy', 'no_mounted_hostpath': 'trivy', 'use_high_gid': 'trivy', 'kubernetes_use_readonly_filesystem': 'trivy', 'no_privileged_containers': 'trivy', 'kubernetes_drop_unused_capabilities': 'trivy', 'no_host_network': 'trivy', 'use_high_uid': 'trivy', 'memoryLimitsMissing': 'polaris', 'memoryRequestsMissing': 'polaris', 'cpuLimitsMissing': 'polaris'}",
calico34_22.yaml,DaemonSet,31,10,3,13,61.54,0.0,0,97,423,218,10000,163.05,2136.94,164.81,2301.75,True,True,37,43,83.4,100.0,"{'no_root': 'trivy', 'kubernetes_primary_supplementary_gid': 'trivy', 'kubernetes_drop_default_capabilities': 'trivy', 'no_mounted_hostpath': 'trivy', 'use_high_gid': 'trivy', 'kubernetes_use_readonly_filesystem': 'trivy', 'no_privileged_containers': 'trivy', 'kubernetes_drop_unused_capabilities': 'trivy', 'no_host_network': 'trivy', 'use_high_uid': 'trivy', 'memoryLimitsMissing': 'polaris', 'memoryRequestsMissing': 'polaris', 'cpuLimitsMissing': 'polaris'}",
calico36_25.yaml,DaemonSet,31,10,3,13,61.54,0.0,0,97,423,218,10000,181.53,2202.07,167.12,2369.19,True,True,37,43,83.4,100.0,"{'no_root': 'trivy', 'kubernetes_primary_supplementary_gid': 'trivy', 'kubernetes_drop_default_capabilities': 'trivy', 'no_mounted_hostpath': 'trivy', 'use_high_gid': 'trivy', 'kubernetes_use_readonly_filesystem': 'trivy', 'no_privileged_containers': 'trivy', 'kubernetes_drop_unused_capabilities': 'trivy', 'no_host_network': 'trivy', 'use_high_uid': 'trivy', 'memoryLimitsMissing': 'polaris', 'memoryRequestsMissing': 'polaris', 'cpuLimitsMissing': 'polaris'}",
calico37_25.yaml,DaemonSet,31,10,3,13,61.54,0.0,0,101,423,218,10000,173.66,2455.3,175.32,2630.62,True,True,37,46,83.95,100.0,"{'no_root': 'trivy', 'kubernetes_primary_supplementary_gid': 'trivy', 'kubernetes_drop_default_capabilities': 'trivy', 'no_mounted_hostpath': 'trivy', 'use_high_gid': 'trivy', 'kubernetes_use_readonly_filesystem': 'trivy', 'no_privileged_containers': 'trivy', 'kubernetes_drop_unused_capabilities': 'trivy', 'no_host_network': 'trivy', 'use_high_uid': 'trivy', 'memoryLimitsMissing': 'polaris', 'memoryRequestsMissing': 'polaris', 'cpuLimitsMissing': 'polaris'}",
calico38_25.yaml,DaemonSet,31,10,3,13,61.54,0.0,0,101,423,218,10000,232.08,2563.49,177.03,2740.52,True,True,37,46,84.07,100.0,"{'no_root': 'trivy', 'kubernetes_primary_supplementary_gid': 'trivy', 'kubernetes_drop_default_capabilities': 'trivy', 'no_mounted_hostpath': 'trivy', 'use_high_gid': 'trivy', 'kubernetes_use_readonly_filesystem': 'trivy', 'no_privileged_containers': 'trivy', 'kubernetes_drop_unused_capabilities': 'trivy', 'no_host_network': 'trivy', 'use_high_uid': 'trivy', 'memoryLimitsMissing': 'polaris', 'memoryRequestsMissing': 'polaris', 'cpuLimitsMissing': 'polaris'}",
calico39_25.yaml,DaemonSet,31,10,3,13,61.54,0.0,0,101,423,218,10000,153.72,2449.3,180.06,2629.36,True,True,37,46,84.07,100.0,"{'no_root': 'trivy', 'kubernetes_primary_supplementary_gid': 'trivy', 'kubernetes_drop_default_capabilities': 'trivy', 'no_mounted_hostpath': 'trivy', 'use_high_gid': 'trivy', 'kubernetes_use_readonly_filesystem': 'trivy', 'no_privileged_containers': 'trivy', 'kubernetes_drop_unused_capabilities': 'trivy', 'no_host_network': 'trivy', 'use_high_uid': 'trivy', 'memoryLimitsMissing': 'polaris', 'memoryRequestsMissing': 'polaris', 'cpuLimitsMissing': 'polaris'}",
calico3_25.yaml,DaemonSet,31,10,3,13,61.54,0.0,0,101,423,218,10000,161.78,2411.21,176.78,2587.99,True,True,37,46,84.07,100.0,"{'no_root': 'trivy', 'kubernetes_primary_supplementary_gid': 'trivy', 'kubernetes_drop_default_capabilities': 'trivy', 'no_mounted_hostpath': 'trivy', 'use_high_gid': 'trivy', 'kubernetes_use_readonly_filesystem': 'trivy', 'no_privileged_containers': 'trivy', 'kubernetes_drop_unused_capabilities': 'trivy', 'no_host_network': 'trivy', 'use_high_uid': 'trivy', 'memoryLimitsMissing': 'polaris', 'memoryRequestsMissing': 'polaris', 'cpuLimitsMissing': 'polaris'}",
calico40_25.yaml,DaemonSet,31,10,3,13,61.54,0.0,0,103,423,218,10000,212.52,2550.99,177.43,2728.42,True,True,37,46,84.07,100.0,"{'no_root': 'trivy', 'kubernetes_primary_supplementary_gid': 'trivy', 'kubernetes_drop_default_capabilities': 'trivy', 'no_mounted_hostpath': 'trivy', 'use_high_gid': 'trivy', 'kubernetes_use_readonly_filesystem': 'trivy', 'no_privileged_containers': 'trivy', 'kubernetes_drop_unused_capabilities': 'trivy', 'no_host_network': 'trivy', 'use_high_uid': 'trivy', 'memoryLimitsMissing': 'polaris', 'memoryRequestsMissing': 'polaris', 'cpuLimitsMissing': 'polaris'}",
calico41_25.yaml,DaemonSet,31,10,3,13,61.54,0.0,0,101,423,218,10000,153.64,2484.36,176.82,2661.18,True,True,37,46,84.07,100.0,"{'no_root': 'trivy', 'kubernetes_primary_supplementary_gid': 'trivy', 'kubernetes_drop_default_capabilities': 'trivy', 'no_mounted_hostpath': 'trivy', 'use_high_gid': 'trivy', 'kubernetes_use_readonly_filesystem': 'trivy', 'no_privileged_containers': 'trivy', 'kubernetes_drop_unused_capabilities': 'trivy', 'no_host_network': 'trivy', 'use_high_uid': 'trivy', 'memoryLimitsMissing': 'polaris', 'memoryRequestsMissing': 'polaris', 'cpuLimitsMissing': 'polaris'}",
calico42_22.yaml,DaemonSet,31,10,3,13,61.54,0.0,0,90,423,218,10000,159.71,2047.13,161.13,2208.26,True,True,37,43,82.76,100.0,"{'no_root': 'trivy', 'kubernetes_primary_supplementary_gid': 'trivy', 'kubernetes_drop_default_capabilities': 'trivy', 'no_mounted_hostpath': 'trivy', 'use_high_gid': 'trivy', 'kubernetes_use_readonly_filesystem': 'trivy', 'no_privileged_containers': 'trivy', 'kubernetes_drop_unused_capabilities': 'trivy', 'no_host_network': 'trivy', 'use_high_uid': 'trivy', 'memoryLimitsMissing': 'polaris', 'memoryRequestsMissing': 'polaris', 'cpuLimitsMissing': 'polaris'}",
calico43_22.yaml,DaemonSet,31,10,3,13,61.54,0.0,0,90,423,218,10000,153.61,2036.86,160.8,2197.66,True,True,37,43,82.76,100.0,"{'no_root': 'trivy', 'kubernetes_primary_supplementary_gid': 'trivy', 'kubernetes_drop_default_capabilities': 'trivy', 'no_mounted_hostpath': 'trivy', 'use_high_gid': 'trivy', 'kubernetes_use_readonly_filesystem': 'trivy', 'no_privileged_containers': 'trivy', 'kubernetes_drop_unused_capabilities': 'trivy', 'no_host_network': 'trivy', 'use_high_uid': 'trivy', 'memoryLimitsMissing': 'polaris', 'memoryRequestsMissing': 'polaris', 'cpuLimitsMissing': 'polaris'}",
calico44_25.yaml,DaemonSet,31,10,3,13,61.54,0.0,0,101,423,218,10000,199.61,2543.27,178.75,2722.02,True,True,37,46,84.07,100.0,"{'no_root': 'trivy', 'kubernetes_primary_supplementary_gid': 'trivy', 'kubernetes_drop_default_capabilities': 'trivy', 'no_mounted_hostpath': 'trivy', 'use_high_gid': 'trivy', 'kubernetes_use_readonly_filesystem': 'trivy', 'no_privileged_containers': 'trivy', 'kubernetes_drop_unused_capabilities': 'trivy', 'no_host_network': 'trivy', 'use_high_uid': 'trivy', 'memoryLimitsMissing': 'polaris', 'memoryRequestsMissing': 'polaris', 'cpuLimitsMissing': 'polaris'}",
calico45_25.yaml,DaemonSet,31,10,3,13,61.54,0.0,0,101,423,218,10000,166.05,2543.95,181.68,2725.63,True,True,37,46,83.95,100.0,"{'no_root': 'trivy', 'kubernetes_primary_supplementary_gid': 'trivy', 'kubernetes_drop_default_capabilities': 'trivy', 'no_mounted_hostpath': 'trivy', 'use_high_gid': 'trivy', 'kubernetes_use_readonly_filesystem': 'trivy', 'no_privileged_containers': 'trivy', 'kubernetes_drop_unused_capabilities': 'trivy', 'no_host_network': 'trivy', 'use_high_uid': 'trivy', 'memoryLimitsMissing': 'polaris', 'memoryRequestsMissing': 'polaris', 'cpuLimitsMissing': 'polaris'}",
calico46_37.yaml,DaemonSet,31,10,3,13,61.54,0.0,0,82,423,218,10000,194.51,1830.96,154.43,1985.39,True,True,37,36,83.22,100.0,"{'no_root': 'trivy', 'kubernetes_primary_supplementary_gid': 'trivy', 'kubernetes_drop_default_capabilities': 'trivy', 'no_mounted_hostpath': 'trivy', 'use_high_gid': 'trivy', 'kubernetes_use_readonly_filesystem': 'trivy', 'no_privileged_containers': 'trivy', 'kubernetes_drop_unused_capabilities': 'trivy', 'no_host_network': 'trivy', 'use_high_uid': 'trivy', 'memoryLimitsMissing': 'polaris', 'memoryRequestsMissing': 'polaris', 'cpuLimitsMissing': 'polaris'}",
calico47_29.yaml,DaemonSet,31,10,3,13,61.54,0.0,0,101,423,218,10000,172.83,2576.29,184.87,2761.16,True,True,37,46,84.07,100.0,"{'no_root': 'trivy', 'kubernetes_primary_supplementary_gid': 'trivy', 'kubernetes_drop_default_capabilities': 'trivy', 'no_mounted_hostpath': 'trivy', 'use_high_gid': 'trivy', 'kubernetes_use_readonly_filesystem': 'trivy', 'no_privileged_containers': 'trivy', 'kubernetes_drop_unused_capabilities': 'trivy', 'no_host_network': 'trivy', 'use_high_uid': 'trivy', 'memoryLimitsMissing': 'polaris', 'memoryRequestsMissing': 'polaris', 'cpuLimitsMissing': 'polaris'}",
Calico48_29.yaml,DaemonSet,31,10,3,13,61.54,0.0,0,101,423,218,10000,230.06,2545.44,176.89,2722.33,True,True,37,46,83.95,100.0,"{'no_root': 'trivy', 'kubernetes_primary_supplementary_gid': 'trivy', 'kubernetes_drop_default_capabilities': 'trivy', 'no_mounted_hostpath': 'trivy', 'use_high_gid': 'trivy', 'kubernetes_use_readonly_filesystem': 'trivy', 'no_privileged_containers': 'trivy', 'kubernetes_drop_unused_capabilities': 'trivy', 'no_host_network': 'trivy', 'use_high_uid': 'trivy', 'memoryLimitsMissing': 'polaris', 'memoryRequestsMissing': 'polaris', 'cpuLimitsMissing': 'polaris'}",
calico4_19.yaml,DaemonSet,31,10,3,13,61.54,0.0,0,83,423,218,10000,238.47,1661.9,144.45,1806.35,True,True,40,33,81.89,100.0,"{'no_root': 'trivy', 'kubernetes_primary_supplementary_gid': 'trivy', 'kubernetes_drop_default_capabilities': 'trivy', 'no_mounted_hostpath': 'trivy', 'use_high_gid': 'trivy', 'kubernetes_use_readonly_filesystem': 'trivy', 'no_privileged_containers': 'trivy', 'kubernetes_drop_unused_capabilities': 'trivy', 'no_host_network': 'trivy', 'use_high_uid': 'trivy', 'memoryLimitsMissing': 'polaris', 'memoryRequestsMissing': 'polaris', 'cpuLimitsMissing': 'polaris'}",
calico50_19.yaml,DaemonSet,31,10,3,13,61.54,0.0,0,83,423,218,10000,192.14,1620.43,146.28,1766.71,True,True,40,33,81.89,100.0,"{'no_root': 'trivy', 'kubernetes_primary_supplementary_gid': 'trivy', 'kubernetes_drop_default_capabilities': 'trivy', 'no_mounted_hostpath': 'trivy', 'use_high_gid': 'trivy', 'kubernetes_use_readonly_filesystem': 'trivy', 'no_privileged_containers': 'trivy', 'kubernetes_drop_unused_capabilities': 'trivy', 'no_host_network': 'trivy', 'use_high_uid': 'trivy', 'memoryLimitsMissing': 'polaris', 'memoryRequestsMissing': 'polaris', 'cpuLimitsMissing': 'polaris'}",
calico51_25.yaml,DaemonSet,31,10,3,13,61.54,0.0,0,101,423,218,10000,192.22,2543.97,182.54,2726.51,True,True,37,46,84.07,100.0,"{'no_root': 'trivy', 'kubernetes_primary_supplementary_gid': 'trivy', 'kubernetes_drop_default_capabilities': 'trivy', 'no_mounted_hostpath': 'trivy', 'use_high_gid': 'trivy', 'kubernetes_use_readonly_filesystem': 'trivy', 'no_privileged_containers': 'trivy', 'kubernetes_drop_unused_capabilities': 'trivy', 'no_host_network': 'trivy', 'use_high_uid': 'trivy', 'memoryLimitsMissing': 'polaris', 'memoryRequestsMissing': 'polaris', 'cpuLimitsMissing': 'polaris'}",
calico52_25.yaml,DaemonSet,31,10,3,13,61.54,0.0,0,101,423,218,10000,210.41,2587.66,181.07,2768.73,True,True,37,46,84.07,100.0,"{'no_root': 'trivy', 'kubernetes_primary_supplementary_gid': 'trivy', 'kubernetes_drop_default_capabilities': 'trivy', 'no_mounted_hostpath': 'trivy', 'use_high_gid': 'trivy', 'kubernetes_use_readonly_filesystem': 'trivy', 'no_privileged_containers': 'trivy', 'kubernetes_drop_unused_capabilities': 'trivy', 'no_host_network': 'trivy', 'use_high_uid': 'trivy', 'memoryLimitsMissing': 'polaris', 'memoryRequestsMissing': 'polaris', 'cpuLimitsMissing': 'polaris'}",
calico53_25.yaml,DaemonSet,31,10,3,13,61.54,0.0,0,101,423,218,10000,171.1,2489.69,184.49,2674.18,True,True,37,46,83.95,100.0,"{'no_root': 'trivy', 'kubernetes_primary_supplementary_gid': 'trivy', 'kubernetes_drop_default_capabilities': 'trivy', 'no_mounted_hostpath': 'trivy', 'use_high_gid': 'trivy', 'kubernetes_use_readonly_filesystem': 'trivy', 'no_privileged_containers': 'trivy', 'kubernetes_drop_unused_capabilities': 'trivy', 'no_host_network': 'trivy', 'use_high_uid': 'trivy', 'memoryLimitsMissing': 'polaris', 'memoryRequestsMissing': 'polaris', 'cpuLimitsMissing': 'polaris'}",
calico54_29.yaml,DaemonSet,31,10,3,13,61.54,0.0,0,101,423,218,10000,154.01,2484.46,175.11,2659.57,True,True,37,46,83.95,100.0,"{'no_root': 'trivy', 'kubernetes_primary_supplementary_gid': 'trivy', 'kubernetes_drop_default_capabilities': 'trivy', 'no_mounted_hostpath': 'trivy', 'use_high_gid': 'trivy', 'kubernetes_use_readonly_filesystem': 'trivy', 'no_privileged_containers': 'trivy', 'kubernetes_drop_unused_capabilities': 'trivy', 'no_host_network': 'trivy', 'use_high_uid': 'trivy', 'memoryLimitsMissing': 'polaris', 'memoryRequestsMissing': 'polaris', 'cpuLimitsMissing': 'polaris'}",
calico55_25.yaml,DaemonSet,31,10,3,13,61.54,0.0,0,101,423,218,10000,183.61,2576.07,186.85,2762.92,True,True,37,46,84.07,100.0,"{'no_root': 'trivy', 'kubernetes_primary_supplementary_gid': 'trivy', 'kubernetes_drop_default_capabilities': 'trivy', 'no_mounted_hostpath': 'trivy', 'use_high_gid': 'trivy', 'kubernetes_use_readonly_filesystem': 'trivy', 'no_privileged_containers': 'trivy', 'kubernetes_drop_unused_capabilities': 'trivy', 'no_host_network': 'trivy', 'use_high_uid': 'trivy', 'memoryLimitsMissing': 'polaris', 'memoryRequestsMissing': 'polaris', 'cpuLimitsMissing': 'polaris'}",
calico56_25.yaml,DaemonSet,31,10,3,13,61.54,0.0,0,101,423,218,10000,187.0,2525.83,180.08,2705.91,True,True,37,46,83.95,100.0,"{'no_root': 'trivy', 'kubernetes_primary_supplementary_gid': 'trivy', 'kubernetes_drop_default_capabilities': 'trivy', 'no_mounted_hostpath': 'trivy', 'use_high_gid': 'trivy', 'kubernetes_use_readonly_filesystem': 'trivy', 'no_privileged_containers': 'trivy', 'kubernetes_drop_unused_capabilities': 'trivy', 'no_host_network': 'trivy', 'use_high_uid': 'trivy', 'memoryLimitsMissing': 'polaris', 'memoryRequestsMissing': 'polaris', 'cpuLimitsMissing': 'polaris'}",
calico57.yaml,Pod,61,20,2,22,66.59,0.0,1,172,481,232,10000,2392.15,9558.87,308.97,9867.84,False,True,46,79,85.31,100.0,"{'Restrict_node_selection': 'kyverno', 'no_root': 'trivy', 'kubernetes_primary_supplementary_gid': 'trivy', 'kubernetes_drop_default_capabilities': 'trivy', 'Disallow_Host_Namespaces': 'kyverno', 'no_mounted_hostpath': 'trivy', 'use_high_gid': 'trivy', 'Require_Run_As_Non_Root_User': 'kyverno', 'kubernetes_use_readonly_filesystem': 'trivy', 'Require_Read_Only_Root_Filesystem': 'kyverno', 'Disallow_hostPath': 'kyverno', 'no_privileged_containers': 'trivy', 'kubernetes_drop_unused_capabilities': 'trivy', 'Check_supplementalGroups': 'kyverno', 'Require_imagePullPolicy_Always': 'kyverno', 'Require_Non_Root_Groups': 'kyverno', 'Disallow_Privileged_Containers': 'kyverno', 'use_high_uid': 'trivy', 'Restrict_Node_Affinity': 'kyverno', 'Validate_User_ID_Group_ID_and_FS_Group': 'kyverno', 'Require_Images_Use_Checksums': 'kyverno', 'Restrict_Image_Registries': 'kyverno'}",
calico58_25.yaml,DaemonSet,31,10,3,13,61.54,0.0,0,103,423,218,10000,221.03,2532.34,232.48,2764.82,True,True,37,46,84.07,100.0,"{'no_root': 'trivy', 'kubernetes_primary_supplementary_gid': 'trivy', 'kubernetes_drop_default_capabilities': 'trivy', 'no_mounted_hostpath': 'trivy', 'use_high_gid': 'trivy', 'kubernetes_use_readonly_filesystem': 'trivy', 'no_privileged_containers': 'trivy', 'kubernetes_drop_unused_capabilities': 'trivy', 'no_host_network': 'trivy', 'use_high_uid': 'trivy', 'memoryLimitsMissing': 'polaris', 'memoryRequestsMissing': 'polaris', 'cpuLimitsMissing': 'polaris'}",
calico59_25.yaml,DaemonSet,31,10,3,13,61.54,0.0,0,101,423,218,10000,258.36,3365.69,746.52,4112.21,True,True,37,46,83.95,100.0,"{'no_root': 'trivy', 'kubernetes_primary_supplementary_gid': 'trivy', 'kubernetes_drop_default_capabilities': 'trivy', 'no_mounted_hostpath': 'trivy', 'use_high_gid': 'trivy', 'kubernetes_use_readonly_filesystem': 'trivy', 'no_privileged_containers': 'trivy', 'kubernetes_drop_unused_capabilities': 'trivy', 'no_host_network': 'trivy', 'use_high_uid': 'trivy', 'memoryLimitsMissing': 'polaris', 'memoryRequestsMissing': 'polaris', 'cpuLimitsMissing': 'polaris'}",
calico5_19.yaml,DaemonSet,31,10,3,13,61.54,0.0,0,83,423,218,10000,181.32,1596.42,145.29,1741.71,True,True,40,33,81.89,100.0,"{'no_root': 'trivy', 'kubernetes_primary_supplementary_gid': 'trivy', 'kubernetes_drop_default_capabilities': 'trivy', 'no_mounted_hostpath': 'trivy', 'use_high_gid': 'trivy', 'kubernetes_use_readonly_filesystem': 'trivy', 'no_privileged_containers': 'trivy', 'kubernetes_drop_unused_capabilities': 'trivy', 'no_host_network': 'trivy', 'use_high_uid': 'trivy', 'memoryLimitsMissing': 'polaris', 'memoryRequestsMissing': 'polaris', 'cpuLimitsMissing': 'polaris'}",
calico6.yaml,DaemonSet,31,9,4,13,59.83,0.0,0,150,423,192,10000,183.21,3732.79,207.8,3940.59,True,True,26,65,84.17,100.0,"{'no_root': 'trivy', 'kubernetes_primary_supplementary_gid': 'trivy', 'no_mounted_hostpath': 'trivy', 'use_high_gid': 'trivy', 'kubernetes_use_readonly_filesystem': 'trivy', 'no_privileged_containers': 'trivy', 'no_host_network': 'trivy', 'kubernetes_no_self_privesc': 'trivy', 'use_high_uid': 'trivy', 'memoryLimitsMissing': 'polaris', 'memoryRequestsMissing': 'polaris', 'cpuLimitsMissing': 'polaris', 'cpuRequestsMissing': 'polaris'}",
calico60_27.yaml,DaemonSet,31,10,4,14,58.55,0.0,0,103,423,218,10000,352.73,2592.04,181.67,2773.71,True,True,45,47,81.96,100.0,"{'no_root': 'trivy', 'kubernetes_primary_supplementary_gid': 'trivy', 'kubernetes_drop_default_capabilities': 'trivy', 'no_mounted_hostpath': 'trivy', 'use_high_gid': 'trivy', 'kubernetes_use_readonly_filesystem': 'trivy', 'no_privileged_containers': 'trivy', 'kubernetes_drop_unused_capabilities': 'trivy', 'no_host_network': 'trivy', 'use_high_uid': 'trivy', 'memoryLimitsMissing': 'polaris', 'memoryRequestsMissing': 'polaris', 'cpuLimitsMissing': 'polaris', 'cpuRequestsMissing': 'polaris'}",
calico61_29.yaml,DaemonSet,31,10,3,13,61.54,0.0,0,101,423,218,10000,206.61,2536.61,178.83,2715.44,True,True,37,46,83.95,100.0,"{'no_root': 'trivy', 'kubernetes_primary_supplementary_gid': 'trivy', 'kubernetes_drop_default_capabilities': 'trivy', 'no_mounted_hostpath': 'trivy', 'use_high_gid': 'trivy', 'kubernetes_use_readonly_filesystem': 'trivy', 'no_privileged_containers': 'trivy', 'kubernetes_drop_unused_capabilities': 'trivy', 'no_host_network': 'trivy', 'use_high_uid': 'trivy', 'memoryLimitsMissing': 'polaris', 'memoryRequestsMissing': 'polaris', 'cpuLimitsMissing': 'polaris'}",
calico62_24.yaml,DaemonSet,31,10,3,13,61.54,0.0,0,97,423,218,10000,199.06,2447.33,176.98,2624.31,True,True,37,46,83.69,100.0,"{'no_root': 'trivy', 'kubernetes_primary_supplementary_gid': 'trivy', 'kubernetes_drop_default_capabilities': 'trivy', 'no_mounted_hostpath': 'trivy', 'use_high_gid': 'trivy', 'kubernetes_use_readonly_filesystem': 'trivy', 'no_privileged_containers': 'trivy', 'kubernetes_drop_unused_capabilities': 'trivy', 'no_host_network': 'trivy', 'use_high_uid': 'trivy', 'memoryLimitsMissing': 'polaris', 'memoryRequestsMissing': 'polaris', 'cpuLimitsMissing': 'polaris'}",
calico63_37.yaml,DaemonSet,31,10,3,13,61.54,0.0,0,82,423,218,10000,206.42,1816.12,153.81,1969.93,True,True,37,36,82.82,100.0,"{'no_root': 'trivy', 'kubernetes_primary_supplementary_gid': 'trivy', 'kubernetes_drop_default_capabilities': 'trivy', 'no_mounted_hostpath': 'trivy', 'use_high_gid': 'trivy', 'kubernetes_use_readonly_filesystem': 'trivy', 'no_privileged_containers': 'trivy', 'kubernetes_drop_unused_capabilities': 'trivy', 'no_host_network': 'trivy', 'use_high_uid': 'trivy', 'memoryLimitsMissing': 'polaris', 'memoryRequestsMissing': 'polaris', 'cpuLimitsMissing': 'polaris'}",
calico67_25.yaml,DaemonSet,31,10,3,13,61.54,0.0,0,101,423,218,10000,198.37,2568.26,180.62,2748.88,True,True,37,46,84.07,100.0,"{'no_root': 'trivy', 'kubernetes_primary_supplementary_gid': 'trivy', 'kubernetes_drop_default_capabilities': 'trivy', 'no_mounted_hostpath': 'trivy', 'use_high_gid': 'trivy', 'kubernetes_use_readonly_filesystem': 'trivy', 'no_privileged_containers': 'trivy', 'kubernetes_drop_unused_capabilities': 'trivy', 'no_host_network': 'trivy', 'use_high_uid': 'trivy', 'memoryLimitsMissing': 'polaris', 'memoryRequestsMissing': 'polaris', 'cpuLimitsMissing': 'polaris'}",
calico68_29.yaml,DaemonSet,31,10,3,13,61.54,0.0,0,101,423,218,10000,196.45,2544.1,180.76,2724.86,True,True,37,46,84.07,100.0,"{'no_root': 'trivy', 'kubernetes_primary_supplementary_gid': 'trivy', 'kubernetes_drop_default_capabilities': 'trivy', 'no_mounted_hostpath': 'trivy', 'use_high_gid': 'trivy', 'kubernetes_use_readonly_filesystem': 'trivy', 'no_privileged_containers': 'trivy', 'kubernetes_drop_unused_capabilities': 'trivy', 'no_host_network': 'trivy', 'use_high_uid': 'trivy', 'memoryLimitsMissing': 'polaris', 'memoryRequestsMissing': 'polaris', 'cpuLimitsMissing': 'polaris'}",
calico69_29.yaml,DaemonSet,31,10,3,13,61.54,0.0,0,101,423,218,10000,191.18,2583.09,184.18,2767.27,True,True,37,46,84.07,100.0,"{'no_root': 'trivy', 'kubernetes_primary_supplementary_gid': 'trivy', 'kubernetes_drop_default_capabilities': 'trivy', 'no_mounted_hostpath': 'trivy', 'use_high_gid': 'trivy', 'kubernetes_use_readonly_filesystem': 'trivy', 'no_privileged_containers': 'trivy', 'kubernetes_drop_unused_capabilities': 'trivy', 'no_host_network': 'trivy', 'use_high_uid': 'trivy', 'memoryLimitsMissing': 'polaris', 'memoryRequestsMissing': 'polaris', 'cpuLimitsMissing': 'polaris'}",
calico70_29.yaml,DaemonSet,31,10,3,13,61.54,0.0,0,101,423,218,10000,204.22,3074.0,181.65,3255.65,True,True,37,46,84.07,100.0,"{'no_root': 'trivy', 'kubernetes_primary_supplementary_gid': 'trivy', 'kubernetes_drop_default_capabilities': 'trivy', 'no_mounted_hostpath': 'trivy', 'use_high_gid': 'trivy', 'kubernetes_use_readonly_filesystem': 'trivy', 'no_privileged_containers': 'trivy', 'kubernetes_drop_unused_capabilities': 'trivy', 'no_host_network': 'trivy', 'use_high_uid': 'trivy', 'memoryLimitsMissing': 'polaris', 'memoryRequestsMissing': 'polaris', 'cpuLimitsMissing': 'polaris'}",
calico71_29.yaml,DaemonSet,31,10,3,13,61.54,0.0,0,101,423,218,10000,203.18,2528.81,182.18,2710.99,True,True,37,46,84.07,100.0,"{'no_root': 'trivy', 'kubernetes_primary_supplementary_gid': 'trivy', 'kubernetes_drop_default_capabilities': 'trivy', 'no_mounted_hostpath': 'trivy', 'use_high_gid': 'trivy', 'kubernetes_use_readonly_filesystem': 'trivy', 'no_privileged_containers': 'trivy', 'kubernetes_drop_unused_capabilities': 'trivy', 'no_host_network': 'trivy', 'use_high_uid': 'trivy', 'memoryLimitsMissing': 'polaris', 'memoryRequestsMissing': 'polaris', 'cpuLimitsMissing': 'polaris'}",
calico72_25.yaml,DaemonSet,31,10,3,13,61.54,0.0,0,101,423,218,10000,154.26,2447.39,176.47,2623.86,True,True,37,46,83.95,100.0,"{'no_root': 'trivy', 'kubernetes_primary_supplementary_gid': 'trivy', 'kubernetes_drop_default_capabilities': 'trivy', 'no_mounted_hostpath': 'trivy', 'use_high_gid': 'trivy', 'kubernetes_use_readonly_filesystem': 'trivy', 'no_privileged_containers': 'trivy', 'kubernetes_drop_unused_capabilities': 'trivy', 'no_host_network': 'trivy', 'use_high_uid': 'trivy', 'memoryLimitsMissing': 'polaris', 'memoryRequestsMissing': 'polaris', 'cpuLimitsMissing': 'polaris'}",
calico73_25.yaml,DaemonSet,31,10,3,13,61.54,0.0,0,101,423,218,10000,186.59,2474.53,177.92,2652.45,True,True,37,46,84.07,100.0,"{'no_root': 'trivy', 'kubernetes_primary_supplementary_gid': 'trivy', 'kubernetes_drop_default_capabilities': 'trivy', 'no_mounted_hostpath': 'trivy', 'use_high_gid': 'trivy', 'kubernetes_use_readonly_filesystem': 'trivy', 'no_privileged_containers': 'trivy', 'kubernetes_drop_unused_capabilities': 'trivy', 'no_host_network': 'trivy', 'use_high_uid': 'trivy', 'memoryLimitsMissing': 'polaris', 'memoryRequestsMissing': 'polaris', 'cpuLimitsMissing': 'polaris'}",
calico74_29.yaml,DaemonSet,31,10,3,13,61.54,0.0,0,101,423,218,10000,162.44,2465.24,177.11,2642.35,True,True,37,46,83.95,100.0,"{'no_root': 'trivy', 'kubernetes_primary_supplementary_gid': 'trivy', 'kubernetes_drop_default_capabilities': 'trivy', 'no_mounted_hostpath': 'trivy', 'use_high_gid': 'trivy', 'kubernetes_use_readonly_filesystem': 'trivy', 'no_privileged_containers': 'trivy', 'kubernetes_drop_unused_capabilities': 'trivy', 'no_host_network': 'trivy', 'use_high_uid': 'trivy', 'memoryLimitsMissing': 'polaris', 'memoryRequestsMissing': 'polaris', 'cpuLimitsMissing': 'polaris'}",
calico75_25.yaml,DaemonSet,31,10,3,13,61.54,0.0,0,101,423,218,10000,163.73,2490.9,178.79,2669.69,True,True,37,46,84.07,100.0,"{'no_root': 'trivy', 'kubernetes_primary_supplementary_gid': 'trivy', 'kubernetes_drop_default_capabilities': 'trivy', 'no_mounted_hostpath': 'trivy', 'use_high_gid': 'trivy', 'kubernetes_use_readonly_filesystem': 'trivy', 'no_privileged_containers': 'trivy', 'kubernetes_drop_unused_capabilities': 'trivy', 'no_host_network': 'trivy', 'use_high_uid': 'trivy', 'memoryLimitsMissing': 'polaris', 'memoryRequestsMissing': 'polaris', 'cpuLimitsMissing': 'polaris'}",
calico76_29.yaml,DaemonSet,31,10,3,13,61.54,0.0,0,101,423,218,10000,164.14,2497.9,176.73,2674.63,True,True,37,46,84.07,100.0,"{'no_root': 'trivy', 'kubernetes_primary_supplementary_gid': 'trivy', 'kubernetes_drop_default_capabilities': 'trivy', 'no_mounted_hostpath': 'trivy', 'use_high_gid': 'trivy', 'kubernetes_use_readonly_filesystem': 'trivy', 'no_privileged_containers': 'trivy', 'kubernetes_drop_unused_capabilities': 'trivy', 'no_host_network': 'trivy', 'use_high_uid': 'trivy', 'memoryLimitsMissing': 'polaris', 'memoryRequestsMissing': 'polaris', 'cpuLimitsMissing': 'polaris'}",
calico77_27.yaml,DaemonSet,31,10,4,14,58.55,0.0,0,103,423,218,10000,172.13,2353.79,179.11,2532.9,True,True,45,47,81.96,100.0,"{'no_root': 'trivy', 'kubernetes_primary_supplementary_gid': 'trivy', 'kubernetes_drop_default_capabilities': 'trivy', 'no_mounted_hostpath': 'trivy', 'use_high_gid': 'trivy', 'kubernetes_use_readonly_filesystem': 'trivy', 'no_privileged_containers': 'trivy', 'kubernetes_drop_unused_capabilities': 'trivy', 'no_host_network': 'trivy', 'use_high_uid': 'trivy', 'memoryLimitsMissing': 'polaris', 'memoryRequestsMissing': 'polaris', 'cpuLimitsMissing': 'polaris', 'cpuRequestsMissing': 'polaris'}",
calico78_29.yaml,DaemonSet,31,10,3,13,61.54,0.0,0,101,423,218,10000,175.05,2459.4,176.53,2635.93,True,True,37,46,83.95,100.0,"{'no_root': 'trivy', 'kubernetes_primary_supplementary_gid': 'trivy', 'kubernetes_drop_default_capabilities': 'trivy', 'no_mounted_hostpath': 'trivy', 'use_high_gid': 'trivy', 'kubernetes_use_readonly_filesystem': 'trivy', 'no_privileged_containers': 'trivy', 'kubernetes_drop_unused_capabilities': 'trivy', 'no_host_network': 'trivy', 'use_high_uid': 'trivy', 'memoryLimitsMissing': 'polaris', 'memoryRequestsMissing': 'polaris', 'cpuLimitsMissing': 'polaris'}",
calico79_29.yaml,DaemonSet,31,10,3,13,61.54,0.0,0,101,423,218,10000,172.6,2937.55,181.14,3118.69,True,True,37,46,83.95,100.0,"{'no_root': 'trivy', 'kubernetes_primary_supplementary_gid': 'trivy', 'kubernetes_drop_default_capabilities': 'trivy', 'no_mounted_hostpath': 'trivy', 'use_high_gid': 'trivy', 'kubernetes_use_readonly_filesystem': 'trivy', 'no_privileged_containers': 'trivy', 'kubernetes_drop_unused_capabilities': 'trivy', 'no_host_network': 'trivy', 'use_high_uid': 'trivy', 'memoryLimitsMissing': 'polaris', 'memoryRequestsMissing': 'polaris', 'cpuLimitsMissing': 'polaris'}",
calico7_25.yaml,DaemonSet,31,10,3,13,61.54,0.0,0,101,423,218,10000,184.96,2474.06,176.93,2650.99,True,True,37,46,83.95,100.0,"{'no_root': 'trivy', 'kubernetes_primary_supplementary_gid': 'trivy', 'kubernetes_drop_default_capabilities': 'trivy', 'no_mounted_hostpath': 'trivy', 'use_high_gid': 'trivy', 'kubernetes_use_readonly_filesystem': 'trivy', 'no_privileged_containers': 'trivy', 'kubernetes_drop_unused_capabilities': 'trivy', 'no_host_network': 'trivy', 'use_high_uid': 'trivy', 'memoryLimitsMissing': 'polaris', 'memoryRequestsMissing': 'polaris', 'cpuLimitsMissing': 'polaris'}",
calico81_25.yaml,DaemonSet,31,10,3,13,61.54,0.0,0,103,423,218,10000,168.76,2476.21,176.89,2653.1,True,True,37,46,84.07,100.0,"{'no_root': 'trivy', 'kubernetes_primary_supplementary_gid': 'trivy', 'kubernetes_drop_default_capabilities': 'trivy', 'no_mounted_hostpath': 'trivy', 'use_high_gid': 'trivy', 'kubernetes_use_readonly_filesystem': 'trivy', 'no_privileged_containers': 'trivy', 'kubernetes_drop_unused_capabilities': 'trivy', 'no_host_network': 'trivy', 'use_high_uid': 'trivy', 'memoryLimitsMissing': 'polaris', 'memoryRequestsMissing': 'polaris', 'cpuLimitsMissing': 'polaris'}",
calico82_25.yaml,DaemonSet,31,10,3,13,61.54,0.0,0,103,423,218,10000,156.76,2476.54,187.93,2664.47,True,True,37,46,84.07,100.0,"{'no_root': 'trivy', 'kubernetes_primary_supplementary_gid': 'trivy', 'kubernetes_drop_default_capabilities': 'trivy', 'no_mounted_hostpath': 'trivy', 'use_high_gid': 'trivy', 'kubernetes_use_readonly_filesystem': 'trivy', 'no_privileged_containers': 'trivy', 'kubernetes_drop_unused_capabilities': 'trivy', 'no_host_network': 'trivy', 'use_high_uid': 'trivy', 'memoryLimitsMissing': 'polaris', 'memoryRequestsMissing': 'polaris', 'cpuLimitsMissing': 'polaris'}",
calico8_25.yaml,DaemonSet,31,10,3,13,61.54,0.0,0,101,423,218,10000,169.21,2525.79,176.1,2701.89,True,True,37,46,84.07,100.0,"{'no_root': 'trivy', 'kubernetes_primary_supplementary_gid': 'trivy', 'kubernetes_drop_default_capabilities': 'trivy', 'no_mounted_hostpath': 'trivy', 'use_high_gid': 'trivy', 'kubernetes_use_readonly_filesystem': 'trivy', 'no_privileged_containers': 'trivy', 'kubernetes_drop_unused_capabilities': 'trivy', 'no_host_network': 'trivy', 'use_high_uid': 'trivy', 'memoryLimitsMissing': 'polaris', 'memoryRequestsMissing': 'polaris', 'cpuLimitsMissing': 'polaris'}",
calico9_19.yaml,DaemonSet,31,10,3,13,61.54,0.0,0,83,423,218,10000,152.85,1505.56,143.79,1649.35,True,True,40,33,81.89,100.0,"{'no_root': 'trivy', 'kubernetes_primary_supplementary_gid': 'trivy', 'kubernetes_drop_default_capabilities': 'trivy', 'no_mounted_hostpath': 'trivy', 'use_high_gid': 'trivy', 'kubernetes_use_readonly_filesystem': 'trivy', 'no_privileged_containers': 'trivy', 'kubernetes_drop_unused_capabilities': 'trivy', 'no_host_network': 'trivy', 'use_high_uid': 'trivy', 'memoryLimitsMissing': 'polaris', 'memoryRequestsMissing': 'polaris', 'cpuLimitsMissing': 'polaris'}",
calico_19.yaml,DaemonSet,31,10,3,13,61.54,0.0,0,83,423,218,10000,223.55,1625.97,144.11,1770.08,True,True,40,33,81.89,100.0,"{'no_root': 'trivy', 'kubernetes_primary_supplementary_gid': 'trivy', 'kubernetes_drop_default_capabilities': 'trivy', 'no_mounted_hostpath': 'trivy', 'use_high_gid': 'trivy', 'kubernetes_use_readonly_filesystem': 'trivy', 'no_privileged_containers': 'trivy', 'kubernetes_drop_unused_capabilities': 'trivy', 'no_host_network': 'trivy', 'use_high_uid': 'trivy', 'memoryLimitsMissing': 'polaris', 'memoryRequestsMissing': 'polaris', 'cpuLimitsMissing': 'polaris'}",
calico_cni1_37.yaml,DaemonSet,31,10,3,13,61.54,0.0,0,82,423,218,10000,158.27,1693.3,146.62,1839.92,True,True,37,36,82.66,100.0,"{'no_root': 'trivy', 'kubernetes_primary_supplementary_gid': 'trivy', 'kubernetes_drop_default_capabilities': 'trivy', 'no_mounted_hostpath': 'trivy', 'use_high_gid': 'trivy', 'kubernetes_use_readonly_filesystem': 'trivy', 'no_privileged_containers': 'trivy', 'kubernetes_drop_unused_capabilities': 'trivy', 'no_host_network': 'trivy', 'use_high_uid': 'trivy', 'memoryLimitsMissing': 'polaris', 'memoryRequestsMissing': 'polaris', 'cpuLimitsMissing': 'polaris'}",
calico_cni_37.yaml,DaemonSet,31,10,3,13,61.54,0.0,0,82,423,218,10000,157.86,1697.66,146.93,1844.59,True,True,37,36,82.66,100.0,"{'no_root': 'trivy', 'kubernetes_primary_supplementary_gid': 'trivy', 'kubernetes_drop_default_capabilities': 'trivy', 'no_mounted_hostpath': 'trivy', 'use_high_gid': 'trivy', 'kubernetes_use_readonly_filesystem': 'trivy', 'no_privileged_containers': 'trivy', 'kubernetes_drop_unused_capabilities': 'trivy', 'no_host_network': 'trivy', 'use_high_uid': 'trivy', 'memoryLimitsMissing': 'polaris', 'memoryRequestsMissing': 'polaris', 'cpuLimitsMissing': 'polaris'}",
canal-etcd_13.yaml,DaemonSet,31,10,4,14,58.55,0.0,0,106,423,218,10000,243.44,3503.73,228.87,3732.6,True,True,45,54,84.46,100.0,"{'no_root': 'trivy', 'kubernetes_primary_supplementary_gid': 'trivy', 'kubernetes_drop_default_capabilities': 'trivy', 'no_mounted_hostpath': 'trivy', 'use_high_gid': 'trivy', 'kubernetes_use_readonly_filesystem': 'trivy', 'no_privileged_containers': 'trivy', 'kubernetes_drop_unused_capabilities': 'trivy', 'no_host_network': 'trivy', 'use_high_uid': 'trivy', 'memoryLimitsMissing': 'polaris', 'memoryRequestsMissing': 'polaris', 'cpuLimitsMissing': 'polaris', 'cpuRequestsMissing': 'polaris'}",
canal1_31.yaml,DaemonSet,31,10,4,14,58.55,0.0,0,103,423,218,10000,159.94,2389.4,179.61,2569.01,True,True,45,47,81.96,100.0,"{'no_root': 'trivy', 'kubernetes_primary_supplementary_gid': 'trivy', 'kubernetes_drop_default_capabilities': 'trivy', 'no_mounted_hostpath': 'trivy', 'use_high_gid': 'trivy', 'kubernetes_use_readonly_filesystem': 'trivy', 'no_privileged_containers': 'trivy', 'kubernetes_drop_unused_capabilities': 'trivy', 'no_host_network': 'trivy', 'use_high_uid': 'trivy', 'memoryLimitsMissing': 'polaris', 'memoryRequestsMissing': 'polaris', 'cpuLimitsMissing': 'polaris', 'cpuRequestsMissing': 'polaris'}",
canal2_27.yaml,DaemonSet,31,10,4,14,58.55,0.0,0,103,423,218,10000,157.75,2350.28,177.4,2527.68,True,True,45,47,81.96,100.0,"{'no_root': 'trivy', 'kubernetes_primary_supplementary_gid': 'trivy', 'kubernetes_drop_default_capabilities': 'trivy', 'no_mounted_hostpath': 'trivy', 'use_high_gid': 'trivy', 'kubernetes_use_readonly_filesystem': 'trivy', 'no_privileged_containers': 'trivy', 'kubernetes_drop_unused_capabilities': 'trivy', 'no_host_network': 'trivy', 'use_high_uid': 'trivy', 'memoryLimitsMissing': 'polaris', 'memoryRequestsMissing': 'polaris', 'cpuLimitsMissing': 'polaris', 'cpuRequestsMissing': 'polaris'}",
canal3_31.yaml,DaemonSet,31,10,4,14,58.55,0.0,0,103,423,218,10000,171.14,2363.61,179.48,2543.09,True,True,45,47,81.96,100.0,"{'no_root': 'trivy', 'kubernetes_primary_supplementary_gid': 'trivy', 'kubernetes_drop_default_capabilities': 'trivy', 'no_mounted_hostpath': 'trivy', 'use_high_gid': 'trivy', 'kubernetes_use_readonly_filesystem': 'trivy', 'no_privileged_containers': 'trivy', 'kubernetes_drop_unused_capabilities': 'trivy', 'no_host_network': 'trivy', 'use_high_uid': 'trivy', 'memoryLimitsMissing': 'polaris', 'memoryRequestsMissing': 'polaris', 'cpuLimitsMissing': 'polaris', 'cpuRequestsMissing': 'polaris'}",
carina-csi-driver_templates_csi-node_25.yaml,DaemonSet,31,10,0,10,72.65,4.0,0,57,423,220,10000,226.63,1948.11,156.06,2104.17,True,True,240,237,13.85,100.0,"{'kubernetes_default_namespace_should_not_be_used': 'trivy', 'no_root': 'trivy', 'kubernetes_primary_supplementary_gid': 'trivy', 'kubernetes_drop_default_capabilities': 'trivy', 'no_mounted_hostpath': 'trivy', 'use_high_gid': 'trivy', 'kubernetes_use_readonly_filesystem': 'trivy', 'no_privileged_containers': 'trivy', 'kubernetes_drop_unused_capabilities': 'trivy', 'use_high_uid': 'trivy'}",
cilium-cni1_12.yaml,DaemonSet,31,10,4,14,59.83,0.0,0,142,423,210,10000,794.62,5083.63,271.63,5355.26,True,True,53,39,88.7,100.0,"{'no_root': 'trivy', 'kubernetes_primary_supplementary_gid': 'trivy', 'kubernetes_drop_default_capabilities': 'trivy', 'use_high_gid': 'trivy', 'kubernetes_use_readonly_filesystem': 'trivy', 'kubernetes_drop_unused_capabilities': 'trivy', 'no_auto_mount_service_token': 'trivy', 'no_host_network': 'trivy', 'use_high_uid': 'trivy', 'kubernetes_no_non_default_capabilities': 'trivy', 'memoryLimitsMissing': 'polaris', 'memoryRequestsMissing': 'polaris', 'cpuLimitsMissing': 'polaris', 'cpuRequestsMissing': 'polaris'}",
cilium-cni1_3.yaml,Secret,4,0,0,0,100.0,100.0,0,8,14,0,3,35.85,49.62,0.0,0.0,True,True,0,0,100.0,100.0,{},
cilium-cni_12.yaml,DaemonSet,31,10,4,14,59.83,0.0,0,142,423,210,10000,161.42,4445.85,275.59,4721.44,True,True,53,39,88.7,100.0,"{'no_root': 'trivy', 'kubernetes_primary_supplementary_gid': 'trivy', 'kubernetes_drop_default_capabilities': 'trivy', 'use_high_gid': 'trivy', 'kubernetes_use_readonly_filesystem': 'trivy', 'kubernetes_drop_unused_capabilities': 'trivy', 'no_auto_mount_service_token': 'trivy', 'no_host_network': 'trivy', 'use_high_uid': 'trivy', 'kubernetes_no_non_default_capabilities': 'trivy', 'memoryLimitsMissing': 'polaris', 'memoryRequestsMissing': 'polaris', 'cpuLimitsMissing': 'polaris', 'cpuRequestsMissing': 'polaris'}",
cilium-cni_3.yaml,Secret,4,0,0,0,100.0,100.0,0,8,14,0,3,54.52,79.1,0.0,0.0,True,True,0,0,100.0,100.0,{},
cilium-workload.yaml,DaemonSet,31,10,4,14,59.83,0.0,0,142,423,210,10000,315.74,5351.01,295.05,5646.06,True,True,54,53,87.99,100.0,"{'no_root': 'trivy', 'kubernetes_primary_supplementary_gid': 'trivy', 'kubernetes_drop_default_capabilities': 'trivy', 'use_high_gid': 'trivy', 'kubernetes_use_readonly_filesystem': 'trivy', 'kubernetes_drop_unused_capabilities': 'trivy', 'no_auto_mount_service_token': 'trivy', 'no_host_network': 'trivy', 'use_high_uid': 'trivy', 'kubernetes_no_non_default_capabilities': 'trivy', 'memoryLimitsMissing': 'polaris', 'memoryRequestsMissing': 'polaris', 'cpuLimitsMissing': 'polaris', 'cpuRequestsMissing': 'polaris'}",
cilium-workload1.yaml,DaemonSet,31,10,4,14,59.83,0.0,0,142,423,210,10000,159.98,5053.36,295.91,5349.27,True,True,54,53,87.99,100.0,"{'no_root': 'trivy', 'kubernetes_primary_supplementary_gid': 'trivy', 'kubernetes_drop_default_capabilities': 'trivy', 'use_high_gid': 'trivy', 'kubernetes_use_readonly_filesystem': 'trivy', 'kubernetes_drop_unused_capabilities': 'trivy', 'no_auto_mount_service_token': 'trivy', 'no_host_network': 'trivy', 'use_high_uid': 'trivy', 'kubernetes_no_non_default_capabilities': 'trivy', 'memoryLimitsMissing': 'polaris', 'memoryRequestsMissing': 'polaris', 'cpuLimitsMissing': 'polaris', 'cpuRequestsMissing': 'polaris'}",
cilium10.yaml,DaemonSet,31,11,4,15,57.69,0.0,0,142,423,220,10000,173.82,4441.07,275.83,4716.9,True,True,366,351,10.93,100.0,"{'kubernetes_default_namespace_should_not_be_used': 'trivy', 'no_root': 'trivy', 'kubernetes_primary_supplementary_gid': 'trivy', 'kubernetes_drop_default_capabilities': 'trivy', 'use_high_gid': 'trivy', 'kubernetes_use_readonly_filesystem': 'trivy', 'kubernetes_drop_unused_capabilities': 'trivy', 'no_auto_mount_service_token': 'trivy', 'no_host_network': 'trivy', 'use_high_uid': 'trivy', 'kubernetes_no_non_default_capabilities': 'trivy', 'memoryLimitsMissing': 'polaris', 'memoryRequestsMissing': 'polaris', 'cpuLimitsMissing': 'polaris', 'cpuRequestsMissing': 'polaris'}",
cilium21_12.yaml,DaemonSet,31,10,4,14,59.83,0.0,0,142,423,210,10000,164.76,3664.89,244.89,3909.78,True,True,40,23,90.88,100.0,"{'no_root': 'trivy', 'kubernetes_primary_supplementary_gid': 'trivy', 'kubernetes_drop_default_capabilities': 'trivy', 'use_high_gid': 'trivy', 'kubernetes_use_readonly_filesystem': 'trivy', 'kubernetes_drop_unused_capabilities': 'trivy', 'no_auto_mount_service_token': 'trivy', 'no_host_network': 'trivy', 'use_high_uid': 'trivy', 'kubernetes_no_non_default_capabilities': 'trivy', 'memoryLimitsMissing': 'polaris', 'memoryRequestsMissing': 'polaris', 'cpuLimitsMissing': 'polaris', 'cpuRequestsMissing': 'polaris'}",
cilium21_3.yaml,Secret,4,0,0,0,100.0,100.0,0,8,14,0,3,33.82,47.83,0.0,0.0,True,True,0,0,100.0,100.0,{},
cilium22_12.yaml,DaemonSet,31,10,4,14,59.83,0.0,0,142,423,210,10000,160.7,3651.4,246.27,3897.67,True,True,40,23,90.88,100.0,"{'no_root': 'trivy', 'kubernetes_primary_supplementary_gid': 'trivy', 'kubernetes_drop_default_capabilities': 'trivy', 'use_high_gid': 'trivy', 'kubernetes_use_readonly_filesystem': 'trivy', 'kubernetes_drop_unused_capabilities': 'trivy', 'no_auto_mount_service_token': 'trivy', 'no_host_network': 'trivy', 'use_high_uid': 'trivy', 'kubernetes_no_non_default_capabilities': 'trivy', 'memoryLimitsMissing': 'polaris', 'memoryRequestsMissing': 'polaris', 'cpuLimitsMissing': 'polaris', 'cpuRequestsMissing': 'polaris'}",
cilium22_3.yaml,Secret,4,0,0,0,100.0,100.0,0,8,14,0,3,34.32,48.16,0.0,0.0,True,True,0,0,100.0,100.0,{},
cilium39_11.yaml,DaemonSet,31,9,4,13,59.83,0.0,0,154,423,185,10000,238.71,3933.24,200.56,4133.8,True,True,29,91,82.04,100.0,"{'no_root': 'trivy', 'kubernetes_primary_supplementary_gid': 'trivy', 'no_mounted_hostpath': 'trivy', 'use_high_gid': 'trivy', 'kubernetes_use_readonly_filesystem': 'trivy', 'no_host_network': 'trivy', 'no_sysadmin_capability': 'trivy', 'use_high_uid': 'trivy', 'kubernetes_no_non_default_capabilities': 'trivy', 'memoryLimitsMissing': 'polaris', 'memoryRequestsMissing': 'polaris', 'cpuLimitsMissing': 'polaris', 'cpuRequestsMissing': 'polaris'}",
cilium39_4.yaml,Secret,4,0,0,0,100.0,100.0,0,8,14,0,3,35.33,48.99,0.0,0.0,True,True,0,0,100.0,100.0,{},
clickhouse-secrets.yaml,Secret,4,0,0,0,100.0,100.0,0,8,14,0,3,34.97,48.48,0.0,0.0,True,True,0,0,100.0,100.0,{},
cluster-ip10_2.yaml,Deployment,31,4,4,8,78.63,25.0,0,87,422,86,10000,449.49,1849.41,142.37,1991.78,True,True,15,11,93.47,100.0,"{'kubernetes_default_namespace_should_not_be_used': 'trivy', 'Require_Multiple_Replicas': 'kyverno', 'use_high_gid': 'trivy', 'use_high_uid': 'trivy', 'memoryLimitsMissing': 'polaris', 'memoryRequestsMissing': 'polaris', 'cpuLimitsMissing': 'polaris', 'cpuRequestsMissing': 'polaris'}",
controller22.yaml,Deployment,31,8,0,8,77.78,22.0,0,68,422,201,304,392.21,1354.47,148.57,1503.04,True,True,226,166,11.31,100.0,"{'no_root': 'trivy', 'kubernetes_primary_supplementary_gid': 'trivy', 'kubernetes_drop_default_capabilities': 'trivy', 'use_high_gid': 'trivy', 'kubernetes_use_readonly_filesystem': 'trivy', 'no_privileged_containers': 'trivy', 'kubernetes_drop_unused_capabilities': 'trivy', 'use_high_uid': 'trivy'}",
controller23.yaml,Deployment,31,8,0,8,77.78,22.0,0,68,422,201,304,153.46,1106.43,147.14,1253.57,True,True,226,166,11.31,100.0,"{'no_root': 'trivy', 'kubernetes_primary_supplementary_gid': 'trivy', 'kubernetes_drop_default_capabilities': 'trivy', 'use_high_gid': 'trivy', 'kubernetes_use_readonly_filesystem': 'trivy', 'no_privileged_containers': 'trivy', 'kubernetes_drop_unused_capabilities': 'trivy', 'use_high_uid': 'trivy'}",
controller24.yaml,Deployment,31,8,0,8,77.78,22.0,0,68,422,201,304,172.19,1142.64,147.58,1290.22,True,True,226,166,11.31,100.0,"{'no_root': 'trivy', 'kubernetes_primary_supplementary_gid': 'trivy', 'kubernetes_drop_default_capabilities': 'trivy', 'use_high_gid': 'trivy', 'kubernetes_use_readonly_filesystem': 'trivy', 'no_privileged_containers': 'trivy', 'kubernetes_drop_unused_capabilities': 'trivy', 'use_high_uid': 'trivy'}",
controller25.yaml,Deployment,31,8,0,8,77.78,22.0,0,68,422,201,304,266.08,1231.86,145.26,1377.12,True,True,226,166,11.31,100.0,"{'no_root': 'trivy', 'kubernetes_primary_supplementary_gid': 'trivy', 'kubernetes_drop_default_capabilities': 'trivy', 'use_high_gid': 'trivy', 'kubernetes_use_readonly_filesystem': 'trivy', 'no_privileged_containers': 'trivy', 'kubernetes_drop_unused_capabilities': 'trivy', 'use_high_uid': 'trivy'}",
controller26.yaml,Deployment,31,8,0,8,77.78,22.0,0,68,422,201,304,155.26,1113.77,148.76,1262.53,True,True,226,166,11.31,100.0,"{'no_root': 'trivy', 'kubernetes_primary_supplementary_gid': 'trivy', 'kubernetes_drop_default_capabilities': 'trivy', 'use_high_gid': 'trivy', 'kubernetes_use_readonly_filesystem': 'trivy', 'no_privileged_containers': 'trivy', 'kubernetes_drop_unused_capabilities': 'trivy', 'use_high_uid': 'trivy'}",
controller27.yaml,Deployment,31,8,1,9,73.5,7.0,0,68,422,201,304,141.64,1096.48,147.66,1244.14,True,True,226,166,11.31,100.0,"{'no_root': 'trivy', 'kubernetes_primary_supplementary_gid': 'trivy', 'kubernetes_drop_default_capabilities': 'trivy', 'use_high_gid': 'trivy', 'kubernetes_use_readonly_filesystem': 'trivy', 'no_privileged_containers': 'trivy', 'kubernetes_drop_unused_capabilities': 'trivy', 'use_high_uid': 'trivy', 'tagNotSpecified': 'polaris'}",
controlplane-gateway_1.yaml,Deployment,31,5,0,5,87.61,56.5,0,72,422,102,10000,195.1,2074.81,156.72,2231.53,True,True,9,10,95.55,100.0,"{'Require_Multiple_Replicas': 'kyverno', 'no_root': 'trivy', 'kubernetes_primary_supplementary_gid': 'trivy', 'use_high_gid': 'trivy', 'use_high_uid': 'trivy'}",
core-install1_24.yaml,Deployment,31,4,4,8,78.63,25.0,0,53,422,77,6336,109.89,1479.84,164.26,1644.1,True,True,12,4,96.21,100.0,"{'Require_Multiple_Replicas': 'kyverno', 'kubernetes_primary_supplementary_gid': 'trivy', 'use_high_gid': 'trivy', 'use_high_uid': 'trivy', 'memoryLimitsMissing': 'polaris', 'memoryRequestsMissing': 'polaris', 'cpuLimitsMissing': 'polaris', 'cpuRequestsMissing': 'polaris'}",
core-install1_26.yaml,Deployment,31,4,4,8,78.63,25.0,0,97,422,77,10000,114.44,2991.23,232.77,3224.0,True,True,17,10,95.68,100.0,"{'Require_Multiple_Replicas': 'kyverno', 'kubernetes_primary_supplementary_gid': 'trivy', 'use_high_gid': 'trivy', 'use_high_uid': 'trivy', 'memoryLimitsMissing': 'polaris', 'memoryRequestsMissing': 'polaris', 'cpuLimitsMissing': 'polaris', 'cpuRequestsMissing': 'polaris'}",
core-install1_27.yaml,StatefulSet,31,3,4,7,81.62,35.5,0,66,424,75,1440,101.73,2121.71,199.89,2321.6,True,True,10,2,97.68,100.0,"{'kubernetes_primary_supplementary_gid': 'trivy', 'use_high_gid': 'trivy', 'use_high_uid': 'trivy', 'memoryLimitsMissing': 'polaris', 'memoryRequestsMissing': 'polaris', 'cpuLimitsMissing': 'polaris', 'cpuRequestsMissing': 'polaris'}",
core-install2_24.yaml,Deployment,31,4,5,9,74.36,10.0,0,53,422,77,6336,122.0,1472.22,163.15,1635.37,True,True,13,5,95.73,100.0,"{'Require_Multiple_Replicas': 'kyverno', 'kubernetes_primary_supplementary_gid': 'trivy', 'use_high_gid': 'trivy', 'use_high_uid': 'trivy', 'memoryLimitsMissing': 'polaris', 'memoryRequestsMissing': 'polaris', 'tagNotSpecified': 'polaris', 'cpuLimitsMissing': 'polaris', 'cpuRequestsMissing': 'polaris'}",
core-install2_26.yaml,Deployment,31,4,5,9,74.36,10.0,0,97,422,77,10000,112.53,3087.7,238.25,3325.95,True,True,19,12,95.13,100.0,"{'Require_Multiple_Replicas': 'kyverno', 'kubernetes_primary_supplementary_gid': 'trivy', 'use_high_gid': 'trivy', 'use_high_uid': 'trivy', 'memoryLimitsMissing': 'polaris', 'memoryRequestsMissing': 'polaris', 'tagNotSpecified': 'polaris', 'cpuLimitsMissing': 'polaris', 'cpuRequestsMissing': 'polaris'}",
core-install2_27.yaml,StatefulSet,31,3,5,8,77.35,20.5,0,66,424,75,1440,136.0,2196.31,197.19,2393.5,True,True,11,3,97.3,100.0,"{'kubernetes_primary_supplementary_gid': 'trivy', 'use_high_gid': 'trivy', 'use_high_uid': 'trivy', 'memoryLimitsMissing': 'polaris', 'memoryRequestsMissing': 'polaris', 'tagNotSpecified': 'polaris', 'cpuLimitsMissing': 'polaris', 'cpuRequestsMissing': 'polaris'}",
core-install_26.yaml,Deployment,31,4,4,8,78.63,25.0,0,53,422,77,6624,118.74,1566.75,182.43,1749.18,True,True,12,4,96.31,100.0,"{'Require_Multiple_Replicas': 'kyverno', 'kubernetes_primary_supplementary_gid': 'trivy', 'use_high_gid': 'trivy', 'use_high_uid': 'trivy', 'memoryLimitsMissing': 'polaris', 'memoryRequestsMissing': 'polaris', 'cpuLimitsMissing': 'polaris', 'cpuRequestsMissing': 'polaris'}",
core-install_28.yaml,Deployment,31,4,4,8,78.63,25.0,0,96,422,77,10000,122.24,3359.52,252.61,3612.13,True,True,17,10,95.98,100.0,"{'Require_Multiple_Replicas': 'kyverno', 'kubernetes_primary_supplementary_gid': 'trivy', 'use_high_gid': 'trivy', 'use_high_uid': 'trivy', 'memoryLimitsMissing': 'polaris', 'memoryRequestsMissing': 'polaris', 'cpuLimitsMissing': 'polaris', 'cpuRequestsMissing': 'polaris'}",
core-install_29.yaml,StatefulSet,31,3,4,7,81.62,35.5,0,69,424,75,3150,101.79,2803.48,225.83,3029.31,True,True,10,2,97.98,100.0,"{'kubernetes_primary_supplementary_gid': 'trivy', 'use_high_gid': 'trivy', 'use_high_uid': 'trivy', 'memoryLimitsMissing': 'polaris', 'memoryRequestsMissing': 'polaris', 'cpuLimitsMissing': 'polaris', 'cpuRequestsMissing': 'polaris'}",
core.v1.PersistentVolume.yaml,PersistentVolume,1,0,1,1,0.0,89.5,0,240,0,0,1,5073.78,5534.74,169.96,5704.7,True,True,1,2,99.37,100.0,{'Limit_hostPath_PersistentVolumes_to_Specific_Directories': 'kyverno'},
core.v1.PersistentVolume1.yaml,PersistentVolume,1,0,1,1,0.0,89.5,0,238,0,0,1,30.11,488.68,170.48,659.16,True,True,1,2,99.37,100.0,{'Limit_hostPath_PersistentVolumes_to_Specific_Directories': 'kyverno'},
core.v1.PersistentVolume11.yaml,PersistentVolume,1,0,1,1,0.0,89.5,0,235,0,0,1,30.2,476.79,164.35,641.14,True,True,1,2,99.36,100.0,{'Limit_hostPath_PersistentVolumes_to_Specific_Directories': 'kyverno'},
core.v1.PersistentVolume15.yaml,Unknown,SCHEMA_ERROR,,,,,,0,0,0,0,0.0,0.0,0.0,142.37,,,,0,0.0,0.0,,"C:\Users\CAOSD\projects\tool-security-rules\..\scriptJsonToUvl\yamls_agrupation\small\core.v1.PersistentVolume15.yaml - PersistentVolume generateNameValue{{ generateName }} is invalid: problem validating schema. Check JSON formatting: jsonschema validation failed with 'https://raw.githubusercontent.com/yannh/kubernetes-json-schema/master/master-standalone-strict/persistentvolume-v1.json#' - at '/metadata': additional properties 'clusterName' not allowed | Summary: 1 resource found in 1 file - Valid: 0, Invalid: 1, Errors: 0, Skipped: 0"
core.v1.PersistentVolume18.yaml,PersistentVolume,1,0,1,1,0.0,89.5,0,240,0,0,1,28.93,494.52,167.93,662.45,True,True,1,2,99.37,100.0,{'Limit_hostPath_PersistentVolumes_to_Specific_Directories': 'kyverno'},
core.v1.PersistentVolume19.yaml,PersistentVolume,1,0,1,1,0.0,89.5,0,239,0,0,1,29.48,490.67,168.35,659.02,True,True,1,2,99.37,100.0,{'Limit_hostPath_PersistentVolumes_to_Specific_Directories': 'kyverno'},
core.v1.PersistentVolume2.yaml,PersistentVolume,1,0,1,1,0.0,89.5,0,239,0,0,1,30.35,491.47,167.3,658.77,True,True,1,2,99.37,100.0,{'Limit_hostPath_PersistentVolumes_to_Specific_Directories': 'kyverno'},
core.v1.PersistentVolume20.yaml,PersistentVolume,1,0,1,1,0.0,89.5,0,240,0,0,1,35.05,505.48,168.59,674.07,True,True,1,2,99.37,100.0,{'Limit_hostPath_PersistentVolumes_to_Specific_Directories': 'kyverno'},
core.v1.PersistentVolume21.yaml,PersistentVolume,1,0,1,1,0.0,89.5,0,240,0,0,1,30.4,494.05,167.78,661.83,True,True,1,2,99.37,100.0,{'Limit_hostPath_PersistentVolumes_to_Specific_Directories': 'kyverno'},
core.v1.PersistentVolume22.yaml,PersistentVolume,1,0,1,1,0.0,89.5,0,239,0,0,1,30.17,500.38,168.06,668.44,True,True,1,2,99.37,100.0,{'Limit_hostPath_PersistentVolumes_to_Specific_Directories': 'kyverno'},
core.v1.PersistentVolume23.yaml,PersistentVolume,1,0,1,1,0.0,89.5,0,240,0,0,1,30.48,494.63,170.73,665.36,True,True,1,2,99.37,100.0,{'Limit_hostPath_PersistentVolumes_to_Specific_Directories': 'kyverno'},
core.v1.PersistentVolume27.yaml,Unknown,SCHEMA_ERROR,,,,,,0,0,0,0,0.0,0.0,0.0,139.49,,,,0,0.0,0.0,,"C:\Users\CAOSD\projects\tool-security-rules\..\scriptJsonToUvl\yamls_agrupation\small\core.v1.PersistentVolume27.yaml - PersistentVolume generateNameValue{{ generateName }} is invalid: problem validating schema. Check JSON formatting: jsonschema validation failed with 'https://raw.githubusercontent.com/yannh/kubernetes-json-schema/master/master-standalone-strict/persistentvolume-v1.json#' - at '/metadata': additional properties 'clusterName' not allowed | Summary: 1 resource found in 1 file - Valid: 0, Invalid: 1, Errors: 0, Skipped: 0"
core.v1.PersistentVolume3.yaml,PersistentVolume,1,0,1,1,0.0,89.5,0,238,0,0,1,29.84,486.61,168.81,655.42,True,True,1,2,99.37,100.0,{'Limit_hostPath_PersistentVolumes_to_Specific_Directories': 'kyverno'},
core.v1.PersistentVolume30.yaml,PersistentVolume,1,0,1,1,0.0,89.5,0,240,0,0,1,38.79,505.95,174.82,680.77,True,True,1,2,99.37,100.0,{'Limit_hostPath_PersistentVolumes_to_Specific_Directories': 'kyverno'},
core.v1.PersistentVolume31.yaml,PersistentVolume,1,0,1,1,0.0,89.5,0,239,0,0,1,27.84,486.41,169.19,655.6,True,True,1,2,99.37,100.0,{'Limit_hostPath_PersistentVolumes_to_Specific_Directories': 'kyverno'},
core.v1.PersistentVolume32.yaml,PersistentVolume,1,0,1,1,0.0,89.5,0,240,0,0,1,32.06,496.54,170.71,667.25,True,True,1,2,99.37,100.0,{'Limit_hostPath_PersistentVolumes_to_Specific_Directories': 'kyverno'},
core.v1.PersistentVolume33.yaml,PersistentVolume,1,0,1,1,0.0,89.5,0,240,0,0,1,27.68,494.97,171.95,666.92,True,True,1,2,99.37,100.0,{'Limit_hostPath_PersistentVolumes_to_Specific_Directories': 'kyverno'},
core.v1.PersistentVolume34.yaml,PersistentVolume,1,0,1,1,0.0,89.5,0,239,0,0,1,41.1,512.12,215.87,727.99,True,True,1,2,99.37,100.0,{'Limit_hostPath_PersistentVolumes_to_Specific_Directories': 'kyverno'},
core.v1.PersistentVolume35.yaml,PersistentVolume,1,0,1,1,0.0,89.5,0,240,0,0,1,36.97,501.86,170.17,672.03,True,True,1,2,99.37,100.0,{'Limit_hostPath_PersistentVolumes_to_Specific_Directories': 'kyverno'},
core.v1.PersistentVolume42.yaml,PersistentVolume,1,0,1,1,0.0,89.5,0,240,0,0,1,26.78,490.59,169.47,660.06,True,True,1,2,99.37,100.0,{'Limit_hostPath_PersistentVolumes_to_Specific_Directories': 'kyverno'},
core.v1.PersistentVolume43.yaml,PersistentVolume,1,0,1,1,0.0,89.5,0,239,0,0,1,27.41,492.21,169.66,661.87,True,True,1,2,99.37,100.0,{'Limit_hostPath_PersistentVolumes_to_Specific_Directories': 'kyverno'},
core.v1.PersistentVolume44.yaml,PersistentVolume,1,0,1,1,0.0,89.5,0,240,0,0,1,29.14,490.81,170.64,661.45,True,True,1,2,99.37,100.0,{'Limit_hostPath_PersistentVolumes_to_Specific_Directories': 'kyverno'},
core.v1.PersistentVolume45.yaml,PersistentVolume,1,0,1,1,0.0,89.5,0,240,0,0,1,29.7,495.28,170.76,666.04,True,True,1,2,99.37,100.0,{'Limit_hostPath_PersistentVolumes_to_Specific_Directories': 'kyverno'},
core.v1.PersistentVolume46.yaml,PersistentVolume,1,0,1,1,0.0,89.5,0,239,0,0,1,29.6,490.57,167.7,658.27,True,True,1,2,99.37,100.0,{'Limit_hostPath_PersistentVolumes_to_Specific_Directories': 'kyverno'},
core.v1.PersistentVolume47.yaml,PersistentVolume,1,0,1,1,0.0,89.5,0,240,0,0,1,29.94,499.87,170.36,670.23,True,True,1,2,99.37,100.0,{'Limit_hostPath_PersistentVolumes_to_Specific_Directories': 'kyverno'},
core.v1.PersistentVolume48.yaml,PersistentVolume,1,0,1,1,0.0,89.5,0,240,0,0,1,28.89,491.35,170.87,662.22,True,True,1,2,99.37,100.0,{'Limit_hostPath_PersistentVolumes_to_Specific_Directories': 'kyverno'},
core.v1.PersistentVolume49.yaml,PersistentVolume,1,0,1,1,0.0,89.5,0,240,0,0,1,29.32,493.0,174.35,667.35,True,True,1,2,99.37,100.0,{'Limit_hostPath_PersistentVolumes_to_Specific_Directories': 'kyverno'},
core.v1.PersistentVolume5.yaml,PersistentVolume,1,0,1,1,0.0,89.5,0,235,0,0,1,30.97,473.63,169.06,642.69,True,True,1,2,99.36,100.0,{'Limit_hostPath_PersistentVolumes_to_Specific_Directories': 'kyverno'},
core.v1.PersistentVolume50.yaml,PersistentVolume,1,0,1,1,0.0,89.5,0,240,0,0,1,30.66,492.62,170.58,663.2,True,True,1,2,99.37,100.0,{'Limit_hostPath_PersistentVolumes_to_Specific_Directories': 'kyverno'},
core.v1.PersistentVolume51.yaml,PersistentVolume,1,0,1,1,0.0,89.5,0,240,0,0,1,28.54,493.27,181.87,675.14,True,True,1,2,99.37,100.0,{'Limit_hostPath_PersistentVolumes_to_Specific_Directories': 'kyverno'},
core.v1.PersistentVolume52.yaml,PersistentVolume,1,0,1,1,0.0,89.5,0,240,0,0,1,38.46,503.48,177.67,681.15,True,True,1,2,99.37,100.0,{'Limit_hostPath_PersistentVolumes_to_Specific_Directories': 'kyverno'},
core.v1.PersistentVolume53.yaml,PersistentVolume,1,0,1,1,0.0,89.5,0,240,0,0,1,29.2,493.31,173.3,666.61,True,True,1,2,99.37,100.0,{'Limit_hostPath_PersistentVolumes_to_Specific_Directories': 'kyverno'},
core.v1.PersistentVolume54.yaml,PersistentVolume,1,0,1,1,0.0,89.5,0,240,0,0,1,28.48,493.54,170.63,664.17,True,True,1,2,99.37,100.0,{'Limit_hostPath_PersistentVolumes_to_Specific_Directories': 'kyverno'},
core.v1.PersistentVolume55.yaml,PersistentVolume,1,0,1,1,0.0,89.5,0,240,0,0,1,36.24,504.27,167.59,671.86,True,True,1,2,99.37,100.0,{'Limit_hostPath_PersistentVolumes_to_Specific_Directories': 'kyverno'},
core.v1.PersistentVolume56.yaml,PersistentVolume,1,0,1,1,0.0,89.5,0,240,0,0,1,29.6,494.4,169.63,664.03,True,True,1,2,99.37,100.0,{'Limit_hostPath_PersistentVolumes_to_Specific_Directories': 'kyverno'},
core.v1.PersistentVolume6.yaml,PersistentVolume,1,0,1,1,0.0,89.5,0,240,0,0,1,30.02,492.71,169.02,661.73,True,True,1,2,99.37,100.0,{'Limit_hostPath_PersistentVolumes_to_Specific_Directories': 'kyverno'},
core.v1.PersistentVolume7.yaml,PersistentVolume,1,0,1,1,0.0,89.5,0,238,0,0,1,29.27,484.66,167.43,652.09,True,True,1,2,99.37,100.0,{'Limit_hostPath_PersistentVolumes_to_Specific_Directories': 'kyverno'},
core.v1.PersistentVolume8.yaml,PersistentVolume,1,0,1,1,0.0,89.5,0,239,0,0,1,28.04,493.09,168.81,661.9,True,True,1,2,99.37,100.0,{'Limit_hostPath_PersistentVolumes_to_Specific_Directories': 'kyverno'},
core.v1.PersistentVolume9.yaml,PersistentVolume,1,0,1,1,0.0,89.5,0,238,0,0,1,28.69,486.41,166.63,653.04,True,True,1,2,99.37,100.0,{'Limit_hostPath_PersistentVolumes_to_Specific_Directories': 'kyverno'},
core.v1.Pod.after_roundtrip4.yaml,Unknown,SCHEMA_ERROR,,,,,,0,0,0,0,0.0,0.0,0.0,265.59,,,,0,0.0,0.0,,"C:\Users\CAOSD\projects\tool-security-rules\..\scriptJsonToUvl\yamls_agrupation\small\core.v1.Pod.after_roundtrip4.yaml - Pod 3{{ generateName }} is invalid: problem validating schema. Check JSON formatting: jsonschema validation failed with 'https://raw.githubusercontent.com/yannh/kubernetes-json-schema/master/master-standalone-strict/pod-v1.json#' - at '/metadata': additional properties 'clusterName' not allowed | Summary: 1 resource found in 1 file - Valid: 0, Invalid: 1, Errors: 0, Skipped: 0"
core.v1.Pod.after_roundtrip7.yaml,Unknown,SCHEMA_ERROR,,,,,,0,0,0,0,0.0,0.0,0.0,471.66,,,,0,0.0,0.0,,"C:\Users\CAOSD\projects\tool-security-rules\..\scriptJsonToUvl\yamls_agrupation\small\core.v1.Pod.after_roundtrip7.yaml - Pod 3{{ generateName }} is invalid: problem validating schema. Check JSON formatting: jsonschema validation failed with 'https://raw.githubusercontent.com/yannh/kubernetes-json-schema/master/master-standalone-strict/pod-v1.json#' - at '/metadata': additional properties 'clusterName' not allowed | Summary: 1 resource found in 1 file - Valid: 0, Invalid: 1, Errors: 0, Skipped: 0"
core.v1.Pod13.yaml,Unknown,SCHEMA_ERROR,,,,,,0,0,0,0,0.0,0.0,0.0,297.7,,,,0,0.0,0.0,,"C:\Users\CAOSD\projects\tool-security-rules\..\scriptJsonToUvl\yamls_agrupation\small\core.v1.Pod13.yaml - Pod 3{{ generateName }} is invalid: problem validating schema. Check JSON formatting: jsonschema validation failed with 'https://raw.githubusercontent.com/yannh/kubernetes-json-schema/master/master-standalone-strict/pod-v1.json#' - at '/metadata/managedFields/0': additional properties 'fields' not allowed - at '/metadata': additional properties 'clusterName' not allowed | Summary: 1 resource found in 1 file - Valid: 0, Invalid: 1, Errors: 0, Skipped: 0"
core.v1.Pod25.yaml,Unknown,SCHEMA_ERROR,,,,,,0,0,0,0,0.0,0.0,0.0,291.43,,,,0,0.0,0.0,,"C:\Users\CAOSD\projects\tool-security-rules\..\scriptJsonToUvl\yamls_agrupation\small\core.v1.Pod25.yaml - Pod 3{{ generateName }} is invalid: problem validating schema. Check JSON formatting: jsonschema validation failed with 'https://raw.githubusercontent.com/yannh/kubernetes-json-schema/master/master-standalone-strict/pod-v1.json#' - at '/metadata/managedFields/0': additional properties 'fields' not allowed - at '/metadata': additional properties 'clusterName' not allowed | Summary: 1 resource found in 1 file - Valid: 0, Invalid: 1, Errors: 0, Skipped: 0"
core.v1.PodTemplate.after_roundtrip4.yaml,Unknown,SCHEMA_ERROR,,,,,,0,0,0,0,0.0,0.0,0.0,522.62,,,,0,0.0,0.0,,"C:\Users\CAOSD\projects\tool-security-rules\..\scriptJsonToUvl\yamls_agrupation\small\core.v1.PodTemplate.after_roundtrip4.yaml - PodTemplate 3{{ generateName }} is invalid: problem validating schema. Check JSON formatting: jsonschema validation failed with 'https://raw.githubusercontent.com/yannh/kubernetes-json-schema/master/master-standalone-strict/podtemplate-v1.json#' - at '/metadata': additional properties 'clusterName' not allowed - at '/template/metadata': additional properties 'clusterName' not allowed | Summary: 1 resource found in 1 file - Valid: 0, Invalid: 1, Errors: 0, Skipped: 0"
core.v1.PodTemplate.after_roundtrip7.yaml,Unknown,SCHEMA_ERROR,,,,,,0,0,0,0,0.0,0.0,0.0,272.82,,,,0,0.0,0.0,,"C:\Users\CAOSD\projects\tool-security-rules\..\scriptJsonToUvl\yamls_agrupation\small\core.v1.PodTemplate.after_roundtrip7.yaml - PodTemplate 3{{ generateName }} is invalid: problem validating schema. Check JSON formatting: jsonschema validation failed with 'https://raw.githubusercontent.com/yannh/kubernetes-json-schema/master/master-standalone-strict/podtemplate-v1.json#' - at '/metadata': additional properties 'clusterName' not allowed - at '/template/metadata': additional properties 'clusterName' not allowed | Summary: 1 resource found in 1 file - Valid: 0, Invalid: 1, Errors: 0, Skipped: 0"
core.v1.PodTemplate12.yaml,Unknown,SCHEMA_ERROR,,,,,,0,0,0,0,0.0,0.0,0.0,289.83,,,,0,0.0,0.0,,"C:\Users\CAOSD\projects\tool-security-rules\..\scriptJsonToUvl\yamls_agrupation\small\core.v1.PodTemplate12.yaml - PodTemplate 3{{ generateName }} is invalid: problem validating schema. Check JSON formatting: jsonschema validation failed with 'https://raw.githubusercontent.com/yannh/kubernetes-json-schema/master/master-standalone-strict/podtemplate-v1.json#' - at '/metadata': additional properties 'clusterName' not allowed - at '/template/metadata': additional properties 'clusterName' not allowed | Summary: 1 resource found in 1 file - Valid: 0, Invalid: 1, Errors: 0, Skipped: 0"
core.v1.PodTemplate13.yaml,Unknown,SCHEMA_ERROR,,,,,,0,0,0,0,0.0,0.0,0.0,511.88,,,,0,0.0,0.0,,"C:\Users\CAOSD\projects\tool-security-rules\..\scriptJsonToUvl\yamls_agrupation\small\core.v1.PodTemplate13.yaml - PodTemplate 3{{ generateName }} is invalid: problem validating schema. Check JSON formatting: jsonschema validation failed with 'https://raw.githubusercontent.com/yannh/kubernetes-json-schema/master/master-standalone-strict/podtemplate-v1.json#' - at '/template/metadata': validation failed   - at '/template/metadata/managedFields/0': additional properties 'fields' not allowed   - at '/template/metadata': additional properties 'clusterName' not allowed - at '/metadata': validation failed   - at '/metadata/managedFields/0': additional properties 'fields' not allowed   - at '/metadata': additional properties 'clusterName' not allowed | Summary: 1 resource found in 1 file - Valid: 0, Invalid: 1, Errors: 0, Skipped: 0"
core.v1.PodTemplate14.yaml,Unknown,SCHEMA_ERROR,,,,,,0,0,0,0,0.0,0.0,0.0,296.96,,,,0,0.0,0.0,,"C:\Users\CAOSD\projects\tool-security-rules\..\scriptJsonToUvl\yamls_agrupation\small\core.v1.PodTemplate14.yaml - PodTemplate 3{{ generateName }} is invalid: problem validating schema. Check JSON formatting: jsonschema validation failed with 'https://raw.githubusercontent.com/yannh/kubernetes-json-schema/master/master-standalone-strict/podtemplate-v1.json#' - at '/metadata': additional properties 'clusterName' not allowed - at '/template/metadata': additional properties 'clusterName' not allowed | Summary: 1 resource found in 1 file - Valid: 0, Invalid: 1, Errors: 0, Skipped: 0"
core.v1.PodTemplate24.yaml,Unknown,SCHEMA_ERROR,,,,,,0,0,0,0,0.0,0.0,0.0,326.73,,,,0,0.0,0.0,,"C:\Users\CAOSD\projects\tool-security-rules\..\scriptJsonToUvl\yamls_agrupation\small\core.v1.PodTemplate24.yaml - PodTemplate 3{{ generateName }} is invalid: problem validating schema. Check JSON formatting: jsonschema validation failed with 'https://raw.githubusercontent.com/yannh/kubernetes-json-schema/master/master-standalone-strict/podtemplate-v1.json#' - at '/metadata': additional properties 'clusterName' not allowed - at '/template/metadata': additional properties 'clusterName' not allowed | Summary: 1 resource found in 1 file - Valid: 0, Invalid: 1, Errors: 0, Skipped: 0"
core.v1.PodTemplate25.yaml,Unknown,SCHEMA_ERROR,,,,,,0,0,0,0,0.0,0.0,0.0,282.33,,,,0,0.0,0.0,,"C:\Users\CAOSD\projects\tool-security-rules\..\scriptJsonToUvl\yamls_agrupation\small\core.v1.PodTemplate25.yaml - PodTemplate 3{{ generateName }} is invalid: problem validating schema. Check JSON formatting: jsonschema validation failed with 'https://raw.githubusercontent.com/yannh/kubernetes-json-schema/master/master-standalone-strict/podtemplate-v1.json#' - at '/template/metadata': validation failed   - at '/template/metadata/managedFields/0': additional properties 'fields' not allowed   - at '/template/metadata': additional properties 'clusterName' not allowed - at '/metadata': validation failed   - at '/metadata/managedFields/0': additional properties 'fields' not allowed   - at '/metadata': additional properties 'clusterName' not allowed | Summary: 1 resource found in 1 file - Valid: 0, Invalid: 1, Errors: 0, Skipped: 0"
core.v1.PodTemplate26.yaml,Unknown,SCHEMA_ERROR,,,,,,0,0,0,0,0.0,0.0,0.0,269.47,,,,0,0.0,0.0,,"C:\Users\CAOSD\projects\tool-security-rules\..\scriptJsonToUvl\yamls_agrupation\small\core.v1.PodTemplate26.yaml - PodTemplate 3{{ generateName }} is invalid: problem validating schema. Check JSON formatting: jsonschema validation failed with 'https://raw.githubusercontent.com/yannh/kubernetes-json-schema/master/master-standalone-strict/podtemplate-v1.json#' - at '/metadata': additional properties 'clusterName' not allowed - at '/template/metadata': additional properties 'clusterName' not allowed | Summary: 1 resource found in 1 file - Valid: 0, Invalid: 1, Errors: 0, Skipped: 0"
core.v1.ReplicationController.after_roundtrip4.yaml,Unknown,SCHEMA_ERROR,,,,,,0,0,0,0,0.0,0.0,0.0,607.19,,,,0,0.0,0.0,,"C:\Users\CAOSD\projects\tool-security-rules\..\scriptJsonToUvl\yamls_agrupation\small\core.v1.ReplicationController.after_roundtrip4.yaml - ReplicationController 3{{ generateName }} is invalid: problem validating schema. Check JSON formatting: jsonschema validation failed with 'https://raw.githubusercontent.com/yannh/kubernetes-json-schema/master/master-standalone-strict/replicationcontroller-v1.json#' - at '/metadata': additional properties 'clusterName' not allowed - at '/spec/template/metadata': additional properties 'clusterName' not allowed | Summary: 1 resource found in 1 file - Valid: 0, Invalid: 1, Errors: 0, Skipped: 0"
core.v1.ReplicationController.after_roundtrip7.yaml,Unknown,SCHEMA_ERROR,,,,,,0,0,0,0,0.0,0.0,0.0,872.02,,,,0,0.0,0.0,,"C:\Users\CAOSD\projects\tool-security-rules\..\scriptJsonToUvl\yamls_agrupation\small\core.v1.ReplicationController.after_roundtrip7.yaml - ReplicationController 3{{ generateName }} is invalid: problem validating schema. Check JSON formatting: jsonschema validation failed with 'https://raw.githubusercontent.com/yannh/kubernetes-json-schema/master/master-standalone-strict/replicationcontroller-v1.json#' - at '/metadata': additional properties 'clusterName' not allowed - at '/spec/template/metadata': additional properties 'clusterName' not allowed | Summary: 1 resource found in 1 file - Valid: 0, Invalid: 1, Errors: 0, Skipped: 0"
core.v1.ReplicationController13.yaml,Unknown,SCHEMA_ERROR,,,,,,0,0,0,0,0.0,0.0,0.0,476.49,,,,0,0.0,0.0,,"C:\Users\CAOSD\projects\tool-security-rules\..\scriptJsonToUvl\yamls_agrupation\small\core.v1.ReplicationController13.yaml - ReplicationController 3{{ generateName }} is invalid: problem validating schema. Check JSON formatting: jsonschema validation failed with 'https://raw.githubusercontent.com/yannh/kubernetes-json-schema/master/master-standalone-strict/replicationcontroller-v1.json#' - at '/metadata': validation failed   - at '/metadata/managedFields/0': additional properties 'fields' not allowed   - at '/metadata': additional properties 'clusterName' not allowed - at '/spec/template/metadata': validation failed   - at '/spec/template/metadata/managedFields/0': additional properties 'fields' not allowed   - at '/spec/template/metadata': additional properties 'clusterName' not allowed | Summary: 1 resource found in 1 file - Valid: 0, Invalid: 1, Errors: 0, Skipped: 0"
core.v1.ReplicationController25.yaml,Unknown,SCHEMA_ERROR,,,,,,0,0,0,0,0.0,0.0,0.0,287.79,,,,0,0.0,0.0,,"C:\Users\CAOSD\projects\tool-security-rules\..\scriptJsonToUvl\yamls_agrupation\small\core.v1.ReplicationController25.yaml - ReplicationController 3{{ generateName }} is invalid: problem validating schema. Check JSON formatting: jsonschema validation failed with 'https://raw.githubusercontent.com/yannh/kubernetes-json-schema/master/master-standalone-strict/replicationcontroller-v1.json#' - at '/metadata': validation failed   - at '/metadata/managedFields/0': additional properties 'fields' not allowed   - at '/metadata': additional properties 'clusterName' not allowed - at '/spec/template/metadata': validation failed   - at '/spec/template/metadata/managedFields/0': additional properties 'fields' not allowed   - at '/spec/template/metadata': additional properties 'clusterName' not allowed | Summary: 1 resource found in 1 file - Valid: 0, Invalid: 1, Errors: 0, Skipped: 0"
coredns11.yaml,Deployment,31,6,1,7,82.48,38.5,0,130,422,143,48,894.55,1538.42,109.13,1647.55,True,True,5,152,61.43,100.0,"{'no_root': 'trivy', 'kubernetes_primary_supplementary_gid': 'trivy', 'kubernetes_drop_default_capabilities': 'trivy', 'use_high_gid': 'trivy', 'use_high_uid': 'trivy', 'kubernetes_no_non_default_capabilities': 'trivy', 'cpuLimitsMissing': 'polaris'}",
coredns12.yaml,Deployment,31,7,1,8,79.49,28.0,0,135,422,145,96,402.86,1177.08,118.15,1295.23,True,True,7,154,62.47,100.0,"{'Require_Multiple_Replicas': 'kyverno', 'no_root': 'trivy', 'kubernetes_primary_supplementary_gid': 'trivy', 'kubernetes_drop_default_capabilities': 'trivy', 'use_high_gid': 'trivy', 'use_high_uid': 'trivy', 'kubernetes_no_non_default_capabilities': 'trivy', 'cpuLimitsMissing': 'polaris'}",
crdb-operator_4.yaml,Deployment,31,8,2,10,73.08,5.5,0,34,422,178,408,160.01,2261.24,195.15,2456.39,True,True,12,1,97.33,100.0,"{'Require_Multiple_Replicas': 'kyverno', 'no_root': 'trivy', 'kubernetes_primary_supplementary_gid': 'trivy', 'kubernetes_drop_default_capabilities': 'trivy', 'use_high_gid': 'trivy', 'kubernetes_use_readonly_filesystem': 'trivy', 'kubernetes_drop_unused_capabilities': 'trivy', 'use_high_uid': 'trivy', 'memoryLimitsMissing': 'polaris', 'cpuLimitsMissing': 'polaris'}",
cronjob-expected-scan.yaml,Unknown,SCHEMA_ERROR,,,,,,0,0,0,0,0.0,0.0,0.0,283.82,,,,0,0.0,0.0,,"C:\Users\CAOSD\projects\tool-security-rules\..\scriptJsonToUvl\yamls_agrupation\small\cronjob-expected-scan.yaml - Job scan-vulnerabilityreport-fcd85fd57 is invalid: problem validating schema. Check JSON formatting: jsonschema validation failed with 'https://raw.githubusercontent.com/yannh/kubernetes-json-schema/master/master-standalone-strict/job-batch-v1.json#' - at '/spec/template/spec/containers/0/volumeMounts': validation failed   - at '/spec/template/spec/containers/0/volumeMounts/0': additional properties 'readonly' not allowed   - at '/spec/template/spec/containers/0/volumeMounts/1': additional properties 'readonly' not allowed - at '/spec/template/spec/initContainers/0/volumeMounts/0': additional properties 'readonly' not allowed | Summary: 1 resource found in 1 file - Valid: 0, Invalid: 1, Errors: 0, Skipped: 0"
csi-hostpath-plugin11_11.yaml,StatefulSet,31,10,4,14,60.68,0.0,0,54,424,220,10000,257.04,1381.33,166.68,1548.01,True,True,126,35,60.13,100.0,"{'kubernetes_default_namespace_should_not_be_used': 'trivy', 'no_root': 'trivy', 'kubernetes_primary_supplementary_gid': 'trivy', 'kubernetes_drop_default_capabilities': 'trivy', 'use_high_gid': 'trivy', 'no_mounted_hostpath': 'trivy', 'kubernetes_use_readonly_filesystem': 'trivy', 'no_privileged_containers': 'trivy', 'kubernetes_drop_unused_capabilities': 'trivy', 'use_high_uid': 'trivy', 'memoryLimitsMissing': 'polaris', 'memoryRequestsMissing': 'polaris', 'cpuLimitsMissing': 'polaris', 'cpuRequestsMissing': 'polaris'}",
csi-hostpath-plugin13_11.yaml,StatefulSet,31,9,4,13,62.82,0.0,0,53,424,210,10000,148.91,1271.42,166.38,1437.8,True,True,125,34,60.4,100.0,"{'no_root': 'trivy', 'kubernetes_primary_supplementary_gid': 'trivy', 'kubernetes_drop_default_capabilities': 'trivy', 'use_high_gid': 'trivy', 'no_mounted_hostpath': 'trivy', 'kubernetes_use_readonly_filesystem': 'trivy', 'no_privileged_containers': 'trivy', 'kubernetes_drop_unused_capabilities': 'trivy', 'use_high_uid': 'trivy', 'memoryLimitsMissing': 'polaris', 'memoryRequestsMissing': 'polaris', 'cpuLimitsMissing': 'polaris', 'cpuRequestsMissing': 'polaris'}",
csi-hostpath-plugin14_11.yaml,StatefulSet,31,10,4,14,60.68,0.0,0,54,424,220,10000,281.9,1410.53,165.97,1576.5,True,True,126,35,60.13,100.0,"{'kubernetes_default_namespace_should_not_be_used': 'trivy', 'no_root': 'trivy', 'kubernetes_primary_supplementary_gid': 'trivy', 'kubernetes_drop_default_capabilities': 'trivy', 'use_high_gid': 'trivy', 'no_mounted_hostpath': 'trivy', 'kubernetes_use_readonly_filesystem': 'trivy', 'no_privileged_containers': 'trivy', 'kubernetes_drop_unused_capabilities': 'trivy', 'use_high_uid': 'trivy', 'memoryLimitsMissing': 'polaris', 'memoryRequestsMissing': 'polaris', 'cpuLimitsMissing': 'polaris', 'cpuRequestsMissing': 'polaris'}",
csi-hostpath-plugin15_11.yaml,StatefulSet,31,10,4,14,60.68,0.0,0,54,424,220,10000,158.55,1291.52,168.83,1460.35,True,True,126,35,60.13,100.0,"{'kubernetes_default_namespace_should_not_be_used': 'trivy', 'no_root': 'trivy', 'kubernetes_primary_supplementary_gid': 'trivy', 'kubernetes_drop_default_capabilities': 'trivy', 'use_high_gid': 'trivy', 'no_mounted_hostpath': 'trivy', 'kubernetes_use_readonly_filesystem': 'trivy', 'no_privileged_containers': 'trivy', 'kubernetes_drop_unused_capabilities': 'trivy', 'use_high_uid': 'trivy', 'memoryLimitsMissing': 'polaris', 'memoryRequestsMissing': 'polaris', 'cpuLimitsMissing': 'polaris', 'cpuRequestsMissing': 'polaris'}",
csi-hostpath-plugin18_11.yaml,StatefulSet,31,10,4,14,60.68,0.0,0,54,424,220,10000,151.94,1294.04,168.02,1462.06,True,True,126,35,60.13,100.0,"{'kubernetes_default_namespace_should_not_be_used': 'trivy', 'no_root': 'trivy', 'kubernetes_primary_supplementary_gid': 'trivy', 'kubernetes_drop_default_capabilities': 'trivy', 'use_high_gid': 'trivy', 'no_mounted_hostpath': 'trivy', 'kubernetes_use_readonly_filesystem': 'trivy', 'no_privileged_containers': 'trivy', 'kubernetes_drop_unused_capabilities': 'trivy', 'use_high_uid': 'trivy', 'memoryLimitsMissing': 'polaris', 'memoryRequestsMissing': 'polaris', 'cpuLimitsMissing': 'polaris', 'cpuRequestsMissing': 'polaris'}",
csi-hostpath-plugin19_11.yaml,StatefulSet,31,10,4,14,60.68,0.0,0,54,424,220,10000,158.58,1269.39,171.38,1440.77,True,True,126,35,60.13,100.0,"{'kubernetes_default_namespace_should_not_be_used': 'trivy', 'no_root': 'trivy', 'kubernetes_primary_supplementary_gid': 'trivy', 'kubernetes_drop_default_capabilities': 'trivy', 'use_high_gid': 'trivy', 'no_mounted_hostpath': 'trivy', 'kubernetes_use_readonly_filesystem': 'trivy', 'no_privileged_containers': 'trivy', 'kubernetes_drop_unused_capabilities': 'trivy', 'use_high_uid': 'trivy', 'memoryLimitsMissing': 'polaris', 'memoryRequestsMissing': 'polaris', 'cpuLimitsMissing': 'polaris', 'cpuRequestsMissing': 'polaris'}",
csi-hostpath-plugin1_11.yaml,StatefulSet,31,9,4,13,62.82,0.0,0,53,424,210,10000,144.94,1257.84,165.68,1423.52,True,True,125,34,60.4,100.0,"{'no_root': 'trivy', 'kubernetes_primary_supplementary_gid': 'trivy', 'kubernetes_drop_default_capabilities': 'trivy', 'use_high_gid': 'trivy', 'no_mounted_hostpath': 'trivy', 'kubernetes_use_readonly_filesystem': 'trivy', 'no_privileged_containers': 'trivy', 'kubernetes_drop_unused_capabilities': 'trivy', 'use_high_uid': 'trivy', 'memoryLimitsMissing': 'polaris', 'memoryRequestsMissing': 'polaris', 'cpuLimitsMissing': 'polaris', 'cpuRequestsMissing': 'polaris'}",
csi-hostpath-plugin20_11.yaml,StatefulSet,31,10,4,14,60.68,0.0,0,54,424,220,10000,164.63,1285.14,169.84,1454.98,True,True,126,35,60.13,100.0,"{'kubernetes_default_namespace_should_not_be_used': 'trivy', 'no_root': 'trivy', 'kubernetes_primary_supplementary_gid': 'trivy', 'kubernetes_drop_default_capabilities': 'trivy', 'use_high_gid': 'trivy', 'no_mounted_hostpath': 'trivy', 'kubernetes_use_readonly_filesystem': 'trivy', 'no_privileged_containers': 'trivy', 'kubernetes_drop_unused_capabilities': 'trivy', 'use_high_uid': 'trivy', 'memoryLimitsMissing': 'polaris', 'memoryRequestsMissing': 'polaris', 'cpuLimitsMissing': 'polaris', 'cpuRequestsMissing': 'polaris'}",
csi-hostpath-plugin21_11.yaml,StatefulSet,31,10,4,14,60.68,0.0,0,54,424,220,10000,161.64,1297.55,169.66,1467.21,True,True,126,35,60.13,100.0,"{'kubernetes_default_namespace_should_not_be_used': 'trivy', 'no_root': 'trivy', 'kubernetes_primary_supplementary_gid': 'trivy', 'kubernetes_drop_default_capabilities': 'trivy', 'use_high_gid': 'trivy', 'no_mounted_hostpath': 'trivy', 'kubernetes_use_readonly_filesystem': 'trivy', 'no_privileged_containers': 'trivy', 'kubernetes_drop_unused_capabilities': 'trivy', 'use_high_uid': 'trivy', 'memoryLimitsMissing': 'polaris', 'memoryRequestsMissing': 'polaris', 'cpuLimitsMissing': 'polaris', 'cpuRequestsMissing': 'polaris'}",
csi-hostpath-plugin22_11.yaml,StatefulSet,31,10,4,14,60.68,0.0,0,54,424,220,10000,172.16,1303.46,166.71,1470.17,True,True,126,35,60.13,100.0,"{'kubernetes_default_namespace_should_not_be_used': 'trivy', 'no_root': 'trivy', 'kubernetes_primary_supplementary_gid': 'trivy', 'kubernetes_drop_default_capabilities': 'trivy', 'use_high_gid': 'trivy', 'no_mounted_hostpath': 'trivy', 'kubernetes_use_readonly_filesystem': 'trivy', 'no_privileged_containers': 'trivy', 'kubernetes_drop_unused_capabilities': 'trivy', 'use_high_uid': 'trivy', 'memoryLimitsMissing': 'polaris', 'memoryRequestsMissing': 'polaris', 'cpuLimitsMissing': 'polaris', 'cpuRequestsMissing': 'polaris'}",
csi-hostpath-plugin2_11.yaml,StatefulSet,31,9,4,13,62.82,0.0,0,53,424,210,10000,146.06,1258.51,165.92,1424.43,True,True,125,34,60.4,100.0,"{'no_root': 'trivy', 'kubernetes_primary_supplementary_gid': 'trivy', 'kubernetes_drop_default_capabilities': 'trivy', 'use_high_gid': 'trivy', 'no_mounted_hostpath': 'trivy', 'kubernetes_use_readonly_filesystem': 'trivy', 'no_privileged_containers': 'trivy', 'kubernetes_drop_unused_capabilities': 'trivy', 'use_high_uid': 'trivy', 'memoryLimitsMissing': 'polaris', 'memoryRequestsMissing': 'polaris', 'cpuLimitsMissing': 'polaris', 'cpuRequestsMissing': 'polaris'}",
csi-hostpath-plugin3_11.yaml,StatefulSet,31,9,4,13,62.82,0.0,0,53,424,210,10000,153.44,1270.6,168.82,1439.42,True,True,125,34,60.4,100.0,"{'no_root': 'trivy', 'kubernetes_primary_supplementary_gid': 'trivy', 'kubernetes_drop_default_capabilities': 'trivy', 'use_high_gid': 'trivy', 'no_mounted_hostpath': 'trivy', 'kubernetes_use_readonly_filesystem': 'trivy', 'no_privileged_containers': 'trivy', 'kubernetes_drop_unused_capabilities': 'trivy', 'use_high_uid': 'trivy', 'memoryLimitsMissing': 'polaris', 'memoryRequestsMissing': 'polaris', 'cpuLimitsMissing': 'polaris', 'cpuRequestsMissing': 'polaris'}",
csi-hostpath-plugin5_11.yaml,StatefulSet,31,9,4,13,62.82,0.0,0,53,424,210,10000,152.27,1262.69,167.61,1430.3,True,True,125,34,60.4,100.0,"{'no_root': 'trivy', 'kubernetes_primary_supplementary_gid': 'trivy', 'kubernetes_drop_default_capabilities': 'trivy', 'use_high_gid': 'trivy', 'no_mounted_hostpath': 'trivy', 'kubernetes_use_readonly_filesystem': 'trivy', 'no_privileged_containers': 'trivy', 'kubernetes_drop_unused_capabilities': 'trivy', 'use_high_uid': 'trivy', 'memoryLimitsMissing': 'polaris', 'memoryRequestsMissing': 'polaris', 'cpuLimitsMissing': 'polaris', 'cpuRequestsMissing': 'polaris'}",
csi-hostpath-plugin6_11.yaml,StatefulSet,31,9,4,13,62.82,0.0,0,53,424,210,10000,161.96,1283.44,168.31,1451.75,True,True,125,34,60.4,100.0,"{'no_root': 'trivy', 'kubernetes_primary_supplementary_gid': 'trivy', 'kubernetes_drop_default_capabilities': 'trivy', 'use_high_gid': 'trivy', 'no_mounted_hostpath': 'trivy', 'kubernetes_use_readonly_filesystem': 'trivy', 'no_privileged_containers': 'trivy', 'kubernetes_drop_unused_capabilities': 'trivy', 'use_high_uid': 'trivy', 'memoryLimitsMissing': 'polaris', 'memoryRequestsMissing': 'polaris', 'cpuLimitsMissing': 'polaris', 'cpuRequestsMissing': 'polaris'}",
csi-hostpath-plugin7_11.yaml,StatefulSet,31,9,4,13,62.82,0.0,0,53,424,210,10000,189.53,1303.83,166.94,1470.77,True,True,125,34,60.4,100.0,"{'no_root': 'trivy', 'kubernetes_primary_supplementary_gid': 'trivy', 'kubernetes_drop_default_capabilities': 'trivy', 'use_high_gid': 'trivy', 'no_mounted_hostpath': 'trivy', 'kubernetes_use_readonly_filesystem': 'trivy', 'no_privileged_containers': 'trivy', 'kubernetes_drop_unused_capabilities': 'trivy', 'use_high_uid': 'trivy', 'memoryLimitsMissing': 'polaris', 'memoryRequestsMissing': 'polaris', 'cpuLimitsMissing': 'polaris', 'cpuRequestsMissing': 'polaris'}",
csi-hostpath-plugin9_11.yaml,StatefulSet,31,10,4,14,60.68,0.0,0,54,424,220,10000,150.72,1292.9,168.66,1461.56,True,True,126,35,60.13,100.0,"{'kubernetes_default_namespace_should_not_be_used': 'trivy', 'no_root': 'trivy', 'kubernetes_primary_supplementary_gid': 'trivy', 'kubernetes_drop_default_capabilities': 'trivy', 'use_high_gid': 'trivy', 'no_mounted_hostpath': 'trivy', 'kubernetes_use_readonly_filesystem': 'trivy', 'no_privileged_containers': 'trivy', 'kubernetes_drop_unused_capabilities': 'trivy', 'use_high_uid': 'trivy', 'memoryLimitsMissing': 'polaris', 'memoryRequestsMissing': 'polaris', 'cpuLimitsMissing': 'polaris', 'cpuRequestsMissing': 'polaris'}",
csi-hostpath-plugin_11.yaml,StatefulSet,31,9,4,13,62.82,0.0,0,53,424,210,10000,159.48,1275.68,167.54,1443.22,True,True,125,34,60.4,100.0,"{'no_root': 'trivy', 'kubernetes_primary_supplementary_gid': 'trivy', 'kubernetes_drop_default_capabilities': 'trivy', 'use_high_gid': 'trivy', 'no_mounted_hostpath': 'trivy', 'kubernetes_use_readonly_filesystem': 'trivy', 'no_privileged_containers': 'trivy', 'kubernetes_drop_unused_capabilities': 'trivy', 'use_high_uid': 'trivy', 'memoryLimitsMissing': 'polaris', 'memoryRequestsMissing': 'polaris', 'cpuLimitsMissing': 'polaris', 'cpuRequestsMissing': 'polaris'}",
csi-node3.yaml,DaemonSet,31,10,0,10,72.65,4.0,0,57,423,220,10000,165.79,1894.31,155.64,2049.95,True,True,240,237,13.85,100.0,"{'kubernetes_default_namespace_should_not_be_used': 'trivy', 'no_root': 'trivy', 'kubernetes_primary_supplementary_gid': 'trivy', 'kubernetes_drop_default_capabilities': 'trivy', 'no_mounted_hostpath': 'trivy', 'use_high_gid': 'trivy', 'kubernetes_use_readonly_filesystem': 'trivy', 'no_privileged_containers': 'trivy', 'kubernetes_drop_unused_capabilities': 'trivy', 'use_high_uid': 'trivy'}",
DaemonSet-cilium.yaml,DaemonSet,31,10,4,14,59.83,0.0,0,148,423,210,10000,164.41,5617.14,306.56,5923.7,True,True,433,418,8.79,100.0,"{'no_root': 'trivy', 'kubernetes_primary_supplementary_gid': 'trivy', 'kubernetes_drop_default_capabilities': 'trivy', 'use_high_gid': 'trivy', 'kubernetes_use_readonly_filesystem': 'trivy', 'kubernetes_drop_unused_capabilities': 'trivy', 'no_auto_mount_service_token': 'trivy', 'no_host_network': 'trivy', 'use_high_uid': 'trivy', 'kubernetes_no_non_default_capabilities': 'trivy', 'memoryLimitsMissing': 'polaris', 'memoryRequestsMissing': 'polaris', 'cpuLimitsMissing': 'polaris', 'cpuRequestsMissing': 'polaris'}",
daemonset-expected-scan.yaml,Unknown,SCHEMA_ERROR,,,,,,0,0,0,0,0.0,0.0,0.0,544.63,,,,0,0.0,0.0,,"C:\Users\CAOSD\projects\tool-security-rules\..\scriptJsonToUvl\yamls_agrupation\small\daemonset-expected-scan.yaml - Job scan-vulnerabilityreport-6556c475f8 is invalid: problem validating schema. Check JSON formatting: jsonschema validation failed with 'https://raw.githubusercontent.com/yannh/kubernetes-json-schema/master/master-standalone-strict/job-batch-v1.json#' - at '/spec/template/spec/containers/0/volumeMounts': validation failed   - at '/spec/template/spec/containers/0/volumeMounts/0': additional properties 'readonly' not allowed   - at '/spec/template/spec/containers/0/volumeMounts/1': additional properties 'readonly' not allowed - at '/spec/template/spec/initContainers/0/volumeMounts/0': additional properties 'readonly' not allowed | Summary: 1 resource found in 1 file - Valid: 0, Invalid: 1, Errors: 0, Skipped: 0"
daemonset319.yaml,DaemonSet,31,8,4,12,65.81,0.0,0,84,423,201,10000,194.67,1831.5,170.96,2002.46,True,True,216,182,14.96,100.0,"{'no_root': 'trivy', 'kubernetes_primary_supplementary_gid': 'trivy', 'kubernetes_drop_default_capabilities': 'trivy', 'use_high_gid': 'trivy', 'kubernetes_use_readonly_filesystem': 'trivy', 'no_privileged_containers': 'trivy', 'kubernetes_drop_unused_capabilities': 'trivy', 'use_high_uid': 'trivy', 'memoryLimitsMissing': 'polaris', 'memoryRequestsMissing': 'polaris', 'cpuLimitsMissing': 'polaris', 'cpuRequestsMissing': 'polaris'}",
daemonset367.yaml,DaemonSet,31,10,5,15,54.27,0.0,0,70,423,226,10000,205.12,1604.37,170.13,1774.5,True,True,228,182,18.0,100.0,"{'no_root': 'trivy', 'kubernetes_primary_supplementary_gid': 'trivy', 'kubernetes_drop_default_capabilities': 'trivy', 'use_high_gid': 'trivy', 'kubernetes_use_readonly_filesystem': 'trivy', 'no_privileged_containers': 'trivy', 'kubernetes_drop_unused_capabilities': 'trivy', 'no_host_network': 'trivy', 'use_high_uid': 'trivy', 'kubernetes_no_non_default_capabilities': 'trivy', 'memoryLimitsMissing': 'polaris', 'memoryRequestsMissing': 'polaris', 'tagNotSpecified': 'polaris', 'cpuLimitsMissing': 'polaris', 'cpuRequestsMissing': 'polaris'}",
dapr_sidecar_injector_deployment2.yaml,Unknown,SCHEMA_ERROR,,,,,,0,0,0,0,0.0,0.0,0.0,292.58,,,,0,0.0,0.0,,"C:\Users\CAOSD\projects\tool-security-rules\..\scriptJsonToUvl\yamls_agrupation\small\dapr_sidecar_injector_deployment2.yaml - Deployment dapr-sidecar-injector is invalid: problem validating schema. Check JSON formatting: jsonschema validation failed with 'https://raw.githubusercontent.com/yannh/kubernetes-json-schema/master/master-standalone-strict/deployment-apps-v1.json#' - at '/spec/replicas': got string, want null or integer - at '/spec/template/spec/containers/0': validation failed   - at '/spec/template/spec/containers/0/livenessProbe': validation failed     - at '/spec/template/spec/containers/0/livenessProbe/failureThreshold': got string, want null or integer     - at '/spec/template/spec/containers/0/livenessProbe/initialDelaySeconds': got string, want null or integer     - at '/spec/template/spec/containers/0/livenessProbe/periodSeconds': got string, want null or integer   - at '/spec/template/spec/containers/0/securityContext/runAsNonRoot': got string, want null or boolean   - at '/spec/template/spec/containers/0/ports': validation failed     - at '/spec/template/spec/containers/0/ports/1/containerPort': got string, want integer     - at '/spec/template/spec/containers/0/ports/2/containerPort': got string, want integer   - at '/spec/template/spec/containers/0/readinessProbe': validation failed     - at '/spec/template/spec/containers/0/readinessProbe/periodSeconds': got string, want null or integer     - at '/spec/template/spec/containers/0/readinessProbe/failureThreshold': got string, want null or integer     - at '/spec/template/spec/containers/0/readinessProbe/initialDelaySeconds': got string, want null or integer | Summary: 1 resource found in 1 file - Valid: 0, Invalid: 1, Errors: 0, Skipped: 0"
Deployment-argocd-applicationset-controller.yaml,Deployment,31,5,4,9,75.64,14.5,0,75,422,86,10000,118.81,2252.27,197.95,2450.22,True,True,228,222,13.79,100.0,"{'Require_Multiple_Replicas': 'kyverno', 'kubernetes_primary_supplementary_gid': 'trivy', 'use_high_gid': 'trivy', 'no_auto_mount_service_token': 'trivy', 'use_high_uid': 'trivy', 'memoryLimitsMissing': 'polaris', 'memoryRequestsMissing': 'polaris', 'cpuLimitsMissing': 'polaris', 'cpuRequestsMissing': 'polaris'}",
Deployment-argocd-repo-server.yaml,Deployment,31,5,4,9,75.64,14.5,0,115,422,86,10000,195.26,4364.56,286.04,4650.6,True,True,342,338,10.76,100.0,"{'Require_Multiple_Replicas': 'kyverno', 'kubernetes_primary_supplementary_gid': 'trivy', 'use_high_gid': 'trivy', 'no_auto_mount_service_token': 'trivy', 'use_high_uid': 'trivy', 'memoryLimitsMissing': 'polaris', 'memoryRequestsMissing': 'polaris', 'cpuLimitsMissing': 'polaris', 'cpuRequestsMissing': 'polaris'}",
Deployment-argocd-server.yaml,Deployment,31,5,4,9,75.64,14.5,0,91,422,86,10000,116.99,5823.38,350.16,6173.54,True,True,409,403,8.76,100.0,"{'Require_Multiple_Replicas': 'kyverno', 'kubernetes_primary_supplementary_gid': 'trivy', 'use_high_gid': 'trivy', 'no_auto_mount_service_token': 'trivy', 'use_high_uid': 'trivy', 'memoryLimitsMissing': 'polaris', 'memoryRequestsMissing': 'polaris', 'cpuLimitsMissing': 'polaris', 'cpuRequestsMissing': 'polaris'}",
deployment-canary1.yaml,Unknown,SCHEMA_ERROR,,,,,,0,0,0,0,0.0,0.0,0.0,287.04,,,,0,0.0,0.0,,"C:\Users\CAOSD\projects\tool-security-rules\..\scriptJsonToUvl\yamls_agrupation\small\deployment-canary1.yaml - Deployment dynamic_parameters-canary is invalid: problem validating schema. Check JSON formatting: jsonschema validation failed with 'https://raw.githubusercontent.com/yannh/kubernetes-json-schema/master/master-standalone-strict/deployment-apps-v1.json#' - at '/spec/template/spec': validation failed   - at '/spec/template/spec/hostNetwork': got string, want null or boolean   - at '/spec/template/spec/terminationGracePeriodSeconds': got string, want null or integer   - at '/spec/template/spec/containers/1/ports': validation failed     - at '/spec/template/spec/containers/1/ports/0': validation failed       - at '/spec/template/spec/containers/1/ports/0/hostPort': got string, want null or integer       - at '/spec/template/spec/containers/1/ports/0/containerPort': got string, want integer     - at '/spec/template/spec/containers/1/ports/1/containerPort': got string, want integer - at '/spec/replicas': got string, want null or integer - at '/spec': additional properties 'updateStrategy' not allowed | Summary: 1 resource found in 1 file - Valid: 0, Invalid: 1, Errors: 0, Skipped: 0"
deployment304.yaml,Deployment,31,9,4,13,64.1,0.0,0,73,422,187,10000,224.47,1806.06,142.91,1948.97,True,True,151,135,23.53,25.0,"{'Require_Multiple_Replicas': 'kyverno', 'no_root': 'trivy', 'kubernetes_primary_supplementary_gid': 'trivy', 'kubernetes_drop_default_capabilities': 'trivy', 'use_high_gid': 'trivy', 'kubernetes_use_readonly_filesystem': 'trivy', 'kubernetes_drop_unused_capabilities': 'trivy', 'no_auto_mount_service_token': 'trivy', 'use_high_uid': 'trivy', 'memoryLimitsMissing': 'polaris', 'memoryRequestsMissing': 'polaris', 'cpuLimitsMissing': 'polaris', 'cpuRequestsMissing': 'polaris'}",
deployment3534_1.yaml,Deployment,31,8,5,13,62.82,0.0,0,63,422,178,10000,187.1,1573.89,162.18,1736.07,True,True,42,10,87.74,100.0,"{'Require_Multiple_Replicas': 'kyverno', 'no_root': 'trivy', 'kubernetes_primary_supplementary_gid': 'trivy', 'kubernetes_drop_default_capabilities': 'trivy', 'use_high_gid': 'trivy', 'kubernetes_use_readonly_filesystem': 'trivy', 'kubernetes_drop_unused_capabilities': 'trivy', 'use_high_uid': 'trivy', 'memoryLimitsMissing': 'polaris', 'memoryRequestsMissing': 'polaris', 'tagNotSpecified': 'polaris', 'cpuLimitsMissing': 'polaris', 'cpuRequestsMissing': 'polaris'}",
deployment4806.yaml,Deployment,31,8,1,9,74.79,11.5,0,61,422,178,2576,252.67,1517.65,155.89,1673.54,True,True,12,4,96.1,100.0,"{'Require_Multiple_Replicas': 'kyverno', 'no_root': 'trivy', 'kubernetes_primary_supplementary_gid': 'trivy', 'kubernetes_drop_default_capabilities': 'trivy', 'use_high_gid': 'trivy', 'kubernetes_use_readonly_filesystem': 'trivy', 'kubernetes_drop_unused_capabilities': 'trivy', 'use_high_uid': 'trivy', 'tagNotSpecified': 'polaris'}",
deployment6356.yaml,Unknown,SCHEMA_ERROR,,,,,,0,0,0,0,0.0,0.0,0.0,311.82,,,,0,0.0,0.0,,"C:\Users\CAOSD\projects\tool-security-rules\..\scriptJsonToUvl\yamls_agrupation\small\deployment6356.yaml - Deployment dynamic_parameters is invalid: problem validating schema. Check JSON formatting: jsonschema validation failed with 'https://raw.githubusercontent.com/yannh/kubernetes-json-schema/master/master-standalone-strict/deployment-apps-v1.json#' - at '/spec/strategy': got string, want null or object - at '/spec/template/spec': validation failed   - at '/spec/template/spec/nodeSelector': got string, want null or object   - at '/spec/template/spec/securityContext': validation failed     - at '/spec/template/spec/securityContext/fsGroup': got string, want null or integer     - at '/spec/template/spec/securityContext/runAsGroup': got string, want null or integer     - at '/spec/template/spec/securityContext/runAsUser': got string, want null or integer   - at '/spec/template/spec/tolerations': got string, want null or array   - at '/spec/template/spec/affinity': got string, want null or object   - at '/spec/template/spec/containers/0': validation failed     - at '/spec/template/spec/containers/0/livenessProbe': validation failed       - at '/spec/template/spec/containers/0/livenessProbe/failureThreshold': got string, want null or integer       - at '/spec/template/spec/containers/0/livenessProbe/initialDelaySeconds': got string, want null or integer       - at '/spec/template/spec/containers/0/livenessProbe/periodSeconds': got string, want null or integer       - at '/spec/template/spec/containers/0/livenessProbe/successThreshold': got string, want null or integer       - at '/spec/template/spec/containers/0/livenessProbe/timeoutSeconds': got string, want null or integer     - at '/spec/template/spec/containers/0/ports/1/containerPort': got string, want integer     - at '/spec/template/spec/containers/0/readinessProbe': validation failed       - at '/spec/template/spec/containers/0/readinessProbe/timeoutSeconds': got string, want null or integer       - at '/spec/template/spec/containers/0/readinessProbe/failureThreshold': got string, want null or integer       - at '/spec/template/spec/containers/0/readinessProbe/initialDelaySeconds': got string, want null or integer       - at '/spec/template/spec/containers/0/readinessProbe/periodSeconds': got string, want null or integer       - at '/spec/template/spec/containers/0/readinessProbe/successThreshold': got string, want null or integer     - at '/spec/template/spec/containers/0/resources': got string, want null or object - at '/spec/replicas': got string, want null or integer - at '/spec': additional properties 'serviceAccountName' not allowed | Summary: 1 resource found in 1 file - Valid: 0, Invalid: 1, Errors: 0, Skipped: 0"
deployment6374.yaml,Unknown,SCHEMA_ERROR,,,,,,0,0,0,0,0.0,0.0,0.0,297.53,,,,0,0.0,0.0,,"C:\Users\CAOSD\projects\tool-security-rules\..\scriptJsonToUvl\yamls_agrupation\small\deployment6374.yaml - Deployment dynamic_parameters is invalid: problem validating schema. Check JSON formatting: jsonschema validation failed with 'https://raw.githubusercontent.com/yannh/kubernetes-json-schema/master/master-standalone-strict/deployment-apps-v1.json#' - at '/metadata/annotations': got string, want null or object - at '/spec': validation failed   - at '/spec/template/spec': validation failed     - at '/spec/template/spec/tolerations': got string, want null or array     - at '/spec/template/spec/affinity': got string, want null or object     - at '/spec/template/spec/hostNetwork': got string, want null or boolean     - at '/spec/template/spec/nodeSelector': got string, want null or object   - at '/spec/replicas': got string, want null or integer | Summary: 1 resource found in 1 file - Valid: 0, Invalid: 1, Errors: 0, Skipped: 0"
deployment6378.yaml,Unknown,SCHEMA_ERROR,,,,,,0,0,0,0,0.0,0.0,0.0,300.99,,,,0,0.0,0.0,,"C:\Users\CAOSD\projects\tool-security-rules\..\scriptJsonToUvl\yamls_agrupation\small\deployment6378.yaml - Deployment  is invalid: problem validating schema. Check JSON formatting: jsonschema validation failed with 'https://raw.githubusercontent.com/yannh/kubernetes-json-schema/master/master-standalone-strict/deployment-apps-v1.json#' - at '/spec/replicas': got string, want null or integer | Summary: 1 resource found in 1 file - Valid: 0, Invalid: 1, Errors: 0, Skipped: 0"
deployment849.yaml,Deployment,31,9,4,13,64.1,0.0,0,73,422,187,10000,162.92,1315.02,141.68,1456.7,True,True,151,135,23.53,25.0,"{'Require_Multiple_Replicas': 'kyverno', 'no_root': 'trivy', 'kubernetes_primary_supplementary_gid': 'trivy', 'kubernetes_drop_default_capabilities': 'trivy', 'use_high_gid': 'trivy', 'kubernetes_use_readonly_filesystem': 'trivy', 'kubernetes_drop_unused_capabilities': 'trivy', 'no_auto_mount_service_token': 'trivy', 'use_high_uid': 'trivy', 'memoryLimitsMissing': 'polaris', 'memoryRequestsMissing': 'polaris', 'cpuLimitsMissing': 'polaris', 'cpuRequestsMissing': 'polaris'}",
deprecated-secret-tls_1.yaml,Secret,4,0,0,0,100.0,100.0,0,7,14,0,3,33.8,47.66,0.0,0.0,True,True,0,0,100.0,100.0,{},
dify-mirror-deployment_23.yaml,StatefulSet,31,8,0,8,79.06,26.5,0,48,424,185,432,189.29,1661.53,143.82,1805.35,True,True,8,5,96.48,100.0,"{'no_root': 'trivy', 'kubernetes_primary_supplementary_gid': 'trivy', 'kubernetes_drop_default_capabilities': 'trivy', 'use_high_gid': 'trivy', 'no_mounted_hostpath': 'trivy', 'kubernetes_use_readonly_filesystem': 'trivy', 'kubernetes_drop_unused_capabilities': 'trivy', 'use_high_uid': 'trivy'}",
dovecot-statefulset.yaml,StatefulSet,31,7,5,12,65.81,0.0,0,56,424,176,10000,273.91,4152.04,273.55,4425.59,True,True,58,9,90.5,100.0,"{'no_root': 'trivy', 'kubernetes_primary_supplementary_gid': 'trivy', 'kubernetes_drop_default_capabilities': 'trivy', 'use_high_gid': 'trivy', 'kubernetes_use_readonly_filesystem': 'trivy', 'kubernetes_drop_unused_capabilities': 'trivy', 'use_high_uid': 'trivy', 'memoryLimitsMissing': 'polaris', 'memoryRequestsMissing': 'polaris', 'tagNotSpecified': 'polaris', 'cpuLimitsMissing': 'polaris', 'cpuRequestsMissing': 'polaris'}",
etcd-certs.yaml,Secret,4,0,0,0,100.0,100.0,0,8,14,0,3,51.29,67.7,0.0,0.0,True,True,0,0,100.0,100.0,{},
fdb-operator_templates_secrets_3.yaml,Secret,4,0,0,0,100.0,100.0,0,11,14,0,2,35.26,49.15,0.0,0.0,True,True,0,0,100.0,100.0,{},
flag_output_set_values.golden.yaml,Deployment,31,5,1,6,83.33,41.5,0,78,422,102,10000,173.74,2252.59,162.72,2415.31,True,True,10,11,95.22,100.0,"{'Require_Multiple_Replicas': 'kyverno', 'no_root': 'trivy', 'kubernetes_primary_supplementary_gid': 'trivy', 'use_high_gid': 'trivy', 'use_high_uid': 'trivy', 'tagNotSpecified': 'polaris'}",
generated1_7.yaml,StatefulSet,31,7,4,11,70.09,0.0,0,94,424,176,10000,309.66,1488.76,126.3,1615.06,True,True,23,7,91.38,100.0,"{'no_root': 'trivy', 'kubernetes_primary_supplementary_gid': 'trivy', 'kubernetes_drop_default_capabilities': 'trivy', 'use_high_gid': 'trivy', 'kubernetes_use_readonly_filesystem': 'trivy', 'kubernetes_drop_unused_capabilities': 'trivy', 'use_high_uid': 'trivy', 'memoryLimitsMissing': 'polaris', 'memoryRequestsMissing': 'polaris', 'cpuLimitsMissing': 'polaris', 'cpuRequestsMissing': 'polaris'}",
generated_7.yaml,StatefulSet,31,7,4,11,70.09,0.0,0,94,424,176,10000,132.5,1319.37,125.13,1444.5,True,True,23,7,91.38,100.0,"{'no_root': 'trivy', 'kubernetes_primary_supplementary_gid': 'trivy', 'kubernetes_drop_default_capabilities': 'trivy', 'use_high_gid': 'trivy', 'kubernetes_use_readonly_filesystem': 'trivy', 'kubernetes_drop_unused_capabilities': 'trivy', 'use_high_uid': 'trivy', 'memoryLimitsMissing': 'polaris', 'memoryRequestsMissing': 'polaris', 'cpuLimitsMissing': 'polaris', 'cpuRequestsMissing': 'polaris'}",
gitea-config1_2.yaml,Secret,4,0,0,0,100.0,100.0,0,10,14,0,6,35.66,49.58,0.0,0.0,True,True,0,0,100.0,100.0,{},
gitea-config_2.yaml,Secret,4,0,0,0,100.0,100.0,0,10,14,0,6,34.25,48.2,0.0,0.0,True,True,0,0,100.0,100.0,{},
gitea2_3.yaml,Deployment,31,8,4,12,67.09,0.0,0,83,422,178,10000,312.89,1832.3,163.34,1995.64,True,True,39,4,90.02,100.0,"{'Require_Multiple_Replicas': 'kyverno', 'no_root': 'trivy', 'kubernetes_primary_supplementary_gid': 'trivy', 'kubernetes_drop_default_capabilities': 'trivy', 'use_high_gid': 'trivy', 'kubernetes_use_readonly_filesystem': 'trivy', 'kubernetes_drop_unused_capabilities': 'trivy', 'use_high_uid': 'trivy', 'memoryLimitsMissing': 'polaris', 'memoryRequestsMissing': 'polaris', 'cpuLimitsMissing': 'polaris', 'cpuRequestsMissing': 'polaris'}",
gitea_3.yaml,Deployment,31,8,4,12,67.09,0.0,0,83,422,178,10000,139.53,1654.5,162.9,1817.4,True,True,39,4,90.02,100.0,"{'Require_Multiple_Replicas': 'kyverno', 'no_root': 'trivy', 'kubernetes_primary_supplementary_gid': 'trivy', 'kubernetes_drop_default_capabilities': 'trivy', 'use_high_gid': 'trivy', 'kubernetes_use_readonly_filesystem': 'trivy', 'kubernetes_drop_unused_capabilities': 'trivy', 'use_high_uid': 'trivy', 'memoryLimitsMissing': 'polaris', 'memoryRequestsMissing': 'polaris', 'cpuLimitsMissing': 'polaris', 'cpuRequestsMissing': 'polaris'}",
github-deploy-key.sops6.yaml,Unknown,SCHEMA_ERROR,,,,,,0,0,0,0,0.0,0.0,0.0,121.05,,,,0,0.0,0.0,,"C:\Users\CAOSD\projects\tool-security-rules\..\scriptJsonToUvl\yamls_agrupation\small\github-deploy-key.sops6.yaml - Secret github-deploy-key is invalid: problem validating schema. Check JSON formatting: jsonschema validation failed with 'https://raw.githubusercontent.com/yannh/kubernetes-json-schema/master/master-standalone-strict/secret-v1.json#' - at '': additional properties 'sops' not allowed | Summary: 1 resource found in 1 file - Valid: 0, Invalid: 1, Errors: 0, Skipped: 0"
gitlab-rails.sops.yaml,Unknown,SCHEMA_ERROR,,,,,,0,0,0,0,0.0,0.0,0.0,106.79,,,,0,0.0,0.0,,"C:\Users\CAOSD\projects\tool-security-rules\..\scriptJsonToUvl\yamls_agrupation\small\gitlab-rails.sops.yaml - Secret gitlab-rails-secret is invalid: problem validating schema. Check JSON formatting: jsonschema validation failed with 'https://raw.githubusercontent.com/yannh/kubernetes-json-schema/master/master-standalone-strict/secret-v1.json#' - at '': additional properties 'sops' not allowed | Summary: 1 resource found in 1 file - Valid: 0, Invalid: 1, Errors: 0, Skipped: 0"
grafana-deployment12.yaml,Deployment,31,8,4,12,67.09,0.0,0,44,422,178,729,147.37,1525.67,161.38,1687.05,True,True,19,5,94.29,100.0,"{'Require_Multiple_Replicas': 'kyverno', 'no_root': 'trivy', 'kubernetes_primary_supplementary_gid': 'trivy', 'kubernetes_drop_default_capabilities': 'trivy', 'use_high_gid': 'trivy', 'kubernetes_use_readonly_filesystem': 'trivy', 'kubernetes_drop_unused_capabilities': 'trivy', 'use_high_uid': 'trivy', 'memoryLimitsMissing': 'polaris', 'memoryRequestsMissing': 'polaris', 'cpuLimitsMissing': 'polaris', 'cpuRequestsMissing': 'polaris'}",
grafana-deployment13.yaml,Deployment,31,8,0,8,79.06,26.5,0,49,422,178,3136,152.43,1711.47,167.62,1879.09,True,True,11,4,96.45,100.0,"{'Require_Multiple_Replicas': 'kyverno', 'no_root': 'trivy', 'kubernetes_primary_supplementary_gid': 'trivy', 'kubernetes_drop_default_capabilities': 'trivy', 'use_high_gid': 'trivy', 'kubernetes_use_readonly_filesystem': 'trivy', 'kubernetes_drop_unused_capabilities': 'trivy', 'use_high_uid': 'trivy'}",
grafana-deployment14.yaml,Deployment,31,8,0,8,79.06,26.5,0,49,422,178,2916,141.97,1608.64,616.79,2225.43,True,True,13,7,95.17,100.0,"{'Require_Multiple_Replicas': 'kyverno', 'no_root': 'trivy', 'kubernetes_primary_supplementary_gid': 'trivy', 'kubernetes_drop_default_capabilities': 'trivy', 'use_high_gid': 'trivy', 'kubernetes_use_readonly_filesystem': 'trivy', 'kubernetes_drop_unused_capabilities': 'trivy', 'use_high_uid': 'trivy'}",
grafana-deployment15.yaml,Deployment,31,8,0,8,79.06,26.5,0,54,422,178,10000,143.71,1881.43,172.19,2053.62,True,True,11,5,96.36,100.0,"{'Require_Multiple_Replicas': 'kyverno', 'no_root': 'trivy', 'kubernetes_primary_supplementary_gid': 'trivy', 'kubernetes_drop_default_capabilities': 'trivy', 'use_high_gid': 'trivy', 'kubernetes_use_readonly_filesystem': 'trivy', 'kubernetes_drop_unused_capabilities': 'trivy', 'use_high_uid': 'trivy'}",
grafana-deployment16.yaml,Deployment,31,8,0,8,79.06,26.5,0,54,422,178,10000,144.63,1790.18,167.58,1957.76,True,True,11,5,96.23,100.0,"{'Require_Multiple_Replicas': 'kyverno', 'no_root': 'trivy', 'kubernetes_primary_supplementary_gid': 'trivy', 'kubernetes_drop_default_capabilities': 'trivy', 'use_high_gid': 'trivy', 'kubernetes_use_readonly_filesystem': 'trivy', 'kubernetes_drop_unused_capabilities': 'trivy', 'use_high_uid': 'trivy'}",
grafana-deployment2.yaml,Deployment,31,8,4,12,67.09,0.0,0,44,422,178,729,163.48,1516.31,161.61,1677.92,True,True,19,5,94.29,100.0,"{'Require_Multiple_Replicas': 'kyverno', 'no_root': 'trivy', 'kubernetes_primary_supplementary_gid': 'trivy', 'kubernetes_drop_default_capabilities': 'trivy', 'use_high_gid': 'trivy', 'kubernetes_use_readonly_filesystem': 'trivy', 'kubernetes_drop_unused_capabilities': 'trivy', 'use_high_uid': 'trivy', 'memoryLimitsMissing': 'polaris', 'memoryRequestsMissing': 'polaris', 'cpuLimitsMissing': 'polaris', 'cpuRequestsMissing': 'polaris'}",
grafana-deployment24.yaml,Deployment,31,5,0,5,87.61,56.5,0,64,422,102,10000,121.9,2384.69,195.12,2579.81,True,True,6,5,97.8,100.0,"{'Require_Multiple_Replicas': 'kyverno', 'no_root': 'trivy', 'kubernetes_primary_supplementary_gid': 'trivy', 'use_high_gid': 'trivy', 'use_high_uid': 'trivy'}",
grafana-deployment28.yaml,Deployment,31,5,0,5,87.61,56.5,0,64,422,102,10000,117.95,2319.15,193.55,2512.7,True,True,6,5,97.8,100.0,"{'Require_Multiple_Replicas': 'kyverno', 'no_root': 'trivy', 'kubernetes_primary_supplementary_gid': 'trivy', 'use_high_gid': 'trivy', 'use_high_uid': 'trivy'}",
grafana-deployment3.yaml,Deployment,31,8,0,8,79.06,26.5,0,49,422,178,3136,150.09,1701.7,166.04,1867.74,True,True,11,4,96.45,100.0,"{'Require_Multiple_Replicas': 'kyverno', 'no_root': 'trivy', 'kubernetes_primary_supplementary_gid': 'trivy', 'kubernetes_drop_default_capabilities': 'trivy', 'use_high_gid': 'trivy', 'kubernetes_use_readonly_filesystem': 'trivy', 'kubernetes_drop_unused_capabilities': 'trivy', 'use_high_uid': 'trivy'}",
grafana-deployment30.yaml,Deployment,31,5,0,5,87.61,56.5,0,64,422,102,10000,118.87,2365.05,193.9,2558.95,True,True,6,5,97.8,100.0,"{'Require_Multiple_Replicas': 'kyverno', 'no_root': 'trivy', 'kubernetes_primary_supplementary_gid': 'trivy', 'use_high_gid': 'trivy', 'use_high_uid': 'trivy'}",
grafana-deployment32.yaml,Deployment,31,8,0,8,79.06,26.5,0,54,422,178,10000,137.76,1887.4,173.0,2060.4,True,True,162,156,27.73,100.0,"{'Require_Multiple_Replicas': 'kyverno', 'no_root': 'trivy', 'kubernetes_primary_supplementary_gid': 'trivy', 'kubernetes_drop_default_capabilities': 'trivy', 'use_high_gid': 'trivy', 'kubernetes_use_readonly_filesystem': 'trivy', 'kubernetes_drop_unused_capabilities': 'trivy', 'use_high_uid': 'trivy'}",
grafana-deployment33.yaml,Deployment,31,8,4,12,67.09,0.0,0,44,422,178,729,145.29,1487.74,160.7,1648.44,True,True,160,146,27.14,100.0,"{'Require_Multiple_Replicas': 'kyverno', 'no_root': 'trivy', 'kubernetes_primary_supplementary_gid': 'trivy', 'kubernetes_drop_default_capabilities': 'trivy', 'use_high_gid': 'trivy', 'kubernetes_use_readonly_filesystem': 'trivy', 'kubernetes_drop_unused_capabilities': 'trivy', 'use_high_uid': 'trivy', 'memoryLimitsMissing': 'polaris', 'memoryRequestsMissing': 'polaris', 'cpuLimitsMissing': 'polaris', 'cpuRequestsMissing': 'polaris'}",
grafana-deployment34.yaml,Deployment,31,8,0,8,79.06,26.5,0,49,422,178,3136,229.03,1757.31,165.12,1922.43,True,True,165,158,23.64,100.0,"{'Require_Multiple_Replicas': 'kyverno', 'no_root': 'trivy', 'kubernetes_primary_supplementary_gid': 'trivy', 'kubernetes_drop_default_capabilities': 'trivy', 'use_high_gid': 'trivy', 'kubernetes_use_readonly_filesystem': 'trivy', 'kubernetes_drop_unused_capabilities': 'trivy', 'use_high_uid': 'trivy'}",
grafana-deployment35.yaml,Deployment,31,8,0,8,79.06,26.5,0,49,422,178,2916,155.35,1592.08,164.27,1756.35,True,True,161,155,23.67,100.0,"{'Require_Multiple_Replicas': 'kyverno', 'no_root': 'trivy', 'kubernetes_primary_supplementary_gid': 'trivy', 'kubernetes_drop_default_capabilities': 'trivy', 'use_high_gid': 'trivy', 'kubernetes_use_readonly_filesystem': 'trivy', 'kubernetes_drop_unused_capabilities': 'trivy', 'use_high_uid': 'trivy'}",
grafana-deployment36.yaml,Deployment,31,8,0,8,79.06,26.5,0,54,422,178,10000,145.25,1881.84,172.68,2054.52,True,True,11,5,96.36,100.0,"{'Require_Multiple_Replicas': 'kyverno', 'no_root': 'trivy', 'kubernetes_primary_supplementary_gid': 'trivy', 'kubernetes_drop_default_capabilities': 'trivy', 'use_high_gid': 'trivy', 'kubernetes_use_readonly_filesystem': 'trivy', 'kubernetes_drop_unused_capabilities': 'trivy', 'use_high_uid': 'trivy'}",
grafana-deployment37.yaml,Deployment,31,8,0,8,79.06,26.5,0,54,422,178,10000,143.31,1768.7,164.39,1933.09,True,True,11,5,96.23,100.0,"{'Require_Multiple_Replicas': 'kyverno', 'no_root': 'trivy', 'kubernetes_primary_supplementary_gid': 'trivy', 'kubernetes_drop_default_capabilities': 'trivy', 'use_high_gid': 'trivy', 'kubernetes_use_readonly_filesystem': 'trivy', 'kubernetes_drop_unused_capabilities': 'trivy', 'use_high_uid': 'trivy'}",
grafana-deployment4.yaml,Deployment,31,8,0,8,79.06,26.5,0,49,422,178,2916,142.5,1603.95,162.43,1766.38,True,True,13,7,95.17,100.0,"{'Require_Multiple_Replicas': 'kyverno', 'no_root': 'trivy', 'kubernetes_primary_supplementary_gid': 'trivy', 'kubernetes_drop_default_capabilities': 'trivy', 'use_high_gid': 'trivy', 'kubernetes_use_readonly_filesystem': 'trivy', 'kubernetes_drop_unused_capabilities': 'trivy', 'use_high_uid': 'trivy'}",
grafana-deployment40.yaml,Deployment,31,8,4,12,67.09,0.0,0,44,422,178,729,146.87,1516.68,162.9,1679.58,True,True,19,5,94.29,100.0,"{'Require_Multiple_Replicas': 'kyverno', 'no_root': 'trivy', 'kubernetes_primary_supplementary_gid': 'trivy', 'kubernetes_drop_default_capabilities': 'trivy', 'use_high_gid': 'trivy', 'kubernetes_use_readonly_filesystem': 'trivy', 'kubernetes_drop_unused_capabilities': 'trivy', 'use_high_uid': 'trivy', 'memoryLimitsMissing': 'polaris', 'memoryRequestsMissing': 'polaris', 'cpuLimitsMissing': 'polaris', 'cpuRequestsMissing': 'polaris'}",
grafana-deployment41.yaml,Deployment,31,8,0,8,79.06,26.5,0,49,422,178,3136,134.84,1676.08,165.96,1842.04,True,True,11,4,96.45,100.0,"{'Require_Multiple_Replicas': 'kyverno', 'no_root': 'trivy', 'kubernetes_primary_supplementary_gid': 'trivy', 'kubernetes_drop_default_capabilities': 'trivy', 'use_high_gid': 'trivy', 'kubernetes_use_readonly_filesystem': 'trivy', 'kubernetes_drop_unused_capabilities': 'trivy', 'use_high_uid': 'trivy'}",
grafana-deployment42.yaml,Deployment,31,8,0,8,79.06,26.5,0,49,422,178,2916,141.11,1645.22,163.36,1808.58,True,True,13,7,95.17,100.0,"{'Require_Multiple_Replicas': 'kyverno', 'no_root': 'trivy', 'kubernetes_primary_supplementary_gid': 'trivy', 'kubernetes_drop_default_capabilities': 'trivy', 'use_high_gid': 'trivy', 'kubernetes_use_readonly_filesystem': 'trivy', 'kubernetes_drop_unused_capabilities': 'trivy', 'use_high_uid': 'trivy'}",
grafana-deployment45_1.yaml,Deployment,31,5,0,5,87.61,56.5,0,66,422,102,10000,180.28,4036.37,260.7,4297.07,True,True,5,3,98.81,100.0,"{'Require_Multiple_Replicas': 'kyverno', 'no_root': 'trivy', 'kubernetes_primary_supplementary_gid': 'trivy', 'use_high_gid': 'trivy', 'use_high_uid': 'trivy'}",
grafana-deployment5.yaml,Deployment,31,8,0,8,79.06,26.5,0,54,422,178,10000,213.71,1957.7,178.85,2136.55,True,True,11,5,96.36,100.0,"{'Require_Multiple_Replicas': 'kyverno', 'no_root': 'trivy', 'kubernetes_primary_supplementary_gid': 'trivy', 'kubernetes_drop_default_capabilities': 'trivy', 'use_high_gid': 'trivy', 'kubernetes_use_readonly_filesystem': 'trivy', 'kubernetes_drop_unused_capabilities': 'trivy', 'use_high_uid': 'trivy'}",
grafana-deployment51.yaml,Deployment,31,8,0,8,79.06,26.5,0,54,422,178,10000,187.48,1855.56,170.6,2026.16,True,True,11,5,96.23,100.0,"{'Require_Multiple_Replicas': 'kyverno', 'no_root': 'trivy', 'kubernetes_primary_supplementary_gid': 'trivy', 'kubernetes_drop_default_capabilities': 'trivy', 'use_high_gid': 'trivy', 'kubernetes_use_readonly_filesystem': 'trivy', 'kubernetes_drop_unused_capabilities': 'trivy', 'use_high_uid': 'trivy'}",
grafana-deployment55.yaml,Deployment,31,8,4,12,67.09,0.0,0,44,422,178,729,134.75,1512.27,160.89,1673.16,True,True,19,5,94.29,100.0,"{'Require_Multiple_Replicas': 'kyverno', 'no_root': 'trivy', 'kubernetes_primary_supplementary_gid': 'trivy', 'kubernetes_drop_default_capabilities': 'trivy', 'use_high_gid': 'trivy', 'kubernetes_use_readonly_filesystem': 'trivy', 'kubernetes_drop_unused_capabilities': 'trivy', 'use_high_uid': 'trivy', 'memoryLimitsMissing': 'polaris', 'memoryRequestsMissing': 'polaris', 'cpuLimitsMissing': 'polaris', 'cpuRequestsMissing': 'polaris'}",
grafana-deployment56.yaml,Deployment,31,8,0,8,79.06,26.5,0,49,422,178,3136,147.41,1694.07,165.12,1859.19,True,True,11,4,96.45,100.0,"{'Require_Multiple_Replicas': 'kyverno', 'no_root': 'trivy', 'kubernetes_primary_supplementary_gid': 'trivy', 'kubernetes_drop_default_capabilities': 'trivy', 'use_high_gid': 'trivy', 'kubernetes_use_readonly_filesystem': 'trivy', 'kubernetes_drop_unused_capabilities': 'trivy', 'use_high_uid': 'trivy'}",
grafana-deployment57.yaml,Deployment,31,8,0,8,79.06,26.5,0,49,422,178,2916,140.63,1596.29,162.78,1759.07,True,True,13,7,95.17,100.0,"{'Require_Multiple_Replicas': 'kyverno', 'no_root': 'trivy', 'kubernetes_primary_supplementary_gid': 'trivy', 'kubernetes_drop_default_capabilities': 'trivy', 'use_high_gid': 'trivy', 'kubernetes_use_readonly_filesystem': 'trivy', 'kubernetes_drop_unused_capabilities': 'trivy', 'use_high_uid': 'trivy'}",
grafana-deployment6.yaml,Deployment,31,8,0,8,79.06,26.5,0,54,422,178,10000,142.07,1790.93,167.44,1958.37,True,True,11,5,96.23,100.0,"{'Require_Multiple_Replicas': 'kyverno', 'no_root': 'trivy', 'kubernetes_primary_supplementary_gid': 'trivy', 'kubernetes_drop_default_capabilities': 'trivy', 'use_high_gid': 'trivy', 'kubernetes_use_readonly_filesystem': 'trivy', 'kubernetes_drop_unused_capabilities': 'trivy', 'use_high_uid': 'trivy'}",
grafana-deployment60.yaml,Deployment,31,5,0,5,87.61,56.5,0,64,422,102,10000,114.45,2330.99,193.59,2524.58,True,True,6,5,97.8,100.0,"{'Require_Multiple_Replicas': 'kyverno', 'no_root': 'trivy', 'kubernetes_primary_supplementary_gid': 'trivy', 'use_high_gid': 'trivy', 'use_high_uid': 'trivy'}",
grafana-deployment67.yaml,Deployment,31,5,0,5,87.61,56.5,0,61,422,102,10000,128.75,2217.3,188.11,2405.41,True,True,6,5,97.73,100.0,"{'Require_Multiple_Replicas': 'kyverno', 'no_root': 'trivy', 'kubernetes_primary_supplementary_gid': 'trivy', 'use_high_gid': 'trivy', 'use_high_uid': 'trivy'}",
grafana-deployment70.yaml,Deployment,31,8,0,8,79.06,26.5,0,54,422,178,10000,154.58,1784.98,166.31,1951.29,True,True,11,5,96.23,100.0,"{'Require_Multiple_Replicas': 'kyverno', 'no_root': 'trivy', 'kubernetes_primary_supplementary_gid': 'trivy', 'kubernetes_drop_default_capabilities': 'trivy', 'use_high_gid': 'trivy', 'kubernetes_use_readonly_filesystem': 'trivy', 'kubernetes_drop_unused_capabilities': 'trivy', 'use_high_uid': 'trivy'}",
grafana-deployment72.yaml,Deployment,31,5,2,7,81.62,35.5,0,62,422,102,10000,118.55,2330.67,194.49,2525.16,True,True,186,182,26.98,100.0,"{'Require_Multiple_Replicas': 'kyverno', 'no_root': 'trivy', 'kubernetes_primary_supplementary_gid': 'trivy', 'use_high_gid': 'trivy', 'use_high_uid': 'trivy', 'memoryRequestsMissing': 'polaris', 'cpuRequestsMissing': 'polaris'}",
grafana-deployment73.yaml,Deployment,31,8,4,12,67.09,0.0,0,44,422,178,729,142.64,1500.17,161.13,1661.3,True,True,19,5,94.29,100.0,"{'Require_Multiple_Replicas': 'kyverno', 'no_root': 'trivy', 'kubernetes_primary_supplementary_gid': 'trivy', 'kubernetes_drop_default_capabilities': 'trivy', 'use_high_gid': 'trivy', 'kubernetes_use_readonly_filesystem': 'trivy', 'kubernetes_drop_unused_capabilities': 'trivy', 'use_high_uid': 'trivy', 'memoryLimitsMissing': 'polaris', 'memoryRequestsMissing': 'polaris', 'cpuLimitsMissing': 'polaris', 'cpuRequestsMissing': 'polaris'}",
grafana-deployment74.yaml,Deployment,31,8,0,8,79.06,26.5,0,49,422,178,3136,150.09,1706.73,176.65,1883.38,True,True,11,4,96.45,100.0,"{'Require_Multiple_Replicas': 'kyverno', 'no_root': 'trivy', 'kubernetes_primary_supplementary_gid': 'trivy', 'kubernetes_drop_default_capabilities': 'trivy', 'use_high_gid': 'trivy', 'kubernetes_use_readonly_filesystem': 'trivy', 'kubernetes_drop_unused_capabilities': 'trivy', 'use_high_uid': 'trivy'}",
grafana-deployment75.yaml,Deployment,31,8,0,8,79.06,26.5,0,49,422,178,2916,158.01,1612.22,171.11,1783.33,True,True,13,7,95.17,100.0,"{'Require_Multiple_Replicas': 'kyverno', 'no_root': 'trivy', 'kubernetes_primary_supplementary_gid': 'trivy', 'kubernetes_drop_default_capabilities': 'trivy', 'use_high_gid': 'trivy', 'kubernetes_use_readonly_filesystem': 'trivy', 'kubernetes_drop_unused_capabilities': 'trivy', 'use_high_uid': 'trivy'}",
grafana-deployment80.yaml,Deployment,31,5,0,5,87.61,56.5,0,64,422,102,10000,119.84,1571.81,153.61,1725.42,True,True,6,5,97.2,100.0,"{'Require_Multiple_Replicas': 'kyverno', 'no_root': 'trivy', 'kubernetes_primary_supplementary_gid': 'trivy', 'use_high_gid': 'trivy', 'use_high_uid': 'trivy'}",
grafana-deployment81.yaml,Deployment,31,8,0,8,79.06,26.5,0,56,422,178,10000,154.02,1824.87,167.02,1991.89,True,True,10,3,96.96,100.0,"{'Require_Multiple_Replicas': 'kyverno', 'no_root': 'trivy', 'kubernetes_primary_supplementary_gid': 'trivy', 'kubernetes_drop_default_capabilities': 'trivy', 'use_high_gid': 'trivy', 'kubernetes_use_readonly_filesystem': 'trivy', 'kubernetes_drop_unused_capabilities': 'trivy', 'use_high_uid': 'trivy'}",
grafana-deployment86.yaml,Deployment,31,5,0,5,87.61,56.5,0,66,422,102,10000,115.59,2488.62,205.98,2694.6,True,True,6,5,97.86,100.0,"{'Require_Multiple_Replicas': 'kyverno', 'no_root': 'trivy', 'kubernetes_primary_supplementary_gid': 'trivy', 'use_high_gid': 'trivy', 'use_high_uid': 'trivy'}",
grafana-deployment88.yaml,Deployment,31,8,0,8,79.06,26.5,0,54,422,178,10000,145.21,1907.03,172.99,2080.02,True,True,11,5,96.36,100.0,"{'Require_Multiple_Replicas': 'kyverno', 'no_root': 'trivy', 'kubernetes_primary_supplementary_gid': 'trivy', 'kubernetes_drop_default_capabilities': 'trivy', 'use_high_gid': 'trivy', 'kubernetes_use_readonly_filesystem': 'trivy', 'kubernetes_drop_unused_capabilities': 'trivy', 'use_high_uid': 'trivy'}",
gvm-2204-basic_2.yaml,Deployment,31,8,1,9,74.79,11.5,0,53,422,178,5880,194.22,941.7,118.21,1059.91,True,True,38,17,84.24,0.0,"{'Require_Multiple_Replicas': 'kyverno', 'no_root': 'trivy', 'kubernetes_primary_supplementary_gid': 'trivy', 'kubernetes_drop_default_capabilities': 'trivy', 'use_high_gid': 'trivy', 'kubernetes_use_readonly_filesystem': 'trivy', 'kubernetes_drop_unused_capabilities': 'trivy', 'use_high_uid': 'trivy', 'tagNotSpecified': 'polaris'}",
gvm-2204-remote-scanner-kilo_2.yaml,Deployment,31,8,0,8,79.06,26.5,0,55,422,178,6840,139.71,1063.29,134.75,1198.04,True,True,43,23,83.74,0.0,"{'Require_Multiple_Replicas': 'kyverno', 'no_root': 'trivy', 'kubernetes_primary_supplementary_gid': 'trivy', 'kubernetes_drop_default_capabilities': 'trivy', 'use_high_gid': 'trivy', 'kubernetes_use_readonly_filesystem': 'trivy', 'kubernetes_drop_unused_capabilities': 'trivy', 'use_high_uid': 'trivy'}",
gvm-2204-remote-scanner-kilo_3.yaml,Deployment,31,9,1,10,71.79,1.0,0,61,422,195,10000,196.42,1095.12,128.14,1223.26,True,True,54,20,78.95,100.0,"{'Require_Multiple_Replicas': 'kyverno', 'no_root': 'trivy', 'kubernetes_primary_supplementary_gid': 'trivy', 'kubernetes_drop_default_capabilities': 'trivy', 'use_high_gid': 'trivy', 'kubernetes_use_readonly_filesystem': 'trivy', 'kubernetes_drop_unused_capabilities': 'trivy', 'use_high_uid': 'trivy', 'kubernetes_no_non_default_capabilities': 'trivy', 'tagNotSpecified': 'polaris'}",
happy-compute-ingress1.yaml,Ingress,3,0,0,0,100.0,100.0,0,25,4,0,900,605.96,767.41,0.0,0.0,True,True,0,0,100.0,100.0,{},
hivems-hive-metastore-stateful.yaml,StatefulSet,31,7,4,11,70.09,0.0,0,74,424,176,4536,663.53,1166.86,89.98,1256.84,True,True,54,148,36.88,100.0,"{'no_root': 'trivy', 'kubernetes_primary_supplementary_gid': 'trivy', 'kubernetes_drop_default_capabilities': 'trivy', 'use_high_gid': 'trivy', 'kubernetes_use_readonly_filesystem': 'trivy', 'kubernetes_drop_unused_capabilities': 'trivy', 'use_high_uid': 'trivy', 'memoryLimitsMissing': 'polaris', 'memoryRequestsMissing': 'polaris', 'cpuLimitsMissing': 'polaris', 'cpuRequestsMissing': 'polaris'}",
hivems-postgresql-stateful.yaml,StatefulSet,31,7,2,9,76.07,16.0,0,134,424,176,10000,283.91,1925.3,161.14,2086.44,True,True,139,334,21.82,100.0,"{'no_root': 'trivy', 'kubernetes_primary_supplementary_gid': 'trivy', 'kubernetes_drop_default_capabilities': 'trivy', 'use_high_gid': 'trivy', 'kubernetes_use_readonly_filesystem': 'trivy', 'kubernetes_drop_unused_capabilities': 'trivy', 'use_high_uid': 'trivy', 'memoryLimitsMissing': 'polaris', 'cpuLimitsMissing': 'polaris'}",
hwameistor_templates_local-storage_11.yaml,DaemonSet,31,10,4,14,60.68,0.0,0,76,423,203,10000,198.01,1477.11,124.96,1602.07,True,True,34,44,79.37,100.0,"{'kubernetes_default_namespace_should_not_be_used': 'trivy', 'no_root': 'trivy', 'kubernetes_primary_supplementary_gid': 'trivy', 'kubernetes_drop_default_capabilities': 'trivy', 'no_mounted_hostpath': 'trivy', 'use_high_gid': 'trivy', 'kubernetes_use_readonly_filesystem': 'trivy', 'kubernetes_drop_unused_capabilities': 'trivy', 'use_high_uid': 'trivy', 'no_host_pid': 'trivy', 'memoryLimitsMissing': 'polaris', 'memoryRequestsMissing': 'polaris', 'cpuLimitsMissing': 'polaris', 'cpuRequestsMissing': 'polaris'}",
hydra_deployment.yaml,Deployment,31,4,4,8,76.5,17.5,0,100,422,77,10000,279.3,1891.62,141.2,2032.82,True,True,22,31,87.41,100.0,"{'Require_Multiple_Replicas': 'kyverno', 'kubernetes_primary_supplementary_gid': 'trivy', 'use_high_gid': 'trivy', 'kubernetes_use_readonly_filesystem': 'trivy', 'memoryLimitsMissing': 'polaris', 'memoryRequestsMissing': 'polaris', 'cpuLimitsMissing': 'polaris', 'cpuRequestsMissing': 'polaris'}",
hydra_deployment1.yaml,Deployment,31,4,4,8,76.5,17.5,0,100,422,77,10000,103.25,1279.82,138.08,1417.9,True,True,22,31,87.41,100.0,"{'Require_Multiple_Replicas': 'kyverno', 'kubernetes_primary_supplementary_gid': 'trivy', 'use_high_gid': 'trivy', 'kubernetes_use_readonly_filesystem': 'trivy', 'memoryLimitsMissing': 'polaris', 'memoryRequestsMissing': 'polaris', 'cpuLimitsMissing': 'polaris', 'cpuRequestsMissing': 'polaris'}",
infrastructure-labels-annotations_2.yaml,Deployment,31,4,4,8,78.63,25.0,0,87,422,86,10000,109.39,1508.58,142.59,1651.17,True,True,15,11,93.47,100.0,"{'kubernetes_default_namespace_should_not_be_used': 'trivy', 'Require_Multiple_Replicas': 'kyverno', 'use_high_gid': 'trivy', 'use_high_uid': 'trivy', 'memoryLimitsMissing': 'polaris', 'memoryRequestsMissing': 'polaris', 'cpuLimitsMissing': 'polaris', 'cpuRequestsMissing': 'polaris'}",
ingress-gateway6.yaml,Deployment,31,4,0,4,90.6,67.0,0,117,422,100,10000,389.22,3395.67,194.26,3589.93,True,True,7,8,97.27,100.0,"{'no_root': 'trivy', 'kubernetes_primary_supplementary_gid': 'trivy', 'use_high_gid': 'trivy', 'use_high_uid': 'trivy'}",
ingress-nginx-controller5.yaml,Unknown,SCHEMA_ERROR,,,,,,0,0,0,0,0.0,0.0,0.0,493.31,,,,0,0.0,0.0,,"C:\Users\CAOSD\projects\tool-security-rules\..\scriptJsonToUvl\yamls_agrupation\small\ingress-nginx-controller5.yaml - Pod ingress-nginx-controller-768f948f8f-{{ generateName }} is invalid: problem validating schema. Check JSON formatting: jsonschema validation failed with 'https://raw.githubusercontent.com/yannh/kubernetes-json-schema/master/master-standalone-strict/pod-v1.json#' - at '/status/podIPs/0/ip': got null, want string - at '/status/hostIPs/0/ip': got null, want string | Summary: 1 resource found in 1 file - Valid: 0, Invalid: 1, Errors: 0, Skipped: 0"
ingress1753.yaml,Ingress,3,1,0,1,70.83,89.5,0,19,4,2,136,53.78,83.41,80.79,164.2,True,True,22,19,96.33,100.0,{'tlsSettingsMissing': 'polaris'},
ingressgateway_k8s_settings.golden.yaml,Deployment,31,5,1,6,83.33,41.5,0,81,422,102,10000,115.82,2242.3,164.02,2406.32,True,True,10,11,95.28,100.0,"{'Require_Multiple_Replicas': 'kyverno', 'no_root': 'trivy', 'kubernetes_primary_supplementary_gid': 'trivy', 'use_high_gid': 'trivy', 'use_high_uid': 'trivy', 'tagNotSpecified': 'polaris'}",
ingressgateway_k8s_settings.golden_1.yaml,Deployment,31,5,1,6,83.33,41.5,0,78,422,102,10000,117.34,2154.72,162.12,2316.84,True,True,10,11,95.22,100.0,"{'Require_Multiple_Replicas': 'kyverno', 'no_root': 'trivy', 'kubernetes_primary_supplementary_gid': 'trivy', 'use_high_gid': 'trivy', 'use_high_uid': 'trivy', 'tagNotSpecified': 'polaris'}",
install122_40.yaml,Deployment,31,4,5,9,74.36,10.0,0,53,422,77,6336,128.53,1513.48,163.45,1676.93,True,True,13,5,95.73,100.0,"{'Require_Multiple_Replicas': 'kyverno', 'kubernetes_primary_supplementary_gid': 'trivy', 'use_high_gid': 'trivy', 'use_high_uid': 'trivy', 'memoryLimitsMissing': 'polaris', 'memoryRequestsMissing': 'polaris', 'tagNotSpecified': 'polaris', 'cpuLimitsMissing': 'polaris', 'cpuRequestsMissing': 'polaris'}",
install122_44.yaml,Deployment,31,4,5,9,74.36,10.0,0,97,422,77,10000,125.07,3109.28,244.69,3353.97,True,True,19,12,95.22,100.0,"{'Require_Multiple_Replicas': 'kyverno', 'kubernetes_primary_supplementary_gid': 'trivy', 'use_high_gid': 'trivy', 'use_high_uid': 'trivy', 'memoryLimitsMissing': 'polaris', 'memoryRequestsMissing': 'polaris', 'tagNotSpecified': 'polaris', 'cpuLimitsMissing': 'polaris', 'cpuRequestsMissing': 'polaris'}",
install122_45.yaml,Deployment,31,4,5,9,74.36,10.0,0,75,422,77,10000,109.31,3579.4,265.73,3845.13,True,True,13,5,97.41,100.0,"{'Require_Multiple_Replicas': 'kyverno', 'kubernetes_primary_supplementary_gid': 'trivy', 'use_high_gid': 'trivy', 'use_high_uid': 'trivy', 'memoryLimitsMissing': 'polaris', 'memoryRequestsMissing': 'polaris', 'tagNotSpecified': 'polaris', 'cpuLimitsMissing': 'polaris', 'cpuRequestsMissing': 'polaris'}",
install122_46.yaml,StatefulSet,31,3,5,8,77.35,20.5,0,66,424,75,1488,110.48,2230.28,203.78,2434.06,True,True,11,3,97.36,100.0,"{'kubernetes_primary_supplementary_gid': 'trivy', 'use_high_gid': 'trivy', 'use_high_uid': 'trivy', 'memoryLimitsMissing': 'polaris', 'memoryRequestsMissing': 'polaris', 'tagNotSpecified': 'polaris', 'cpuLimitsMissing': 'polaris', 'cpuRequestsMissing': 'polaris'}",
install127_43.yaml,Deployment,31,4,4,8,78.63,25.0,0,53,422,77,6336,135.66,1970.06,163.36,2133.42,True,True,12,4,96.21,100.0,"{'Require_Multiple_Replicas': 'kyverno', 'kubernetes_primary_supplementary_gid': 'trivy', 'use_high_gid': 'trivy', 'use_high_uid': 'trivy', 'memoryLimitsMissing': 'polaris', 'memoryRequestsMissing': 'polaris', 'cpuLimitsMissing': 'polaris', 'cpuRequestsMissing': 'polaris'}",
install127_47.yaml,Deployment,31,4,4,8,78.63,25.0,0,97,422,77,10000,112.04,3009.52,233.06,3242.58,True,True,17,10,95.68,100.0,"{'Require_Multiple_Replicas': 'kyverno', 'kubernetes_primary_supplementary_gid': 'trivy', 'use_high_gid': 'trivy', 'use_high_uid': 'trivy', 'memoryLimitsMissing': 'polaris', 'memoryRequestsMissing': 'polaris', 'cpuLimitsMissing': 'polaris', 'cpuRequestsMissing': 'polaris'}",
install127_48.yaml,Deployment,31,4,4,8,78.63,25.0,0,75,422,77,10000,137.41,3621.84,263.94,3885.78,True,True,12,4,97.69,100.0,"{'Require_Multiple_Replicas': 'kyverno', 'kubernetes_primary_supplementary_gid': 'trivy', 'use_high_gid': 'trivy', 'use_high_uid': 'trivy', 'memoryLimitsMissing': 'polaris', 'memoryRequestsMissing': 'polaris', 'cpuLimitsMissing': 'polaris', 'cpuRequestsMissing': 'polaris'}",
install127_49.yaml,StatefulSet,31,3,4,7,81.62,35.5,0,66,424,75,1440,110.26,2125.45,204.1,2329.55,True,True,10,2,97.68,100.0,"{'kubernetes_primary_supplementary_gid': 'trivy', 'use_high_gid': 'trivy', 'use_high_uid': 'trivy', 'memoryLimitsMissing': 'polaris', 'memoryRequestsMissing': 'polaris', 'cpuLimitsMissing': 'polaris', 'cpuRequestsMissing': 'polaris'}",
install128_43.yaml,Deployment,31,4,5,9,74.36,10.0,0,53,422,77,6336,110.49,1476.97,162.93,1639.9,True,True,13,5,95.73,100.0,"{'Require_Multiple_Replicas': 'kyverno', 'kubernetes_primary_supplementary_gid': 'trivy', 'use_high_gid': 'trivy', 'use_high_uid': 'trivy', 'memoryLimitsMissing': 'polaris', 'memoryRequestsMissing': 'polaris', 'tagNotSpecified': 'polaris', 'cpuLimitsMissing': 'polaris', 'cpuRequestsMissing': 'polaris'}",
install128_47.yaml,Deployment,31,4,5,9,74.36,10.0,0,97,422,77,10000,107.32,3075.45,242.21,3317.66,True,True,19,12,95.22,100.0,"{'Require_Multiple_Replicas': 'kyverno', 'kubernetes_primary_supplementary_gid': 'trivy', 'use_high_gid': 'trivy', 'use_high_uid': 'trivy', 'memoryLimitsMissing': 'polaris', 'memoryRequestsMissing': 'polaris', 'tagNotSpecified': 'polaris', 'cpuLimitsMissing': 'polaris', 'cpuRequestsMissing': 'polaris'}",
install128_48.yaml,Deployment,31,4,5,9,74.36,10.0,0,75,422,77,10000,116.62,3495.94,266.11,3762.05,True,True,13,5,97.41,100.0,"{'Require_Multiple_Replicas': 'kyverno', 'kubernetes_primary_supplementary_gid': 'trivy', 'use_high_gid': 'trivy', 'use_high_uid': 'trivy', 'memoryLimitsMissing': 'polaris', 'memoryRequestsMissing': 'polaris', 'tagNotSpecified': 'polaris', 'cpuLimitsMissing': 'polaris', 'cpuRequestsMissing': 'polaris'}",
install128_49.yaml,StatefulSet,31,3,5,8,77.35,20.5,0,66,424,75,1440,103.16,2126.9,196.84,2323.74,True,True,11,3,97.3,100.0,"{'kubernetes_primary_supplementary_gid': 'trivy', 'use_high_gid': 'trivy', 'use_high_uid': 'trivy', 'memoryLimitsMissing': 'polaris', 'memoryRequestsMissing': 'polaris', 'tagNotSpecified': 'polaris', 'cpuLimitsMissing': 'polaris', 'cpuRequestsMissing': 'polaris'}",
install131_45.yaml,Deployment,31,4,4,8,78.63,25.0,0,53,422,77,6336,123.07,1482.17,163.55,1645.72,True,True,12,4,96.21,100.0,"{'Require_Multiple_Replicas': 'kyverno', 'kubernetes_primary_supplementary_gid': 'trivy', 'use_high_gid': 'trivy', 'use_high_uid': 'trivy', 'memoryLimitsMissing': 'polaris', 'memoryRequestsMissing': 'polaris', 'cpuLimitsMissing': 'polaris', 'cpuRequestsMissing': 'polaris'}",
install131_49.yaml,Deployment,31,4,4,8,78.63,25.0,0,96,422,77,10000,112.99,3365.52,253.55,3619.07,True,True,17,10,95.98,100.0,"{'Require_Multiple_Replicas': 'kyverno', 'kubernetes_primary_supplementary_gid': 'trivy', 'use_high_gid': 'trivy', 'use_high_uid': 'trivy', 'memoryLimitsMissing': 'polaris', 'memoryRequestsMissing': 'polaris', 'cpuLimitsMissing': 'polaris', 'cpuRequestsMissing': 'polaris'}",
install131_50.yaml,Deployment,31,4,4,8,78.63,25.0,0,74,422,77,10000,106.34,3682.17,269.02,3951.19,True,True,12,4,97.73,100.0,"{'Require_Multiple_Replicas': 'kyverno', 'kubernetes_primary_supplementary_gid': 'trivy', 'use_high_gid': 'trivy', 'use_high_uid': 'trivy', 'memoryLimitsMissing': 'polaris', 'memoryRequestsMissing': 'polaris', 'cpuLimitsMissing': 'polaris', 'cpuRequestsMissing': 'polaris'}",
install131_51.yaml,StatefulSet,31,3,4,7,81.62,35.5,0,69,424,75,1536,103.99,2331.92,620.24,2952.16,True,True,10,2,97.78,100.0,"{'kubernetes_primary_supplementary_gid': 'trivy', 'use_high_gid': 'trivy', 'use_high_uid': 'trivy', 'memoryLimitsMissing': 'polaris', 'memoryRequestsMissing': 'polaris', 'cpuLimitsMissing': 'polaris', 'cpuRequestsMissing': 'polaris'}",
install133_43.yaml,Deployment,31,4,4,8,78.63,25.0,0,53,422,77,6336,107.76,1461.87,162.96,1624.83,True,True,12,4,96.21,100.0,"{'Require_Multiple_Replicas': 'kyverno', 'kubernetes_primary_supplementary_gid': 'trivy', 'use_high_gid': 'trivy', 'use_high_uid': 'trivy', 'memoryLimitsMissing': 'polaris', 'memoryRequestsMissing': 'polaris', 'cpuLimitsMissing': 'polaris', 'cpuRequestsMissing': 'polaris'}",
install133_47.yaml,Deployment,31,4,4,8,78.63,25.0,0,97,422,77,10000,119.8,2973.73,238.27,3212.0,True,True,17,10,95.68,100.0,"{'Require_Multiple_Replicas': 'kyverno', 'kubernetes_primary_supplementary_gid': 'trivy', 'use_high_gid': 'trivy', 'use_high_uid': 'trivy', 'memoryLimitsMissing': 'polaris', 'memoryRequestsMissing': 'polaris', 'cpuLimitsMissing': 'polaris', 'cpuRequestsMissing': 'polaris'}",
install133_48.yaml,Deployment,31,4,4,8,78.63,25.0,0,75,422,77,10000,108.79,3573.71,263.29,3837.0,True,True,12,4,97.69,100.0,"{'Require_Multiple_Replicas': 'kyverno', 'kubernetes_primary_supplementary_gid': 'trivy', 'use_high_gid': 'trivy', 'use_high_uid': 'trivy', 'memoryLimitsMissing': 'polaris', 'memoryRequestsMissing': 'polaris', 'cpuLimitsMissing': 'polaris', 'cpuRequestsMissing': 'polaris'}",
install133_49.yaml,StatefulSet,31,3,4,7,81.62,35.5,0,66,424,75,1440,100.13,2167.95,198.83,2366.78,True,True,10,2,97.68,100.0,"{'kubernetes_primary_supplementary_gid': 'trivy', 'use_high_gid': 'trivy', 'use_high_uid': 'trivy', 'memoryLimitsMissing': 'polaris', 'memoryRequestsMissing': 'polaris', 'cpuLimitsMissing': 'polaris', 'cpuRequestsMissing': 'polaris'}",
install138_43.yaml,Deployment,31,4,5,9,74.36,10.0,0,53,422,77,6336,120.27,1486.4,163.94,1650.34,True,True,13,5,95.73,100.0,"{'Require_Multiple_Replicas': 'kyverno', 'kubernetes_primary_supplementary_gid': 'trivy', 'use_high_gid': 'trivy', 'use_high_uid': 'trivy', 'memoryLimitsMissing': 'polaris', 'memoryRequestsMissing': 'polaris', 'tagNotSpecified': 'polaris', 'cpuLimitsMissing': 'polaris', 'cpuRequestsMissing': 'polaris'}",
install138_47.yaml,Deployment,31,4,5,9,74.36,10.0,0,97,422,77,10000,121.64,3064.95,239.56,3304.51,True,True,19,12,95.13,100.0,"{'Require_Multiple_Replicas': 'kyverno', 'kubernetes_primary_supplementary_gid': 'trivy', 'use_high_gid': 'trivy', 'use_high_uid': 'trivy', 'memoryLimitsMissing': 'polaris', 'memoryRequestsMissing': 'polaris', 'tagNotSpecified': 'polaris', 'cpuLimitsMissing': 'polaris', 'cpuRequestsMissing': 'polaris'}",
install138_48.yaml,Deployment,31,4,5,9,74.36,10.0,0,75,422,77,10000,113.1,3579.07,264.99,3844.06,True,True,13,5,97.41,100.0,"{'Require_Multiple_Replicas': 'kyverno', 'kubernetes_primary_supplementary_gid': 'trivy', 'use_high_gid': 'trivy', 'use_high_uid': 'trivy', 'memoryLimitsMissing': 'polaris', 'memoryRequestsMissing': 'polaris', 'tagNotSpecified': 'polaris', 'cpuLimitsMissing': 'polaris', 'cpuRequestsMissing': 'polaris'}",
install138_49.yaml,StatefulSet,31,3,5,8,77.35,20.5,0,66,424,75,1440,97.71,2137.38,197.91,2335.29,True,True,11,3,97.3,100.0,"{'kubernetes_primary_supplementary_gid': 'trivy', 'use_high_gid': 'trivy', 'use_high_uid': 'trivy', 'memoryLimitsMissing': 'polaris', 'memoryRequestsMissing': 'polaris', 'tagNotSpecified': 'polaris', 'cpuLimitsMissing': 'polaris', 'cpuRequestsMissing': 'polaris'}",
install13_41.yaml,Deployment,31,4,5,9,74.36,10.0,0,53,422,77,6336,110.55,1473.09,162.22,1635.31,True,True,13,5,95.73,100.0,"{'Require_Multiple_Replicas': 'kyverno', 'kubernetes_primary_supplementary_gid': 'trivy', 'use_high_gid': 'trivy', 'use_high_uid': 'trivy', 'memoryLimitsMissing': 'polaris', 'memoryRequestsMissing': 'polaris', 'tagNotSpecified': 'polaris', 'cpuLimitsMissing': 'polaris', 'cpuRequestsMissing': 'polaris'}",
install13_45.yaml,Deployment,31,4,5,9,74.36,10.0,0,97,422,77,10000,116.09,2992.22,234.48,3226.7,True,True,19,12,95.04,100.0,"{'Require_Multiple_Replicas': 'kyverno', 'kubernetes_primary_supplementary_gid': 'trivy', 'use_high_gid': 'trivy', 'use_high_uid': 'trivy', 'memoryLimitsMissing': 'polaris', 'memoryRequestsMissing': 'polaris', 'tagNotSpecified': 'polaris', 'cpuLimitsMissing': 'polaris', 'cpuRequestsMissing': 'polaris'}",
install13_46.yaml,Deployment,31,4,5,9,74.36,10.0,0,75,422,77,10000,112.45,3441.39,668.46,4109.85,True,True,13,5,97.36,100.0,"{'Require_Multiple_Replicas': 'kyverno', 'kubernetes_primary_supplementary_gid': 'trivy', 'use_high_gid': 'trivy', 'use_high_uid': 'trivy', 'memoryLimitsMissing': 'polaris', 'memoryRequestsMissing': 'polaris', 'tagNotSpecified': 'polaris', 'cpuLimitsMissing': 'polaris', 'cpuRequestsMissing': 'polaris'}",
install13_47.yaml,StatefulSet,31,3,5,8,77.35,20.5,0,66,424,75,1392,101.87,2083.72,192.25,2275.97,True,True,11,3,97.23,100.0,"{'kubernetes_primary_supplementary_gid': 'trivy', 'use_high_gid': 'trivy', 'use_high_uid': 'trivy', 'memoryLimitsMissing': 'polaris', 'memoryRequestsMissing': 'polaris', 'tagNotSpecified': 'polaris', 'cpuLimitsMissing': 'polaris', 'cpuRequestsMissing': 'polaris'}",
install145_45.yaml,Deployment,31,4,4,8,78.63,25.0,0,55,422,77,7200,123.14,1697.26,177.74,1875.0,True,True,12,4,96.54,100.0,"{'Require_Multiple_Replicas': 'kyverno', 'kubernetes_primary_supplementary_gid': 'trivy', 'use_high_gid': 'trivy', 'use_high_uid': 'trivy', 'memoryLimitsMissing': 'polaris', 'memoryRequestsMissing': 'polaris', 'cpuLimitsMissing': 'polaris', 'cpuRequestsMissing': 'polaris'}",
install145_49.yaml,Deployment,31,4,4,8,78.63,25.0,0,98,422,77,10000,115.81,3440.44,261.78,3702.22,True,True,17,10,96.07,100.0,"{'Require_Multiple_Replicas': 'kyverno', 'kubernetes_primary_supplementary_gid': 'trivy', 'use_high_gid': 'trivy', 'use_high_uid': 'trivy', 'memoryLimitsMissing': 'polaris', 'memoryRequestsMissing': 'polaris', 'cpuLimitsMissing': 'polaris', 'cpuRequestsMissing': 'polaris'}",
install145_50.yaml,Deployment,31,4,4,8,78.63,25.0,0,76,422,77,10000,108.49,4603.22,311.33,4914.55,True,True,12,4,97.99,100.0,"{'Require_Multiple_Replicas': 'kyverno', 'kubernetes_primary_supplementary_gid': 'trivy', 'use_high_gid': 'trivy', 'use_high_uid': 'trivy', 'memoryLimitsMissing': 'polaris', 'memoryRequestsMissing': 'polaris', 'cpuLimitsMissing': 'polaris', 'cpuRequestsMissing': 'polaris'}",
install145_51.yaml,StatefulSet,31,3,4,7,81.62,35.5,0,71,424,75,5760,111.71,3347.64,253.11,3600.75,True,True,11,4,97.72,100.0,"{'kubernetes_primary_supplementary_gid': 'trivy', 'use_high_gid': 'trivy', 'use_high_uid': 'trivy', 'memoryLimitsMissing': 'polaris', 'memoryRequestsMissing': 'polaris', 'cpuLimitsMissing': 'polaris', 'cpuRequestsMissing': 'polaris'}",
install14_41.yaml,Deployment,31,4,4,8,78.63,25.0,0,53,422,77,6048,113.82,1414.61,159.43,1574.04,True,True,12,4,96.1,100.0,"{'Require_Multiple_Replicas': 'kyverno', 'kubernetes_primary_supplementary_gid': 'trivy', 'use_high_gid': 'trivy', 'use_high_uid': 'trivy', 'memoryLimitsMissing': 'polaris', 'memoryRequestsMissing': 'polaris', 'cpuLimitsMissing': 'polaris', 'cpuRequestsMissing': 'polaris'}",
install14_45.yaml,Deployment,31,4,4,8,78.63,25.0,0,97,422,77,10000,111.1,2614.64,217.24,2831.88,True,True,17,10,95.32,100.0,"{'Require_Multiple_Replicas': 'kyverno', 'kubernetes_primary_supplementary_gid': 'trivy', 'use_high_gid': 'trivy', 'use_high_uid': 'trivy', 'memoryLimitsMissing': 'polaris', 'memoryRequestsMissing': 'polaris', 'cpuLimitsMissing': 'polaris', 'cpuRequestsMissing': 'polaris'}",
install14_46.yaml,Deployment,31,4,4,8,78.63,25.0,0,75,422,77,10000,166.59,3079.91,245.28,3325.19,True,True,12,4,97.48,100.0,"{'Require_Multiple_Replicas': 'kyverno', 'kubernetes_primary_supplementary_gid': 'trivy', 'use_high_gid': 'trivy', 'use_high_uid': 'trivy', 'memoryLimitsMissing': 'polaris', 'memoryRequestsMissing': 'polaris', 'cpuLimitsMissing': 'polaris', 'cpuRequestsMissing': 'polaris'}",
install14_47.yaml,StatefulSet,31,3,4,7,81.62,35.5,0,66,424,75,1104,98.68,1594.57,167.29,1761.86,True,True,10,2,97.24,100.0,"{'kubernetes_primary_supplementary_gid': 'trivy', 'use_high_gid': 'trivy', 'use_high_uid': 'trivy', 'memoryLimitsMissing': 'polaris', 'memoryRequestsMissing': 'polaris', 'cpuLimitsMissing': 'polaris', 'cpuRequestsMissing': 'polaris'}",
install17_33.yaml,Deployment,31,4,4,8,78.63,25.0,0,53,422,77,6048,123.63,1408.31,159.2,1567.51,True,True,12,4,96.1,100.0,"{'Require_Multiple_Replicas': 'kyverno', 'kubernetes_primary_supplementary_gid': 'trivy', 'use_high_gid': 'trivy', 'use_high_uid': 'trivy', 'memoryLimitsMissing': 'polaris', 'memoryRequestsMissing': 'polaris', 'cpuLimitsMissing': 'polaris', 'cpuRequestsMissing': 'polaris'}",
install17_36.yaml,Deployment,31,4,4,8,78.63,25.0,0,97,422,77,10000,119.04,2645.42,640.97,3286.39,True,True,17,10,95.32,100.0,"{'Require_Multiple_Replicas': 'kyverno', 'kubernetes_primary_supplementary_gid': 'trivy', 'use_high_gid': 'trivy', 'use_high_uid': 'trivy', 'memoryLimitsMissing': 'polaris', 'memoryRequestsMissing': 'polaris', 'cpuLimitsMissing': 'polaris', 'cpuRequestsMissing': 'polaris'}",
install17_37.yaml,Deployment,31,4,4,8,78.63,25.0,0,75,422,77,10000,111.33,2535.59,222.57,2758.16,True,True,12,4,97.22,100.0,"{'Require_Multiple_Replicas': 'kyverno', 'kubernetes_primary_supplementary_gid': 'trivy', 'use_high_gid': 'trivy', 'use_high_uid': 'trivy', 'memoryLimitsMissing': 'polaris', 'memoryRequestsMissing': 'polaris', 'cpuLimitsMissing': 'polaris', 'cpuRequestsMissing': 'polaris'}",
install17_38.yaml,StatefulSet,31,3,4,7,81.62,35.5,0,66,424,75,1104,100.93,1577.82,166.7,1744.52,True,True,10,2,97.24,100.0,"{'kubernetes_primary_supplementary_gid': 'trivy', 'use_high_gid': 'trivy', 'use_high_uid': 'trivy', 'memoryLimitsMissing': 'polaris', 'memoryRequestsMissing': 'polaris', 'cpuLimitsMissing': 'polaris', 'cpuRequestsMissing': 'polaris'}",
install1_33.yaml,Deployment,31,4,4,8,78.63,25.0,0,53,422,77,6048,117.4,1398.76,158.96,1557.72,True,True,12,4,96.1,100.0,"{'Require_Multiple_Replicas': 'kyverno', 'kubernetes_primary_supplementary_gid': 'trivy', 'use_high_gid': 'trivy', 'use_high_uid': 'trivy', 'memoryLimitsMissing': 'polaris', 'memoryRequestsMissing': 'polaris', 'cpuLimitsMissing': 'polaris', 'cpuRequestsMissing': 'polaris'}",
install1_36.yaml,Deployment,31,4,4,8,78.63,25.0,0,97,422,77,10000,107.31,2557.31,217.9,2775.21,True,True,17,10,95.32,100.0,"{'Require_Multiple_Replicas': 'kyverno', 'kubernetes_primary_supplementary_gid': 'trivy', 'use_high_gid': 'trivy', 'use_high_uid': 'trivy', 'memoryLimitsMissing': 'polaris', 'memoryRequestsMissing': 'polaris', 'cpuLimitsMissing': 'polaris', 'cpuRequestsMissing': 'polaris'}",
install1_37.yaml,Deployment,31,4,4,8,78.63,25.0,0,75,422,77,10000,108.27,2562.07,255.21,2817.28,True,True,12,4,97.22,100.0,"{'Require_Multiple_Replicas': 'kyverno', 'kubernetes_primary_supplementary_gid': 'trivy', 'use_high_gid': 'trivy', 'use_high_uid': 'trivy', 'memoryLimitsMissing': 'polaris', 'memoryRequestsMissing': 'polaris', 'cpuLimitsMissing': 'polaris', 'cpuRequestsMissing': 'polaris'}",
install1_38.yaml,StatefulSet,31,3,4,7,81.62,35.5,0,66,424,75,1104,100.88,1590.49,165.7,1756.19,True,True,10,2,97.24,100.0,"{'kubernetes_primary_supplementary_gid': 'trivy', 'use_high_gid': 'trivy', 'use_high_uid': 'trivy', 'memoryLimitsMissing': 'polaris', 'memoryRequestsMissing': 'polaris', 'cpuLimitsMissing': 'polaris', 'cpuRequestsMissing': 'polaris'}",
install29_41.yaml,Deployment,31,4,5,9,74.36,10.0,0,53,422,77,6336,112.7,1486.17,161.5,1647.67,True,True,13,5,95.73,100.0,"{'Require_Multiple_Replicas': 'kyverno', 'kubernetes_primary_supplementary_gid': 'trivy', 'use_high_gid': 'trivy', 'use_high_uid': 'trivy', 'memoryLimitsMissing': 'polaris', 'memoryRequestsMissing': 'polaris', 'tagNotSpecified': 'polaris', 'cpuLimitsMissing': 'polaris', 'cpuRequestsMissing': 'polaris'}",
install29_45.yaml,Deployment,31,4,5,9,74.36,10.0,0,97,422,77,10000,111.16,2911.96,235.18,3147.14,True,True,19,12,95.04,100.0,"{'Require_Multiple_Replicas': 'kyverno', 'kubernetes_primary_supplementary_gid': 'trivy', 'use_high_gid': 'trivy', 'use_high_uid': 'trivy', 'memoryLimitsMissing': 'polaris', 'memoryRequestsMissing': 'polaris', 'tagNotSpecified': 'polaris', 'cpuLimitsMissing': 'polaris', 'cpuRequestsMissing': 'polaris'}",
install29_46.yaml,Deployment,31,4,5,9,74.36,10.0,0,75,422,77,10000,111.24,3470.39,260.87,3731.26,True,True,13,5,97.36,100.0,"{'Require_Multiple_Replicas': 'kyverno', 'kubernetes_primary_supplementary_gid': 'trivy', 'use_high_gid': 'trivy', 'use_high_uid': 'trivy', 'memoryLimitsMissing': 'polaris', 'memoryRequestsMissing': 'polaris', 'tagNotSpecified': 'polaris', 'cpuLimitsMissing': 'polaris', 'cpuRequestsMissing': 'polaris'}",
install29_47.yaml,StatefulSet,31,3,5,8,77.35,20.5,0,66,424,75,1392,102.07,2068.94,205.0,2273.94,True,True,11,3,97.23,100.0,"{'kubernetes_primary_supplementary_gid': 'trivy', 'use_high_gid': 'trivy', 'use_high_uid': 'trivy', 'memoryLimitsMissing': 'polaris', 'memoryRequestsMissing': 'polaris', 'tagNotSpecified': 'polaris', 'cpuLimitsMissing': 'polaris', 'cpuRequestsMissing': 'polaris'}",
install30_41.yaml,Deployment,31,4,4,8,78.63,25.0,0,53,422,77,6048,113.18,1414.12,159.2,1573.32,True,True,12,4,96.1,100.0,"{'Require_Multiple_Replicas': 'kyverno', 'kubernetes_primary_supplementary_gid': 'trivy', 'use_high_gid': 'trivy', 'use_high_uid': 'trivy', 'memoryLimitsMissing': 'polaris', 'memoryRequestsMissing': 'polaris', 'cpuLimitsMissing': 'polaris', 'cpuRequestsMissing': 'polaris'}",
install30_45.yaml,Deployment,31,4,4,8,78.63,25.0,0,97,422,77,10000,107.67,2603.51,217.78,2821.29,True,True,17,10,95.32,100.0,"{'Require_Multiple_Replicas': 'kyverno', 'kubernetes_primary_supplementary_gid': 'trivy', 'use_high_gid': 'trivy', 'use_high_uid': 'trivy', 'memoryLimitsMissing': 'polaris', 'memoryRequestsMissing': 'polaris', 'cpuLimitsMissing': 'polaris', 'cpuRequestsMissing': 'polaris'}",
install30_46.yaml,Deployment,31,4,4,8,78.63,25.0,0,75,422,77,10000,109.7,3065.12,239.38,3304.5,True,True,12,4,97.48,100.0,"{'Require_Multiple_Replicas': 'kyverno', 'kubernetes_primary_supplementary_gid': 'trivy', 'use_high_gid': 'trivy', 'use_high_uid': 'trivy', 'memoryLimitsMissing': 'polaris', 'memoryRequestsMissing': 'polaris', 'cpuLimitsMissing': 'polaris', 'cpuRequestsMissing': 'polaris'}",
install30_47.yaml,StatefulSet,31,3,4,7,81.62,35.5,0,66,424,75,1104,113.49,1593.5,167.83,1761.33,True,True,10,2,97.24,100.0,"{'kubernetes_primary_supplementary_gid': 'trivy', 'use_high_gid': 'trivy', 'use_high_uid': 'trivy', 'memoryLimitsMissing': 'polaris', 'memoryRequestsMissing': 'polaris', 'cpuLimitsMissing': 'polaris', 'cpuRequestsMissing': 'polaris'}",
install33_41.yaml,Deployment,31,4,4,8,78.63,25.0,0,53,422,77,6048,117.87,1416.04,159.0,1575.04,True,True,12,4,96.1,100.0,"{'Require_Multiple_Replicas': 'kyverno', 'kubernetes_primary_supplementary_gid': 'trivy', 'use_high_gid': 'trivy', 'use_high_uid': 'trivy', 'memoryLimitsMissing': 'polaris', 'memoryRequestsMissing': 'polaris', 'cpuLimitsMissing': 'polaris', 'cpuRequestsMissing': 'polaris'}",
install33_45.yaml,Deployment,31,4,4,8,78.63,25.0,0,97,422,77,10000,108.72,2613.04,214.51,2827.55,True,True,17,10,95.32,100.0,"{'Require_Multiple_Replicas': 'kyverno', 'kubernetes_primary_supplementary_gid': 'trivy', 'use_high_gid': 'trivy', 'use_high_uid': 'trivy', 'memoryLimitsMissing': 'polaris', 'memoryRequestsMissing': 'polaris', 'cpuLimitsMissing': 'polaris', 'cpuRequestsMissing': 'polaris'}",
install33_46.yaml,Deployment,31,4,4,8,78.63,25.0,0,75,422,77,10000,102.05,3085.31,242.4,3327.71,True,True,12,4,97.5,100.0,"{'Require_Multiple_Replicas': 'kyverno', 'kubernetes_primary_supplementary_gid': 'trivy', 'use_high_gid': 'trivy', 'use_high_uid': 'trivy', 'memoryLimitsMissing': 'polaris', 'memoryRequestsMissing': 'polaris', 'cpuLimitsMissing': 'polaris', 'cpuRequestsMissing': 'polaris'}",
install33_47.yaml,StatefulSet,31,3,4,7,81.62,35.5,0,66,424,75,1104,106.63,1590.24,166.02,1756.26,True,True,10,2,97.24,100.0,"{'kubernetes_primary_supplementary_gid': 'trivy', 'use_high_gid': 'trivy', 'use_high_uid': 'trivy', 'memoryLimitsMissing': 'polaris', 'memoryRequestsMissing': 'polaris', 'cpuLimitsMissing': 'polaris', 'cpuRequestsMissing': 'polaris'}",
install34_41.yaml,Deployment,31,4,4,8,78.63,25.0,0,53,422,77,6048,121.05,1435.25,159.68,1594.93,True,True,12,4,96.1,100.0,"{'Require_Multiple_Replicas': 'kyverno', 'kubernetes_primary_supplementary_gid': 'trivy', 'use_high_gid': 'trivy', 'use_high_uid': 'trivy', 'memoryLimitsMissing': 'polaris', 'memoryRequestsMissing': 'polaris', 'cpuLimitsMissing': 'polaris', 'cpuRequestsMissing': 'polaris'}",
install34_45.yaml,Deployment,31,4,4,8,78.63,25.0,0,97,422,77,10000,111.69,2535.33,215.0,2750.33,True,True,17,10,95.32,100.0,"{'Require_Multiple_Replicas': 'kyverno', 'kubernetes_primary_supplementary_gid': 'trivy', 'use_high_gid': 'trivy', 'use_high_uid': 'trivy', 'memoryLimitsMissing': 'polaris', 'memoryRequestsMissing': 'polaris', 'cpuLimitsMissing': 'polaris', 'cpuRequestsMissing': 'polaris'}",
install34_46.yaml,Deployment,31,4,4,8,78.63,25.0,0,75,422,77,10000,114.3,3105.49,242.6,3348.09,True,True,12,4,97.5,100.0,"{'Require_Multiple_Replicas': 'kyverno', 'kubernetes_primary_supplementary_gid': 'trivy', 'use_high_gid': 'trivy', 'use_high_uid': 'trivy', 'memoryLimitsMissing': 'polaris', 'memoryRequestsMissing': 'polaris', 'cpuLimitsMissing': 'polaris', 'cpuRequestsMissing': 'polaris'}",
install34_47.yaml,StatefulSet,31,3,4,7,81.62,35.5,0,66,424,75,1104,100.61,1584.75,167.79,1752.54,True,True,10,2,97.24,100.0,"{'kubernetes_primary_supplementary_gid': 'trivy', 'use_high_gid': 'trivy', 'use_high_uid': 'trivy', 'memoryLimitsMissing': 'polaris', 'memoryRequestsMissing': 'polaris', 'cpuLimitsMissing': 'polaris', 'cpuRequestsMissing': 'polaris'}",
install36_41.yaml,Deployment,31,4,4,8,78.63,25.0,0,53,422,77,6048,108.84,1405.86,157.25,1563.11,True,True,12,4,96.1,100.0,"{'Require_Multiple_Replicas': 'kyverno', 'kubernetes_primary_supplementary_gid': 'trivy', 'use_high_gid': 'trivy', 'use_high_uid': 'trivy', 'memoryLimitsMissing': 'polaris', 'memoryRequestsMissing': 'polaris', 'cpuLimitsMissing': 'polaris', 'cpuRequestsMissing': 'polaris'}",
install36_45.yaml,Deployment,31,4,4,8,78.63,25.0,0,97,422,77,10000,108.91,2528.87,214.22,2743.09,True,True,17,10,95.32,100.0,"{'Require_Multiple_Replicas': 'kyverno', 'kubernetes_primary_supplementary_gid': 'trivy', 'use_high_gid': 'trivy', 'use_high_uid': 'trivy', 'memoryLimitsMissing': 'polaris', 'memoryRequestsMissing': 'polaris', 'cpuLimitsMissing': 'polaris', 'cpuRequestsMissing': 'polaris'}",
install36_46.yaml,Deployment,31,4,4,8,78.63,25.0,0,75,422,77,10000,114.44,3061.27,242.0,3303.27,True,True,12,4,97.49,100.0,"{'Require_Multiple_Replicas': 'kyverno', 'kubernetes_primary_supplementary_gid': 'trivy', 'use_high_gid': 'trivy', 'use_high_uid': 'trivy', 'memoryLimitsMissing': 'polaris', 'memoryRequestsMissing': 'polaris', 'cpuLimitsMissing': 'polaris', 'cpuRequestsMissing': 'polaris'}",
install36_47.yaml,StatefulSet,31,3,4,7,81.62,35.5,0,66,424,75,1104,105.59,1610.33,167.69,1778.02,True,True,10,2,97.24,100.0,"{'kubernetes_primary_supplementary_gid': 'trivy', 'use_high_gid': 'trivy', 'use_high_uid': 'trivy', 'memoryLimitsMissing': 'polaris', 'memoryRequestsMissing': 'polaris', 'cpuLimitsMissing': 'polaris', 'cpuRequestsMissing': 'polaris'}",
install37_41.yaml,Deployment,31,4,4,8,78.63,25.0,0,53,422,77,6048,114.54,1411.68,159.08,1570.76,True,True,12,4,96.1,100.0,"{'Require_Multiple_Replicas': 'kyverno', 'kubernetes_primary_supplementary_gid': 'trivy', 'use_high_gid': 'trivy', 'use_high_uid': 'trivy', 'memoryLimitsMissing': 'polaris', 'memoryRequestsMissing': 'polaris', 'cpuLimitsMissing': 'polaris', 'cpuRequestsMissing': 'polaris'}",
install37_45.yaml,Deployment,31,4,4,8,78.63,25.0,0,97,422,77,10000,108.79,2531.27,219.34,2750.61,True,True,17,10,95.32,100.0,"{'Require_Multiple_Replicas': 'kyverno', 'kubernetes_primary_supplementary_gid': 'trivy', 'use_high_gid': 'trivy', 'use_high_uid': 'trivy', 'memoryLimitsMissing': 'polaris', 'memoryRequestsMissing': 'polaris', 'cpuLimitsMissing': 'polaris', 'cpuRequestsMissing': 'polaris'}",
install37_46.yaml,Deployment,31,4,4,8,78.63,25.0,0,75,422,77,10000,133.59,3033.89,244.46,3278.35,True,True,12,4,97.48,100.0,"{'Require_Multiple_Replicas': 'kyverno', 'kubernetes_primary_supplementary_gid': 'trivy', 'use_high_gid': 'trivy', 'use_high_uid': 'trivy', 'memoryLimitsMissing': 'polaris', 'memoryRequestsMissing': 'polaris', 'cpuLimitsMissing': 'polaris', 'cpuRequestsMissing': 'polaris'}",
install37_47.yaml,StatefulSet,31,3,4,7,81.62,35.5,0,66,424,75,1104,102.4,1568.49,164.54,1733.03,True,True,10,2,97.24,100.0,"{'kubernetes_primary_supplementary_gid': 'trivy', 'use_high_gid': 'trivy', 'use_high_uid': 'trivy', 'memoryLimitsMissing': 'polaris', 'memoryRequestsMissing': 'polaris', 'cpuLimitsMissing': 'polaris', 'cpuRequestsMissing': 'polaris'}",
install39_41.yaml,Deployment,31,4,4,8,78.63,25.0,0,53,422,77,6048,116.89,1393.46,159.17,1552.63,True,True,12,4,96.1,100.0,"{'Require_Multiple_Replicas': 'kyverno', 'kubernetes_primary_supplementary_gid': 'trivy', 'use_high_gid': 'trivy', 'use_high_uid': 'trivy', 'memoryLimitsMissing': 'polaris', 'memoryRequestsMissing': 'polaris', 'cpuLimitsMissing': 'polaris', 'cpuRequestsMissing': 'polaris'}",
install39_45.yaml,Deployment,31,4,4,8,78.63,25.0,0,97,422,77,10000,112.24,2565.46,219.44,2784.9,True,True,17,10,95.32,100.0,"{'Require_Multiple_Replicas': 'kyverno', 'kubernetes_primary_supplementary_gid': 'trivy', 'use_high_gid': 'trivy', 'use_high_uid': 'trivy', 'memoryLimitsMissing': 'polaris', 'memoryRequestsMissing': 'polaris', 'cpuLimitsMissing': 'polaris', 'cpuRequestsMissing': 'polaris'}",
install39_46.yaml,Deployment,31,4,4,8,78.63,25.0,0,75,422,77,10000,113.16,3050.07,244.82,3294.89,True,True,12,4,97.49,100.0,"{'Require_Multiple_Replicas': 'kyverno', 'kubernetes_primary_supplementary_gid': 'trivy', 'use_high_gid': 'trivy', 'use_high_uid': 'trivy', 'memoryLimitsMissing': 'polaris', 'memoryRequestsMissing': 'polaris', 'cpuLimitsMissing': 'polaris', 'cpuRequestsMissing': 'polaris'}",
install39_47.yaml,StatefulSet,31,3,4,7,81.62,35.5,0,66,424,75,1104,100.9,1597.79,164.83,1762.62,True,True,10,2,97.24,100.0,"{'kubernetes_primary_supplementary_gid': 'trivy', 'use_high_gid': 'trivy', 'use_high_uid': 'trivy', 'memoryLimitsMissing': 'polaris', 'memoryRequestsMissing': 'polaris', 'cpuLimitsMissing': 'polaris', 'cpuRequestsMissing': 'polaris'}",
install51_41.yaml,Deployment,31,4,4,8,78.63,25.0,0,53,422,77,6048,117.64,1396.0,158.11,1554.11,True,True,12,4,96.1,100.0,"{'Require_Multiple_Replicas': 'kyverno', 'kubernetes_primary_supplementary_gid': 'trivy', 'use_high_gid': 'trivy', 'use_high_uid': 'trivy', 'memoryLimitsMissing': 'polaris', 'memoryRequestsMissing': 'polaris', 'cpuLimitsMissing': 'polaris', 'cpuRequestsMissing': 'polaris'}",
install51_45.yaml,Deployment,31,4,4,8,78.63,25.0,0,97,422,77,10000,111.31,2576.13,628.41,3204.54,True,True,17,10,95.32,100.0,"{'Require_Multiple_Replicas': 'kyverno', 'kubernetes_primary_supplementary_gid': 'trivy', 'use_high_gid': 'trivy', 'use_high_uid': 'trivy', 'memoryLimitsMissing': 'polaris', 'memoryRequestsMissing': 'polaris', 'cpuLimitsMissing': 'polaris', 'cpuRequestsMissing': 'polaris'}",
install51_46.yaml,Deployment,31,4,4,8,78.63,25.0,0,75,422,77,10000,115.04,3072.16,242.1,3314.26,True,True,12,4,97.48,100.0,"{'Require_Multiple_Replicas': 'kyverno', 'kubernetes_primary_supplementary_gid': 'trivy', 'use_high_gid': 'trivy', 'use_high_uid': 'trivy', 'memoryLimitsMissing': 'polaris', 'memoryRequestsMissing': 'polaris', 'cpuLimitsMissing': 'polaris', 'cpuRequestsMissing': 'polaris'}",
install51_47.yaml,StatefulSet,31,3,4,7,81.62,35.5,0,66,424,75,1104,101.46,1584.85,165.09,1749.94,True,True,10,2,97.24,100.0,"{'kubernetes_primary_supplementary_gid': 'trivy', 'use_high_gid': 'trivy', 'use_high_uid': 'trivy', 'memoryLimitsMissing': 'polaris', 'memoryRequestsMissing': 'polaris', 'cpuLimitsMissing': 'polaris', 'cpuRequestsMissing': 'polaris'}",
install53_45.yaml,Deployment,31,4,4,8,78.63,25.0,0,53,422,77,6624,111.82,1547.09,169.35,1716.44,True,True,12,4,96.31,100.0,"{'Require_Multiple_Replicas': 'kyverno', 'kubernetes_primary_supplementary_gid': 'trivy', 'use_high_gid': 'trivy', 'use_high_uid': 'trivy', 'memoryLimitsMissing': 'polaris', 'memoryRequestsMissing': 'polaris', 'cpuLimitsMissing': 'polaris', 'cpuRequestsMissing': 'polaris'}",
install53_49.yaml,Deployment,31,4,4,8,78.63,25.0,0,96,422,77,10000,113.18,3292.4,251.22,3543.62,True,True,17,10,95.98,100.0,"{'Require_Multiple_Replicas': 'kyverno', 'kubernetes_primary_supplementary_gid': 'trivy', 'use_high_gid': 'trivy', 'use_high_uid': 'trivy', 'memoryLimitsMissing': 'polaris', 'memoryRequestsMissing': 'polaris', 'cpuLimitsMissing': 'polaris', 'cpuRequestsMissing': 'polaris'}",
install53_50.yaml,Deployment,31,4,4,8,78.63,25.0,0,74,422,77,10000,110.81,4427.48,297.3,4724.78,True,True,12,4,97.95,100.0,"{'Require_Multiple_Replicas': 'kyverno', 'kubernetes_primary_supplementary_gid': 'trivy', 'use_high_gid': 'trivy', 'use_high_uid': 'trivy', 'memoryLimitsMissing': 'polaris', 'memoryRequestsMissing': 'polaris', 'cpuLimitsMissing': 'polaris', 'cpuRequestsMissing': 'polaris'}",
install53_51.yaml,StatefulSet,31,3,4,7,81.62,35.5,0,69,424,75,3150,101.09,2757.37,227.48,2984.85,True,True,10,2,97.98,100.0,"{'kubernetes_primary_supplementary_gid': 'trivy', 'use_high_gid': 'trivy', 'use_high_uid': 'trivy', 'memoryLimitsMissing': 'polaris', 'memoryRequestsMissing': 'polaris', 'cpuLimitsMissing': 'polaris', 'cpuRequestsMissing': 'polaris'}",
job-expected-scan.yaml,Unknown,SCHEMA_ERROR,,,,,,0,0,0,0,0.0,0.0,0.0,748.88,,,,0,0.0,0.0,,"C:\Users\CAOSD\projects\tool-security-rules\..\scriptJsonToUvl\yamls_agrupation\small\job-expected-scan.yaml - Job scan-vulnerabilityreport-5664bcd7b8 is invalid: problem validating schema. Check JSON formatting: jsonschema validation failed with 'https://raw.githubusercontent.com/yannh/kubernetes-json-schema/master/master-standalone-strict/job-batch-v1.json#' - at '/spec/template/spec/containers/0/volumeMounts': validation failed   - at '/spec/template/spec/containers/0/volumeMounts/0': additional properties 'readonly' not allowed   - at '/spec/template/spec/containers/0/volumeMounts/1': additional properties 'readonly' not allowed - at '/spec/template/spec/initContainers/0/volumeMounts/0': additional properties 'readonly' not allowed | Summary: 1 resource found in 1 file - Valid: 0, Invalid: 1, Errors: 0, Skipped: 0"
kiada-ssl.kiada-test2-namespace1_2.yaml,Secret,4,0,0,0,100.0,100.0,0,8,14,0,2,38.7,53.53,0.0,0.0,True,True,0,0,100.0,100.0,{},
kiada-ssl.kiada-test2-namespace_2.yaml,Secret,4,0,0,0,100.0,100.0,0,8,14,0,2,35.06,48.78,0.0,0.0,True,True,0,0,100.0,100.0,{},
kiada-ssl1_2.yaml,Secret,4,0,0,0,100.0,100.0,0,7,14,0,2,34.85,48.49,0.0,0.0,True,True,0,0,100.0,100.0,{},
kiada-ssl_2.yaml,Secret,4,0,0,0,100.0,100.0,0,7,14,0,2,31.19,44.88,0.0,0.0,True,True,0,0,100.0,100.0,{},
kiada-stable-and-canary1_5.yaml,Secret,4,0,0,0,100.0,100.0,0,10,14,0,2,34.13,47.83,0.0,0.0,True,True,0,0,100.0,100.0,{},
kiada-stable-and-canary_5.yaml,Secret,4,0,0,0,100.0,100.0,0,10,14,0,2,31.68,45.32,0.0,0.0,True,True,0,0,100.0,100.0,{},
KIADA1_2.yaml,Secret,4,0,0,0,100.0,100.0,0,7,14,0,2,35.07,48.92,0.0,0.0,True,True,0,0,100.0,100.0,{},
KIADA_2.yaml,Secret,4,0,0,0,100.0,100.0,0,7,14,0,2,35.95,49.71,0.0,0.0,True,True,0,0,100.0,100.0,{},
kratos_deployment.yaml,Deployment,31,4,4,8,76.5,17.5,0,101,422,77,10000,109.96,1408.11,150.7,1558.81,True,True,22,14,91.86,100.0,"{'Require_Multiple_Replicas': 'kyverno', 'kubernetes_primary_supplementary_gid': 'trivy', 'use_high_gid': 'trivy', 'kubernetes_use_readonly_filesystem': 'trivy', 'memoryLimitsMissing': 'polaris', 'memoryRequestsMissing': 'polaris', 'cpuLimitsMissing': 'polaris', 'cpuRequestsMissing': 'polaris'}",
kratos_deployment1.yaml,Deployment,31,4,4,8,76.5,17.5,0,101,422,77,10000,109.81,1388.09,140.92,1529.01,True,True,22,14,91.86,100.0,"{'Require_Multiple_Replicas': 'kyverno', 'kubernetes_primary_supplementary_gid': 'trivy', 'use_high_gid': 'trivy', 'kubernetes_use_readonly_filesystem': 'trivy', 'memoryLimitsMissing': 'polaris', 'memoryRequestsMissing': 'polaris', 'cpuLimitsMissing': 'polaris', 'cpuRequestsMissing': 'polaris'}",
kraven-org-production-tls.sops.yaml,Unknown,SCHEMA_ERROR,,,,,,0,0,0,0,0.0,0.0,0.0,123.6,,,,0,0.0,0.0,,"C:\Users\CAOSD\projects\tool-security-rules\..\scriptJsonToUvl\yamls_agrupation\small\kraven-org-production-tls.sops.yaml - Secret kraven-org-production-tls is invalid: problem validating schema. Check JSON formatting: jsonschema validation failed with 'https://raw.githubusercontent.com/yannh/kubernetes-json-schema/master/master-standalone-strict/secret-v1.json#' - at '': additional properties 'sops' not allowed | Summary: 1 resource found in 1 file - Valid: 0, Invalid: 1, Errors: 0, Skipped: 0"
kraven-org-staging-tls.sops.yaml,Unknown,SCHEMA_ERROR,,,,,,0,0,0,0,0.0,0.0,0.0,112.0,,,,0,0.0,0.0,,"C:\Users\CAOSD\projects\tool-security-rules\..\scriptJsonToUvl\yamls_agrupation\small\kraven-org-staging-tls.sops.yaml - Secret kraven-org-staging-tls is invalid: problem validating schema. Check JSON formatting: jsonschema validation failed with 'https://raw.githubusercontent.com/yannh/kubernetes-json-schema/master/master-standalone-strict/secret-v1.json#' - at '': additional properties 'sops' not allowed | Summary: 1 resource found in 1 file - Valid: 0, Invalid: 1, Errors: 0, Skipped: 0"
kube-apiserver-minikube.yaml,Pod,61,17,5,22,67.27,0.0,0,130,481,204,10000,746.32,2263.45,121.35,2384.8,True,True,22,25,87.53,100.0,"{'Restrict_node_selection': 'kyverno', 'no_root': 'trivy', 'kubernetes_primary_supplementary_gid': 'trivy', 'kubernetes_drop_default_capabilities': 'trivy', 'Disallow_Host_Namespaces': 'kyverno', 'no_mounted_hostpath': 'trivy', 'use_high_gid': 'trivy', 'Require_Run_As_Non_Root_User': 'kyverno', 'kubernetes_use_readonly_filesystem': 'trivy', 'Require_Read_Only_Root_Filesystem': 'kyverno', 'Disallow_hostPath': 'kyverno', 'kubernetes_drop_unused_capabilities': 'trivy', 'Check_supplementalGroups': 'kyverno', 'Require_imagePullPolicy_Always': 'kyverno', 'Require_Non_Root_Groups': 'kyverno', 'use_high_uid': 'trivy', 'Validate_User_ID_Group_ID_and_FS_Group': 'kyverno', 'memoryLimitsMissing': 'polaris', 'Require_Images_Use_Checksums': 'kyverno', 'memoryRequestsMissing': 'polaris', 'cpuLimitsMissing': 'polaris', 'Restrict_Image_Registries': 'kyverno'}",
kube-gateway-ambient-redirect_2.yaml,Deployment,31,4,4,8,78.63,25.0,0,87,422,86,10000,115.64,1481.39,141.56,1622.95,True,True,15,11,93.4,100.0,"{'kubernetes_default_namespace_should_not_be_used': 'trivy', 'Require_Multiple_Replicas': 'kyverno', 'use_high_gid': 'trivy', 'use_high_uid': 'trivy', 'memoryLimitsMissing': 'polaris', 'memoryRequestsMissing': 'polaris', 'cpuLimitsMissing': 'polaris', 'cpuRequestsMissing': 'polaris'}",
kubeconfig-unit.yaml,Unknown,SCHEMA_ERROR,,,,,,0,0,0,0,0.0,0.0,0.0,280.0,,,,0,0.0,0.0,,"C:\Users\CAOSD\projects\tool-security-rules\..\scriptJsonToUvl\yamls_agrupation\small\kubeconfig-unit.yaml - failed validation: could not find schema for Config | Summary: 1 resource found in 1 file - Valid: 0, Invalid: 0, Errors: 1, Skipped: 0"
lgtm1_29.yaml,Deployment,31,8,4,12,66.24,0.0,0,61,422,146,10000,144.85,1558.71,163.15,1721.86,True,True,36,6,90.0,100.0,"{'kubernetes_default_namespace_should_not_be_used': 'trivy', 'Require_Multiple_Replicas': 'kyverno', 'no_root': 'trivy', 'kubernetes_primary_supplementary_gid': 'trivy', 'use_high_gid': 'trivy', 'kubernetes_use_readonly_filesystem': 'trivy', 'no_auto_mount_service_token': 'trivy', 'use_high_uid': 'trivy', 'memoryLimitsMissing': 'polaris', 'memoryRequestsMissing': 'polaris', 'cpuLimitsMissing': 'polaris', 'cpuRequestsMissing': 'polaris'}",
linkerd-edge-20.10.11_59.yaml,Deployment,31,9,4,13,64.1,0.0,0,87,422,195,10000,202.37,1715.04,158.22,1873.26,True,True,34,11,90.68,100.0,"{'Require_Multiple_Replicas': 'kyverno', 'no_root': 'trivy', 'kubernetes_primary_supplementary_gid': 'trivy', 'kubernetes_drop_default_capabilities': 'trivy', 'use_high_gid': 'trivy', 'kubernetes_use_readonly_filesystem': 'trivy', 'kubernetes_drop_unused_capabilities': 'trivy', 'use_high_uid': 'trivy', 'kubernetes_no_non_default_capabilities': 'trivy', 'memoryLimitsMissing': 'polaris', 'memoryRequestsMissing': 'polaris', 'cpuLimitsMissing': 'polaris', 'cpuRequestsMissing': 'polaris'}",
linkerd-edge-20.10.11_62.yaml,Deployment,31,9,4,13,64.1,0.0,0,87,422,195,10000,150.16,1603.66,156.35,1760.01,True,True,34,11,90.61,100.0,"{'Require_Multiple_Replicas': 'kyverno', 'no_root': 'trivy', 'kubernetes_primary_supplementary_gid': 'trivy', 'kubernetes_drop_default_capabilities': 'trivy', 'use_high_gid': 'trivy', 'kubernetes_use_readonly_filesystem': 'trivy', 'kubernetes_drop_unused_capabilities': 'trivy', 'use_high_uid': 'trivy', 'kubernetes_no_non_default_capabilities': 'trivy', 'memoryLimitsMissing': 'polaris', 'memoryRequestsMissing': 'polaris', 'cpuLimitsMissing': 'polaris', 'cpuRequestsMissing': 'polaris'}",
linkerd-edge-20.10.11_66.yaml,Deployment,31,9,4,13,64.1,0.0,0,87,422,195,10000,152.38,1614.9,156.83,1771.73,True,True,34,11,90.64,100.0,"{'Require_Multiple_Replicas': 'kyverno', 'no_root': 'trivy', 'kubernetes_primary_supplementary_gid': 'trivy', 'kubernetes_drop_default_capabilities': 'trivy', 'use_high_gid': 'trivy', 'kubernetes_use_readonly_filesystem': 'trivy', 'kubernetes_drop_unused_capabilities': 'trivy', 'use_high_uid': 'trivy', 'kubernetes_no_non_default_capabilities': 'trivy', 'memoryLimitsMissing': 'polaris', 'memoryRequestsMissing': 'polaris', 'cpuLimitsMissing': 'polaris', 'cpuRequestsMissing': 'polaris'}",
linkerd-edge-20.10.11_71.yaml,Deployment,31,9,4,13,64.1,0.0,0,87,422,195,10000,153.52,1605.23,154.38,1759.61,True,True,34,11,90.61,100.0,"{'Require_Multiple_Replicas': 'kyverno', 'no_root': 'trivy', 'kubernetes_primary_supplementary_gid': 'trivy', 'kubernetes_drop_default_capabilities': 'trivy', 'use_high_gid': 'trivy', 'kubernetes_use_readonly_filesystem': 'trivy', 'kubernetes_drop_unused_capabilities': 'trivy', 'use_high_uid': 'trivy', 'kubernetes_no_non_default_capabilities': 'trivy', 'memoryLimitsMissing': 'polaris', 'memoryRequestsMissing': 'polaris', 'cpuLimitsMissing': 'polaris', 'cpuRequestsMissing': 'polaris'}",
linkerd-edge-20.10.11_73.yaml,Deployment,31,9,4,13,64.1,0.0,0,87,422,195,10000,156.97,1629.31,160.1,1789.41,True,True,34,11,90.64,100.0,"{'Require_Multiple_Replicas': 'kyverno', 'no_root': 'trivy', 'kubernetes_primary_supplementary_gid': 'trivy', 'kubernetes_drop_default_capabilities': 'trivy', 'use_high_gid': 'trivy', 'kubernetes_use_readonly_filesystem': 'trivy', 'kubernetes_drop_unused_capabilities': 'trivy', 'use_high_uid': 'trivy', 'kubernetes_no_non_default_capabilities': 'trivy', 'memoryLimitsMissing': 'polaris', 'memoryRequestsMissing': 'polaris', 'cpuLimitsMissing': 'polaris', 'cpuRequestsMissing': 'polaris'}",
linkerd-edge-20.10.11_77.yaml,Deployment,31,9,4,13,64.1,0.0,0,88,422,195,10000,154.57,1586.85,156.15,1743.0,True,True,34,11,90.45,100.0,"{'Require_Multiple_Replicas': 'kyverno', 'no_root': 'trivy', 'kubernetes_primary_supplementary_gid': 'trivy', 'kubernetes_drop_default_capabilities': 'trivy', 'use_high_gid': 'trivy', 'kubernetes_use_readonly_filesystem': 'trivy', 'kubernetes_drop_unused_capabilities': 'trivy', 'use_high_uid': 'trivy', 'kubernetes_no_non_default_capabilities': 'trivy', 'memoryLimitsMissing': 'polaris', 'memoryRequestsMissing': 'polaris', 'cpuLimitsMissing': 'polaris', 'cpuRequestsMissing': 'polaris'}",
linkerd-edge-20.10.11_80.yaml,Deployment,31,9,4,13,64.1,0.0,0,88,422,195,10000,165.94,1718.79,162.6,1881.39,True,True,34,11,90.84,100.0,"{'Require_Multiple_Replicas': 'kyverno', 'no_root': 'trivy', 'kubernetes_primary_supplementary_gid': 'trivy', 'kubernetes_drop_default_capabilities': 'trivy', 'use_high_gid': 'trivy', 'kubernetes_use_readonly_filesystem': 'trivy', 'kubernetes_drop_unused_capabilities': 'trivy', 'use_high_uid': 'trivy', 'kubernetes_no_non_default_capabilities': 'trivy', 'memoryLimitsMissing': 'polaris', 'memoryRequestsMissing': 'polaris', 'cpuLimitsMissing': 'polaris', 'cpuRequestsMissing': 'polaris'}",
linkerd-edge-20.10.11_88.yaml,Deployment,31,9,4,13,64.1,0.0,0,85,422,195,10000,158.33,1735.15,177.47,1912.62,True,True,35,13,90.28,100.0,"{'Require_Multiple_Replicas': 'kyverno', 'no_root': 'trivy', 'kubernetes_primary_supplementary_gid': 'trivy', 'kubernetes_drop_default_capabilities': 'trivy', 'use_high_gid': 'trivy', 'kubernetes_use_readonly_filesystem': 'trivy', 'kubernetes_drop_unused_capabilities': 'trivy', 'use_high_uid': 'trivy', 'kubernetes_no_non_default_capabilities': 'trivy', 'memoryLimitsMissing': 'polaris', 'memoryRequestsMissing': 'polaris', 'cpuLimitsMissing': 'polaris', 'cpuRequestsMissing': 'polaris'}",
linkerd-edge-20.10.11_96.yaml,Deployment,31,9,4,13,64.1,0.0,0,93,422,195,10000,159.91,1791.35,162.57,1953.92,True,True,33,13,90.76,100.0,"{'Require_Multiple_Replicas': 'kyverno', 'no_root': 'trivy', 'kubernetes_primary_supplementary_gid': 'trivy', 'kubernetes_drop_default_capabilities': 'trivy', 'use_high_gid': 'trivy', 'kubernetes_use_readonly_filesystem': 'trivy', 'kubernetes_drop_unused_capabilities': 'trivy', 'use_high_uid': 'trivy', 'kubernetes_no_non_default_capabilities': 'trivy', 'memoryLimitsMissing': 'polaris', 'memoryRequestsMissing': 'polaris', 'cpuLimitsMissing': 'polaris', 'cpuRequestsMissing': 'polaris'}",
linkerd-edge-20.10.1_59.yaml,Deployment,31,9,4,13,64.1,0.0,0,87,422,195,10000,152.67,1660.36,158.97,1819.33,True,True,34,11,90.68,100.0,"{'Require_Multiple_Replicas': 'kyverno', 'no_root': 'trivy', 'kubernetes_primary_supplementary_gid': 'trivy', 'kubernetes_drop_default_capabilities': 'trivy', 'use_high_gid': 'trivy', 'kubernetes_use_readonly_filesystem': 'trivy', 'kubernetes_drop_unused_capabilities': 'trivy', 'use_high_uid': 'trivy', 'kubernetes_no_non_default_capabilities': 'trivy', 'memoryLimitsMissing': 'polaris', 'memoryRequestsMissing': 'polaris', 'cpuLimitsMissing': 'polaris', 'cpuRequestsMissing': 'polaris'}",
linkerd-edge-20.10.1_62.yaml,Deployment,31,9,4,13,64.1,0.0,0,87,422,195,10000,150.69,1618.48,156.5,1774.98,True,True,34,11,90.61,100.0,"{'Require_Multiple_Replicas': 'kyverno', 'no_root': 'trivy', 'kubernetes_primary_supplementary_gid': 'trivy', 'kubernetes_drop_default_capabilities': 'trivy', 'use_high_gid': 'trivy', 'kubernetes_use_readonly_filesystem': 'trivy', 'kubernetes_drop_unused_capabilities': 'trivy', 'use_high_uid': 'trivy', 'kubernetes_no_non_default_capabilities': 'trivy', 'memoryLimitsMissing': 'polaris', 'memoryRequestsMissing': 'polaris', 'cpuLimitsMissing': 'polaris', 'cpuRequestsMissing': 'polaris'}",
linkerd-edge-20.10.1_66.yaml,Deployment,31,9,4,13,64.1,0.0,0,87,422,195,10000,146.09,1621.79,155.83,1777.62,True,True,34,11,90.64,100.0,"{'Require_Multiple_Replicas': 'kyverno', 'no_root': 'trivy', 'kubernetes_primary_supplementary_gid': 'trivy', 'kubernetes_drop_default_capabilities': 'trivy', 'use_high_gid': 'trivy', 'kubernetes_use_readonly_filesystem': 'trivy', 'kubernetes_drop_unused_capabilities': 'trivy', 'use_high_uid': 'trivy', 'kubernetes_no_non_default_capabilities': 'trivy', 'memoryLimitsMissing': 'polaris', 'memoryRequestsMissing': 'polaris', 'cpuLimitsMissing': 'polaris', 'cpuRequestsMissing': 'polaris'}",
linkerd-edge-20.10.1_71.yaml,Deployment,31,9,4,13,64.1,0.0,0,87,422,195,10000,148.62,1618.08,154.57,1772.65,True,True,34,11,90.61,100.0,"{'Require_Multiple_Replicas': 'kyverno', 'no_root': 'trivy', 'kubernetes_primary_supplementary_gid': 'trivy', 'kubernetes_drop_default_capabilities': 'trivy', 'use_high_gid': 'trivy', 'kubernetes_use_readonly_filesystem': 'trivy', 'kubernetes_drop_unused_capabilities': 'trivy', 'use_high_uid': 'trivy', 'kubernetes_no_non_default_capabilities': 'trivy', 'memoryLimitsMissing': 'polaris', 'memoryRequestsMissing': 'polaris', 'cpuLimitsMissing': 'polaris', 'cpuRequestsMissing': 'polaris'}",
linkerd-edge-20.10.1_73.yaml,Deployment,31,9,4,13,64.1,0.0,0,87,422,195,10000,149.13,1652.7,157.98,1810.68,True,True,34,11,90.64,100.0,"{'Require_Multiple_Replicas': 'kyverno', 'no_root': 'trivy', 'kubernetes_primary_supplementary_gid': 'trivy', 'kubernetes_drop_default_capabilities': 'trivy', 'use_high_gid': 'trivy', 'kubernetes_use_readonly_filesystem': 'trivy', 'kubernetes_drop_unused_capabilities': 'trivy', 'use_high_uid': 'trivy', 'kubernetes_no_non_default_capabilities': 'trivy', 'memoryLimitsMissing': 'polaris', 'memoryRequestsMissing': 'polaris', 'cpuLimitsMissing': 'polaris', 'cpuRequestsMissing': 'polaris'}",
linkerd-edge-20.10.1_77.yaml,Deployment,31,9,4,13,64.1,0.0,0,88,422,195,10000,158.59,1587.27,153.69,1740.96,True,True,34,11,90.45,100.0,"{'Require_Multiple_Replicas': 'kyverno', 'no_root': 'trivy', 'kubernetes_primary_supplementary_gid': 'trivy', 'kubernetes_drop_default_capabilities': 'trivy', 'use_high_gid': 'trivy', 'kubernetes_use_readonly_filesystem': 'trivy', 'kubernetes_drop_unused_capabilities': 'trivy', 'use_high_uid': 'trivy', 'kubernetes_no_non_default_capabilities': 'trivy', 'memoryLimitsMissing': 'polaris', 'memoryRequestsMissing': 'polaris', 'cpuLimitsMissing': 'polaris', 'cpuRequestsMissing': 'polaris'}",
linkerd-edge-20.10.1_80.yaml,Deployment,31,9,4,13,64.1,0.0,0,88,422,195,10000,153.03,1695.03,163.43,1858.46,True,True,34,11,90.84,100.0,"{'Require_Multiple_Replicas': 'kyverno', 'no_root': 'trivy', 'kubernetes_primary_supplementary_gid': 'trivy', 'kubernetes_drop_default_capabilities': 'trivy', 'use_high_gid': 'trivy', 'kubernetes_use_readonly_filesystem': 'trivy', 'kubernetes_drop_unused_capabilities': 'trivy', 'use_high_uid': 'trivy', 'kubernetes_no_non_default_capabilities': 'trivy', 'memoryLimitsMissing': 'polaris', 'memoryRequestsMissing': 'polaris', 'cpuLimitsMissing': 'polaris', 'cpuRequestsMissing': 'polaris'}",
linkerd-edge-20.10.1_88.yaml,Deployment,31,9,4,13,64.1,0.0,0,85,422,195,10000,149.06,1754.07,163.04,1917.11,True,True,35,13,90.28,100.0,"{'Require_Multiple_Replicas': 'kyverno', 'no_root': 'trivy', 'kubernetes_primary_supplementary_gid': 'trivy', 'kubernetes_drop_default_capabilities': 'trivy', 'use_high_gid': 'trivy', 'kubernetes_use_readonly_filesystem': 'trivy', 'kubernetes_drop_unused_capabilities': 'trivy', 'use_high_uid': 'trivy', 'kubernetes_no_non_default_capabilities': 'trivy', 'memoryLimitsMissing': 'polaris', 'memoryRequestsMissing': 'polaris', 'cpuLimitsMissing': 'polaris', 'cpuRequestsMissing': 'polaris'}",
linkerd-edge-20.10.1_96.yaml,Deployment,31,9,4,13,64.1,0.0,0,93,422,195,10000,152.45,1800.39,162.17,1962.56,True,True,33,13,90.76,100.0,"{'Require_Multiple_Replicas': 'kyverno', 'no_root': 'trivy', 'kubernetes_primary_supplementary_gid': 'trivy', 'kubernetes_drop_default_capabilities': 'trivy', 'use_high_gid': 'trivy', 'kubernetes_use_readonly_filesystem': 'trivy', 'kubernetes_drop_unused_capabilities': 'trivy', 'use_high_uid': 'trivy', 'kubernetes_no_non_default_capabilities': 'trivy', 'memoryLimitsMissing': 'polaris', 'memoryRequestsMissing': 'polaris', 'cpuLimitsMissing': 'polaris', 'cpuRequestsMissing': 'polaris'}",
local-storage7.yaml,DaemonSet,31,10,4,14,60.68,0.0,0,76,423,203,10000,172.2,1467.16,125.68,1592.84,True,True,34,44,79.37,100.0,"{'kubernetes_default_namespace_should_not_be_used': 'trivy', 'no_root': 'trivy', 'kubernetes_primary_supplementary_gid': 'trivy', 'kubernetes_drop_default_capabilities': 'trivy', 'no_mounted_hostpath': 'trivy', 'use_high_gid': 'trivy', 'kubernetes_use_readonly_filesystem': 'trivy', 'kubernetes_drop_unused_capabilities': 'trivy', 'use_high_uid': 'trivy', 'no_host_pid': 'trivy', 'memoryLimitsMissing': 'polaris', 'memoryRequestsMissing': 'polaris', 'cpuLimitsMissing': 'polaris', 'cpuRequestsMissing': 'polaris'}",
mainnet.expect_5.yaml,StatefulSet,31,7,4,11,70.09,0.0,0,78,424,176,6072,289.06,2042.56,192.99,2235.55,True,True,72,34,81.14,0.0,"{'no_root': 'trivy', 'kubernetes_primary_supplementary_gid': 'trivy', 'kubernetes_drop_default_capabilities': 'trivy', 'use_high_gid': 'trivy', 'kubernetes_use_readonly_filesystem': 'trivy', 'kubernetes_drop_unused_capabilities': 'trivy', 'use_high_uid': 'trivy', 'memoryLimitsMissing': 'polaris', 'memoryRequestsMissing': 'polaris', 'cpuLimitsMissing': 'polaris', 'cpuRequestsMissing': 'polaris'}",
mainnet2.expect_6.yaml,StatefulSet,31,7,4,11,70.09,0.0,0,78,424,176,10000,132.67,2691.58,232.51,2924.09,True,True,87,34,81.91,0.0,"{'no_root': 'trivy', 'kubernetes_primary_supplementary_gid': 'trivy', 'kubernetes_drop_default_capabilities': 'trivy', 'use_high_gid': 'trivy', 'kubernetes_use_readonly_filesystem': 'trivy', 'kubernetes_drop_unused_capabilities': 'trivy', 'use_high_uid': 'trivy', 'memoryLimitsMissing': 'polaris', 'memoryRequestsMissing': 'polaris', 'cpuLimitsMissing': 'polaris', 'cpuRequestsMissing': 'polaris'}",
mainnet2.expect_7.yaml,StatefulSet,31,7,4,11,70.09,0.0,0,97,424,176,10000,250.17,3113.43,242.2,3355.63,True,True,84,36,82.81,0.0,"{'no_root': 'trivy', 'kubernetes_primary_supplementary_gid': 'trivy', 'kubernetes_drop_default_capabilities': 'trivy', 'use_high_gid': 'trivy', 'kubernetes_use_readonly_filesystem': 'trivy', 'kubernetes_drop_unused_capabilities': 'trivy', 'use_high_uid': 'trivy', 'memoryLimitsMissing': 'polaris', 'memoryRequestsMissing': 'polaris', 'cpuLimitsMissing': 'polaris', 'cpuRequestsMissing': 'polaris'}",
manifest222_10.yaml,DaemonSet,31,14,5,19,39.74,0.0,0,56,423,294,10000,230.81,1358.6,128.43,1487.03,True,True,72,58,66.15,100.0,"{'no_root': 'trivy', 'kubernetes_primary_supplementary_gid': 'trivy', 'kubernetes_drop_default_capabilities': 'trivy', 'no_mounted_hostpath': 'trivy', 'use_high_gid': 'trivy', 'kubernetes_use_readonly_filesystem': 'trivy', 'no_privileged_containers': 'trivy', 'kubernetes_drop_unused_capabilities': 'trivy', 'no_host_network': 'trivy', 'no_sysadmin_capability': 'trivy', 'no_shared_ipc_namespace': 'trivy', 'kubernetes_no_self_privesc': 'trivy', 'use_high_uid': 'trivy', 'kubernetes_no_non_default_capabilities': 'trivy', 'memoryLimitsMissing': 'polaris', 'memoryRequestsMissing': 'polaris', 'tagNotSpecified': 'polaris', 'cpuLimitsMissing': 'polaris', 'cpuRequestsMissing': 'polaris'}",
manifest367_62.yaml,StatefulSet,31,3,0,3,93.59,77.5,0,109,424,84,10000,137.06,1680.42,125.31,1805.73,True,True,6,14,94.57,100.0,"{'kubernetes_default_namespace_should_not_be_used': 'trivy', 'use_high_gid': 'trivy', 'use_high_uid': 'trivy'}",
manifest367_63.yaml,StatefulSet,31,4,0,4,90.6,67.0,0,144,424,93,10000,391.07,1795.75,129.16,1924.91,True,True,6,12,95.16,100.0,"{'kubernetes_default_namespace_should_not_be_used': 'trivy', 'use_high_gid': 'trivy', 'no_auto_mount_service_token': 'trivy', 'use_high_uid': 'trivy'}",
manifest367_64.yaml,StatefulSet,31,3,0,3,93.59,77.5,0,152,424,84,10000,255.7,2141.86,139.71,2281.57,True,True,9,22,92.67,100.0,"{'kubernetes_default_namespace_should_not_be_used': 'trivy', 'use_high_gid': 'trivy', 'use_high_uid': 'trivy'}",
manifest367_65.yaml,StatefulSet,31,9,0,9,76.92,19.0,0,120,424,195,10000,148.71,4801.8,153.09,4954.89,True,True,15,11,93.9,100.0,"{'kubernetes_default_namespace_should_not_be_used': 'trivy', 'no_root': 'trivy', 'kubernetes_primary_supplementary_gid': 'trivy', 'kubernetes_drop_default_capabilities': 'trivy', 'use_high_gid': 'trivy', 'kubernetes_use_readonly_filesystem': 'trivy', 'kubernetes_drop_unused_capabilities': 'trivy', 'no_auto_mount_service_token': 'trivy', 'use_high_uid': 'trivy'}",
manifest367_67.yaml,StatefulSet,31,3,0,3,93.59,77.5,0,128,424,84,10000,151.36,1827.38,131.29,1958.67,True,True,3,7,97.35,100.0,"{'kubernetes_default_namespace_should_not_be_used': 'trivy', 'use_high_gid': 'trivy', 'use_high_uid': 'trivy'}",
manifest402_9.yaml,Deployment,31,8,0,8,79.06,26.5,0,65,422,178,10000,243.54,17369.53,292.72,17662.25,True,True,9,5,98.11,100.0,"{'Require_Multiple_Replicas': 'kyverno', 'no_root': 'trivy', 'kubernetes_primary_supplementary_gid': 'trivy', 'kubernetes_drop_default_capabilities': 'trivy', 'use_high_gid': 'trivy', 'kubernetes_use_readonly_filesystem': 'trivy', 'kubernetes_drop_unused_capabilities': 'trivy', 'use_high_uid': 'trivy'}",
manifest97_10.yaml,DaemonSet,31,14,5,19,39.74,0.0,0,56,423,294,10000,188.17,1313.53,130.85,1444.38,True,True,72,58,66.15,100.0,"{'no_root': 'trivy', 'kubernetes_primary_supplementary_gid': 'trivy', 'kubernetes_drop_default_capabilities': 'trivy', 'no_mounted_hostpath': 'trivy', 'use_high_gid': 'trivy', 'kubernetes_use_readonly_filesystem': 'trivy', 'no_privileged_containers': 'trivy', 'kubernetes_drop_unused_capabilities': 'trivy', 'no_host_network': 'trivy', 'no_sysadmin_capability': 'trivy', 'no_shared_ipc_namespace': 'trivy', 'kubernetes_no_self_privesc': 'trivy', 'use_high_uid': 'trivy', 'kubernetes_no_non_default_capabilities': 'trivy', 'memoryLimitsMissing': 'polaris', 'memoryRequestsMissing': 'polaris', 'tagNotSpecified': 'polaris', 'cpuLimitsMissing': 'polaris', 'cpuRequestsMissing': 'polaris'}",
manual-sa_2.yaml,Deployment,31,4,4,8,78.63,25.0,0,87,422,86,10000,109.22,1475.57,140.54,1616.11,True,True,15,11,93.4,100.0,"{'kubernetes_default_namespace_should_not_be_used': 'trivy', 'Require_Multiple_Replicas': 'kyverno', 'use_high_gid': 'trivy', 'use_high_uid': 'trivy', 'memoryLimitsMissing': 'polaris', 'memoryRequestsMissing': 'polaris', 'cpuLimitsMissing': 'polaris', 'cpuRequestsMissing': 'polaris'}",
merge-probers.yaml,Deployment,31,6,5,11,67.09,0.0,0,96,422,142,10000,231.79,2384.25,184.71,2568.96,True,True,52,19,86.56,100.0,"{'no_root': 'trivy', 'kubernetes_primary_supplementary_gid': 'trivy', 'use_high_gid': 'trivy', 'kubernetes_use_readonly_filesystem': 'trivy', 'use_high_uid': 'trivy', 'kubernetes_no_non_default_capabilities': 'trivy', 'memoryLimitsMissing': 'polaris', 'memoryRequestsMissing': 'polaris', 'tagNotSpecified': 'polaris', 'cpuLimitsMissing': 'polaris', 'cpuRequestsMissing': 'polaris'}",
meu-rabbit-mq_8.yaml,StatefulSet,31,4,0,4,90.6,67.0,0,150,424,93,10000,118.6,6630.26,171.79,6802.05,True,True,9,16,94.84,100.0,"{'kubernetes_default_namespace_should_not_be_used': 'trivy', 'use_high_gid': 'trivy', 'no_auto_mount_service_token': 'trivy', 'use_high_uid': 'trivy'}",
mongo-exported.yaml,StatefulSet,31,7,0,7,82.05,37.0,0,112,424,176,10000,392.29,2055.17,150.96,2206.13,True,True,32,12,90.91,100.0,"{'no_root': 'trivy', 'kubernetes_primary_supplementary_gid': 'trivy', 'kubernetes_drop_default_capabilities': 'trivy', 'use_high_gid': 'trivy', 'kubernetes_use_readonly_filesystem': 'trivy', 'kubernetes_drop_unused_capabilities': 'trivy', 'use_high_uid': 'trivy'}",
mongo-exported1.yaml,StatefulSet,31,7,0,7,82.05,37.0,0,112,424,176,10000,127.68,1753.32,150.94,1904.26,True,True,32,12,90.91,100.0,"{'no_root': 'trivy', 'kubernetes_primary_supplementary_gid': 'trivy', 'kubernetes_drop_default_capabilities': 'trivy', 'use_high_gid': 'trivy', 'kubernetes_use_readonly_filesystem': 'trivy', 'kubernetes_drop_unused_capabilities': 'trivy', 'use_high_uid': 'trivy'}",
multi-container-pod16.yaml,Pod,61,15,7,22,67.04,0.0,0,80,481,199,768,361.31,1282.35,134.53,1416.88,True,True,152,185,14.68,100.0,"{'Restrict_node_selection': 'kyverno', 'kubernetes_default_namespace_should_not_be_used': 'trivy', 'no_root': 'trivy', 'kubernetes_primary_supplementary_gid': 'trivy', 'kubernetes_drop_default_capabilities': 'trivy', 'use_high_gid': 'trivy', 'Require_Run_As_Non_Root_User': 'kyverno', 'kubernetes_use_readonly_filesystem': 'trivy', 'Require_Read_Only_Root_Filesystem': 'kyverno', 'kubernetes_drop_unused_capabilities': 'trivy', 'Check_supplementalGroups': 'kyverno', 'Require_Non_Root_Groups': 'kyverno', 'use_high_uid': 'trivy', 'Disallow_Default_Namespace': 'kyverno', 'Validate_User_ID_Group_ID_and_FS_Group': 'kyverno', 'memoryLimitsMissing': 'polaris', 'Require_Images_Use_Checksums': 'kyverno', 'tagNotSpecified': 'polaris', 'memoryRequestsMissing': 'polaris', 'cpuLimitsMissing': 'polaris', 'Restrict_Image_Registries': 'kyverno', 'cpuRequestsMissing': 'polaris'}",
my-tls-secret.yaml,Secret,4,0,0,0,100.0,100.0,0,7,14,0,2,55.13,72.12,0.0,0.0,True,True,0,0,100.0,100.0,{},
mysql-statefulset11.yaml,StatefulSet,31,7,2,9,76.07,16.0,0,66,424,176,1248,145.95,578.75,90.74,669.49,True,True,38,1,89.43,100.0,"{'no_root': 'trivy', 'kubernetes_primary_supplementary_gid': 'trivy', 'kubernetes_drop_default_capabilities': 'trivy', 'use_high_gid': 'trivy', 'kubernetes_use_readonly_filesystem': 'trivy', 'kubernetes_drop_unused_capabilities': 'trivy', 'use_high_uid': 'trivy', 'memoryLimitsMissing': 'polaris', 'cpuLimitsMissing': 'polaris'}",
mysql-statefulset13.yaml,StatefulSet,31,7,4,11,70.09,0.0,0,64,424,176,624,147.76,523.37,92.92,616.29,True,True,46,1,87.12,100.0,"{'no_root': 'trivy', 'kubernetes_primary_supplementary_gid': 'trivy', 'kubernetes_drop_default_capabilities': 'trivy', 'use_high_gid': 'trivy', 'kubernetes_use_readonly_filesystem': 'trivy', 'kubernetes_drop_unused_capabilities': 'trivy', 'use_high_uid': 'trivy', 'memoryLimitsMissing': 'polaris', 'memoryRequestsMissing': 'polaris', 'cpuLimitsMissing': 'polaris', 'cpuRequestsMissing': 'polaris'}",
mysql-statefulset2.yaml,StatefulSet,31,7,2,9,76.07,16.0,0,66,424,176,4992,168.34,649.2,92.99,742.19,True,True,38,1,89.54,100.0,"{'no_root': 'trivy', 'kubernetes_primary_supplementary_gid': 'trivy', 'kubernetes_drop_default_capabilities': 'trivy', 'use_high_gid': 'trivy', 'kubernetes_use_readonly_filesystem': 'trivy', 'kubernetes_drop_unused_capabilities': 'trivy', 'use_high_uid': 'trivy', 'memoryLimitsMissing': 'polaris', 'cpuLimitsMissing': 'polaris'}",
mysql-statefulset3.yaml,StatefulSet,31,7,2,9,76.07,16.0,0,66,424,176,4992,136.32,613.6,100.79,714.39,True,True,38,1,89.54,100.0,"{'no_root': 'trivy', 'kubernetes_primary_supplementary_gid': 'trivy', 'kubernetes_drop_default_capabilities': 'trivy', 'use_high_gid': 'trivy', 'kubernetes_use_readonly_filesystem': 'trivy', 'kubernetes_drop_unused_capabilities': 'trivy', 'use_high_uid': 'trivy', 'memoryLimitsMissing': 'polaris', 'cpuLimitsMissing': 'polaris'}",
mysql-statefulset4.yaml,StatefulSet,31,7,2,9,76.07,16.0,0,66,424,176,4992,142.58,616.68,91.87,708.55,True,True,38,1,89.54,100.0,"{'no_root': 'trivy', 'kubernetes_primary_supplementary_gid': 'trivy', 'kubernetes_drop_default_capabilities': 'trivy', 'use_high_gid': 'trivy', 'kubernetes_use_readonly_filesystem': 'trivy', 'kubernetes_drop_unused_capabilities': 'trivy', 'use_high_uid': 'trivy', 'memoryLimitsMissing': 'polaris', 'cpuLimitsMissing': 'polaris'}",
mysql-statefulset5.yaml,StatefulSet,31,7,2,9,76.07,16.0,0,66,424,176,4992,146.12,619.62,91.23,710.85,True,True,38,1,89.54,100.0,"{'no_root': 'trivy', 'kubernetes_primary_supplementary_gid': 'trivy', 'kubernetes_drop_default_capabilities': 'trivy', 'use_high_gid': 'trivy', 'kubernetes_use_readonly_filesystem': 'trivy', 'kubernetes_drop_unused_capabilities': 'trivy', 'use_high_uid': 'trivy', 'memoryLimitsMissing': 'polaris', 'cpuLimitsMissing': 'polaris'}",
mysql-statefulset6.yaml,StatefulSet,31,7,2,9,76.07,16.0,0,67,424,176,1248,133.61,570.26,91.12,661.38,True,True,38,1,89.54,100.0,"{'no_root': 'trivy', 'kubernetes_primary_supplementary_gid': 'trivy', 'kubernetes_drop_default_capabilities': 'trivy', 'use_high_gid': 'trivy', 'kubernetes_use_readonly_filesystem': 'trivy', 'kubernetes_drop_unused_capabilities': 'trivy', 'use_high_uid': 'trivy', 'memoryLimitsMissing': 'polaris', 'cpuLimitsMissing': 'polaris'}",
mysql-statefulset7.yaml,StatefulSet,31,7,2,9,76.07,16.0,0,67,424,176,4992,140.12,630.83,92.84,723.67,True,True,39,2,89.07,100.0,"{'no_root': 'trivy', 'kubernetes_primary_supplementary_gid': 'trivy', 'kubernetes_drop_default_capabilities': 'trivy', 'use_high_gid': 'trivy', 'kubernetes_use_readonly_filesystem': 'trivy', 'kubernetes_drop_unused_capabilities': 'trivy', 'use_high_uid': 'trivy', 'memoryLimitsMissing': 'polaris', 'cpuLimitsMissing': 'polaris'}",
mysql-statefulset9.yaml,StatefulSet,31,7,2,9,76.07,16.0,0,67,424,176,1248,135.88,570.48,91.83,662.31,True,True,38,1,89.54,100.0,"{'no_root': 'trivy', 'kubernetes_primary_supplementary_gid': 'trivy', 'kubernetes_drop_default_capabilities': 'trivy', 'use_high_gid': 'trivy', 'kubernetes_use_readonly_filesystem': 'trivy', 'kubernetes_drop_unused_capabilities': 'trivy', 'use_high_uid': 'trivy', 'memoryLimitsMissing': 'polaris', 'cpuLimitsMissing': 'polaris'}",
mysql20.yaml,StatefulSet,31,7,2,9,76.07,16.0,0,63,424,176,2976,146.67,583.21,90.24,673.45,True,True,38,1,89.26,100.0,"{'no_root': 'trivy', 'kubernetes_primary_supplementary_gid': 'trivy', 'kubernetes_drop_default_capabilities': 'trivy', 'use_high_gid': 'trivy', 'kubernetes_use_readonly_filesystem': 'trivy', 'kubernetes_drop_unused_capabilities': 'trivy', 'use_high_uid': 'trivy', 'memoryLimitsMissing': 'polaris', 'cpuLimitsMissing': 'polaris'}",
namespace-install1_36.yaml,Deployment,31,4,4,8,78.63,25.0,0,53,422,77,6624,108.2,1547.16,168.54,1715.7,True,True,12,4,96.31,100.0,"{'Require_Multiple_Replicas': 'kyverno', 'kubernetes_primary_supplementary_gid': 'trivy', 'use_high_gid': 'trivy', 'use_high_uid': 'trivy', 'memoryLimitsMissing': 'polaris', 'memoryRequestsMissing': 'polaris', 'cpuLimitsMissing': 'polaris', 'cpuRequestsMissing': 'polaris'}",
namespace-install1_40.yaml,Deployment,31,4,4,8,78.63,25.0,0,96,422,77,10000,158.92,3421.9,251.37,3673.27,True,True,17,10,95.98,100.0,"{'Require_Multiple_Replicas': 'kyverno', 'kubernetes_primary_supplementary_gid': 'trivy', 'use_high_gid': 'trivy', 'use_high_uid': 'trivy', 'memoryLimitsMissing': 'polaris', 'memoryRequestsMissing': 'polaris', 'cpuLimitsMissing': 'polaris', 'cpuRequestsMissing': 'polaris'}",
namespace-install1_41.yaml,Deployment,31,4,4,8,78.63,25.0,0,74,422,77,10000,111.03,4436.05,302.22,4738.27,True,True,12,4,97.95,100.0,"{'Require_Multiple_Replicas': 'kyverno', 'kubernetes_primary_supplementary_gid': 'trivy', 'use_high_gid': 'trivy', 'use_high_uid': 'trivy', 'memoryLimitsMissing': 'polaris', 'memoryRequestsMissing': 'polaris', 'cpuLimitsMissing': 'polaris', 'cpuRequestsMissing': 'polaris'}",
namespace-install1_42.yaml,StatefulSet,31,3,4,7,81.62,35.5,0,69,424,75,3150,101.47,2796.03,226.53,3022.56,True,True,10,2,97.98,100.0,"{'kubernetes_primary_supplementary_gid': 'trivy', 'use_high_gid': 'trivy', 'use_high_uid': 'trivy', 'memoryLimitsMissing': 'polaris', 'memoryRequestsMissing': 'polaris', 'cpuLimitsMissing': 'polaris', 'cpuRequestsMissing': 'polaris'}",
namespace-install4_34.yaml,Deployment,31,4,5,9,74.36,10.0,0,53,422,77,6336,112.02,1484.52,161.98,1646.5,True,True,13,5,95.73,100.0,"{'Require_Multiple_Replicas': 'kyverno', 'kubernetes_primary_supplementary_gid': 'trivy', 'use_high_gid': 'trivy', 'use_high_uid': 'trivy', 'memoryLimitsMissing': 'polaris', 'memoryRequestsMissing': 'polaris', 'tagNotSpecified': 'polaris', 'cpuLimitsMissing': 'polaris', 'cpuRequestsMissing': 'polaris'}",
namespace-install4_38.yaml,Deployment,31,4,5,9,74.36,10.0,0,97,422,77,10000,109.77,3041.31,238.91,3280.22,True,True,19,12,95.13,100.0,"{'Require_Multiple_Replicas': 'kyverno', 'kubernetes_primary_supplementary_gid': 'trivy', 'use_high_gid': 'trivy', 'use_high_uid': 'trivy', 'memoryLimitsMissing': 'polaris', 'memoryRequestsMissing': 'polaris', 'tagNotSpecified': 'polaris', 'cpuLimitsMissing': 'polaris', 'cpuRequestsMissing': 'polaris'}",
namespace-install4_39.yaml,Deployment,31,4,5,9,74.36,10.0,0,75,422,77,10000,109.75,3567.66,263.62,3831.28,True,True,13,5,97.41,100.0,"{'Require_Multiple_Replicas': 'kyverno', 'kubernetes_primary_supplementary_gid': 'trivy', 'use_high_gid': 'trivy', 'use_high_uid': 'trivy', 'memoryLimitsMissing': 'polaris', 'memoryRequestsMissing': 'polaris', 'tagNotSpecified': 'polaris', 'cpuLimitsMissing': 'polaris', 'cpuRequestsMissing': 'polaris'}",
namespace-install4_40.yaml,StatefulSet,31,3,5,8,77.35,20.5,0,66,424,75,1440,106.63,2164.34,196.82,2361.16,True,True,11,3,97.3,100.0,"{'kubernetes_primary_supplementary_gid': 'trivy', 'use_high_gid': 'trivy', 'use_high_uid': 'trivy', 'memoryLimitsMissing': 'polaris', 'memoryRequestsMissing': 'polaris', 'tagNotSpecified': 'polaris', 'cpuLimitsMissing': 'polaris', 'cpuRequestsMissing': 'polaris'}",
neko-deployment.yaml,Deployment,31,9,4,13,62.82,0.0,0,41,422,203,4896,146.13,3233.86,205.06,3438.92,True,True,236,225,10.14,100.0,"{'Require_Multiple_Replicas': 'kyverno', 'no_root': 'trivy', 'kubernetes_primary_supplementary_gid': 'trivy', 'kubernetes_drop_default_capabilities': 'trivy', 'use_high_gid': 'trivy', 'kubernetes_use_readonly_filesystem': 'trivy', 'no_privileged_containers': 'trivy', 'kubernetes_drop_unused_capabilities': 'trivy', 'use_high_uid': 'trivy', 'memoryLimitsMissing': 'polaris', 'memoryRequestsMissing': 'polaris', 'cpuLimitsMissing': 'polaris', 'cpuRequestsMissing': 'polaris'}",
neko-service.yaml,Service,6,1,0,1,84.44,89.5,0,21,13,2,204,551.21,1194.66,322.92,1517.58,True,True,407,409,3.32,100.0,{'Restrict_Service_Port_Range': 'kyverno'},
netbox-deployment.yaml,Deployment,31,7,0,7,82.05,37.0,0,85,422,176,10000,156.35,1524.32,143.4,1667.72,True,True,178,174,13.73,100.0,"{'no_root': 'trivy', 'kubernetes_primary_supplementary_gid': 'trivy', 'kubernetes_drop_default_capabilities': 'trivy', 'use_high_gid': 'trivy', 'kubernetes_use_readonly_filesystem': 'trivy', 'kubernetes_drop_unused_capabilities': 'trivy', 'use_high_uid': 'trivy'}",
netbox-deployment1.yaml,Deployment,31,7,0,7,82.05,37.0,0,85,422,176,10000,132.39,1497.3,144.05,1641.35,True,True,178,174,13.73,100.0,"{'no_root': 'trivy', 'kubernetes_primary_supplementary_gid': 'trivy', 'kubernetes_drop_default_capabilities': 'trivy', 'use_high_gid': 'trivy', 'kubernetes_use_readonly_filesystem': 'trivy', 'kubernetes_drop_unused_capabilities': 'trivy', 'use_high_uid': 'trivy'}",
networking.amazon-vpc-routed-eni-k8s-1.161_6.yaml,DaemonSet,31,12,3,15,55.56,0.0,0,95,423,238,10000,193.19,1960.13,152.33,2112.46,True,True,32,30,86.28,100.0,"{'no_root': 'trivy', 'kubernetes_primary_supplementary_gid': 'trivy', 'kubernetes_drop_default_capabilities': 'trivy', 'Require_aws_node_DaemonSet_use_IRSA': 'kyverno', 'no_mounted_hostpath': 'trivy', 'use_high_gid': 'trivy', 'kubernetes_use_readonly_filesystem': 'trivy', 'no_privileged_containers': 'trivy', 'kubernetes_drop_unused_capabilities': 'trivy', 'no_host_network': 'trivy', 'use_high_uid': 'trivy', 'kubernetes_no_non_default_capabilities': 'trivy', 'memoryLimitsMissing': 'polaris', 'memoryRequestsMissing': 'polaris', 'cpuLimitsMissing': 'polaris'}",
networking.amazon-vpc-routed-eni-k8s-1.16_6.yaml,DaemonSet,31,12,3,15,55.56,0.0,0,95,423,238,10000,173.98,1910.44,151.61,2062.05,True,True,32,30,86.28,100.0,"{'no_root': 'trivy', 'kubernetes_primary_supplementary_gid': 'trivy', 'kubernetes_drop_default_capabilities': 'trivy', 'Require_aws_node_DaemonSet_use_IRSA': 'kyverno', 'no_mounted_hostpath': 'trivy', 'use_high_gid': 'trivy', 'kubernetes_use_readonly_filesystem': 'trivy', 'no_privileged_containers': 'trivy', 'kubernetes_drop_unused_capabilities': 'trivy', 'no_host_network': 'trivy', 'use_high_uid': 'trivy', 'kubernetes_no_non_default_capabilities': 'trivy', 'memoryLimitsMissing': 'polaris', 'memoryRequestsMissing': 'polaris', 'cpuLimitsMissing': 'polaris'}",
nextcloud1_4.yaml,Deployment,31,8,4,12,67.09,0.0,0,91,422,178,10000,292.09,2501.28,198.65,2699.93,True,True,39,7,91.19,100.0,"{'Require_Multiple_Replicas': 'kyverno', 'no_root': 'trivy', 'kubernetes_primary_supplementary_gid': 'trivy', 'kubernetes_drop_default_capabilities': 'trivy', 'use_high_gid': 'trivy', 'kubernetes_use_readonly_filesystem': 'trivy', 'kubernetes_drop_unused_capabilities': 'trivy', 'use_high_uid': 'trivy', 'memoryLimitsMissing': 'polaris', 'memoryRequestsMissing': 'polaris', 'cpuLimitsMissing': 'polaris', 'cpuRequestsMissing': 'polaris'}",
nextcloud4_4.yaml,Deployment,31,8,4,12,67.09,0.0,0,91,422,178,10000,153.97,2366.61,203.52,2570.13,True,True,39,7,91.19,100.0,"{'Require_Multiple_Replicas': 'kyverno', 'no_root': 'trivy', 'kubernetes_primary_supplementary_gid': 'trivy', 'kubernetes_drop_default_capabilities': 'trivy', 'use_high_gid': 'trivy', 'kubernetes_use_readonly_filesystem': 'trivy', 'kubernetes_drop_unused_capabilities': 'trivy', 'use_high_uid': 'trivy', 'memoryLimitsMissing': 'polaris', 'memoryRequestsMissing': 'polaris', 'cpuLimitsMissing': 'polaris', 'cpuRequestsMissing': 'polaris'}",
node-pod.yaml,Pod,61,16,2,18,73.59,0.0,0,153,481,215,10000,477.72,3950.53,205.04,4155.57,True,True,30,23,91.86,100.0,"{'Restrict_node_selection': 'kyverno', 'no_root': 'trivy', 'kubernetes_primary_supplementary_gid': 'trivy', 'kubernetes_drop_default_capabilities': 'trivy', 'use_high_gid': 'trivy', 'Disallow_all_Secrets': 'kyverno', 'Require_Run_As_Non_Root_User': 'kyverno', 'kubernetes_use_readonly_filesystem': 'trivy', 'Require_Read_Only_Root_Filesystem': 'kyverno', 'kubernetes_drop_unused_capabilities': 'trivy', 'Check_supplementalGroups': 'kyverno', 'Require_imagePullPolicy_Always': 'kyverno', 'Require_Non_Root_Groups': 'kyverno', 'use_high_uid': 'trivy', 'kubernetes_no_non_default_capabilities': 'trivy', 'Validate_User_ID_Group_ID_and_FS_Group': 'kyverno', 'Require_Images_Use_Checksums': 'kyverno', 'Restrict_Image_Registries': 'kyverno'}",
ollama-pod.yaml,Pod,61,13,7,20,69.3,0.0,0,30,481,187,884,213.35,3275.45,283.42,3558.87,True,True,219,81,40.92,100.0,"{'no_root': 'trivy', 'kubernetes_primary_supplementary_gid': 'trivy', 'kubernetes_drop_default_capabilities': 'trivy', 'use_high_gid': 'trivy', 'Require_Run_As_Non_Root_User': 'kyverno', 'kubernetes_use_readonly_filesystem': 'trivy', 'Require_Read_Only_Root_Filesystem': 'kyverno', 'kubernetes_drop_unused_capabilities': 'trivy', 'Check_supplementalGroups': 'kyverno', 'Require_imagePullPolicy_Always': 'kyverno', 'Require_Non_Root_Groups': 'kyverno', 'use_high_uid': 'trivy', 'Validate_User_ID_Group_ID_and_FS_Group': 'kyverno', 'memoryLimitsMissing': 'polaris', 'Require_Images_Use_Checksums': 'kyverno', 'tagNotSpecified': 'polaris', 'memoryRequestsMissing': 'polaris', 'cpuLimitsMissing': 'polaris', 'Restrict_Image_Registries': 'kyverno', 'cpuRequestsMissing': 'polaris'}",
pod-expected-scan.yaml,Unknown,SCHEMA_ERROR,,,,,,0,0,0,0,0.0,0.0,0.0,423.76,,,,0,0.0,0.0,,"C:\Users\CAOSD\projects\tool-security-rules\..\scriptJsonToUvl\yamls_agrupation\small\pod-expected-scan.yaml - Job scan-vulnerabilityreport-648f669b9c is invalid: problem validating schema. Check JSON formatting: jsonschema validation failed with 'https://raw.githubusercontent.com/yannh/kubernetes-json-schema/master/master-standalone-strict/job-batch-v1.json#' - at '/spec/template/spec/containers/0/volumeMounts': validation failed   - at '/spec/template/spec/containers/0/volumeMounts/0': additional properties 'readonly' not allowed   - at '/spec/template/spec/containers/0/volumeMounts/1': additional properties 'readonly' not allowed - at '/spec/template/spec/initContainers/0/volumeMounts/0': additional properties 'readonly' not allowed | Summary: 1 resource found in 1 file - Valid: 0, Invalid: 1, Errors: 0, Skipped: 0"
pod873.yaml,Pod,61,16,2,18,73.59,0.0,0,153,481,215,10000,256.49,3778.43,204.47,3982.9,True,True,30,23,91.86,100.0,"{'Restrict_node_selection': 'kyverno', 'no_root': 'trivy', 'kubernetes_primary_supplementary_gid': 'trivy', 'kubernetes_drop_default_capabilities': 'trivy', 'use_high_gid': 'trivy', 'Disallow_all_Secrets': 'kyverno', 'Require_Run_As_Non_Root_User': 'kyverno', 'kubernetes_use_readonly_filesystem': 'trivy', 'Require_Read_Only_Root_Filesystem': 'kyverno', 'kubernetes_drop_unused_capabilities': 'trivy', 'Check_supplementalGroups': 'kyverno', 'Require_imagePullPolicy_Always': 'kyverno', 'Require_Non_Root_Groups': 'kyverno', 'use_high_uid': 'trivy', 'kubernetes_no_non_default_capabilities': 'trivy', 'Validate_User_ID_Group_ID_and_FS_Group': 'kyverno', 'Require_Images_Use_Checksums': 'kyverno', 'Restrict_Image_Registries': 'kyverno'}",
pod_baseline.yaml,Pod,61,9,6,15,77.65,0.0,0,166,481,128,10000,621.95,5479.67,295.03,5774.7,True,True,44,322,65.54,100.0,"{'Restrict_node_selection': 'kyverno', 'no_root': 'trivy', 'use_high_gid': 'trivy', 'Require_Run_As_Non_Root_User': 'kyverno', 'Check_supplementalGroups': 'kyverno', 'Require_imagePullPolicy_Always': 'kyverno', 'use_high_uid': 'trivy', 'kubernetes_no_non_default_capabilities': 'trivy', 'Validate_User_ID_Group_ID_and_FS_Group': 'kyverno', 'memoryLimitsMissing': 'polaris', 'Require_Images_Use_Checksums': 'kyverno', 'memoryRequestsMissing': 'polaris', 'cpuLimitsMissing': 'polaris', 'Restrict_Image_Registries': 'kyverno', 'cpuRequestsMissing': 'polaris'}",
pod_baseline1.yaml,Pod,61,9,6,15,77.65,0.0,0,166,481,128,10000,184.28,5053.38,467.43,5520.81,True,True,44,322,65.54,100.0,"{'Restrict_node_selection': 'kyverno', 'no_root': 'trivy', 'use_high_gid': 'trivy', 'Require_Run_As_Non_Root_User': 'kyverno', 'Check_supplementalGroups': 'kyverno', 'Require_imagePullPolicy_Always': 'kyverno', 'use_high_uid': 'trivy', 'kubernetes_no_non_default_capabilities': 'trivy', 'Validate_User_ID_Group_ID_and_FS_Group': 'kyverno', 'memoryLimitsMissing': 'polaris', 'Require_Images_Use_Checksums': 'kyverno', 'memoryRequestsMissing': 'polaris', 'cpuLimitsMissing': 'polaris', 'Restrict_Image_Registries': 'kyverno', 'cpuRequestsMissing': 'polaris'}",
pod_baseline11.yaml,Pod,61,9,6,15,77.65,0.0,0,166,481,128,10000,187.39,5047.86,292.59,5340.45,True,True,44,322,65.54,100.0,"{'Restrict_node_selection': 'kyverno', 'no_root': 'trivy', 'use_high_gid': 'trivy', 'Require_Run_As_Non_Root_User': 'kyverno', 'Check_supplementalGroups': 'kyverno', 'Require_imagePullPolicy_Always': 'kyverno', 'use_high_uid': 'trivy', 'kubernetes_no_non_default_capabilities': 'trivy', 'Validate_User_ID_Group_ID_and_FS_Group': 'kyverno', 'memoryLimitsMissing': 'polaris', 'Require_Images_Use_Checksums': 'kyverno', 'memoryRequestsMissing': 'polaris', 'cpuLimitsMissing': 'polaris', 'Restrict_Image_Registries': 'kyverno', 'cpuRequestsMissing': 'polaris'}",
pod_baseline12.yaml,Pod,61,9,6,15,77.65,0.0,0,166,481,128,10000,188.16,5093.51,289.79,5383.3,True,True,44,322,65.54,100.0,"{'Restrict_node_selection': 'kyverno', 'no_root': 'trivy', 'use_high_gid': 'trivy', 'Require_Run_As_Non_Root_User': 'kyverno', 'Check_supplementalGroups': 'kyverno', 'Require_imagePullPolicy_Always': 'kyverno', 'use_high_uid': 'trivy', 'kubernetes_no_non_default_capabilities': 'trivy', 'Validate_User_ID_Group_ID_and_FS_Group': 'kyverno', 'memoryLimitsMissing': 'polaris', 'Require_Images_Use_Checksums': 'kyverno', 'memoryRequestsMissing': 'polaris', 'cpuLimitsMissing': 'polaris', 'Restrict_Image_Registries': 'kyverno', 'cpuRequestsMissing': 'polaris'}",
pod_baseline13.yaml,Pod,61,9,6,15,77.65,0.0,0,166,481,128,10000,178.43,5053.6,289.71,5343.31,True,True,44,322,65.54,100.0,"{'Restrict_node_selection': 'kyverno', 'no_root': 'trivy', 'use_high_gid': 'trivy', 'Require_Run_As_Non_Root_User': 'kyverno', 'Check_supplementalGroups': 'kyverno', 'Require_imagePullPolicy_Always': 'kyverno', 'use_high_uid': 'trivy', 'kubernetes_no_non_default_capabilities': 'trivy', 'Validate_User_ID_Group_ID_and_FS_Group': 'kyverno', 'memoryLimitsMissing': 'polaris', 'Require_Images_Use_Checksums': 'kyverno', 'memoryRequestsMissing': 'polaris', 'cpuLimitsMissing': 'polaris', 'Restrict_Image_Registries': 'kyverno', 'cpuRequestsMissing': 'polaris'}",
pod_baseline14.yaml,Pod,61,9,6,15,77.65,0.0,0,166,481,128,10000,185.05,5105.07,293.15,5398.22,True,True,44,322,65.54,100.0,"{'Restrict_node_selection': 'kyverno', 'no_root': 'trivy', 'use_high_gid': 'trivy', 'Require_Run_As_Non_Root_User': 'kyverno', 'Check_supplementalGroups': 'kyverno', 'Require_imagePullPolicy_Always': 'kyverno', 'use_high_uid': 'trivy', 'kubernetes_no_non_default_capabilities': 'trivy', 'Validate_User_ID_Group_ID_and_FS_Group': 'kyverno', 'memoryLimitsMissing': 'polaris', 'Require_Images_Use_Checksums': 'kyverno', 'memoryRequestsMissing': 'polaris', 'cpuLimitsMissing': 'polaris', 'Restrict_Image_Registries': 'kyverno', 'cpuRequestsMissing': 'polaris'}",
pod_baseline15.yaml,Pod,61,9,6,15,77.65,0.0,0,166,481,128,10000,180.99,5067.84,291.08,5358.92,True,True,44,322,65.54,100.0,"{'Restrict_node_selection': 'kyverno', 'no_root': 'trivy', 'use_high_gid': 'trivy', 'Require_Run_As_Non_Root_User': 'kyverno', 'Check_supplementalGroups': 'kyverno', 'Require_imagePullPolicy_Always': 'kyverno', 'use_high_uid': 'trivy', 'kubernetes_no_non_default_capabilities': 'trivy', 'Validate_User_ID_Group_ID_and_FS_Group': 'kyverno', 'memoryLimitsMissing': 'polaris', 'Require_Images_Use_Checksums': 'kyverno', 'memoryRequestsMissing': 'polaris', 'cpuLimitsMissing': 'polaris', 'Restrict_Image_Registries': 'kyverno', 'cpuRequestsMissing': 'polaris'}",
pod_baseline2.yaml,Pod,61,9,6,15,77.65,0.0,0,166,481,128,10000,198.15,5078.3,288.81,5367.11,True,True,44,322,65.54,100.0,"{'Restrict_node_selection': 'kyverno', 'no_root': 'trivy', 'use_high_gid': 'trivy', 'Require_Run_As_Non_Root_User': 'kyverno', 'Check_supplementalGroups': 'kyverno', 'Require_imagePullPolicy_Always': 'kyverno', 'use_high_uid': 'trivy', 'kubernetes_no_non_default_capabilities': 'trivy', 'Validate_User_ID_Group_ID_and_FS_Group': 'kyverno', 'memoryLimitsMissing': 'polaris', 'Require_Images_Use_Checksums': 'kyverno', 'memoryRequestsMissing': 'polaris', 'cpuLimitsMissing': 'polaris', 'Restrict_Image_Registries': 'kyverno', 'cpuRequestsMissing': 'polaris'}",
pod_baseline3.yaml,Pod,61,9,6,15,77.65,0.0,0,166,481,128,10000,199.95,5115.86,293.03,5408.89,True,True,44,322,65.54,100.0,"{'Restrict_node_selection': 'kyverno', 'no_root': 'trivy', 'use_high_gid': 'trivy', 'Require_Run_As_Non_Root_User': 'kyverno', 'Check_supplementalGroups': 'kyverno', 'Require_imagePullPolicy_Always': 'kyverno', 'use_high_uid': 'trivy', 'kubernetes_no_non_default_capabilities': 'trivy', 'Validate_User_ID_Group_ID_and_FS_Group': 'kyverno', 'memoryLimitsMissing': 'polaris', 'Require_Images_Use_Checksums': 'kyverno', 'memoryRequestsMissing': 'polaris', 'cpuLimitsMissing': 'polaris', 'Restrict_Image_Registries': 'kyverno', 'cpuRequestsMissing': 'polaris'}",
pod_baseline4.yaml,Pod,61,9,6,15,77.65,0.0,0,166,481,128,10000,187.74,5032.05,289.17,5321.22,True,True,44,322,65.54,100.0,"{'Restrict_node_selection': 'kyverno', 'no_root': 'trivy', 'use_high_gid': 'trivy', 'Require_Run_As_Non_Root_User': 'kyverno', 'Check_supplementalGroups': 'kyverno', 'Require_imagePullPolicy_Always': 'kyverno', 'use_high_uid': 'trivy', 'kubernetes_no_non_default_capabilities': 'trivy', 'Validate_User_ID_Group_ID_and_FS_Group': 'kyverno', 'memoryLimitsMissing': 'polaris', 'Require_Images_Use_Checksums': 'kyverno', 'memoryRequestsMissing': 'polaris', 'cpuLimitsMissing': 'polaris', 'Restrict_Image_Registries': 'kyverno', 'cpuRequestsMissing': 'polaris'}",
pod_baseline5.yaml,Pod,61,9,6,15,77.65,0.0,0,166,481,128,10000,190.78,5045.61,293.24,5338.85,True,True,44,322,65.54,100.0,"{'Restrict_node_selection': 'kyverno', 'no_root': 'trivy', 'use_high_gid': 'trivy', 'Require_Run_As_Non_Root_User': 'kyverno', 'Check_supplementalGroups': 'kyverno', 'Require_imagePullPolicy_Always': 'kyverno', 'use_high_uid': 'trivy', 'kubernetes_no_non_default_capabilities': 'trivy', 'Validate_User_ID_Group_ID_and_FS_Group': 'kyverno', 'memoryLimitsMissing': 'polaris', 'Require_Images_Use_Checksums': 'kyverno', 'memoryRequestsMissing': 'polaris', 'cpuLimitsMissing': 'polaris', 'Restrict_Image_Registries': 'kyverno', 'cpuRequestsMissing': 'polaris'}",
pod_baseline6.yaml,Pod,61,9,6,15,77.65,0.0,0,166,481,128,10000,185.97,5067.27,291.4,5358.67,True,True,44,322,65.54,100.0,"{'Restrict_node_selection': 'kyverno', 'no_root': 'trivy', 'use_high_gid': 'trivy', 'Require_Run_As_Non_Root_User': 'kyverno', 'Check_supplementalGroups': 'kyverno', 'Require_imagePullPolicy_Always': 'kyverno', 'use_high_uid': 'trivy', 'kubernetes_no_non_default_capabilities': 'trivy', 'Validate_User_ID_Group_ID_and_FS_Group': 'kyverno', 'memoryLimitsMissing': 'polaris', 'Require_Images_Use_Checksums': 'kyverno', 'memoryRequestsMissing': 'polaris', 'cpuLimitsMissing': 'polaris', 'Restrict_Image_Registries': 'kyverno', 'cpuRequestsMissing': 'polaris'}",
pod_baseline7.yaml,Pod,61,9,6,15,77.65,0.0,0,166,481,128,10000,190.42,5123.4,289.21,5412.61,True,True,44,322,65.54,100.0,"{'Restrict_node_selection': 'kyverno', 'no_root': 'trivy', 'use_high_gid': 'trivy', 'Require_Run_As_Non_Root_User': 'kyverno', 'Check_supplementalGroups': 'kyverno', 'Require_imagePullPolicy_Always': 'kyverno', 'use_high_uid': 'trivy', 'kubernetes_no_non_default_capabilities': 'trivy', 'Validate_User_ID_Group_ID_and_FS_Group': 'kyverno', 'memoryLimitsMissing': 'polaris', 'Require_Images_Use_Checksums': 'kyverno', 'memoryRequestsMissing': 'polaris', 'cpuLimitsMissing': 'polaris', 'Restrict_Image_Registries': 'kyverno', 'cpuRequestsMissing': 'polaris'}",
pod_baseline8.yaml,Pod,61,9,6,15,77.65,0.0,0,166,481,128,10000,188.55,5000.57,292.55,5293.12,True,True,44,322,65.54,100.0,"{'Restrict_node_selection': 'kyverno', 'no_root': 'trivy', 'use_high_gid': 'trivy', 'Require_Run_As_Non_Root_User': 'kyverno', 'Check_supplementalGroups': 'kyverno', 'Require_imagePullPolicy_Always': 'kyverno', 'use_high_uid': 'trivy', 'kubernetes_no_non_default_capabilities': 'trivy', 'Validate_User_ID_Group_ID_and_FS_Group': 'kyverno', 'memoryLimitsMissing': 'polaris', 'Require_Images_Use_Checksums': 'kyverno', 'memoryRequestsMissing': 'polaris', 'cpuLimitsMissing': 'polaris', 'Restrict_Image_Registries': 'kyverno', 'cpuRequestsMissing': 'polaris'}",
pod_baseline9.yaml,Pod,61,9,6,15,77.65,0.0,0,166,481,128,10000,181.08,4958.1,289.8,5247.9,True,True,44,322,65.54,100.0,"{'Restrict_node_selection': 'kyverno', 'no_root': 'trivy', 'use_high_gid': 'trivy', 'Require_Run_As_Non_Root_User': 'kyverno', 'Check_supplementalGroups': 'kyverno', 'Require_imagePullPolicy_Always': 'kyverno', 'use_high_uid': 'trivy', 'kubernetes_no_non_default_capabilities': 'trivy', 'Validate_User_ID_Group_ID_and_FS_Group': 'kyverno', 'memoryLimitsMissing': 'polaris', 'Require_Images_Use_Checksums': 'kyverno', 'memoryRequestsMissing': 'polaris', 'cpuLimitsMissing': 'polaris', 'Restrict_Image_Registries': 'kyverno', 'cpuRequestsMissing': 'polaris'}",
pod_initContainerStatuses.yaml,Pod,61,22,5,27,58.01,0.0,1,174,481,258,10000,304.68,7420.66,309.51,7730.17,False,True,388,412,9.3,100.0,"{'Restrict_node_selection': 'kyverno', 'no_root': 'trivy', 'kubernetes_primary_supplementary_gid': 'trivy', 'kubernetes_drop_default_capabilities': 'trivy', 'Disallow_Host_Namespaces': 'kyverno', 'no_mounted_hostpath': 'trivy', 'use_high_gid': 'trivy', 'Require_Run_As_Non_Root_User': 'kyverno', 'kubernetes_use_readonly_filesystem': 'trivy', 'Require_Read_Only_Root_Filesystem': 'kyverno', 'Disallow_hostPath': 'kyverno', 'no_privileged_containers': 'trivy', 'kubernetes_drop_unused_capabilities': 'trivy', 'kubernetes_no_host_port_access': 'trivy', 'Disallow_hostPorts': 'kyverno', 'Check_supplementalGroups': 'kyverno', 'Require_imagePullPolicy_Always': 'kyverno', 'Require_Non_Root_Groups': 'kyverno', 'Disallow_Privileged_Containers': 'kyverno', 'use_high_uid': 'trivy', 'Restrict_Node_Affinity': 'kyverno', 'Validate_User_ID_Group_ID_and_FS_Group': 'kyverno', 'memoryLimitsMissing': 'polaris', 'Require_Images_Use_Checksums': 'kyverno', 'memoryRequestsMissing': 'polaris', 'cpuLimitsMissing': 'polaris', 'Restrict_Image_Registries': 'kyverno'}",
pod_restricted.yaml,Pod,61,8,6,14,79.23,0.0,0,169,481,103,10000,172.33,5184.61,292.68,5477.29,True,True,41,325,65.73,100.0,"{'Restrict_node_selection': 'kyverno', 'use_high_gid': 'trivy', 'Require_Run_As_Non_Root_User': 'kyverno', 'Check_supplementalGroups': 'kyverno', 'Require_imagePullPolicy_Always': 'kyverno', 'use_high_uid': 'trivy', 'kubernetes_no_non_default_capabilities': 'trivy', 'Validate_User_ID_Group_ID_and_FS_Group': 'kyverno', 'memoryLimitsMissing': 'polaris', 'Require_Images_Use_Checksums': 'kyverno', 'memoryRequestsMissing': 'polaris', 'cpuLimitsMissing': 'polaris', 'Restrict_Image_Registries': 'kyverno', 'cpuRequestsMissing': 'polaris'}",
pod_restricted1.yaml,Pod,61,8,6,14,79.23,0.0,0,169,481,103,10000,171.52,5226.01,293.82,5519.83,True,True,41,325,65.73,100.0,"{'Restrict_node_selection': 'kyverno', 'use_high_gid': 'trivy', 'Require_Run_As_Non_Root_User': 'kyverno', 'Check_supplementalGroups': 'kyverno', 'Require_imagePullPolicy_Always': 'kyverno', 'use_high_uid': 'trivy', 'kubernetes_no_non_default_capabilities': 'trivy', 'Validate_User_ID_Group_ID_and_FS_Group': 'kyverno', 'memoryLimitsMissing': 'polaris', 'Require_Images_Use_Checksums': 'kyverno', 'memoryRequestsMissing': 'polaris', 'cpuLimitsMissing': 'polaris', 'Restrict_Image_Registries': 'kyverno', 'cpuRequestsMissing': 'polaris'}",
pod_restricted11.yaml,Pod,61,8,6,14,79.23,0.0,0,169,481,103,10000,167.56,5259.62,290.39,5550.01,True,True,41,325,65.73,100.0,"{'Restrict_node_selection': 'kyverno', 'use_high_gid': 'trivy', 'Require_Run_As_Non_Root_User': 'kyverno', 'Check_supplementalGroups': 'kyverno', 'Require_imagePullPolicy_Always': 'kyverno', 'use_high_uid': 'trivy', 'kubernetes_no_non_default_capabilities': 'trivy', 'Validate_User_ID_Group_ID_and_FS_Group': 'kyverno', 'memoryLimitsMissing': 'polaris', 'Require_Images_Use_Checksums': 'kyverno', 'memoryRequestsMissing': 'polaris', 'cpuLimitsMissing': 'polaris', 'Restrict_Image_Registries': 'kyverno', 'cpuRequestsMissing': 'polaris'}",
pod_restricted12.yaml,Pod,61,8,6,14,79.23,0.0,0,169,481,103,10000,175.2,5081.83,291.76,5373.59,True,True,41,325,65.73,100.0,"{'Restrict_node_selection': 'kyverno', 'use_high_gid': 'trivy', 'Require_Run_As_Non_Root_User': 'kyverno', 'Check_supplementalGroups': 'kyverno', 'Require_imagePullPolicy_Always': 'kyverno', 'use_high_uid': 'trivy', 'kubernetes_no_non_default_capabilities': 'trivy', 'Validate_User_ID_Group_ID_and_FS_Group': 'kyverno', 'memoryLimitsMissing': 'polaris', 'Require_Images_Use_Checksums': 'kyverno', 'memoryRequestsMissing': 'polaris', 'cpuLimitsMissing': 'polaris', 'Restrict_Image_Registries': 'kyverno', 'cpuRequestsMissing': 'polaris'}",
pod_restricted13.yaml,Pod,61,8,6,14,79.23,0.0,0,169,481,103,10000,170.07,5211.1,293.41,5504.51,True,True,41,325,65.73,100.0,"{'Restrict_node_selection': 'kyverno', 'use_high_gid': 'trivy', 'Require_Run_As_Non_Root_User': 'kyverno', 'Check_supplementalGroups': 'kyverno', 'Require_imagePullPolicy_Always': 'kyverno', 'use_high_uid': 'trivy', 'kubernetes_no_non_default_capabilities': 'trivy', 'Validate_User_ID_Group_ID_and_FS_Group': 'kyverno', 'memoryLimitsMissing': 'polaris', 'Require_Images_Use_Checksums': 'kyverno', 'memoryRequestsMissing': 'polaris', 'cpuLimitsMissing': 'polaris', 'Restrict_Image_Registries': 'kyverno', 'cpuRequestsMissing': 'polaris'}",
pod_restricted14.yaml,Pod,61,8,6,14,79.23,0.0,0,169,481,103,10000,174.84,5281.91,290.86,5572.77,True,True,41,325,65.73,100.0,"{'Restrict_node_selection': 'kyverno', 'use_high_gid': 'trivy', 'Require_Run_As_Non_Root_User': 'kyverno', 'Check_supplementalGroups': 'kyverno', 'Require_imagePullPolicy_Always': 'kyverno', 'use_high_uid': 'trivy', 'kubernetes_no_non_default_capabilities': 'trivy', 'Validate_User_ID_Group_ID_and_FS_Group': 'kyverno', 'memoryLimitsMissing': 'polaris', 'Require_Images_Use_Checksums': 'kyverno', 'memoryRequestsMissing': 'polaris', 'cpuLimitsMissing': 'polaris', 'Restrict_Image_Registries': 'kyverno', 'cpuRequestsMissing': 'polaris'}",
pod_restricted15.yaml,Pod,61,8,6,14,79.23,0.0,0,169,481,103,10000,175.13,5241.6,293.48,5535.08,True,True,41,325,65.73,100.0,"{'Restrict_node_selection': 'kyverno', 'use_high_gid': 'trivy', 'Require_Run_As_Non_Root_User': 'kyverno', 'Check_supplementalGroups': 'kyverno', 'Require_imagePullPolicy_Always': 'kyverno', 'use_high_uid': 'trivy', 'kubernetes_no_non_default_capabilities': 'trivy', 'Validate_User_ID_Group_ID_and_FS_Group': 'kyverno', 'memoryLimitsMissing': 'polaris', 'Require_Images_Use_Checksums': 'kyverno', 'memoryRequestsMissing': 'polaris', 'cpuLimitsMissing': 'polaris', 'Restrict_Image_Registries': 'kyverno', 'cpuRequestsMissing': 'polaris'}",
pod_restricted2.yaml,Pod,61,8,6,14,79.23,0.0,0,169,481,103,10000,181.28,5799.15,292.49,6091.64,True,True,41,325,65.73,100.0,"{'Restrict_node_selection': 'kyverno', 'use_high_gid': 'trivy', 'Require_Run_As_Non_Root_User': 'kyverno', 'Check_supplementalGroups': 'kyverno', 'Require_imagePullPolicy_Always': 'kyverno', 'use_high_uid': 'trivy', 'kubernetes_no_non_default_capabilities': 'trivy', 'Validate_User_ID_Group_ID_and_FS_Group': 'kyverno', 'memoryLimitsMissing': 'polaris', 'Require_Images_Use_Checksums': 'kyverno', 'memoryRequestsMissing': 'polaris', 'cpuLimitsMissing': 'polaris', 'Restrict_Image_Registries': 'kyverno', 'cpuRequestsMissing': 'polaris'}",
pod_restricted3.yaml,Pod,61,8,6,14,79.23,0.0,0,169,481,103,10000,175.43,5294.58,291.13,5585.71,True,True,41,325,65.73,100.0,"{'Restrict_node_selection': 'kyverno', 'use_high_gid': 'trivy', 'Require_Run_As_Non_Root_User': 'kyverno', 'Check_supplementalGroups': 'kyverno', 'Require_imagePullPolicy_Always': 'kyverno', 'use_high_uid': 'trivy', 'kubernetes_no_non_default_capabilities': 'trivy', 'Validate_User_ID_Group_ID_and_FS_Group': 'kyverno', 'memoryLimitsMissing': 'polaris', 'Require_Images_Use_Checksums': 'kyverno', 'memoryRequestsMissing': 'polaris', 'cpuLimitsMissing': 'polaris', 'Restrict_Image_Registries': 'kyverno', 'cpuRequestsMissing': 'polaris'}",
pod_restricted4.yaml,Pod,61,8,6,14,79.23,0.0,0,169,481,103,10000,173.18,5227.55,292.13,5519.68,True,True,41,325,65.73,100.0,"{'Restrict_node_selection': 'kyverno', 'use_high_gid': 'trivy', 'Require_Run_As_Non_Root_User': 'kyverno', 'Check_supplementalGroups': 'kyverno', 'Require_imagePullPolicy_Always': 'kyverno', 'use_high_uid': 'trivy', 'kubernetes_no_non_default_capabilities': 'trivy', 'Validate_User_ID_Group_ID_and_FS_Group': 'kyverno', 'memoryLimitsMissing': 'polaris', 'Require_Images_Use_Checksums': 'kyverno', 'memoryRequestsMissing': 'polaris', 'cpuLimitsMissing': 'polaris', 'Restrict_Image_Registries': 'kyverno', 'cpuRequestsMissing': 'polaris'}",
pod_restricted5.yaml,Pod,61,8,6,14,79.23,0.0,0,169,481,103,10000,168.65,5227.88,289.5,5517.38,True,True,41,325,65.73,100.0,"{'Restrict_node_selection': 'kyverno', 'use_high_gid': 'trivy', 'Require_Run_As_Non_Root_User': 'kyverno', 'Check_supplementalGroups': 'kyverno', 'Require_imagePullPolicy_Always': 'kyverno', 'use_high_uid': 'trivy', 'kubernetes_no_non_default_capabilities': 'trivy', 'Validate_User_ID_Group_ID_and_FS_Group': 'kyverno', 'memoryLimitsMissing': 'polaris', 'Require_Images_Use_Checksums': 'kyverno', 'memoryRequestsMissing': 'polaris', 'cpuLimitsMissing': 'polaris', 'Restrict_Image_Registries': 'kyverno', 'cpuRequestsMissing': 'polaris'}",
pod_restricted6.yaml,Pod,61,8,6,14,79.23,0.0,0,169,481,103,10000,171.43,5229.64,290.09,5519.73,True,True,41,325,65.73,100.0,"{'Restrict_node_selection': 'kyverno', 'use_high_gid': 'trivy', 'Require_Run_As_Non_Root_User': 'kyverno', 'Check_supplementalGroups': 'kyverno', 'Require_imagePullPolicy_Always': 'kyverno', 'use_high_uid': 'trivy', 'kubernetes_no_non_default_capabilities': 'trivy', 'Validate_User_ID_Group_ID_and_FS_Group': 'kyverno', 'memoryLimitsMissing': 'polaris', 'Require_Images_Use_Checksums': 'kyverno', 'memoryRequestsMissing': 'polaris', 'cpuLimitsMissing': 'polaris', 'Restrict_Image_Registries': 'kyverno', 'cpuRequestsMissing': 'polaris'}",
pod_restricted7.yaml,Pod,61,8,6,14,79.23,0.0,0,169,481,103,10000,175.05,5236.68,292.28,5528.96,True,True,41,325,65.73,100.0,"{'Restrict_node_selection': 'kyverno', 'use_high_gid': 'trivy', 'Require_Run_As_Non_Root_User': 'kyverno', 'Check_supplementalGroups': 'kyverno', 'Require_imagePullPolicy_Always': 'kyverno', 'use_high_uid': 'trivy', 'kubernetes_no_non_default_capabilities': 'trivy', 'Validate_User_ID_Group_ID_and_FS_Group': 'kyverno', 'memoryLimitsMissing': 'polaris', 'Require_Images_Use_Checksums': 'kyverno', 'memoryRequestsMissing': 'polaris', 'cpuLimitsMissing': 'polaris', 'Restrict_Image_Registries': 'kyverno', 'cpuRequestsMissing': 'polaris'}",
pod_restricted8.yaml,Pod,61,8,6,14,79.23,0.0,0,169,481,103,10000,182.12,5252.12,290.28,5542.4,True,True,41,325,65.73,100.0,"{'Restrict_node_selection': 'kyverno', 'use_high_gid': 'trivy', 'Require_Run_As_Non_Root_User': 'kyverno', 'Check_supplementalGroups': 'kyverno', 'Require_imagePullPolicy_Always': 'kyverno', 'use_high_uid': 'trivy', 'kubernetes_no_non_default_capabilities': 'trivy', 'Validate_User_ID_Group_ID_and_FS_Group': 'kyverno', 'memoryLimitsMissing': 'polaris', 'Require_Images_Use_Checksums': 'kyverno', 'memoryRequestsMissing': 'polaris', 'cpuLimitsMissing': 'polaris', 'Restrict_Image_Registries': 'kyverno', 'cpuRequestsMissing': 'polaris'}",
pod_restricted9.yaml,Pod,61,8,6,14,79.23,0.0,0,169,481,103,10000,174.64,5263.61,293.52,5557.13,True,True,41,325,65.73,100.0,"{'Restrict_node_selection': 'kyverno', 'use_high_gid': 'trivy', 'Require_Run_As_Non_Root_User': 'kyverno', 'Check_supplementalGroups': 'kyverno', 'Require_imagePullPolicy_Always': 'kyverno', 'use_high_uid': 'trivy', 'kubernetes_no_non_default_capabilities': 'trivy', 'Validate_User_ID_Group_ID_and_FS_Group': 'kyverno', 'memoryLimitsMissing': 'polaris', 'Require_Images_Use_Checksums': 'kyverno', 'memoryRequestsMissing': 'polaris', 'cpuLimitsMissing': 'polaris', 'Restrict_Image_Registries': 'kyverno', 'cpuRequestsMissing': 'polaris'}",
postgres_statefulset.yaml,StatefulSet,31,7,1,8,79.06,26.5,0,138,424,176,10000,245.67,2274.5,134.92,2409.42,True,True,9,1,97.37,100.0,"{'no_root': 'trivy', 'kubernetes_primary_supplementary_gid': 'trivy', 'kubernetes_drop_default_capabilities': 'trivy', 'use_high_gid': 'trivy', 'kubernetes_use_readonly_filesystem': 'trivy', 'kubernetes_drop_unused_capabilities': 'trivy', 'use_high_uid': 'trivy', 'cpuLimitsMissing': 'polaris'}",
private-chain.expect_14.yaml,StatefulSet,31,7,4,11,70.09,0.0,0,76,424,176,10000,135.79,2972.8,278.62,3251.42,True,True,149,129,67.29,0.0,"{'no_root': 'trivy', 'kubernetes_primary_supplementary_gid': 'trivy', 'kubernetes_drop_default_capabilities': 'trivy', 'use_high_gid': 'trivy', 'kubernetes_use_readonly_filesystem': 'trivy', 'kubernetes_drop_unused_capabilities': 'trivy', 'use_high_uid': 'trivy', 'memoryLimitsMissing': 'polaris', 'memoryRequestsMissing': 'polaris', 'cpuLimitsMissing': 'polaris', 'cpuRequestsMissing': 'polaris'}",
pull-secret1.yaml,Secret,4,0,0,0,100.0,100.0,0,8,14,0,1,34.55,48.4,0.0,0.0,True,True,0,0,100.0,100.0,{},
quality-definition-resizings.yaml,CronJob,30,7,4,11,69.16,0.0,0,27,420,176,2,724.89,778.98,31.3,810.28,True,True,15,0,95.7,100.0,"{'no_root': 'trivy', 'kubernetes_primary_supplementary_gid': 'trivy', 'kubernetes_drop_default_capabilities': 'trivy', 'use_high_gid': 'trivy', 'kubernetes_use_readonly_filesystem': 'trivy', 'kubernetes_drop_unused_capabilities': 'trivy', 'use_high_uid': 'trivy', 'memoryLimitsMissing': 'polaris', 'memoryRequestsMissing': 'polaris', 'cpuLimitsMissing': 'polaris', 'cpuRequestsMissing': 'polaris'}",
redis-cluster2_1.yaml,StatefulSet,31,7,3,10,71.79,1.0,0,101,424,176,10000,269.63,12501.97,115.37,12617.34,True,True,24,18,89.18,100.0,"{'no_root': 'trivy', 'kubernetes_primary_supplementary_gid': 'trivy', 'kubernetes_drop_default_capabilities': 'trivy', 'use_high_gid': 'trivy', 'kubernetes_use_readonly_filesystem': 'trivy', 'kubernetes_drop_unused_capabilities': 'trivy', 'use_high_uid': 'trivy', 'memoryLimitsMissing': 'polaris', 'tagNotSpecified': 'polaris', 'cpuLimitsMissing': 'polaris'}",
replicaset-expected-scan.yaml,Unknown,SCHEMA_ERROR,,,,,,0,0,0,0,0.0,0.0,0.0,486.56,,,,0,0.0,0.0,,"C:\Users\CAOSD\projects\tool-security-rules\..\scriptJsonToUvl\yamls_agrupation\small\replicaset-expected-scan.yaml - Job scan-vulnerabilityreport-5668c4b796 is invalid: problem validating schema. Check JSON formatting: jsonschema validation failed with 'https://raw.githubusercontent.com/yannh/kubernetes-json-schema/master/master-standalone-strict/job-batch-v1.json#' - at '/spec/template/spec/containers/0/volumeMounts': validation failed   - at '/spec/template/spec/containers/0/volumeMounts/0': additional properties 'readonly' not allowed   - at '/spec/template/spec/containers/0/volumeMounts/1': additional properties 'readonly' not allowed - at '/spec/template/spec/initContainers/0/volumeMounts/0': additional properties 'readonly' not allowed | Summary: 1 resource found in 1 file - Valid: 0, Invalid: 1, Errors: 0, Skipped: 0"
replicationcontroller-configauditreport-expected.yaml,Unknown,SCHEMA_ERROR,,,,,,0,0,0,0,0.0,0.0,0.0,283.31,,,,0,0.0,0.0,,"C:\Users\CAOSD\projects\tool-security-rules\..\scriptJsonToUvl\yamls_agrupation\small\replicationcontroller-configauditreport-expected.yaml - ConfigAuditReport replicationcontroller-nginx failed validation: could not find schema for ConfigAuditReport | Summary: 1 resource found in 1 file - Valid: 0, Invalid: 0, Errors: 1, Skipped: 0"
replicationcontroller-expected-scan.yaml,Unknown,SCHEMA_ERROR,,,,,,0,0,0,0,0.0,0.0,0.0,305.16,,,,0,0.0,0.0,,"C:\Users\CAOSD\projects\tool-security-rules\..\scriptJsonToUvl\yamls_agrupation\small\replicationcontroller-expected-scan.yaml - Job scan-vulnerabilityreport-5dfc565d7b is invalid: problem validating schema. Check JSON formatting: jsonschema validation failed with 'https://raw.githubusercontent.com/yannh/kubernetes-json-schema/master/master-standalone-strict/job-batch-v1.json#' - at '/spec/template/spec/containers/0/volumeMounts': validation failed   - at '/spec/template/spec/containers/0/volumeMounts/0': additional properties 'readonly' not allowed   - at '/spec/template/spec/containers/0/volumeMounts/1': additional properties 'readonly' not allowed - at '/spec/template/spec/initContainers/0/volumeMounts/0': additional properties 'readonly' not allowed | Summary: 1 resource found in 1 file - Valid: 0, Invalid: 1, Errors: 0, Skipped: 0"
resource792_45.yaml,Deployment,31,4,4,8,78.63,25.0,0,53,422,77,6336,109.37,1463.54,162.33,1625.87,True,True,12,4,96.21,100.0,"{'Require_Multiple_Replicas': 'kyverno', 'kubernetes_primary_supplementary_gid': 'trivy', 'use_high_gid': 'trivy', 'use_high_uid': 'trivy', 'memoryLimitsMissing': 'polaris', 'memoryRequestsMissing': 'polaris', 'cpuLimitsMissing': 'polaris', 'cpuRequestsMissing': 'polaris'}",
resource792_49.yaml,Deployment,31,4,4,8,78.63,25.0,0,96,422,77,10000,119.75,3133.64,241.87,3375.51,True,True,17,10,95.83,100.0,"{'Require_Multiple_Replicas': 'kyverno', 'kubernetes_primary_supplementary_gid': 'trivy', 'use_high_gid': 'trivy', 'use_high_uid': 'trivy', 'memoryLimitsMissing': 'polaris', 'memoryRequestsMissing': 'polaris', 'cpuLimitsMissing': 'polaris', 'cpuRequestsMissing': 'polaris'}",
resource792_50.yaml,Deployment,31,4,4,8,78.63,25.0,0,74,422,77,10000,110.85,3765.01,270.9,4035.91,True,True,12,4,97.76,100.0,"{'Require_Multiple_Replicas': 'kyverno', 'kubernetes_primary_supplementary_gid': 'trivy', 'use_high_gid': 'trivy', 'use_high_uid': 'trivy', 'memoryLimitsMissing': 'polaris', 'memoryRequestsMissing': 'polaris', 'cpuLimitsMissing': 'polaris', 'cpuRequestsMissing': 'polaris'}",
resource792_51.yaml,StatefulSet,31,3,4,7,81.62,35.5,0,69,424,75,1536,105.34,2329.67,207.97,2537.64,True,True,10,2,97.78,100.0,"{'kubernetes_primary_supplementary_gid': 'trivy', 'use_high_gid': 'trivy', 'use_high_uid': 'trivy', 'memoryLimitsMissing': 'polaris', 'memoryRequestsMissing': 'polaris', 'cpuLimitsMissing': 'polaris', 'cpuRequestsMissing': 'polaris'}",
resource793_45.yaml,Deployment,31,4,4,8,78.63,25.0,0,53,422,77,6336,120.1,1457.83,161.52,1619.35,True,True,12,4,96.21,100.0,"{'Require_Multiple_Replicas': 'kyverno', 'kubernetes_primary_supplementary_gid': 'trivy', 'use_high_gid': 'trivy', 'use_high_uid': 'trivy', 'memoryLimitsMissing': 'polaris', 'memoryRequestsMissing': 'polaris', 'cpuLimitsMissing': 'polaris', 'cpuRequestsMissing': 'polaris'}",
resource793_49.yaml,Deployment,31,4,4,8,78.63,25.0,0,96,422,77,10000,121.35,3157.0,241.57,3398.57,True,True,17,10,95.83,100.0,"{'Require_Multiple_Replicas': 'kyverno', 'kubernetes_primary_supplementary_gid': 'trivy', 'use_high_gid': 'trivy', 'use_high_uid': 'trivy', 'memoryLimitsMissing': 'polaris', 'memoryRequestsMissing': 'polaris', 'cpuLimitsMissing': 'polaris', 'cpuRequestsMissing': 'polaris'}",
resource793_50.yaml,Deployment,31,4,4,8,78.63,25.0,0,74,422,77,10000,108.5,3736.69,267.56,4004.25,True,True,12,4,97.76,100.0,"{'Require_Multiple_Replicas': 'kyverno', 'kubernetes_primary_supplementary_gid': 'trivy', 'use_high_gid': 'trivy', 'use_high_uid': 'trivy', 'memoryLimitsMissing': 'polaris', 'memoryRequestsMissing': 'polaris', 'cpuLimitsMissing': 'polaris', 'cpuRequestsMissing': 'polaris'}",
resource793_51.yaml,StatefulSet,31,3,4,7,81.62,35.5,0,69,424,75,1536,108.45,2265.8,207.64,2473.44,True,True,10,2,97.78,100.0,"{'kubernetes_primary_supplementary_gid': 'trivy', 'use_high_gid': 'trivy', 'use_high_uid': 'trivy', 'memoryLimitsMissing': 'polaris', 'memoryRequestsMissing': 'polaris', 'cpuLimitsMissing': 'polaris', 'cpuRequestsMissing': 'polaris'}",
reverse-proxy-certificate.yaml,Secret,4,0,0,0,100.0,100.0,0,8,14,0,4,34.81,49.82,0.0,0.0,True,True,0,0,100.0,100.0,{},
sealed-secrets-keypair.yaml,Unknown,SCHEMA_ERROR,,,,,,0,0,0,0,0.0,0.0,0.0,116.87,,,,0,0.0,0.0,,"C:\Users\CAOSD\projects\tool-security-rules\..\scriptJsonToUvl\yamls_agrupation\small\sealed-secrets-keypair.yaml - Secret sealed-secrets-keypair is invalid: problem validating schema. Check JSON formatting: jsonschema validation failed with 'https://raw.githubusercontent.com/yannh/kubernetes-json-schema/master/master-standalone-strict/secret-v1.json#' - at '': additional properties 'sops' not allowed | Summary: 1 resource found in 1 file - Valid: 0, Invalid: 1, Errors: 0, Skipped: 0"
secret-oauth.sops.yaml,Unknown,SCHEMA_ERROR,,,,,,0,0,0,0,0.0,0.0,0.0,111.06,,,,0,0.0,0.0,,"C:\Users\CAOSD\projects\tool-security-rules\..\scriptJsonToUvl\yamls_agrupation\small\secret-oauth.sops.yaml - Secret authelia-oauth-secret is invalid: problem validating schema. Check JSON formatting: jsonschema validation failed with 'https://raw.githubusercontent.com/yannh/kubernetes-json-schema/master/master-standalone-strict/secret-v1.json#' - at '': additional properties 'sops' not allowed | Summary: 1 resource found in 1 file - Valid: 0, Invalid: 1, Errors: 0, Skipped: 0"
secret-tls19.yaml,Secret,4,0,0,0,100.0,100.0,0,8,14,0,3,35.04,48.78,0.0,0.0,True,True,0,0,100.0,100.0,{},
secret.kiada-tls.yaml,Secret,4,0,0,0,100.0,100.0,0,7,14,0,2,36.47,49.91,0.0,0.0,True,True,0,0,100.0,100.0,{},
secret.kiada-tls1.yaml,Secret,4,0,0,0,100.0,100.0,0,10,14,0,2,32.97,46.52,0.0,0.0,True,True,0,0,100.0,100.0,{},
secret.kiada-tls10.yaml,Secret,4,0,0,0,100.0,100.0,0,10,14,0,2,34.79,48.81,0.0,0.0,True,True,0,0,100.0,100.0,{},
secret.kiada-tls11.yaml,Secret,4,0,0,0,100.0,100.0,0,10,14,0,2,35.58,49.5,0.0,0.0,True,True,0,0,100.0,100.0,{},
secret.kiada-tls12.yaml,Secret,4,0,0,0,100.0,100.0,0,10,14,0,2,35.49,49.16,0.0,0.0,True,True,0,0,100.0,100.0,{},
secret.kiada-tls13.yaml,Secret,4,0,0,0,100.0,100.0,0,10,14,0,2,33.95,47.63,0.0,0.0,True,True,0,0,100.0,100.0,{},
secret.kiada-tls14.yaml,Secret,4,0,0,0,100.0,100.0,0,10,14,0,2,34.17,47.65,0.0,0.0,True,True,0,0,100.0,100.0,{},
secret.kiada-tls15.yaml,Secret,4,0,0,0,100.0,100.0,0,10,14,0,2,34.96,48.58,0.0,0.0,True,True,0,0,100.0,100.0,{},
secret.kiada-tls2.yaml,Secret,4,0,0,0,100.0,100.0,0,10,14,0,2,33.64,47.13,0.0,0.0,True,True,0,0,100.0,100.0,{},
secret.kiada-tls3.yaml,Secret,4,0,0,0,100.0,100.0,0,10,14,0,2,34.71,48.59,0.0,0.0,True,True,0,0,100.0,100.0,{},
secret.kiada-tls4.yaml,Secret,4,0,0,0,100.0,100.0,0,10,14,0,2,35.23,49.49,0.0,0.0,True,True,0,0,100.0,100.0,{},
secret.kiada-tls5.yaml,Secret,4,0,0,0,100.0,100.0,0,10,14,0,2,34.91,48.79,0.0,0.0,True,True,0,0,100.0,100.0,{},
secret.kiada-tls6.yaml,Secret,4,0,0,0,100.0,100.0,0,10,14,0,2,34.49,48.28,0.0,0.0,True,True,0,0,100.0,100.0,{},
secret.kiada-tls7.yaml,Secret,4,0,0,0,100.0,100.0,0,10,14,0,2,38.81,54.1,0.0,0.0,True,True,0,0,100.0,100.0,{},
secret.kiada-tls8.yaml,Secret,4,0,0,0,100.0,100.0,0,7,14,0,2,33.41,46.89,0.0,0.0,True,True,0,0,100.0,100.0,{},
secret.kiada-tls9.yaml,Secret,4,0,0,0,100.0,100.0,0,10,14,0,2,34.91,48.6,0.0,0.0,True,True,0,0,100.0,100.0,{},
secret.sops111.yaml,Unknown,SCHEMA_ERROR,,,,,,0,0,0,0,0.0,0.0,0.0,112.39,,,,0,0.0,0.0,,"C:\Users\CAOSD\projects\tool-security-rules\..\scriptJsonToUvl\yamls_agrupation\small\secret.sops111.yaml - Secret renovate-secret is invalid: problem validating schema. Check JSON formatting: jsonschema validation failed with 'https://raw.githubusercontent.com/yannh/kubernetes-json-schema/master/master-standalone-strict/secret-v1.json#' - at '': additional properties 'sops' not allowed | Summary: 1 resource found in 1 file - Valid: 0, Invalid: 1, Errors: 0, Skipped: 0"
secret.sops145_1.yaml,Unknown,SCHEMA_ERROR,,,,,,0,0,0,0,0.0,0.0,0.0,113.37,,,,0,0.0,0.0,,"C:\Users\CAOSD\projects\tool-security-rules\..\scriptJsonToUvl\yamls_agrupation\small\secret.sops145_1.yaml - Secret authelia-secret is invalid: problem validating schema. Check JSON formatting: jsonschema validation failed with 'https://raw.githubusercontent.com/yannh/kubernetes-json-schema/master/master-standalone-strict/secret-v1.json#' - at '': additional properties 'sops' not allowed | Summary: 1 resource found in 1 file - Valid: 0, Invalid: 1, Errors: 0, Skipped: 0"
secret.sops155.yaml,Unknown,SCHEMA_ERROR,,,,,,0,0,0,0,0.0,0.0,0.0,106.76,,,,0,0.0,0.0,,"C:\Users\CAOSD\projects\tool-security-rules\..\scriptJsonToUvl\yamls_agrupation\small\secret.sops155.yaml - Secret authelia-secret is invalid: problem validating schema. Check JSON formatting: jsonschema validation failed with 'https://raw.githubusercontent.com/yannh/kubernetes-json-schema/master/master-standalone-strict/secret-v1.json#' - at '': additional properties 'sops' not allowed | Summary: 1 resource found in 1 file - Valid: 0, Invalid: 1, Errors: 0, Skipped: 0"
secret542.yaml,Secret,4,0,0,0,100.0,100.0,0,8,14,0,1,44.12,57.79,0.0,0.0,True,True,0,0,100.0,100.0,{},
secret543.yaml,Secret,4,0,0,0,100.0,100.0,0,8,14,0,1,37.72,51.4,0.0,0.0,True,True,0,0,100.0,100.0,{},
secrets-configuration.yaml,Secret,4,0,0,0,100.0,100.0,0,11,14,0,21,32.76,47.07,0.0,0.0,True,True,0,0,100.0,100.0,{},
secrets-configuration_1.yaml,Secret,4,0,0,0,100.0,100.0,0,11,14,0,21,34.34,48.44,0.0,0.0,True,True,0,0,100.0,100.0,{},
secrets-configuration_2.yaml,Secret,4,0,0,0,100.0,100.0,0,11,14,0,21,34.74,49.02,0.0,0.0,True,True,0,0,100.0,100.0,{},
secrets-configuration_3.yaml,Secret,4,0,0,0,100.0,100.0,0,11,14,0,28,34.48,48.81,0.0,0.0,True,True,0,0,100.0,100.0,{},
secrets379.yaml,Secret,4,0,0,0,100.0,100.0,0,11,14,0,2233,34.72,194.97,0.0,0.0,True,True,0,0,100.0,100.0,{},
secrets456.yaml,Secret,4,0,0,0,100.0,100.0,0,11,14,0,2,34.83,48.7,0.0,0.0,True,True,0,0,100.0,100.0,{},
secure-app1_3.yaml,Secret,4,0,0,0,100.0,100.0,0,7,14,0,3,34.78,48.33,0.0,0.0,True,True,0,0,100.0,100.0,{},
secure-ingress-step2_1.yaml,Secret,4,0,0,0,100.0,100.0,0,7,14,0,2,35.16,48.6,0.0,0.0,True,True,0,0,100.0,100.0,{},
server-mp-secret.yaml,Unknown,SCHEMA_ERROR,,,,,,0,0,0,0,0.0,0.0,0.0,118.28,,,,0,0.0,0.0,,"C:\Users\CAOSD\projects\tool-security-rules\..\scriptJsonToUvl\yamls_agrupation\small\server-mp-secret.yaml - Secret cod2-server-mp is invalid: problem validating schema. Check JSON formatting: jsonschema validation failed with 'https://raw.githubusercontent.com/yannh/kubernetes-json-schema/master/master-standalone-strict/secret-v1.json#' - at '': additional properties 'sops' not allowed | Summary: 1 resource found in 1 file - Valid: 0, Invalid: 1, Errors: 0, Skipped: 0"
server-secret10.yaml,Secret,4,0,0,0,100.0,100.0,0,6,14,0,2,45.26,59.01,0.0,0.0,True,True,0,0,100.0,100.0,{},
server-tls-secret.yaml,Secret,4,0,0,0,100.0,100.0,0,7,14,0,3,51.38,65.09,0.0,0.0,True,True,0,0,100.0,100.0,{},
server-tls-secret1.yaml,Secret,4,0,0,0,100.0,100.0,0,7,14,0,3,33.16,46.97,0.0,0.0,True,True,0,0,100.0,100.0,{},
service-ca-deployment_7.yaml,Secret,4,0,0,0,100.0,100.0,0,8,14,0,3,45.09,58.73,0.0,0.0,True,True,0,0,100.0,100.0,{},
sonar1_12.yaml,StatefulSet,31,3,0,3,91.45,70.0,0,120,424,99,10000,197.82,1459.78,125.0,1584.78,True,True,12,20,91.58,100.0,"{'use_high_gid': 'trivy', 'kubernetes_use_readonly_filesystem': 'trivy', 'use_high_uid': 'trivy'}",
sonar_12.yaml,StatefulSet,31,3,0,3,91.45,70.0,0,120,424,99,10000,97.66,1371.1,125.65,1496.75,True,True,12,20,91.58,100.0,"{'use_high_gid': 'trivy', 'kubernetes_use_readonly_filesystem': 'trivy', 'use_high_uid': 'trivy'}",
StatefulSet-argocd-application-controller.yaml,StatefulSet,31,4,4,8,78.63,25.0,0,83,424,84,10000,123.3,4679.1,280.55,4959.65,True,True,326,320,11.02,100.0,"{'kubernetes_primary_supplementary_gid': 'trivy', 'use_high_gid': 'trivy', 'no_auto_mount_service_token': 'trivy', 'use_high_uid': 'trivy', 'memoryLimitsMissing': 'polaris', 'memoryRequestsMissing': 'polaris', 'cpuLimitsMissing': 'polaris', 'cpuRequestsMissing': 'polaris'}",
statefulset-expected-scan.yaml,Unknown,SCHEMA_ERROR,,,,,,0,0,0,0,0.0,0.0,0.0,479.34,,,,0,0.0,0.0,,"C:\Users\CAOSD\projects\tool-security-rules\..\scriptJsonToUvl\yamls_agrupation\small\statefulset-expected-scan.yaml - Job scan-vulnerabilityreport-85bdb4586d is invalid: problem validating schema. Check JSON formatting: jsonschema validation failed with 'https://raw.githubusercontent.com/yannh/kubernetes-json-schema/master/master-standalone-strict/job-batch-v1.json#' - at '/spec/template/spec/containers/0/volumeMounts': validation failed   - at '/spec/template/spec/containers/0/volumeMounts/0': additional properties 'readonly' not allowed   - at '/spec/template/spec/containers/0/volumeMounts/1': additional properties 'readonly' not allowed - at '/spec/template/spec/initContainers/0/volumeMounts/0': additional properties 'readonly' not allowed | Summary: 1 resource found in 1 file - Valid: 0, Invalid: 1, Errors: 0, Skipped: 0"
statefulset-my-rabbitmq.yaml,StatefulSet,31,5,4,9,75.21,13.0,0,150,424,110,10000,207.37,2367.23,162.56,2529.79,True,True,11,3,96.94,100.0,"{'kubernetes_default_namespace_should_not_be_used': 'trivy', 'kubernetes_primary_supplementary_gid': 'trivy', 'use_high_gid': 'trivy', 'kubernetes_use_readonly_filesystem': 'trivy', 'use_high_uid': 'trivy', 'memoryLimitsMissing': 'polaris', 'memoryRequestsMissing': 'polaris', 'cpuLimitsMissing': 'polaris', 'cpuRequestsMissing': 'polaris'}",
statefulset-my-rabbitmq1.yaml,StatefulSet,31,5,4,9,75.21,13.0,0,150,424,110,10000,125.69,2288.28,164.05,2452.33,True,True,11,3,96.94,100.0,"{'kubernetes_default_namespace_should_not_be_used': 'trivy', 'kubernetes_primary_supplementary_gid': 'trivy', 'use_high_gid': 'trivy', 'kubernetes_use_readonly_filesystem': 'trivy', 'use_high_uid': 'trivy', 'memoryLimitsMissing': 'polaris', 'memoryRequestsMissing': 'polaris', 'cpuLimitsMissing': 'polaris', 'cpuRequestsMissing': 'polaris'}",
statefulset219.yaml,StatefulSet,31,7,2,9,76.07,16.0,0,76,424,176,10000,132.79,965.94,117.81,1083.75,True,True,222,189,9.67,100.0,"{'no_root': 'trivy', 'kubernetes_primary_supplementary_gid': 'trivy', 'kubernetes_drop_default_capabilities': 'trivy', 'use_high_gid': 'trivy', 'kubernetes_use_readonly_filesystem': 'trivy', 'kubernetes_drop_unused_capabilities': 'trivy', 'use_high_uid': 'trivy', 'memoryLimitsMissing': 'polaris', 'cpuLimitsMissing': 'polaris'}",
statefulset378.yaml,StatefulSet,31,8,2,10,71.79,1.0,0,92,424,201,10000,155.91,1201.85,118.4,1320.25,True,True,128,124,28.41,100.0,"{'no_root': 'trivy', 'kubernetes_primary_supplementary_gid': 'trivy', 'kubernetes_drop_default_capabilities': 'trivy', 'use_high_gid': 'trivy', 'kubernetes_use_readonly_filesystem': 'trivy', 'no_privileged_containers': 'trivy', 'kubernetes_drop_unused_capabilities': 'trivy', 'use_high_uid': 'trivy', 'memoryLimitsMissing': 'polaris', 'cpuLimitsMissing': 'polaris'}",
statefulset379.yaml,StatefulSet,31,8,0,8,77.78,22.0,0,104,424,201,10000,175.75,1358.05,123.17,1481.22,True,True,135,132,27.64,100.0,"{'no_root': 'trivy', 'kubernetes_primary_supplementary_gid': 'trivy', 'kubernetes_drop_default_capabilities': 'trivy', 'use_high_gid': 'trivy', 'kubernetes_use_readonly_filesystem': 'trivy', 'no_privileged_containers': 'trivy', 'kubernetes_drop_unused_capabilities': 'trivy', 'use_high_uid': 'trivy'}",
statefulset380.yaml,StatefulSet,31,8,2,10,71.79,1.0,0,90,424,201,10000,143.32,1196.8,119.1,1315.9,True,True,128,124,28.41,100.0,"{'no_root': 'trivy', 'kubernetes_primary_supplementary_gid': 'trivy', 'kubernetes_drop_default_capabilities': 'trivy', 'use_high_gid': 'trivy', 'kubernetes_use_readonly_filesystem': 'trivy', 'no_privileged_containers': 'trivy', 'kubernetes_drop_unused_capabilities': 'trivy', 'use_high_uid': 'trivy', 'memoryLimitsMissing': 'polaris', 'cpuLimitsMissing': 'polaris'}",
statefulset381.yaml,StatefulSet,31,8,4,12,65.81,0.0,0,99,424,201,10000,142.47,1221.74,124.52,1346.26,True,True,135,129,27.87,100.0,"{'no_root': 'trivy', 'kubernetes_primary_supplementary_gid': 'trivy', 'kubernetes_drop_default_capabilities': 'trivy', 'use_high_gid': 'trivy', 'kubernetes_use_readonly_filesystem': 'trivy', 'no_privileged_containers': 'trivy', 'kubernetes_drop_unused_capabilities': 'trivy', 'use_high_uid': 'trivy', 'memoryLimitsMissing': 'polaris', 'memoryRequestsMissing': 'polaris', 'cpuLimitsMissing': 'polaris', 'cpuRequestsMissing': 'polaris'}",
statefulset389.yaml,StatefulSet,31,7,2,9,76.07,16.0,0,66,424,176,1248,139.87,569.73,89.87,659.6,True,True,38,1,89.32,100.0,"{'no_root': 'trivy', 'kubernetes_primary_supplementary_gid': 'trivy', 'kubernetes_drop_default_capabilities': 'trivy', 'use_high_gid': 'trivy', 'kubernetes_use_readonly_filesystem': 'trivy', 'kubernetes_drop_unused_capabilities': 'trivy', 'use_high_uid': 'trivy', 'memoryLimitsMissing': 'polaris', 'cpuLimitsMissing': 'polaris'}",
statefulset449.yaml,StatefulSet,31,7,2,9,76.07,16.0,0,66,424,176,1248,141.82,571.68,91.11,662.79,True,True,38,1,89.32,100.0,"{'no_root': 'trivy', 'kubernetes_primary_supplementary_gid': 'trivy', 'kubernetes_drop_default_capabilities': 'trivy', 'use_high_gid': 'trivy', 'kubernetes_use_readonly_filesystem': 'trivy', 'kubernetes_drop_unused_capabilities': 'trivy', 'use_high_uid': 'trivy', 'memoryLimitsMissing': 'polaris', 'cpuLimitsMissing': 'polaris'}",
statefulsets5.yaml,StatefulSet,31,7,2,9,76.07,16.0,0,66,424,176,4992,131.61,608.73,92.29,701.02,True,True,38,1,89.32,100.0,"{'no_root': 'trivy', 'kubernetes_primary_supplementary_gid': 'trivy', 'kubernetes_drop_default_capabilities': 'trivy', 'use_high_gid': 'trivy', 'kubernetes_use_readonly_filesystem': 'trivy', 'kubernetes_drop_unused_capabilities': 'trivy', 'use_high_uid': 'trivy', 'memoryLimitsMissing': 'polaris', 'cpuLimitsMissing': 'polaris'}",
storage.k8s.io.v1.VolumeAttachment.after_roundtrip.yaml,Unknown,SCHEMA_ERROR,,,,,,0,0,0,0,0.0,0.0,0.0,357.52,,,,0,0.0,0.0,,"C:\Users\CAOSD\projects\tool-security-rules\..\scriptJsonToUvl\yamls_agrupation\small\storage.k8s.io.v1.VolumeAttachment.after_roundtrip.yaml - VolumeAttachment 3{{ generateName }} is invalid: problem validating schema. Check JSON formatting: jsonschema validation failed with 'https://raw.githubusercontent.com/yannh/kubernetes-json-schema/master/master-standalone-strict/volumeattachment-storage-v1.json#' - at '/metadata': additional properties 'clusterName' not allowed | Summary: 1 resource found in 1 file - Valid: 0, Invalid: 1, Errors: 0, Skipped: 0"
storage.k8s.io.v1.VolumeAttachment.after_roundtrip1.yaml,Unknown,SCHEMA_ERROR,,,,,,0,0,0,0,0.0,0.0,0.0,313.05,,,,0,0.0,0.0,,"C:\Users\CAOSD\projects\tool-security-rules\..\scriptJsonToUvl\yamls_agrupation\small\storage.k8s.io.v1.VolumeAttachment.after_roundtrip1.yaml - VolumeAttachment 3{{ generateName }} is invalid: problem validating schema. Check JSON formatting: jsonschema validation failed with 'https://raw.githubusercontent.com/yannh/kubernetes-json-schema/master/master-standalone-strict/volumeattachment-storage-v1.json#' - at '/metadata': additional properties 'clusterName' not allowed | Summary: 1 resource found in 1 file - Valid: 0, Invalid: 1, Errors: 0, Skipped: 0"
storage.k8s.io.v1.VolumeAttachment12.yaml,Unknown,SCHEMA_ERROR,,,,,,0,0,0,0,0.0,0.0,0.0,151.35,,,,0,0.0,0.0,,"C:\Users\CAOSD\projects\tool-security-rules\..\scriptJsonToUvl\yamls_agrupation\small\storage.k8s.io.v1.VolumeAttachment12.yaml - VolumeAttachment 3{{ generateName }} is invalid: problem validating schema. Check JSON formatting: jsonschema validation failed with 'https://raw.githubusercontent.com/yannh/kubernetes-json-schema/master/master-standalone-strict/volumeattachment-storage-v1.json#' - at '/metadata': additional properties 'clusterName' not allowed | Summary: 1 resource found in 1 file - Valid: 0, Invalid: 1, Errors: 0, Skipped: 0"
storage.k8s.io.v1.VolumeAttachment13.yaml,Unknown,SCHEMA_ERROR,,,,,,0,0,0,0,0.0,0.0,0.0,134.91,,,,0,0.0,0.0,,"C:\Users\CAOSD\projects\tool-security-rules\..\scriptJsonToUvl\yamls_agrupation\small\storage.k8s.io.v1.VolumeAttachment13.yaml - VolumeAttachment 3{{ generateName }} is invalid: problem validating schema. Check JSON formatting: jsonschema validation failed with 'https://raw.githubusercontent.com/yannh/kubernetes-json-schema/master/master-standalone-strict/volumeattachment-storage-v1.json#' - at '/metadata/managedFields/0': additional properties 'fields' not allowed - at '/metadata': additional properties 'clusterName' not allowed | Summary: 1 resource found in 1 file - Valid: 0, Invalid: 1, Errors: 0, Skipped: 0"
storage.k8s.io.v1.VolumeAttachment14.yaml,Unknown,SCHEMA_ERROR,,,,,,0,0,0,0,0.0,0.0,0.0,126.74,,,,0,0.0,0.0,,"C:\Users\CAOSD\projects\tool-security-rules\..\scriptJsonToUvl\yamls_agrupation\small\storage.k8s.io.v1.VolumeAttachment14.yaml - VolumeAttachment 3{{ generateName }} is invalid: problem validating schema. Check JSON formatting: jsonschema validation failed with 'https://raw.githubusercontent.com/yannh/kubernetes-json-schema/master/master-standalone-strict/volumeattachment-storage-v1.json#' - at '/metadata': additional properties 'clusterName' not allowed | Summary: 1 resource found in 1 file - Valid: 0, Invalid: 1, Errors: 0, Skipped: 0"
storage.k8s.io.v1.VolumeAttachment15.yaml,Unknown,SCHEMA_ERROR,,,,,,0,0,0,0,0.0,0.0,0.0,135.21,,,,0,0.0,0.0,,"C:\Users\CAOSD\projects\tool-security-rules\..\scriptJsonToUvl\yamls_agrupation\small\storage.k8s.io.v1.VolumeAttachment15.yaml - VolumeAttachment generateNameValue{{ generateName }} is invalid: problem validating schema. Check JSON formatting: jsonschema validation failed with 'https://raw.githubusercontent.com/yannh/kubernetes-json-schema/master/master-standalone-strict/volumeattachment-storage-v1.json#' - at '/metadata': additional properties 'clusterName' not allowed | Summary: 1 resource found in 1 file - Valid: 0, Invalid: 1, Errors: 0, Skipped: 0"
storage.k8s.io.v1.VolumeAttachment16.yaml,Unknown,SCHEMA_ERROR,,,,,,0,0,0,0,0.0,0.0,0.0,134.52,,,,0,0.0,0.0,,"C:\Users\CAOSD\projects\tool-security-rules\..\scriptJsonToUvl\yamls_agrupation\small\storage.k8s.io.v1.VolumeAttachment16.yaml - VolumeAttachment 3{{ generateName }} is invalid: problem validating schema. Check JSON formatting: jsonschema validation failed with 'https://raw.githubusercontent.com/yannh/kubernetes-json-schema/master/master-standalone-strict/volumeattachment-storage-v1.json#' - at '/metadata': additional properties 'clusterName' not allowed | Summary: 1 resource found in 1 file - Valid: 0, Invalid: 1, Errors: 0, Skipped: 0"
storage.k8s.io.v1.VolumeAttachment17.yaml,Unknown,SCHEMA_ERROR,,,,,,0,0,0,0,0.0,0.0,0.0,129.29,,,,0,0.0,0.0,,"C:\Users\CAOSD\projects\tool-security-rules\..\scriptJsonToUvl\yamls_agrupation\small\storage.k8s.io.v1.VolumeAttachment17.yaml - VolumeAttachment 3{{ generateName }} is invalid: problem validating schema. Check JSON formatting: jsonschema validation failed with 'https://raw.githubusercontent.com/yannh/kubernetes-json-schema/master/master-standalone-strict/volumeattachment-storage-v1.json#' - at '/metadata': additional properties 'clusterName' not allowed | Summary: 1 resource found in 1 file - Valid: 0, Invalid: 1, Errors: 0, Skipped: 0"
storage.k8s.io.v1.VolumeAttachment24.yaml,Unknown,SCHEMA_ERROR,,,,,,0,0,0,0,0.0,0.0,0.0,140.45,,,,0,0.0,0.0,,"C:\Users\CAOSD\projects\tool-security-rules\..\scriptJsonToUvl\yamls_agrupation\small\storage.k8s.io.v1.VolumeAttachment24.yaml - VolumeAttachment 3{{ generateName }} is invalid: problem validating schema. Check JSON formatting: jsonschema validation failed with 'https://raw.githubusercontent.com/yannh/kubernetes-json-schema/master/master-standalone-strict/volumeattachment-storage-v1.json#' - at '/metadata': additional properties 'clusterName' not allowed | Summary: 1 resource found in 1 file - Valid: 0, Invalid: 1, Errors: 0, Skipped: 0"
storage.k8s.io.v1.VolumeAttachment25.yaml,Unknown,SCHEMA_ERROR,,,,,,0,0,0,0,0.0,0.0,0.0,128.71,,,,0,0.0,0.0,,"C:\Users\CAOSD\projects\tool-security-rules\..\scriptJsonToUvl\yamls_agrupation\small\storage.k8s.io.v1.VolumeAttachment25.yaml - VolumeAttachment 3{{ generateName }} is invalid: problem validating schema. Check JSON formatting: jsonschema validation failed with 'https://raw.githubusercontent.com/yannh/kubernetes-json-schema/master/master-standalone-strict/volumeattachment-storage-v1.json#' - at '/metadata/managedFields/0': additional properties 'fields' not allowed - at '/metadata': additional properties 'clusterName' not allowed | Summary: 1 resource found in 1 file - Valid: 0, Invalid: 1, Errors: 0, Skipped: 0"
storage.k8s.io.v1.VolumeAttachment26.yaml,Unknown,SCHEMA_ERROR,,,,,,0,0,0,0,0.0,0.0,0.0,131.2,,,,0,0.0,0.0,,"C:\Users\CAOSD\projects\tool-security-rules\..\scriptJsonToUvl\yamls_agrupation\small\storage.k8s.io.v1.VolumeAttachment26.yaml - VolumeAttachment 3{{ generateName }} is invalid: problem validating schema. Check JSON formatting: jsonschema validation failed with 'https://raw.githubusercontent.com/yannh/kubernetes-json-schema/master/master-standalone-strict/volumeattachment-storage-v1.json#' - at '/metadata': additional properties 'clusterName' not allowed | Summary: 1 resource found in 1 file - Valid: 0, Invalid: 1, Errors: 0, Skipped: 0"
storage.k8s.io.v1.VolumeAttachment27.yaml,Unknown,SCHEMA_ERROR,,,,,,0,0,0,0,0.0,0.0,0.0,128.27,,,,0,0.0,0.0,,"C:\Users\CAOSD\projects\tool-security-rules\..\scriptJsonToUvl\yamls_agrupation\small\storage.k8s.io.v1.VolumeAttachment27.yaml - VolumeAttachment generateNameValue{{ generateName }} is invalid: problem validating schema. Check JSON formatting: jsonschema validation failed with 'https://raw.githubusercontent.com/yannh/kubernetes-json-schema/master/master-standalone-strict/volumeattachment-storage-v1.json#' - at '/metadata': additional properties 'clusterName' not allowed | Summary: 1 resource found in 1 file - Valid: 0, Invalid: 1, Errors: 0, Skipped: 0"
storage.k8s.io.v1.VolumeAttachment28.yaml,Unknown,SCHEMA_ERROR,,,,,,0,0,0,0,0.0,0.0,0.0,128.54,,,,0,0.0,0.0,,"C:\Users\CAOSD\projects\tool-security-rules\..\scriptJsonToUvl\yamls_agrupation\small\storage.k8s.io.v1.VolumeAttachment28.yaml - VolumeAttachment 3{{ generateName }} is invalid: problem validating schema. Check JSON formatting: jsonschema validation failed with 'https://raw.githubusercontent.com/yannh/kubernetes-json-schema/master/master-standalone-strict/volumeattachment-storage-v1.json#' - at '/metadata': additional properties 'clusterName' not allowed | Summary: 1 resource found in 1 file - Valid: 0, Invalid: 1, Errors: 0, Skipped: 0"
storage.k8s.io.v1.VolumeAttachment29.yaml,Unknown,SCHEMA_ERROR,,,,,,0,0,0,0,0.0,0.0,0.0,127.88,,,,0,0.0,0.0,,"C:\Users\CAOSD\projects\tool-security-rules\..\scriptJsonToUvl\yamls_agrupation\small\storage.k8s.io.v1.VolumeAttachment29.yaml - VolumeAttachment 3{{ generateName }} is invalid: problem validating schema. Check JSON formatting: jsonschema validation failed with 'https://raw.githubusercontent.com/yannh/kubernetes-json-schema/master/master-standalone-strict/volumeattachment-storage-v1.json#' - at '/metadata': additional properties 'clusterName' not allowed | Summary: 1 resource found in 1 file - Valid: 0, Invalid: 1, Errors: 0, Skipped: 0"
storage.k8s.io.v1.VolumeAttachment39.yaml,Unknown,SCHEMA_ERROR,,,,,,0,0,0,0,0.0,0.0,0.0,140.62,,,,0,0.0,0.0,,"C:\Users\CAOSD\projects\tool-security-rules\..\scriptJsonToUvl\yamls_agrupation\small\storage.k8s.io.v1.VolumeAttachment39.yaml - VolumeAttachment 3{{ generateName }} is invalid: problem validating schema. Check JSON formatting: jsonschema validation failed with 'https://raw.githubusercontent.com/yannh/kubernetes-json-schema/master/master-standalone-strict/volumeattachment-storage-v1.json#' - at '/metadata': additional properties 'clusterName' not allowed | Summary: 1 resource found in 1 file - Valid: 0, Invalid: 1, Errors: 0, Skipped: 0"
storage.k8s.io.v1.VolumeAttachment40.yaml,Unknown,SCHEMA_ERROR,,,,,,0,0,0,0,0.0,0.0,0.0,128.27,,,,0,0.0,0.0,,"C:\Users\CAOSD\projects\tool-security-rules\..\scriptJsonToUvl\yamls_agrupation\small\storage.k8s.io.v1.VolumeAttachment40.yaml - VolumeAttachment 3{{ generateName }} is invalid: problem validating schema. Check JSON formatting: jsonschema validation failed with 'https://raw.githubusercontent.com/yannh/kubernetes-json-schema/master/master-standalone-strict/volumeattachment-storage-v1.json#' - at '/metadata': additional properties 'clusterName' not allowed | Summary: 1 resource found in 1 file - Valid: 0, Invalid: 1, Errors: 0, Skipped: 0"
storage.k8s.io.v1.VolumeAttachment41.yaml,Unknown,SCHEMA_ERROR,,,,,,0,0,0,0,0.0,0.0,0.0,131.47,,,,0,0.0,0.0,,"C:\Users\CAOSD\projects\tool-security-rules\..\scriptJsonToUvl\yamls_agrupation\small\storage.k8s.io.v1.VolumeAttachment41.yaml - VolumeAttachment 3{{ generateName }} is invalid: problem validating schema. Check JSON formatting: jsonschema validation failed with 'https://raw.githubusercontent.com/yannh/kubernetes-json-schema/master/master-standalone-strict/volumeattachment-storage-v1.json#' - at '/metadata': additional properties 'clusterName' not allowed | Summary: 1 resource found in 1 file - Valid: 0, Invalid: 1, Errors: 0, Skipped: 0"
sts-mysql.yaml,StatefulSet,31,7,2,9,76.07,16.0,0,67,424,176,4992,130.44,605.44,92.94,698.38,True,True,39,2,89.12,100.0,"{'no_root': 'trivy', 'kubernetes_primary_supplementary_gid': 'trivy', 'kubernetes_drop_default_capabilities': 'trivy', 'use_high_gid': 'trivy', 'kubernetes_use_readonly_filesystem': 'trivy', 'kubernetes_drop_unused_capabilities': 'trivy', 'use_high_uid': 'trivy', 'memoryLimitsMissing': 'polaris', 'cpuLimitsMissing': 'polaris'}",
sts-mysql1.yaml,StatefulSet,31,7,2,9,76.07,16.0,0,66,424,176,4992,132.77,609.58,90.91,700.49,True,True,38,1,89.6,100.0,"{'no_root': 'trivy', 'kubernetes_primary_supplementary_gid': 'trivy', 'kubernetes_drop_default_capabilities': 'trivy', 'use_high_gid': 'trivy', 'kubernetes_use_readonly_filesystem': 'trivy', 'kubernetes_drop_unused_capabilities': 'trivy', 'use_high_uid': 'trivy', 'memoryLimitsMissing': 'polaris', 'cpuLimitsMissing': 'polaris'}",
tekton-pipelines-controller-deploy.yaml,Deployment,31,2,4,6,80.77,32.5,0,94,422,51,10000,129.34,1156.42,110.38,1266.8,True,True,11,3,95.76,100.0,"{'Require_Multiple_Replicas': 'kyverno', 'kubernetes_use_readonly_filesystem': 'trivy', 'memoryLimitsMissing': 'polaris', 'memoryRequestsMissing': 'polaris', 'cpuLimitsMissing': 'polaris', 'cpuRequestsMissing': 'polaris'}",
tekton2_45.yaml,Deployment,31,2,4,6,80.77,32.5,0,82,422,51,10000,109.72,1014.36,102.89,1117.25,True,True,9,1,96.67,100.0,"{'Require_Multiple_Replicas': 'kyverno', 'kubernetes_use_readonly_filesystem': 'trivy', 'memoryLimitsMissing': 'polaris', 'memoryRequestsMissing': 'polaris', 'cpuLimitsMissing': 'polaris', 'cpuRequestsMissing': 'polaris'}",
tls-secret51.yaml,Secret,4,0,0,0,100.0,100.0,0,11,14,0,18,36.69,50.83,0.0,0.0,True,True,0,0,100.0,100.0,{},
tls-secret51_1.yaml,Secret,4,0,0,0,100.0,100.0,0,11,14,0,18,36.24,50.82,0.0,0.0,True,True,0,0,100.0,100.0,{},
tls-secret51_2.yaml,Secret,4,0,0,0,100.0,100.0,0,11,14,0,18,35.89,50.08,0.0,0.0,True,True,0,0,100.0,100.0,{},
tls-secret51_3.yaml,Secret,4,0,0,0,100.0,100.0,0,11,14,0,18,33.42,47.74,0.0,0.0,True,True,0,0,100.0,100.0,{},
traefik17.yaml,Pod,61,10,6,16,76.52,0.0,0,126,481,113,10000,348.06,2066.43,143.99,2210.42,True,True,19,11,92.65,100.0,"{'Restrict_node_selection': 'kyverno', 'no_root': 'trivy', 'kubernetes_primary_supplementary_gid': 'trivy', 'use_high_gid': 'trivy', 'Require_Run_As_Non_Root_User': 'kyverno', 'Check_supplementalGroups': 'kyverno', 'Require_imagePullPolicy_Always': 'kyverno', 'Require_Non_Root_Groups': 'kyverno', 'use_high_uid': 'trivy', 'Validate_User_ID_Group_ID_and_FS_Group': 'kyverno', 'memoryLimitsMissing': 'polaris', 'Require_Images_Use_Checksums': 'kyverno', 'memoryRequestsMissing': 'polaris', 'cpuLimitsMissing': 'polaris', 'Restrict_Image_Registries': 'kyverno', 'cpuRequestsMissing': 'polaris'}",
v0.13.10.metallb-frr1_23.yaml,DaemonSet,31,9,4,13,62.82,0.0,0,78,423,201,10000,165.2,1760.83,182.2,1943.03,True,True,84,23,78.42,100.0,"{'no_root': 'trivy', 'kubernetes_primary_supplementary_gid': 'trivy', 'kubernetes_drop_default_capabilities': 'trivy', 'use_high_gid': 'trivy', 'kubernetes_use_readonly_filesystem': 'trivy', 'kubernetes_drop_unused_capabilities': 'trivy', 'no_host_network': 'trivy', 'use_high_uid': 'trivy', 'kubernetes_no_non_default_capabilities': 'trivy', 'memoryLimitsMissing': 'polaris', 'memoryRequestsMissing': 'polaris', 'cpuLimitsMissing': 'polaris', 'cpuRequestsMissing': 'polaris'}",
v0.13.10.metallb-frr_23.yaml,DaemonSet,31,9,4,13,62.82,0.0,0,78,423,201,10000,142.57,1732.26,182.71,1914.97,True,True,84,23,78.42,100.0,"{'no_root': 'trivy', 'kubernetes_primary_supplementary_gid': 'trivy', 'kubernetes_drop_default_capabilities': 'trivy', 'use_high_gid': 'trivy', 'kubernetes_use_readonly_filesystem': 'trivy', 'kubernetes_drop_unused_capabilities': 'trivy', 'no_host_network': 'trivy', 'use_high_uid': 'trivy', 'kubernetes_no_non_default_capabilities': 'trivy', 'memoryLimitsMissing': 'polaris', 'memoryRequestsMissing': 'polaris', 'cpuLimitsMissing': 'polaris', 'cpuRequestsMissing': 'polaris'}",
v0.13.12.metallb-frr1_23.yaml,DaemonSet,31,9,4,13,62.82,0.0,0,78,423,201,10000,154.15,1747.23,182.82,1930.05,True,True,84,23,78.42,100.0,"{'no_root': 'trivy', 'kubernetes_primary_supplementary_gid': 'trivy', 'kubernetes_drop_default_capabilities': 'trivy', 'use_high_gid': 'trivy', 'kubernetes_use_readonly_filesystem': 'trivy', 'kubernetes_drop_unused_capabilities': 'trivy', 'no_host_network': 'trivy', 'use_high_uid': 'trivy', 'kubernetes_no_non_default_capabilities': 'trivy', 'memoryLimitsMissing': 'polaris', 'memoryRequestsMissing': 'polaris', 'cpuLimitsMissing': 'polaris', 'cpuRequestsMissing': 'polaris'}",
v0.13.12.metallb-frr_23.yaml,DaemonSet,31,9,4,13,62.82,0.0,0,78,423,201,10000,160.01,2184.83,183.45,2368.28,True,True,84,23,78.42,100.0,"{'no_root': 'trivy', 'kubernetes_primary_supplementary_gid': 'trivy', 'kubernetes_drop_default_capabilities': 'trivy', 'use_high_gid': 'trivy', 'kubernetes_use_readonly_filesystem': 'trivy', 'kubernetes_drop_unused_capabilities': 'trivy', 'no_host_network': 'trivy', 'use_high_uid': 'trivy', 'kubernetes_no_non_default_capabilities': 'trivy', 'memoryLimitsMissing': 'polaris', 'memoryRequestsMissing': 'polaris', 'cpuLimitsMissing': 'polaris', 'cpuRequestsMissing': 'polaris'}",
v0.13.4.metallb-frr_24.yaml,DaemonSet,31,9,4,13,62.82,0.0,0,64,423,201,10000,154.04,1431.92,165.49,1597.41,True,True,84,23,76.25,100.0,"{'no_root': 'trivy', 'kubernetes_primary_supplementary_gid': 'trivy', 'kubernetes_drop_default_capabilities': 'trivy', 'use_high_gid': 'trivy', 'kubernetes_use_readonly_filesystem': 'trivy', 'kubernetes_drop_unused_capabilities': 'trivy', 'no_host_network': 'trivy', 'use_high_uid': 'trivy', 'kubernetes_no_non_default_capabilities': 'trivy', 'memoryLimitsMissing': 'polaris', 'memoryRequestsMissing': 'polaris', 'cpuLimitsMissing': 'polaris', 'cpuRequestsMissing': 'polaris'}",
v0.13.7.metallb-frr_22.yaml,DaemonSet,31,9,4,13,62.82,0.0,0,64,423,201,10000,149.32,1416.38,164.1,1580.48,True,True,84,23,76.25,100.0,"{'no_root': 'trivy', 'kubernetes_primary_supplementary_gid': 'trivy', 'kubernetes_drop_default_capabilities': 'trivy', 'use_high_gid': 'trivy', 'kubernetes_use_readonly_filesystem': 'trivy', 'kubernetes_drop_unused_capabilities': 'trivy', 'no_host_network': 'trivy', 'use_high_uid': 'trivy', 'kubernetes_no_non_default_capabilities': 'trivy', 'memoryLimitsMissing': 'polaris', 'memoryRequestsMissing': 'polaris', 'cpuLimitsMissing': 'polaris', 'cpuRequestsMissing': 'polaris'}",
v0.13.9.metallb-frr_22.yaml,DaemonSet,31,9,4,13,62.82,0.0,0,78,423,201,10000,156.76,1639.01,179.16,1818.17,True,True,84,23,77.8,100.0,"{'no_root': 'trivy', 'kubernetes_primary_supplementary_gid': 'trivy', 'kubernetes_drop_default_capabilities': 'trivy', 'use_high_gid': 'trivy', 'kubernetes_use_readonly_filesystem': 'trivy', 'kubernetes_drop_unused_capabilities': 'trivy', 'no_host_network': 'trivy', 'use_high_uid': 'trivy', 'kubernetes_no_non_default_capabilities': 'trivy', 'memoryLimitsMissing': 'polaris', 'memoryRequestsMissing': 'polaris', 'cpuLimitsMissing': 'polaris', 'cpuRequestsMissing': 'polaris'}",
vsphere-csi-driver_11.yaml,Unknown,SCHEMA_ERROR,,,,,,0,0,0,0,0.0,0.0,0.0,287.55,,,,0,0.0,0.0,,"C:\Users\CAOSD\projects\tool-security-rules\..\scriptJsonToUvl\yamls_agrupation\small\vsphere-csi-driver_11.yaml - Deployment vsphere-csi-controller is invalid: problem validating schema. Check JSON formatting: jsonschema validation failed with 'https://raw.githubusercontent.com/yannh/kubernetes-json-schema/master/master-standalone-strict/deployment-apps-v1.json#' - at '/spec/replicas': got string, want null or integer | Summary: 1 resource found in 1 file - Valid: 0, Invalid: 1, Errors: 0, Skipped: 0"
waypoint-no-network-label_2.yaml,Deployment,31,6,0,6,83.33,41.5,0,85,422,136,10000,130.0,1740.4,142.77,1883.17,True,True,9,10,95.29,100.0,"{'kubernetes_default_namespace_should_not_be_used': 'trivy', 'Require_Multiple_Replicas': 'kyverno', 'no_root': 'trivy', 'use_high_gid': 'trivy', 'kubernetes_use_readonly_filesystem': 'trivy', 'use_high_uid': 'trivy'}",
worker-sts.yaml,StatefulSet,31,5,4,9,74.36,10.0,0,133,424,125,10000,227.61,2282.95,181.6,2464.55,True,True,28,7,93.31,100.0,"{'no_root': 'trivy', 'kubernetes_primary_supplementary_gid': 'trivy', 'use_high_gid': 'trivy', 'kubernetes_use_readonly_filesystem': 'trivy', 'use_high_uid': 'trivy', 'memoryLimitsMissing': 'polaris', 'memoryRequestsMissing': 'polaris', 'cpuLimitsMissing': 'polaris', 'cpuRequestsMissing': 'polaris'}",
