Filename,Kind,Policies_Evaluated,Orig_AST_Alerts,Orig_Regex_Alerts,Total_Initial_Alerts,Security_Score,Rem_Alerts,N_Features,N_Features_in_Policies_Complete,N_Features_in_Policies_Failed,N_Configurations,T_AST_ms,T_Detection_ms,T_AST_Remed_ms,T_Total_Pipeline_ms,Is_Fully_Secure,Is_K8s_Rem_Valid,AST_Lines_Added,AST_Lines_Removed,Patch_Similarity_%,Comments_Retention_%,Failed_Policies_Details,Kubeconform_Error
.cmp_2.yaml,Unknown,SCHEMA_ERROR,,,,,,0,0,0,0,0.0,0.0,0.0,270.59,,,,0,0.0,0.0,,"C:\Users\CAOSD\projects\tool-security-rules\..\scriptJsonToUvl\yamls_agrupation\tiny\.cmp_2.yaml - Deployment argocd-repo-server is invalid: problem validating schema. Check JSON formatting: jsonschema validation failed with 'https://raw.githubusercontent.com/yannh/kubernetes-json-schema/master/master-standalone-strict/deployment-apps-v1.json#' - at '/spec': missing property 'selector' | Summary: 1 resource found in 1 file - Valid: 0, Invalid: 1, Errors: 0, Skipped: 0"
.delete-hook.yaml,Job,31,7,6,13,62.82,1,24,420,176,2,1425.45,1467.67,43.04,1510.71,False,True,34,19,44.21,100.0,"{'kubernetes_drop_unused_capabilities': 'trivy', 'no_root': 'trivy', 'kubernetes_use_readonly_filesystem': 'trivy', 'use_high_gid': 'trivy', 'use_high_uid': 'trivy', 'kubernetes_drop_default_capabilities': 'trivy', 'kubernetes_primary_supplementary_gid': 'trivy', 'Restrict_Jobs': 'kyverno', 'cpuLimitsMissing': 'polaris', 'cpuRequestsMissing': 'polaris', 'memoryLimitsMissing': 'polaris', 'tagNotSpecified': 'polaris', 'memoryRequestsMissing': 'polaris'}",
.rc-template.yaml,ReplicationController,25,7,0,7,77.78,0,19,420,176,4,834.54,875.17,20.85,896.02,True,True,10,2,81.25,100.0,"{'kubernetes_drop_unused_capabilities': 'trivy', 'no_root': 'trivy', 'kubernetes_use_readonly_filesystem': 'trivy', 'use_high_gid': 'trivy', 'use_high_uid': 'trivy', 'kubernetes_drop_default_capabilities': 'trivy', 'kubernetes_primary_supplementary_gid': 'trivy'}",
.rs-template.yaml,ReplicaSet,30,7,5,12,64.76,0,23,420,176,4,765.68,812.93,27.28,840.21,True,True,17,2,81.19,100.0,"{'kubernetes_drop_unused_capabilities': 'trivy', 'no_root': 'trivy', 'kubernetes_use_readonly_filesystem': 'trivy', 'use_high_gid': 'trivy', 'use_high_uid': 'trivy', 'kubernetes_drop_default_capabilities': 'trivy', 'kubernetes_primary_supplementary_gid': 'trivy', 'cpuLimitsMissing': 'polaris', 'cpuRequestsMissing': 'polaris', 'memoryLimitsMissing': 'polaris', 'tagNotSpecified': 'polaris', 'memoryRequestsMissing': 'polaris'}",
.serviceaccount.yaml,ServiceAccount,3,0,0,0,100.0,0,7,7,0,1,302.73,316.4,0.0,0.0,True,True,0,0,100.0,100.0,{},
.template.yaml,Deployment,31,7,5,12,65.81,0,23,422,176,4,721.43,768.32,37.83,806.15,True,True,18,3,74.7,100.0,"{'kubernetes_drop_unused_capabilities': 'trivy', 'no_root': 'trivy', 'kubernetes_use_readonly_filesystem': 'trivy', 'use_high_gid': 'trivy', 'use_high_uid': 'trivy', 'kubernetes_drop_default_capabilities': 'trivy', 'kubernetes_primary_supplementary_gid': 'trivy', 'cpuLimitsMissing': 'polaris', 'cpuRequestsMissing': 'polaris', 'memoryLimitsMissing': 'polaris', 'tagNotSpecified': 'polaris', 'memoryRequestsMissing': 'polaris'}",
0-cluster-autoscaler.yaml,ServiceAccount,3,0,0,0,100.0,0,11,7,0,2,164.88,179.18,0.0,0.0,True,True,0,0,100.0,100.0,{},
0-cluster-autoscaler1.yaml,ServiceAccount,3,0,0,0,100.0,0,11,7,0,2,34.74,48.56,0.0,0.0,True,True,0,0,100.0,100.0,{},
0-cluster-autoscaler1_3.yaml,ClusterRoleBinding,4,0,0,0,100.0,0,16,12,0,2,507.78,522.03,0.0,0.0,True,True,0,0,100.0,100.0,{},
0-cluster-autoscaler1_4.yaml,RoleBinding,4,0,0,0,100.0,0,17,12,0,2,417.79,432.47,0.0,0.0,True,True,0,0,100.0,100.0,{},
0-cluster-autoscaler1_5.yaml,Deployment,31,9,0,9,76.07,0,44,422,187,36,510.59,616.8,37.65,654.45,True,True,9,5,86.27,100.0,"{'kubernetes_drop_unused_capabilities': 'trivy', 'no_root': 'trivy', 'kubernetes_use_readonly_filesystem': 'trivy', 'use_high_gid': 'trivy', 'no_mounted_hostpath': 'trivy', 'use_high_uid': 'trivy', 'kubernetes_drop_default_capabilities': 'trivy', 'kubernetes_primary_supplementary_gid': 'trivy', 'Require_Multiple_Replicas': 'kyverno'}",
0-cluster-autoscaler_3.yaml,ClusterRoleBinding,4,0,0,0,100.0,0,16,12,0,2,36.15,50.84,0.0,0.0,True,True,0,0,100.0,100.0,{},
0-cluster-autoscaler_4.yaml,RoleBinding,4,0,0,0,100.0,0,17,12,0,2,42.86,56.99,0.0,0.0,True,True,0,0,100.0,100.0,{},
0-cluster-autoscaler_5.yaml,Deployment,31,9,0,9,76.07,0,44,422,187,36,236.72,340.31,33.66,373.97,True,True,9,5,86.27,100.0,"{'kubernetes_drop_unused_capabilities': 'trivy', 'no_root': 'trivy', 'kubernetes_use_readonly_filesystem': 'trivy', 'use_high_gid': 'trivy', 'no_mounted_hostpath': 'trivy', 'use_high_uid': 'trivy', 'kubernetes_drop_default_capabilities': 'trivy', 'kubernetes_primary_supplementary_gid': 'trivy', 'Require_Multiple_Replicas': 'kyverno'}",
0-cluster-role.yaml,ClusterRoleBinding,4,1,0,1,79.41,0,13,12,4,1,53.74,68.66,10.56,79.22,True,True,4,5,64.0,100.0,{'Restrict_Binding_to_Cluster_Admin': 'kyverno'},
0-cluster-role1.yaml,ClusterRoleBinding,4,1,0,1,79.41,0,13,12,4,1,54.24,68.22,10.31,78.53,True,True,4,5,64.0,100.0,{'Restrict_Binding_to_Cluster_Admin': 'kyverno'},
0-cronjob.yaml,CronJob,30,7,4,11,69.16,0,17,420,176,2,776.58,811.75,22.65,834.4,True,True,18,4,56.0,100.0,"{'kubernetes_drop_unused_capabilities': 'trivy', 'no_root': 'trivy', 'kubernetes_use_readonly_filesystem': 'trivy', 'use_high_gid': 'trivy', 'use_high_uid': 'trivy', 'kubernetes_drop_default_capabilities': 'trivy', 'kubernetes_primary_supplementary_gid': 'trivy', 'cpuLimitsMissing': 'polaris', 'cpuRequestsMissing': 'polaris', 'memoryLimitsMissing': 'polaris', 'memoryRequestsMissing': 'polaris'}",
0-cronjob1.yaml,CronJob,30,7,5,12,64.76,0,23,420,176,3,273.21,320.83,48.11,368.94,True,True,16,1,72.13,100.0,"{'kubernetes_drop_unused_capabilities': 'trivy', 'no_root': 'trivy', 'kubernetes_use_readonly_filesystem': 'trivy', 'use_high_gid': 'trivy', 'use_high_uid': 'trivy', 'kubernetes_drop_default_capabilities': 'trivy', 'kubernetes_primary_supplementary_gid': 'trivy', 'cpuLimitsMissing': 'polaris', 'cpuRequestsMissing': 'polaris', 'memoryLimitsMissing': 'polaris', 'tagNotSpecified': 'polaris', 'memoryRequestsMissing': 'polaris'}",
0-cronjob2.yaml,CronJob,30,7,4,11,69.16,0,17,420,176,2,149.76,186.2,22.18,208.38,True,True,18,4,56.0,100.0,"{'kubernetes_drop_unused_capabilities': 'trivy', 'no_root': 'trivy', 'kubernetes_use_readonly_filesystem': 'trivy', 'use_high_gid': 'trivy', 'use_high_uid': 'trivy', 'kubernetes_drop_default_capabilities': 'trivy', 'kubernetes_primary_supplementary_gid': 'trivy', 'cpuLimitsMissing': 'polaris', 'cpuRequestsMissing': 'polaris', 'memoryLimitsMissing': 'polaris', 'memoryRequestsMissing': 'polaris'}",
0-dashboard1_1.yaml,ServiceAccount,3,0,0,0,100.0,0,8,7,0,1,41.31,54.86,0.0,0.0,True,True,0,0,100.0,100.0,{},
0-dashboard1_10.yaml,ClusterRoleBinding,4,0,0,0,100.0,0,13,12,0,1,36.9,51.17,0.0,0.0,True,True,0,0,100.0,100.0,{},
0-dashboard1_11.yaml,Deployment,31,6,4,10,73.5,0,61,422,152,8,691.84,843.0,51.44,894.44,True,True,14,4,85.48,100.0,"{'kubernetes_drop_unused_capabilities': 'trivy', 'no_root': 'trivy', 'use_high_gid': 'trivy', 'use_high_uid': 'trivy', 'kubernetes_drop_default_capabilities': 'trivy', 'Require_Multiple_Replicas': 'kyverno', 'cpuLimitsMissing': 'polaris', 'cpuRequestsMissing': 'polaris', 'memoryLimitsMissing': 'polaris', 'memoryRequestsMissing': 'polaris'}",
0-dashboard1_12.yaml,Service,6,1,0,1,84.44,0,16,13,2,1,567.67,582.31,10.4,592.71,True,True,1,1,92.31,100.0,{'Restrict_Service_Port_Range': 'kyverno'},
0-dashboard1_13.yaml,Deployment,31,6,4,10,73.5,0,58,422,152,1,135.96,266.45,42.96,309.41,True,True,14,4,83.64,100.0,"{'kubernetes_drop_unused_capabilities': 'trivy', 'no_root': 'trivy', 'use_high_gid': 'trivy', 'use_high_uid': 'trivy', 'kubernetes_drop_default_capabilities': 'trivy', 'Require_Multiple_Replicas': 'kyverno', 'cpuLimitsMissing': 'polaris', 'cpuRequestsMissing': 'polaris', 'memoryLimitsMissing': 'polaris', 'memoryRequestsMissing': 'polaris'}",
0-dashboard1_2.yaml,Service,6,1,0,1,84.44,0,16,13,2,1,58.6,73.51,11.04,84.55,True,True,1,1,92.31,100.0,{'Restrict_Service_Port_Range': 'kyverno'},
0-dashboard1_3.yaml,Secret,4,0,0,0,100.0,0,9,14,0,1,307.51,321.33,0.0,0.0,True,True,0,0,100.0,100.0,{},
0-dashboard1_4.yaml,Secret,4,0,0,0,100.0,0,11,14,0,1,89.65,103.23,0.0,0.0,True,True,0,0,100.0,100.0,{},
0-dashboard1_5.yaml,Secret,4,0,0,0,100.0,0,9,14,0,1,34.62,48.44,0.0,0.0,True,True,0,0,100.0,100.0,{},
0-dashboard1_9.yaml,RoleBinding,4,0,0,0,100.0,0,17,12,0,1,34.57,48.83,0.0,0.0,True,True,0,0,100.0,100.0,{},
0-dashboard_1.yaml,ServiceAccount,3,0,0,0,100.0,0,8,7,0,1,36.92,50.66,0.0,0.0,True,True,0,0,100.0,100.0,{},
0-dashboard_10.yaml,ClusterRoleBinding,4,0,0,0,100.0,0,13,12,0,1,35.98,50.37,0.0,0.0,True,True,0,0,100.0,100.0,{},
0-dashboard_11.yaml,Deployment,31,6,4,10,73.5,0,61,422,152,8,162.83,316.69,47.6,364.29,True,True,14,4,85.48,100.0,"{'kubernetes_drop_unused_capabilities': 'trivy', 'no_root': 'trivy', 'use_high_gid': 'trivy', 'use_high_uid': 'trivy', 'kubernetes_drop_default_capabilities': 'trivy', 'Require_Multiple_Replicas': 'kyverno', 'cpuLimitsMissing': 'polaris', 'cpuRequestsMissing': 'polaris', 'memoryLimitsMissing': 'polaris', 'memoryRequestsMissing': 'polaris'}",
0-dashboard_12.yaml,Service,6,1,0,1,84.44,0,16,13,2,1,58.97,73.77,10.43,84.2,True,True,1,1,92.31,100.0,{'Restrict_Service_Port_Range': 'kyverno'},
0-dashboard_13.yaml,Deployment,31,6,4,10,73.5,0,58,422,152,1,155.32,284.07,57.85,341.92,True,True,14,4,83.64,100.0,"{'kubernetes_drop_unused_capabilities': 'trivy', 'no_root': 'trivy', 'use_high_gid': 'trivy', 'use_high_uid': 'trivy', 'kubernetes_drop_default_capabilities': 'trivy', 'Require_Multiple_Replicas': 'kyverno', 'cpuLimitsMissing': 'polaris', 'cpuRequestsMissing': 'polaris', 'memoryLimitsMissing': 'polaris', 'memoryRequestsMissing': 'polaris'}",
0-dashboard_2.yaml,Service,6,1,0,1,84.44,0,16,13,2,1,58.01,72.94,10.5,83.44,True,True,1,1,92.31,100.0,{'Restrict_Service_Port_Range': 'kyverno'},
0-dashboard_3.yaml,Secret,4,0,0,0,100.0,0,9,14,0,1,39.98,53.74,0.0,0.0,True,True,0,0,100.0,100.0,{},
0-dashboard_4.yaml,Secret,4,0,0,0,100.0,0,11,14,0,1,34.71,48.56,0.0,0.0,True,True,0,0,100.0,100.0,{},
0-dashboard_5.yaml,Secret,4,0,0,0,100.0,0,9,14,0,1,34.79,48.6,0.0,0.0,True,True,0,0,100.0,100.0,{},
0-dashboard_9.yaml,RoleBinding,4,0,0,0,100.0,0,17,12,0,1,36.49,50.84,0.0,0.0,True,True,0,0,100.0,100.0,{},
0-demo.pv.yaml,PersistentVolume,1,0,1,1,0.0,0,12,0,0,1,394.54,410.74,9.55,420.29,True,True,1,1,91.67,100.0,{'Limit_hostPath_PersistentVolumes_to_Specific_Directories': 'kyverno'},
0-dep-vn.yaml,Deployment,31,7,2,9,76.07,0,30,422,176,24,263.3,336.45,31.79,368.24,True,True,13,2,80.52,100.0,"{'kubernetes_drop_unused_capabilities': 'trivy', 'no_root': 'trivy', 'kubernetes_use_readonly_filesystem': 'trivy', 'use_high_gid': 'trivy', 'use_high_uid': 'trivy', 'kubernetes_drop_default_capabilities': 'trivy', 'kubernetes_primary_supplementary_gid': 'trivy', 'cpuLimitsMissing': 'polaris', 'memoryLimitsMissing': 'polaris'}",
0-dep-vn1.yaml,Deployment,31,7,2,9,76.07,0,30,422,176,24,160.39,236.83,31.93,268.76,True,True,13,2,80.52,100.0,"{'kubernetes_drop_unused_capabilities': 'trivy', 'no_root': 'trivy', 'kubernetes_use_readonly_filesystem': 'trivy', 'use_high_gid': 'trivy', 'use_high_uid': 'trivy', 'kubernetes_drop_default_capabilities': 'trivy', 'kubernetes_primary_supplementary_gid': 'trivy', 'cpuLimitsMissing': 'polaris', 'memoryLimitsMissing': 'polaris'}",
0-deployment.yaml,Deployment,31,9,4,13,64.96,0,22,422,188,1,181.57,224.2,26.46,250.66,True,True,17,2,65.45,100.0,"{'kubernetes_drop_unused_capabilities': 'trivy', 'no_root': 'trivy', 'kubernetes_use_readonly_filesystem': 'trivy', 'use_high_gid': 'trivy', 'use_high_uid': 'trivy', 'kubernetes_drop_default_capabilities': 'trivy', 'kubernetes_default_namespace_should_not_be_used': 'trivy', 'kubernetes_primary_supplementary_gid': 'trivy', 'Require_Multiple_Replicas': 'kyverno', 'cpuLimitsMissing': 'polaris', 'cpuRequestsMissing': 'polaris', 'memoryLimitsMissing': 'polaris', 'memoryRequestsMissing': 'polaris'}",
0-deployment1.yaml,Deployment,31,9,4,13,64.96,0,22,422,188,1,198.11,242.33,24.42,266.75,True,True,17,2,65.45,100.0,"{'kubernetes_drop_unused_capabilities': 'trivy', 'no_root': 'trivy', 'kubernetes_use_readonly_filesystem': 'trivy', 'use_high_gid': 'trivy', 'use_high_uid': 'trivy', 'kubernetes_drop_default_capabilities': 'trivy', 'kubernetes_default_namespace_should_not_be_used': 'trivy', 'kubernetes_primary_supplementary_gid': 'trivy', 'Require_Multiple_Replicas': 'kyverno', 'cpuLimitsMissing': 'polaris', 'cpuRequestsMissing': 'polaris', 'memoryLimitsMissing': 'polaris', 'memoryRequestsMissing': 'polaris'}",
0-deployment10.yaml,Deployment,31,9,0,9,76.92,0,27,422,188,8,189.94,253.75,27.41,281.16,True,True,24,16,41.18,100.0,"{'kubernetes_drop_unused_capabilities': 'trivy', 'no_root': 'trivy', 'kubernetes_use_readonly_filesystem': 'trivy', 'use_high_gid': 'trivy', 'use_high_uid': 'trivy', 'kubernetes_drop_default_capabilities': 'trivy', 'kubernetes_default_namespace_should_not_be_used': 'trivy', 'kubernetes_primary_supplementary_gid': 'trivy', 'Require_Multiple_Replicas': 'kyverno'}",
0-deployment11.yaml,Deployment,31,9,4,13,64.96,0,23,422,188,1,177.67,223.07,25.33,248.4,True,True,22,8,48.28,100.0,"{'kubernetes_drop_unused_capabilities': 'trivy', 'no_root': 'trivy', 'kubernetes_use_readonly_filesystem': 'trivy', 'use_high_gid': 'trivy', 'use_high_uid': 'trivy', 'kubernetes_drop_default_capabilities': 'trivy', 'kubernetes_default_namespace_should_not_be_used': 'trivy', 'kubernetes_primary_supplementary_gid': 'trivy', 'Require_Multiple_Replicas': 'kyverno', 'cpuLimitsMissing': 'polaris', 'cpuRequestsMissing': 'polaris', 'memoryLimitsMissing': 'polaris', 'memoryRequestsMissing': 'polaris'}",
0-deployment12.yaml,Deployment,31,9,4,13,64.96,0,23,422,188,1,168.82,209.49,24.8,234.29,True,True,23,8,47.46,100.0,"{'kubernetes_drop_unused_capabilities': 'trivy', 'no_root': 'trivy', 'kubernetes_use_readonly_filesystem': 'trivy', 'use_high_gid': 'trivy', 'use_high_uid': 'trivy', 'kubernetes_drop_default_capabilities': 'trivy', 'kubernetes_default_namespace_should_not_be_used': 'trivy', 'kubernetes_primary_supplementary_gid': 'trivy', 'Require_Multiple_Replicas': 'kyverno', 'cpuLimitsMissing': 'polaris', 'cpuRequestsMissing': 'polaris', 'memoryLimitsMissing': 'polaris', 'memoryRequestsMissing': 'polaris'}",
0-deployment13.yaml,Deployment,31,7,4,11,70.09,0,21,422,176,1,204.38,245.18,36.28,281.46,True,True,19,5,55.56,100.0,"{'kubernetes_drop_unused_capabilities': 'trivy', 'no_root': 'trivy', 'kubernetes_use_readonly_filesystem': 'trivy', 'use_high_gid': 'trivy', 'use_high_uid': 'trivy', 'kubernetes_drop_default_capabilities': 'trivy', 'kubernetes_primary_supplementary_gid': 'trivy', 'cpuLimitsMissing': 'polaris', 'cpuRequestsMissing': 'polaris', 'memoryLimitsMissing': 'polaris', 'memoryRequestsMissing': 'polaris'}",
0-deployment14.yaml,Deployment,31,7,4,11,70.09,0,30,422,176,1,376.1,430.75,28.86,459.61,True,True,24,10,51.43,100.0,"{'kubernetes_drop_unused_capabilities': 'trivy', 'no_root': 'trivy', 'kubernetes_use_readonly_filesystem': 'trivy', 'use_high_gid': 'trivy', 'use_high_uid': 'trivy', 'kubernetes_drop_default_capabilities': 'trivy', 'kubernetes_primary_supplementary_gid': 'trivy', 'cpuLimitsMissing': 'polaris', 'cpuRequestsMissing': 'polaris', 'memoryLimitsMissing': 'polaris', 'memoryRequestsMissing': 'polaris'}",
0-deployment15.yaml,Deployment,31,8,1,9,74.79,0,27,422,178,4,155.28,212.35,26.58,238.93,True,True,10,2,81.25,100.0,"{'kubernetes_drop_unused_capabilities': 'trivy', 'no_root': 'trivy', 'kubernetes_use_readonly_filesystem': 'trivy', 'use_high_gid': 'trivy', 'use_high_uid': 'trivy', 'kubernetes_drop_default_capabilities': 'trivy', 'kubernetes_primary_supplementary_gid': 'trivy', 'Require_Multiple_Replicas': 'kyverno', 'tagNotSpecified': 'polaris'}",
0-deployment16.yaml,Deployment,31,8,5,13,62.82,0,27,422,178,7,282.57,373.32,44.98,418.3,True,True,18,3,79.61,100.0,"{'kubernetes_drop_unused_capabilities': 'trivy', 'no_root': 'trivy', 'kubernetes_use_readonly_filesystem': 'trivy', 'use_high_gid': 'trivy', 'use_high_uid': 'trivy', 'kubernetes_drop_default_capabilities': 'trivy', 'kubernetes_primary_supplementary_gid': 'trivy', 'Require_Multiple_Replicas': 'kyverno', 'cpuLimitsMissing': 'polaris', 'cpuRequestsMissing': 'polaris', 'memoryLimitsMissing': 'polaris', 'tagNotSpecified': 'polaris', 'memoryRequestsMissing': 'polaris'}",
0-deployment17.yaml,Deployment,31,9,4,13,64.96,0,22,422,188,1,183.13,226.27,25.31,251.58,True,True,17,2,65.45,100.0,"{'kubernetes_drop_unused_capabilities': 'trivy', 'no_root': 'trivy', 'kubernetes_use_readonly_filesystem': 'trivy', 'use_high_gid': 'trivy', 'use_high_uid': 'trivy', 'kubernetes_drop_default_capabilities': 'trivy', 'kubernetes_default_namespace_should_not_be_used': 'trivy', 'kubernetes_primary_supplementary_gid': 'trivy', 'Require_Multiple_Replicas': 'kyverno', 'cpuLimitsMissing': 'polaris', 'cpuRequestsMissing': 'polaris', 'memoryLimitsMissing': 'polaris', 'memoryRequestsMissing': 'polaris'}",
0-deployment18.yaml,Deployment,31,9,4,13,64.96,0,22,422,188,1,163.31,206.37,25.09,231.46,True,True,17,2,65.45,100.0,"{'kubernetes_drop_unused_capabilities': 'trivy', 'no_root': 'trivy', 'kubernetes_use_readonly_filesystem': 'trivy', 'use_high_gid': 'trivy', 'use_high_uid': 'trivy', 'kubernetes_drop_default_capabilities': 'trivy', 'kubernetes_default_namespace_should_not_be_used': 'trivy', 'kubernetes_primary_supplementary_gid': 'trivy', 'Require_Multiple_Replicas': 'kyverno', 'cpuLimitsMissing': 'polaris', 'cpuRequestsMissing': 'polaris', 'memoryLimitsMissing': 'polaris', 'memoryRequestsMissing': 'polaris'}",
0-deployment19.yaml,Deployment,31,8,1,9,74.79,0,27,422,178,4,162.47,220.24,26.58,246.82,True,True,10,2,81.25,100.0,"{'kubernetes_drop_unused_capabilities': 'trivy', 'no_root': 'trivy', 'kubernetes_use_readonly_filesystem': 'trivy', 'use_high_gid': 'trivy', 'use_high_uid': 'trivy', 'kubernetes_drop_default_capabilities': 'trivy', 'kubernetes_primary_supplementary_gid': 'trivy', 'Require_Multiple_Replicas': 'kyverno', 'tagNotSpecified': 'polaris'}",
0-deployment2.yaml,Deployment,31,8,1,9,74.79,0,27,422,178,4,164.92,221.66,26.65,248.31,True,True,10,2,81.25,100.0,"{'kubernetes_drop_unused_capabilities': 'trivy', 'no_root': 'trivy', 'kubernetes_use_readonly_filesystem': 'trivy', 'use_high_gid': 'trivy', 'use_high_uid': 'trivy', 'kubernetes_drop_default_capabilities': 'trivy', 'kubernetes_primary_supplementary_gid': 'trivy', 'Require_Multiple_Replicas': 'kyverno', 'tagNotSpecified': 'polaris'}",
0-deployment20.yaml,Deployment,31,9,0,9,76.92,0,29,422,188,8,162.82,221.6,37.51,259.11,True,True,23,16,41.79,100.0,"{'kubernetes_drop_unused_capabilities': 'trivy', 'no_root': 'trivy', 'kubernetes_use_readonly_filesystem': 'trivy', 'use_high_gid': 'trivy', 'use_high_uid': 'trivy', 'kubernetes_drop_default_capabilities': 'trivy', 'kubernetes_default_namespace_should_not_be_used': 'trivy', 'kubernetes_primary_supplementary_gid': 'trivy', 'Require_Multiple_Replicas': 'kyverno'}",
0-deployment21.yaml,Deployment,31,7,4,11,70.09,0,34,422,176,1,381.92,446.02,40.33,486.35,True,True,15,1,79.49,100.0,"{'kubernetes_drop_unused_capabilities': 'trivy', 'no_root': 'trivy', 'kubernetes_use_readonly_filesystem': 'trivy', 'use_high_gid': 'trivy', 'use_high_uid': 'trivy', 'kubernetes_drop_default_capabilities': 'trivy', 'kubernetes_primary_supplementary_gid': 'trivy', 'cpuLimitsMissing': 'polaris', 'cpuRequestsMissing': 'polaris', 'memoryLimitsMissing': 'polaris', 'memoryRequestsMissing': 'polaris'}",
0-deployment22.yaml,Deployment,31,8,0,8,79.06,0,40,422,178,4,281.61,364.16,33.1,397.26,True,True,30,23,36.14,100.0,"{'kubernetes_drop_unused_capabilities': 'trivy', 'no_root': 'trivy', 'kubernetes_use_readonly_filesystem': 'trivy', 'use_high_gid': 'trivy', 'use_high_uid': 'trivy', 'kubernetes_drop_default_capabilities': 'trivy', 'kubernetes_primary_supplementary_gid': 'trivy', 'Require_Multiple_Replicas': 'kyverno'}",
0-deployment23.yaml,Deployment,31,9,4,13,64.96,0,22,422,188,1,181.12,224.34,25.58,249.92,True,True,21,7,50.0,100.0,"{'kubernetes_drop_unused_capabilities': 'trivy', 'no_root': 'trivy', 'kubernetes_use_readonly_filesystem': 'trivy', 'use_high_gid': 'trivy', 'use_high_uid': 'trivy', 'kubernetes_drop_default_capabilities': 'trivy', 'kubernetes_default_namespace_should_not_be_used': 'trivy', 'kubernetes_primary_supplementary_gid': 'trivy', 'Require_Multiple_Replicas': 'kyverno', 'cpuLimitsMissing': 'polaris', 'cpuRequestsMissing': 'polaris', 'memoryLimitsMissing': 'polaris', 'memoryRequestsMissing': 'polaris'}",
0-deployment24.yaml,Deployment,31,7,2,9,76.07,0,27,422,176,2,144.28,197.7,26.28,223.98,True,True,19,9,54.84,100.0,"{'kubernetes_drop_unused_capabilities': 'trivy', 'no_root': 'trivy', 'kubernetes_use_readonly_filesystem': 'trivy', 'use_high_gid': 'trivy', 'use_high_uid': 'trivy', 'kubernetes_drop_default_capabilities': 'trivy', 'kubernetes_primary_supplementary_gid': 'trivy', 'cpuLimitsMissing': 'polaris', 'memoryLimitsMissing': 'polaris'}",
0-deployment25.yaml,Deployment,31,9,4,13,64.96,0,25,422,188,1,196.31,245.19,26.8,271.99,True,True,24,10,45.16,100.0,"{'kubernetes_drop_unused_capabilities': 'trivy', 'no_root': 'trivy', 'kubernetes_use_readonly_filesystem': 'trivy', 'use_high_gid': 'trivy', 'use_high_uid': 'trivy', 'kubernetes_drop_default_capabilities': 'trivy', 'kubernetes_default_namespace_should_not_be_used': 'trivy', 'kubernetes_primary_supplementary_gid': 'trivy', 'Require_Multiple_Replicas': 'kyverno', 'cpuLimitsMissing': 'polaris', 'cpuRequestsMissing': 'polaris', 'memoryLimitsMissing': 'polaris', 'memoryRequestsMissing': 'polaris'}",
0-deployment26.yaml,Deployment,31,9,0,9,76.92,0,27,422,188,4,163.77,220.83,25.99,246.82,True,True,22,14,43.75,100.0,"{'kubernetes_drop_unused_capabilities': 'trivy', 'no_root': 'trivy', 'kubernetes_use_readonly_filesystem': 'trivy', 'use_high_gid': 'trivy', 'use_high_uid': 'trivy', 'kubernetes_drop_default_capabilities': 'trivy', 'kubernetes_default_namespace_should_not_be_used': 'trivy', 'kubernetes_primary_supplementary_gid': 'trivy', 'Require_Multiple_Replicas': 'kyverno'}",
0-deployment27.yaml,Deployment,31,9,0,9,76.92,0,27,422,188,8,184.73,246.88,27.3,274.18,True,True,24,16,41.18,100.0,"{'kubernetes_drop_unused_capabilities': 'trivy', 'no_root': 'trivy', 'kubernetes_use_readonly_filesystem': 'trivy', 'use_high_gid': 'trivy', 'use_high_uid': 'trivy', 'kubernetes_drop_default_capabilities': 'trivy', 'kubernetes_default_namespace_should_not_be_used': 'trivy', 'kubernetes_primary_supplementary_gid': 'trivy', 'Require_Multiple_Replicas': 'kyverno'}",
0-deployment28.yaml,Deployment,31,9,4,13,64.96,0,23,422,188,1,172.66,217.72,25.24,242.96,True,True,22,8,48.28,100.0,"{'kubernetes_drop_unused_capabilities': 'trivy', 'no_root': 'trivy', 'kubernetes_use_readonly_filesystem': 'trivy', 'use_high_gid': 'trivy', 'use_high_uid': 'trivy', 'kubernetes_drop_default_capabilities': 'trivy', 'kubernetes_default_namespace_should_not_be_used': 'trivy', 'kubernetes_primary_supplementary_gid': 'trivy', 'Require_Multiple_Replicas': 'kyverno', 'cpuLimitsMissing': 'polaris', 'cpuRequestsMissing': 'polaris', 'memoryLimitsMissing': 'polaris', 'memoryRequestsMissing': 'polaris'}",
0-deployment29.yaml,Deployment,31,9,4,13,64.96,0,23,422,188,1,169.11,209.64,37.25,246.89,True,True,23,8,47.46,100.0,"{'kubernetes_drop_unused_capabilities': 'trivy', 'no_root': 'trivy', 'kubernetes_use_readonly_filesystem': 'trivy', 'use_high_gid': 'trivy', 'use_high_uid': 'trivy', 'kubernetes_drop_default_capabilities': 'trivy', 'kubernetes_default_namespace_should_not_be_used': 'trivy', 'kubernetes_primary_supplementary_gid': 'trivy', 'Require_Multiple_Replicas': 'kyverno', 'cpuLimitsMissing': 'polaris', 'cpuRequestsMissing': 'polaris', 'memoryLimitsMissing': 'polaris', 'memoryRequestsMissing': 'polaris'}",
0-deployment3.yaml,Deployment,31,9,0,9,76.92,0,29,422,188,8,166.24,224.66,26.77,251.43,True,True,23,16,41.79,100.0,"{'kubernetes_drop_unused_capabilities': 'trivy', 'no_root': 'trivy', 'kubernetes_use_readonly_filesystem': 'trivy', 'use_high_gid': 'trivy', 'use_high_uid': 'trivy', 'kubernetes_drop_default_capabilities': 'trivy', 'kubernetes_default_namespace_should_not_be_used': 'trivy', 'kubernetes_primary_supplementary_gid': 'trivy', 'Require_Multiple_Replicas': 'kyverno'}",
0-deployment30.yaml,Deployment,31,7,4,11,70.09,0,21,422,176,1,151.33,192.44,24.77,217.21,True,True,19,5,55.56,100.0,"{'kubernetes_drop_unused_capabilities': 'trivy', 'no_root': 'trivy', 'kubernetes_use_readonly_filesystem': 'trivy', 'use_high_gid': 'trivy', 'use_high_uid': 'trivy', 'kubernetes_drop_default_capabilities': 'trivy', 'kubernetes_primary_supplementary_gid': 'trivy', 'cpuLimitsMissing': 'polaris', 'cpuRequestsMissing': 'polaris', 'memoryLimitsMissing': 'polaris', 'memoryRequestsMissing': 'polaris'}",
0-deployment31.yaml,Deployment,31,7,4,11,70.09,0,30,422,176,1,160.1,213.97,28.86,242.83,True,True,24,10,51.43,100.0,"{'kubernetes_drop_unused_capabilities': 'trivy', 'no_root': 'trivy', 'kubernetes_use_readonly_filesystem': 'trivy', 'use_high_gid': 'trivy', 'use_high_uid': 'trivy', 'kubernetes_drop_default_capabilities': 'trivy', 'kubernetes_primary_supplementary_gid': 'trivy', 'cpuLimitsMissing': 'polaris', 'cpuRequestsMissing': 'polaris', 'memoryLimitsMissing': 'polaris', 'memoryRequestsMissing': 'polaris'}",
0-deployment32.yaml,Deployment,31,8,4,12,67.09,0,24,422,178,1,159.78,203.82,25.8,229.62,True,True,20,6,55.17,100.0,"{'kubernetes_drop_unused_capabilities': 'trivy', 'no_root': 'trivy', 'kubernetes_use_readonly_filesystem': 'trivy', 'use_high_gid': 'trivy', 'use_high_uid': 'trivy', 'kubernetes_drop_default_capabilities': 'trivy', 'kubernetes_primary_supplementary_gid': 'trivy', 'Require_Multiple_Replicas': 'kyverno', 'cpuLimitsMissing': 'polaris', 'cpuRequestsMissing': 'polaris', 'memoryLimitsMissing': 'polaris', 'memoryRequestsMissing': 'polaris'}",
0-deployment33.yaml,Deployment,31,8,4,12,67.09,0,31,422,178,1,270.53,329.88,30.52,360.4,True,True,26,12,47.22,100.0,"{'kubernetes_drop_unused_capabilities': 'trivy', 'no_root': 'trivy', 'kubernetes_use_readonly_filesystem': 'trivy', 'use_high_gid': 'trivy', 'use_high_uid': 'trivy', 'kubernetes_drop_default_capabilities': 'trivy', 'kubernetes_primary_supplementary_gid': 'trivy', 'Require_Multiple_Replicas': 'kyverno', 'cpuLimitsMissing': 'polaris', 'cpuRequestsMissing': 'polaris', 'memoryLimitsMissing': 'polaris', 'memoryRequestsMissing': 'polaris'}",
0-deployment34.yaml,Deployment,31,8,4,12,67.09,0,34,422,178,1,344.2,404.37,39.9,444.27,True,True,25,11,52.63,100.0,"{'kubernetes_drop_unused_capabilities': 'trivy', 'no_root': 'trivy', 'kubernetes_use_readonly_filesystem': 'trivy', 'use_high_gid': 'trivy', 'use_high_uid': 'trivy', 'kubernetes_drop_default_capabilities': 'trivy', 'kubernetes_primary_supplementary_gid': 'trivy', 'Require_Multiple_Replicas': 'kyverno', 'cpuLimitsMissing': 'polaris', 'cpuRequestsMissing': 'polaris', 'memoryLimitsMissing': 'polaris', 'memoryRequestsMissing': 'polaris'}",
0-deployment35.yaml,Deployment,31,8,4,12,67.09,0,31,422,178,1,231.09,289.73,30.48,320.21,True,True,26,12,45.71,100.0,"{'kubernetes_drop_unused_capabilities': 'trivy', 'no_root': 'trivy', 'kubernetes_use_readonly_filesystem': 'trivy', 'use_high_gid': 'trivy', 'use_high_uid': 'trivy', 'kubernetes_drop_default_capabilities': 'trivy', 'kubernetes_primary_supplementary_gid': 'trivy', 'Require_Multiple_Replicas': 'kyverno', 'cpuLimitsMissing': 'polaris', 'cpuRequestsMissing': 'polaris', 'memoryLimitsMissing': 'polaris', 'memoryRequestsMissing': 'polaris'}",
0-deployment36.yaml,Deployment,31,7,4,11,70.09,0,24,422,176,1,166.69,211.37,25.7,237.07,True,True,19,5,58.62,100.0,"{'kubernetes_drop_unused_capabilities': 'trivy', 'no_root': 'trivy', 'kubernetes_use_readonly_filesystem': 'trivy', 'use_high_gid': 'trivy', 'use_high_uid': 'trivy', 'kubernetes_drop_default_capabilities': 'trivy', 'kubernetes_primary_supplementary_gid': 'trivy', 'cpuLimitsMissing': 'polaris', 'cpuRequestsMissing': 'polaris', 'memoryLimitsMissing': 'polaris', 'memoryRequestsMissing': 'polaris'}",
0-deployment37.yaml,Deployment,31,8,4,12,67.09,0,24,422,178,1,169.77,214.3,25.99,240.29,True,True,20,6,55.17,100.0,"{'kubernetes_drop_unused_capabilities': 'trivy', 'no_root': 'trivy', 'kubernetes_use_readonly_filesystem': 'trivy', 'use_high_gid': 'trivy', 'use_high_uid': 'trivy', 'kubernetes_drop_default_capabilities': 'trivy', 'kubernetes_primary_supplementary_gid': 'trivy', 'Require_Multiple_Replicas': 'kyverno', 'cpuLimitsMissing': 'polaris', 'cpuRequestsMissing': 'polaris', 'memoryLimitsMissing': 'polaris', 'memoryRequestsMissing': 'polaris'}",
0-deployment38.yaml,Deployment,31,8,4,12,67.09,0,24,422,178,4,163.94,213.08,27.61,240.69,True,True,20,6,58.06,100.0,"{'kubernetes_drop_unused_capabilities': 'trivy', 'no_root': 'trivy', 'kubernetes_use_readonly_filesystem': 'trivy', 'use_high_gid': 'trivy', 'use_high_uid': 'trivy', 'kubernetes_drop_default_capabilities': 'trivy', 'kubernetes_primary_supplementary_gid': 'trivy', 'Require_Multiple_Replicas': 'kyverno', 'cpuLimitsMissing': 'polaris', 'cpuRequestsMissing': 'polaris', 'memoryLimitsMissing': 'polaris', 'memoryRequestsMissing': 'polaris'}",
0-deployment39.yaml,Deployment,31,8,4,12,67.09,0,24,422,178,4,159.08,208.4,28.54,236.94,True,True,20,6,58.06,100.0,"{'kubernetes_drop_unused_capabilities': 'trivy', 'no_root': 'trivy', 'kubernetes_use_readonly_filesystem': 'trivy', 'use_high_gid': 'trivy', 'use_high_uid': 'trivy', 'kubernetes_drop_default_capabilities': 'trivy', 'kubernetes_primary_supplementary_gid': 'trivy', 'Require_Multiple_Replicas': 'kyverno', 'cpuLimitsMissing': 'polaris', 'cpuRequestsMissing': 'polaris', 'memoryLimitsMissing': 'polaris', 'memoryRequestsMissing': 'polaris'}",
0-deployment4.yaml,Deployment,31,7,4,11,70.09,0,34,422,176,1,143.64,207.46,41.69,249.15,True,True,15,1,79.49,100.0,"{'kubernetes_drop_unused_capabilities': 'trivy', 'no_root': 'trivy', 'kubernetes_use_readonly_filesystem': 'trivy', 'use_high_gid': 'trivy', 'use_high_uid': 'trivy', 'kubernetes_drop_default_capabilities': 'trivy', 'kubernetes_primary_supplementary_gid': 'trivy', 'cpuLimitsMissing': 'polaris', 'cpuRequestsMissing': 'polaris', 'memoryLimitsMissing': 'polaris', 'memoryRequestsMissing': 'polaris'}",
0-deployment40.yaml,Deployment,31,8,4,12,67.09,0,25,422,178,1,159.75,206.79,27.87,234.66,True,True,21,7,53.33,100.0,"{'kubernetes_drop_unused_capabilities': 'trivy', 'no_root': 'trivy', 'kubernetes_use_readonly_filesystem': 'trivy', 'use_high_gid': 'trivy', 'use_high_uid': 'trivy', 'kubernetes_drop_default_capabilities': 'trivy', 'kubernetes_primary_supplementary_gid': 'trivy', 'Require_Multiple_Replicas': 'kyverno', 'cpuLimitsMissing': 'polaris', 'cpuRequestsMissing': 'polaris', 'memoryLimitsMissing': 'polaris', 'memoryRequestsMissing': 'polaris'}",
0-deployment41.yaml,Deployment,31,7,4,11,70.09,0,21,422,176,1,148.88,189.51,23.72,213.23,True,True,19,5,55.56,100.0,"{'kubernetes_drop_unused_capabilities': 'trivy', 'no_root': 'trivy', 'kubernetes_use_readonly_filesystem': 'trivy', 'use_high_gid': 'trivy', 'use_high_uid': 'trivy', 'kubernetes_drop_default_capabilities': 'trivy', 'kubernetes_primary_supplementary_gid': 'trivy', 'cpuLimitsMissing': 'polaris', 'cpuRequestsMissing': 'polaris', 'memoryLimitsMissing': 'polaris', 'memoryRequestsMissing': 'polaris'}",
0-deployment42.yaml,Deployment,31,8,4,12,67.09,0,24,422,178,1,158.84,203.28,37.2,240.48,True,True,20,6,55.17,100.0,"{'kubernetes_drop_unused_capabilities': 'trivy', 'no_root': 'trivy', 'kubernetes_use_readonly_filesystem': 'trivy', 'use_high_gid': 'trivy', 'use_high_uid': 'trivy', 'kubernetes_drop_default_capabilities': 'trivy', 'kubernetes_primary_supplementary_gid': 'trivy', 'Require_Multiple_Replicas': 'kyverno', 'cpuLimitsMissing': 'polaris', 'cpuRequestsMissing': 'polaris', 'memoryLimitsMissing': 'polaris', 'memoryRequestsMissing': 'polaris'}",
0-deployment43.yaml,Deployment,31,8,4,12,67.09,0,25,422,178,1,158.59,205.22,29.73,234.95,True,True,21,7,53.33,100.0,"{'kubernetes_drop_unused_capabilities': 'trivy', 'no_root': 'trivy', 'kubernetes_use_readonly_filesystem': 'trivy', 'use_high_gid': 'trivy', 'use_high_uid': 'trivy', 'kubernetes_drop_default_capabilities': 'trivy', 'kubernetes_primary_supplementary_gid': 'trivy', 'Require_Multiple_Replicas': 'kyverno', 'cpuLimitsMissing': 'polaris', 'cpuRequestsMissing': 'polaris', 'memoryLimitsMissing': 'polaris', 'memoryRequestsMissing': 'polaris'}",
0-deployment44.yaml,Deployment,31,8,4,12,67.09,0,24,422,178,1,154.84,199.4,25.64,225.04,True,True,20,6,55.17,100.0,"{'kubernetes_drop_unused_capabilities': 'trivy', 'no_root': 'trivy', 'kubernetes_use_readonly_filesystem': 'trivy', 'use_high_gid': 'trivy', 'use_high_uid': 'trivy', 'kubernetes_drop_default_capabilities': 'trivy', 'kubernetes_primary_supplementary_gid': 'trivy', 'Require_Multiple_Replicas': 'kyverno', 'cpuLimitsMissing': 'polaris', 'cpuRequestsMissing': 'polaris', 'memoryLimitsMissing': 'polaris', 'memoryRequestsMissing': 'polaris'}",
0-deployment5.yaml,Deployment,31,8,0,8,79.06,0,40,422,178,4,163.58,245.58,34.12,279.7,True,True,30,23,36.14,100.0,"{'kubernetes_drop_unused_capabilities': 'trivy', 'no_root': 'trivy', 'kubernetes_use_readonly_filesystem': 'trivy', 'use_high_gid': 'trivy', 'use_high_uid': 'trivy', 'kubernetes_drop_default_capabilities': 'trivy', 'kubernetes_primary_supplementary_gid': 'trivy', 'Require_Multiple_Replicas': 'kyverno'}",
0-deployment6.yaml,Deployment,31,9,4,13,64.96,0,22,422,188,1,163.79,206.48,24.56,231.04,True,True,21,7,50.0,100.0,"{'kubernetes_drop_unused_capabilities': 'trivy', 'no_root': 'trivy', 'kubernetes_use_readonly_filesystem': 'trivy', 'use_high_gid': 'trivy', 'use_high_uid': 'trivy', 'kubernetes_drop_default_capabilities': 'trivy', 'kubernetes_default_namespace_should_not_be_used': 'trivy', 'kubernetes_primary_supplementary_gid': 'trivy', 'Require_Multiple_Replicas': 'kyverno', 'cpuLimitsMissing': 'polaris', 'cpuRequestsMissing': 'polaris', 'memoryLimitsMissing': 'polaris', 'memoryRequestsMissing': 'polaris'}",
0-deployment7.yaml,Deployment,31,7,2,9,76.07,0,27,422,176,2,149.76,201.81,38.36,240.17,True,True,19,9,54.84,100.0,"{'kubernetes_drop_unused_capabilities': 'trivy', 'no_root': 'trivy', 'kubernetes_use_readonly_filesystem': 'trivy', 'use_high_gid': 'trivy', 'use_high_uid': 'trivy', 'kubernetes_drop_default_capabilities': 'trivy', 'kubernetes_primary_supplementary_gid': 'trivy', 'cpuLimitsMissing': 'polaris', 'memoryLimitsMissing': 'polaris'}",
0-deployment8.yaml,Deployment,31,9,4,13,64.96,0,25,422,188,1,171.84,221.05,26.83,247.88,True,True,24,10,45.16,100.0,"{'kubernetes_drop_unused_capabilities': 'trivy', 'no_root': 'trivy', 'kubernetes_use_readonly_filesystem': 'trivy', 'use_high_gid': 'trivy', 'use_high_uid': 'trivy', 'kubernetes_drop_default_capabilities': 'trivy', 'kubernetes_default_namespace_should_not_be_used': 'trivy', 'kubernetes_primary_supplementary_gid': 'trivy', 'Require_Multiple_Replicas': 'kyverno', 'cpuLimitsMissing': 'polaris', 'cpuRequestsMissing': 'polaris', 'memoryLimitsMissing': 'polaris', 'memoryRequestsMissing': 'polaris'}",
0-deployment9.yaml,Deployment,31,9,0,9,76.92,0,27,422,188,4,185.9,242.62,26.23,268.85,True,True,22,14,43.75,100.0,"{'kubernetes_drop_unused_capabilities': 'trivy', 'no_root': 'trivy', 'kubernetes_use_readonly_filesystem': 'trivy', 'use_high_gid': 'trivy', 'use_high_uid': 'trivy', 'kubernetes_drop_default_capabilities': 'trivy', 'kubernetes_default_namespace_should_not_be_used': 'trivy', 'kubernetes_primary_supplementary_gid': 'trivy', 'Require_Multiple_Replicas': 'kyverno'}",
0-go-client-deployment.yaml,Job,31,8,1,9,76.92,1,36,420,186,20,483.79,563.02,30.17,593.19,False,True,31,24,35.29,100.0,"{'kubernetes_drop_unused_capabilities': 'trivy', 'no_root': 'trivy', 'kubernetes_use_readonly_filesystem': 'trivy', 'use_high_gid': 'trivy', 'use_high_uid': 'trivy', 'kubernetes_drop_default_capabilities': 'trivy', 'kubernetes_default_namespace_should_not_be_used': 'trivy', 'kubernetes_primary_supplementary_gid': 'trivy', 'Restrict_Jobs': 'kyverno'}",
0-go-client-deployment1.yaml,Job,31,8,1,9,76.92,1,36,420,186,20,190.45,272.24,38.34,310.58,False,True,31,24,35.29,100.0,"{'kubernetes_drop_unused_capabilities': 'trivy', 'no_root': 'trivy', 'kubernetes_use_readonly_filesystem': 'trivy', 'use_high_gid': 'trivy', 'use_high_uid': 'trivy', 'kubernetes_drop_default_capabilities': 'trivy', 'kubernetes_default_namespace_should_not_be_used': 'trivy', 'kubernetes_primary_supplementary_gid': 'trivy', 'Restrict_Jobs': 'kyverno'}",
0-go-client-deployment2.yaml,Job,31,8,1,9,76.92,1,36,420,186,20,158.48,238.36,30.19,268.55,False,True,31,24,35.29,100.0,"{'kubernetes_drop_unused_capabilities': 'trivy', 'no_root': 'trivy', 'kubernetes_use_readonly_filesystem': 'trivy', 'use_high_gid': 'trivy', 'use_high_uid': 'trivy', 'kubernetes_drop_default_capabilities': 'trivy', 'kubernetes_default_namespace_should_not_be_used': 'trivy', 'kubernetes_primary_supplementary_gid': 'trivy', 'Restrict_Jobs': 'kyverno'}",
0-go-client-deployment3.yaml,Job,31,8,1,9,76.92,1,36,420,186,20,156.53,238.21,29.98,268.19,False,True,31,24,35.29,100.0,"{'kubernetes_drop_unused_capabilities': 'trivy', 'no_root': 'trivy', 'kubernetes_use_readonly_filesystem': 'trivy', 'use_high_gid': 'trivy', 'use_high_uid': 'trivy', 'kubernetes_drop_default_capabilities': 'trivy', 'kubernetes_default_namespace_should_not_be_used': 'trivy', 'kubernetes_primary_supplementary_gid': 'trivy', 'Restrict_Jobs': 'kyverno'}",
0-job.yaml,Job,31,8,5,13,64.96,1,16,420,186,3,183.11,217.32,25.1,242.42,False,True,19,10,40.82,100.0,"{'kubernetes_drop_unused_capabilities': 'trivy', 'no_root': 'trivy', 'kubernetes_use_readonly_filesystem': 'trivy', 'use_high_gid': 'trivy', 'use_high_uid': 'trivy', 'kubernetes_drop_default_capabilities': 'trivy', 'kubernetes_default_namespace_should_not_be_used': 'trivy', 'kubernetes_primary_supplementary_gid': 'trivy', 'Restrict_Jobs': 'kyverno', 'cpuLimitsMissing': 'polaris', 'cpuRequestsMissing': 'polaris', 'memoryLimitsMissing': 'polaris', 'memoryRequestsMissing': 'polaris'}",
0-job1.yaml,Job,31,8,5,13,64.96,1,16,420,186,3,169.33,203.56,20.87,224.43,False,True,19,10,40.82,100.0,"{'kubernetes_drop_unused_capabilities': 'trivy', 'no_root': 'trivy', 'kubernetes_use_readonly_filesystem': 'trivy', 'use_high_gid': 'trivy', 'use_high_uid': 'trivy', 'kubernetes_drop_default_capabilities': 'trivy', 'kubernetes_default_namespace_should_not_be_used': 'trivy', 'kubernetes_primary_supplementary_gid': 'trivy', 'Restrict_Jobs': 'kyverno', 'cpuLimitsMissing': 'polaris', 'cpuRequestsMissing': 'polaris', 'memoryLimitsMissing': 'polaris', 'memoryRequestsMissing': 'polaris'}",
0-linkerd-deployment.yaml,Deployment,31,9,0,9,76.92,0,40,422,188,20,226.33,326.16,36.1,362.26,True,True,26,19,50.55,100.0,"{'kubernetes_drop_unused_capabilities': 'trivy', 'no_root': 'trivy', 'kubernetes_use_readonly_filesystem': 'trivy', 'use_high_gid': 'trivy', 'use_high_uid': 'trivy', 'kubernetes_drop_default_capabilities': 'trivy', 'kubernetes_default_namespace_should_not_be_used': 'trivy', 'kubernetes_primary_supplementary_gid': 'trivy', 'Require_Multiple_Replicas': 'kyverno'}",
0-linkerd-deployment1.yaml,Deployment,31,9,0,9,76.92,0,40,422,188,20,174.72,274.37,37.18,311.55,True,True,26,19,50.55,100.0,"{'kubernetes_drop_unused_capabilities': 'trivy', 'no_root': 'trivy', 'kubernetes_use_readonly_filesystem': 'trivy', 'use_high_gid': 'trivy', 'use_high_uid': 'trivy', 'kubernetes_drop_default_capabilities': 'trivy', 'kubernetes_default_namespace_should_not_be_used': 'trivy', 'kubernetes_primary_supplementary_gid': 'trivy', 'Require_Multiple_Replicas': 'kyverno'}",
0-linkerd-job.yaml,Job,31,8,5,13,64.96,1,25,420,186,35,197.68,260.59,45.77,306.36,False,True,22,8,54.55,100.0,"{'kubernetes_drop_unused_capabilities': 'trivy', 'no_root': 'trivy', 'kubernetes_use_readonly_filesystem': 'trivy', 'use_high_gid': 'trivy', 'use_high_uid': 'trivy', 'kubernetes_drop_default_capabilities': 'trivy', 'kubernetes_default_namespace_should_not_be_used': 'trivy', 'kubernetes_primary_supplementary_gid': 'trivy', 'Restrict_Jobs': 'kyverno', 'cpuLimitsMissing': 'polaris', 'cpuRequestsMissing': 'polaris', 'memoryLimitsMissing': 'polaris', 'memoryRequestsMissing': 'polaris'}",
0-linkerd-job1.yaml,Job,31,8,5,13,64.96,1,25,420,186,35,154.17,215.43,29.88,245.31,False,True,22,9,53.73,100.0,"{'kubernetes_drop_unused_capabilities': 'trivy', 'no_root': 'trivy', 'kubernetes_use_readonly_filesystem': 'trivy', 'use_high_gid': 'trivy', 'use_high_uid': 'trivy', 'kubernetes_drop_default_capabilities': 'trivy', 'kubernetes_default_namespace_should_not_be_used': 'trivy', 'kubernetes_primary_supplementary_gid': 'trivy', 'Restrict_Jobs': 'kyverno', 'cpuLimitsMissing': 'polaris', 'cpuRequestsMissing': 'polaris', 'memoryLimitsMissing': 'polaris', 'memoryRequestsMissing': 'polaris'}",
0-linkerd-job2.yaml,Job,31,8,5,13,64.96,1,25,420,186,35,165.17,226.08,29.81,255.89,False,True,22,8,54.55,100.0,"{'kubernetes_drop_unused_capabilities': 'trivy', 'no_root': 'trivy', 'kubernetes_use_readonly_filesystem': 'trivy', 'use_high_gid': 'trivy', 'use_high_uid': 'trivy', 'kubernetes_drop_default_capabilities': 'trivy', 'kubernetes_default_namespace_should_not_be_used': 'trivy', 'kubernetes_primary_supplementary_gid': 'trivy', 'Restrict_Jobs': 'kyverno', 'cpuLimitsMissing': 'polaris', 'cpuRequestsMissing': 'polaris', 'memoryLimitsMissing': 'polaris', 'memoryRequestsMissing': 'polaris'}",
0-linkerd-job3.yaml,Job,31,8,5,13,64.96,1,25,420,186,35,179.91,242.16,32.66,274.82,False,True,22,9,53.73,100.0,"{'kubernetes_drop_unused_capabilities': 'trivy', 'no_root': 'trivy', 'kubernetes_use_readonly_filesystem': 'trivy', 'use_high_gid': 'trivy', 'use_high_uid': 'trivy', 'kubernetes_drop_default_capabilities': 'trivy', 'kubernetes_default_namespace_should_not_be_used': 'trivy', 'kubernetes_primary_supplementary_gid': 'trivy', 'Restrict_Jobs': 'kyverno', 'cpuLimitsMissing': 'polaris', 'cpuRequestsMissing': 'polaris', 'memoryLimitsMissing': 'polaris', 'memoryRequestsMissing': 'polaris'}",
0-metric-server.yaml,ServiceAccount,3,0,0,0,100.0,0,8,7,0,1,33.9,48.01,0.0,0.0,True,True,0,0,100.0,100.0,{},
0-metric-server_3.yaml,RoleBinding,4,0,0,0,100.0,0,17,12,0,1,35.53,49.89,0.0,0.0,True,True,0,0,100.0,100.0,{},
0-metric-server_4.yaml,ClusterRoleBinding,4,0,0,0,100.0,0,16,12,0,1,35.4,49.79,0.0,0.0,True,True,0,0,100.0,100.0,{},
0-metric-server_5.yaml,ClusterRoleBinding,4,0,0,0,100.0,0,16,12,0,1,34.6,48.96,0.0,0.0,True,True,0,0,100.0,100.0,{},
0-metric-server_6.yaml,Service,6,1,0,1,84.44,0,19,13,2,1,128.6,143.65,12.14,155.79,True,True,1,1,93.33,100.0,{'Restrict_Service_Port_Range': 'kyverno'},
0-metric-server_7.yaml,Deployment,31,6,2,8,80.34,0,69,422,128,12,332.79,521.74,50.72,572.46,True,True,10,3,90.78,100.0,"{'kubernetes_drop_unused_capabilities': 'trivy', 'use_high_gid': 'trivy', 'use_high_uid': 'trivy', 'kubernetes_drop_default_capabilities': 'trivy', 'kubernetes_primary_supplementary_gid': 'trivy', 'Require_Multiple_Replicas': 'kyverno', 'cpuLimitsMissing': 'polaris', 'memoryLimitsMissing': 'polaris'}",
0-metrics-server.yaml,ServiceAccount,3,0,0,0,100.0,0,8,7,0,1,33.8,47.47,0.0,0.0,True,True,0,0,100.0,100.0,{},
0-metrics-server1.yaml,ServiceAccount,3,0,0,0,100.0,0,8,7,0,1,41.63,56.09,0.0,0.0,True,True,0,0,100.0,100.0,{},
0-metrics-server1_3.yaml,RoleBinding,4,0,0,0,100.0,0,17,12,0,1,35.75,49.76,0.0,0.0,True,True,0,0,100.0,100.0,{},
0-metrics-server1_4.yaml,ClusterRoleBinding,4,0,0,0,100.0,0,16,12,0,1,38.13,56.11,0.0,0.0,True,True,0,0,100.0,100.0,{},
0-metrics-server1_5.yaml,ClusterRoleBinding,4,0,0,0,100.0,0,16,12,0,1,44.2,58.9,0.0,0.0,True,True,0,0,100.0,100.0,{},
0-metrics-server1_6.yaml,Service,6,1,0,1,84.44,0,19,13,2,1,64.17,79.39,13.18,92.57,True,True,1,1,93.33,100.0,{'Restrict_Service_Port_Range': 'kyverno'},
0-metrics-server1_7.yaml,Deployment,31,6,2,8,80.34,0,69,422,128,10,140.81,320.4,68.87,389.27,True,True,10,3,90.65,100.0,"{'kubernetes_drop_unused_capabilities': 'trivy', 'use_high_gid': 'trivy', 'use_high_uid': 'trivy', 'kubernetes_drop_default_capabilities': 'trivy', 'kubernetes_primary_supplementary_gid': 'trivy', 'Require_Multiple_Replicas': 'kyverno', 'cpuLimitsMissing': 'polaris', 'memoryLimitsMissing': 'polaris'}",
0-metrics-server_3.yaml,RoleBinding,4,0,0,0,100.0,0,17,12,0,1,36.26,50.43,0.0,0.0,True,True,0,0,100.0,100.0,{},
0-metrics-server_4.yaml,ClusterRoleBinding,4,0,0,0,100.0,0,16,12,0,1,35.07,49.44,0.0,0.0,True,True,0,0,100.0,100.0,{},
0-metrics-server_5.yaml,ClusterRoleBinding,4,0,0,0,100.0,0,16,12,0,1,32.5,46.74,0.0,0.0,True,True,0,0,100.0,100.0,{},
0-metrics-server_6.yaml,Service,6,1,0,1,84.44,0,19,13,2,1,51.98,67.13,12.0,79.13,True,True,1,1,93.33,100.0,{'Restrict_Service_Port_Range': 'kyverno'},
0-metrics-server_7.yaml,Deployment,31,6,2,8,80.34,0,69,422,128,10,140.37,324.07,57.23,381.3,True,True,10,3,90.65,100.0,"{'kubernetes_drop_unused_capabilities': 'trivy', 'use_high_gid': 'trivy', 'use_high_uid': 'trivy', 'kubernetes_drop_default_capabilities': 'trivy', 'kubernetes_primary_supplementary_gid': 'trivy', 'Require_Multiple_Replicas': 'kyverno', 'cpuLimitsMissing': 'polaris', 'memoryLimitsMissing': 'polaris'}",
0-mongo-secret-sts.yaml,Secret,4,0,0,0,100.0,0,7,14,0,2,35.11,48.96,0.0,0.0,True,True,0,0,100.0,100.0,{},
0-mongo-secret-sts_1.yaml,StatefulSet,31,7,5,12,65.81,0,45,424,176,2,1131.4,1246.3,52.29,1298.59,True,True,16,1,84.68,100.0,"{'kubernetes_drop_unused_capabilities': 'trivy', 'no_root': 'trivy', 'kubernetes_use_readonly_filesystem': 'trivy', 'use_high_gid': 'trivy', 'use_high_uid': 'trivy', 'kubernetes_drop_default_capabilities': 'trivy', 'kubernetes_primary_supplementary_gid': 'trivy', 'cpuLimitsMissing': 'polaris', 'cpuRequestsMissing': 'polaris', 'memoryLimitsMissing': 'polaris', 'tagNotSpecified': 'polaris', 'memoryRequestsMissing': 'polaris'}",
0-mongo-secret-sts_2.yaml,Service,6,1,0,1,84.44,0,15,13,2,1,84.28,98.8,10.01,108.81,True,True,1,1,91.67,100.0,{'Restrict_Service_Port_Range': 'kyverno'},
0-mongo-secret.yaml,Secret,4,0,0,0,100.0,0,7,14,0,2,34.51,48.19,0.0,0.0,True,True,0,0,100.0,100.0,{},
0-mongo-sts.yaml,StatefulSet,31,7,5,12,65.81,0,38,424,176,2,169.19,256.11,36.55,292.66,True,True,35,20,38.2,100.0,"{'kubernetes_drop_unused_capabilities': 'trivy', 'no_root': 'trivy', 'kubernetes_use_readonly_filesystem': 'trivy', 'use_high_gid': 'trivy', 'use_high_uid': 'trivy', 'kubernetes_drop_default_capabilities': 'trivy', 'kubernetes_primary_supplementary_gid': 'trivy', 'cpuLimitsMissing': 'polaris', 'cpuRequestsMissing': 'polaris', 'memoryLimitsMissing': 'polaris', 'tagNotSpecified': 'polaris', 'memoryRequestsMissing': 'polaris'}",
0-mysql-secret.yaml,Secret,4,0,0,0,100.0,0,7,14,0,1,36.02,49.38,0.0,0.0,True,True,0,0,100.0,100.0,{},
0-mysql-secret1.yaml,Secret,4,0,0,0,100.0,0,7,14,0,1,37.5,50.87,0.0,0.0,True,True,0,0,100.0,100.0,{},
0-mysql-secret2.yaml,Secret,4,0,0,0,100.0,0,7,14,0,1,35.52,49.37,0.0,0.0,True,True,0,0,100.0,100.0,{},
0-mysql-secret3.yaml,Secret,4,0,0,0,100.0,0,7,14,0,1,36.24,49.81,0.0,0.0,True,True,0,0,100.0,100.0,{},
0-nginx.pod.yaml,Pod,61,13,7,20,69.3,0,11,481,187,1,1097.92,1125.5,22.15,1147.65,True,True,23,1,42.86,100.0,"{'kubernetes_drop_unused_capabilities': 'trivy', 'Require_Non_Root_Groups': 'kyverno', 'Require_imagePullPolicy_Always': 'kyverno', 'Require_Read_Only_Root_Filesystem': 'kyverno', 'Validate_User_ID_Group_ID_and_FS_Group': 'kyverno', 'Require_Run_As_Non_Root_User': 'kyverno', 'Check_supplementalGroups': 'kyverno', 'no_root': 'trivy', 'kubernetes_use_readonly_filesystem': 'trivy', 'use_high_gid': 'trivy', 'use_high_uid': 'trivy', 'kubernetes_drop_default_capabilities': 'trivy', 'kubernetes_primary_supplementary_gid': 'trivy', 'cpuLimitsMissing': 'polaris', 'cpuRequestsMissing': 'polaris', 'memoryLimitsMissing': 'polaris', 'Restrict_Image_Registries': 'kyverno', 'tagNotSpecified': 'polaris', 'memoryRequestsMissing': 'polaris', 'Require_Images_Use_Checksums': 'kyverno'}",
0-nginx.serviceaccount.yaml,Pod,61,13,7,20,69.3,0,9,481,187,1,268.45,295.4,22.04,317.44,True,True,24,2,35.0,100.0,"{'kubernetes_drop_unused_capabilities': 'trivy', 'Require_Non_Root_Groups': 'kyverno', 'Require_imagePullPolicy_Always': 'kyverno', 'Require_Read_Only_Root_Filesystem': 'kyverno', 'Validate_User_ID_Group_ID_and_FS_Group': 'kyverno', 'Require_Run_As_Non_Root_User': 'kyverno', 'Check_supplementalGroups': 'kyverno', 'no_root': 'trivy', 'kubernetes_use_readonly_filesystem': 'trivy', 'use_high_gid': 'trivy', 'use_high_uid': 'trivy', 'kubernetes_drop_default_capabilities': 'trivy', 'kubernetes_primary_supplementary_gid': 'trivy', 'cpuLimitsMissing': 'polaris', 'cpuRequestsMissing': 'polaris', 'memoryLimitsMissing': 'polaris', 'Restrict_Image_Registries': 'kyverno', 'tagNotSpecified': 'polaris', 'memoryRequestsMissing': 'polaris', 'Require_Images_Use_Checksums': 'kyverno'}",
0-node-selector.yaml,Deployment,31,8,4,12,67.09,0,23,422,178,1,172.34,216.69,25.5,242.19,True,True,16,2,68.97,100.0,"{'kubernetes_drop_unused_capabilities': 'trivy', 'no_root': 'trivy', 'kubernetes_use_readonly_filesystem': 'trivy', 'use_high_gid': 'trivy', 'use_high_uid': 'trivy', 'kubernetes_drop_default_capabilities': 'trivy', 'kubernetes_primary_supplementary_gid': 'trivy', 'Require_Multiple_Replicas': 'kyverno', 'cpuLimitsMissing': 'polaris', 'cpuRequestsMissing': 'polaris', 'memoryLimitsMissing': 'polaris', 'memoryRequestsMissing': 'polaris'}",
0-node-selector1.yaml,Deployment,31,8,4,12,67.09,0,23,422,178,1,156.63,201.32,30.95,232.27,True,True,16,2,68.97,100.0,"{'kubernetes_drop_unused_capabilities': 'trivy', 'no_root': 'trivy', 'kubernetes_use_readonly_filesystem': 'trivy', 'use_high_gid': 'trivy', 'use_high_uid': 'trivy', 'kubernetes_drop_default_capabilities': 'trivy', 'kubernetes_primary_supplementary_gid': 'trivy', 'Require_Multiple_Replicas': 'kyverno', 'cpuLimitsMissing': 'polaris', 'cpuRequestsMissing': 'polaris', 'memoryLimitsMissing': 'polaris', 'memoryRequestsMissing': 'polaris'}",
0-pod.yaml,Pod,61,13,6,19,71.56,0,10,481,187,1,270.21,297.27,21.92,319.19,True,True,26,5,27.91,100.0,"{'kubernetes_drop_unused_capabilities': 'trivy', 'Require_Non_Root_Groups': 'kyverno', 'Require_imagePullPolicy_Always': 'kyverno', 'Require_Read_Only_Root_Filesystem': 'kyverno', 'Validate_User_ID_Group_ID_and_FS_Group': 'kyverno', 'Require_Run_As_Non_Root_User': 'kyverno', 'Check_supplementalGroups': 'kyverno', 'no_root': 'trivy', 'kubernetes_use_readonly_filesystem': 'trivy', 'use_high_gid': 'trivy', 'use_high_uid': 'trivy', 'kubernetes_drop_default_capabilities': 'trivy', 'kubernetes_primary_supplementary_gid': 'trivy', 'cpuLimitsMissing': 'polaris', 'cpuRequestsMissing': 'polaris', 'memoryLimitsMissing': 'polaris', 'Restrict_Image_Registries': 'kyverno', 'memoryRequestsMissing': 'polaris', 'Require_Images_Use_Checksums': 'kyverno'}",
0-pod1.yaml,Pod,61,13,6,19,71.56,0,10,481,187,2,254.08,284.77,33.32,318.09,True,True,44,7,19.05,100.0,"{'kubernetes_drop_unused_capabilities': 'trivy', 'Require_Non_Root_Groups': 'kyverno', 'Require_imagePullPolicy_Always': 'kyverno', 'Require_Read_Only_Root_Filesystem': 'kyverno', 'Validate_User_ID_Group_ID_and_FS_Group': 'kyverno', 'Require_Run_As_Non_Root_User': 'kyverno', 'Check_supplementalGroups': 'kyverno', 'no_root': 'trivy', 'kubernetes_use_readonly_filesystem': 'trivy', 'use_high_gid': 'trivy', 'use_high_uid': 'trivy', 'kubernetes_drop_default_capabilities': 'trivy', 'kubernetes_primary_supplementary_gid': 'trivy', 'cpuLimitsMissing': 'polaris', 'cpuRequestsMissing': 'polaris', 'memoryLimitsMissing': 'polaris', 'Restrict_Image_Registries': 'kyverno', 'memoryRequestsMissing': 'polaris', 'Require_Images_Use_Checksums': 'kyverno'}",
0-pod10.yaml,Pod,61,13,6,19,71.56,0,10,481,187,1,246.61,273.45,21.46,294.91,True,True,26,5,27.91,100.0,"{'kubernetes_drop_unused_capabilities': 'trivy', 'Require_Non_Root_Groups': 'kyverno', 'Require_imagePullPolicy_Always': 'kyverno', 'Require_Read_Only_Root_Filesystem': 'kyverno', 'Validate_User_ID_Group_ID_and_FS_Group': 'kyverno', 'Require_Run_As_Non_Root_User': 'kyverno', 'Check_supplementalGroups': 'kyverno', 'no_root': 'trivy', 'kubernetes_use_readonly_filesystem': 'trivy', 'use_high_gid': 'trivy', 'use_high_uid': 'trivy', 'kubernetes_drop_default_capabilities': 'trivy', 'kubernetes_primary_supplementary_gid': 'trivy', 'cpuLimitsMissing': 'polaris', 'cpuRequestsMissing': 'polaris', 'memoryLimitsMissing': 'polaris', 'Restrict_Image_Registries': 'kyverno', 'memoryRequestsMissing': 'polaris', 'Require_Images_Use_Checksums': 'kyverno'}",
0-pod2.yaml,Pod,61,13,6,19,71.56,0,13,481,187,1,293.95,325.99,27.34,353.33,True,True,36,7,24.56,100.0,"{'kubernetes_drop_unused_capabilities': 'trivy', 'Require_Non_Root_Groups': 'kyverno', 'Require_imagePullPolicy_Always': 'kyverno', 'Require_Read_Only_Root_Filesystem': 'kyverno', 'Validate_User_ID_Group_ID_and_FS_Group': 'kyverno', 'Require_Run_As_Non_Root_User': 'kyverno', 'Check_supplementalGroups': 'kyverno', 'no_root': 'trivy', 'kubernetes_use_readonly_filesystem': 'trivy', 'use_high_gid': 'trivy', 'use_high_uid': 'trivy', 'kubernetes_drop_default_capabilities': 'trivy', 'kubernetes_primary_supplementary_gid': 'trivy', 'cpuLimitsMissing': 'polaris', 'cpuRequestsMissing': 'polaris', 'memoryLimitsMissing': 'polaris', 'Restrict_Image_Registries': 'kyverno', 'memoryRequestsMissing': 'polaris', 'Require_Images_Use_Checksums': 'kyverno'}",
0-pod3.yaml,Pod,61,13,6,19,71.56,0,18,481,187,1,379.55,419.73,26.91,446.64,True,True,23,1,57.14,100.0,"{'kubernetes_drop_unused_capabilities': 'trivy', 'Require_Non_Root_Groups': 'kyverno', 'Require_imagePullPolicy_Always': 'kyverno', 'Require_Read_Only_Root_Filesystem': 'kyverno', 'Validate_User_ID_Group_ID_and_FS_Group': 'kyverno', 'Require_Run_As_Non_Root_User': 'kyverno', 'Check_supplementalGroups': 'kyverno', 'no_root': 'trivy', 'kubernetes_use_readonly_filesystem': 'trivy', 'use_high_gid': 'trivy', 'use_high_uid': 'trivy', 'kubernetes_drop_default_capabilities': 'trivy', 'kubernetes_primary_supplementary_gid': 'trivy', 'cpuLimitsMissing': 'polaris', 'cpuRequestsMissing': 'polaris', 'memoryLimitsMissing': 'polaris', 'Restrict_Image_Registries': 'kyverno', 'memoryRequestsMissing': 'polaris', 'Require_Images_Use_Checksums': 'kyverno'}",
0-pod3_1.yaml,Pod,61,13,6,19,71.56,0,18,481,187,1,235.48,275.9,26.54,302.44,True,True,23,1,57.14,100.0,"{'kubernetes_drop_unused_capabilities': 'trivy', 'Require_Non_Root_Groups': 'kyverno', 'Require_imagePullPolicy_Always': 'kyverno', 'Require_Read_Only_Root_Filesystem': 'kyverno', 'Validate_User_ID_Group_ID_and_FS_Group': 'kyverno', 'Require_Run_As_Non_Root_User': 'kyverno', 'Check_supplementalGroups': 'kyverno', 'no_root': 'trivy', 'kubernetes_use_readonly_filesystem': 'trivy', 'use_high_gid': 'trivy', 'use_high_uid': 'trivy', 'kubernetes_drop_default_capabilities': 'trivy', 'kubernetes_primary_supplementary_gid': 'trivy', 'cpuLimitsMissing': 'polaris', 'cpuRequestsMissing': 'polaris', 'memoryLimitsMissing': 'polaris', 'Restrict_Image_Registries': 'kyverno', 'memoryRequestsMissing': 'polaris', 'Require_Images_Use_Checksums': 'kyverno'}",
0-pod3_2.yaml,Pod,61,13,6,19,71.56,0,18,481,187,1,233.0,273.5,26.91,300.41,True,True,23,1,57.14,100.0,"{'kubernetes_drop_unused_capabilities': 'trivy', 'Require_Non_Root_Groups': 'kyverno', 'Require_imagePullPolicy_Always': 'kyverno', 'Require_Read_Only_Root_Filesystem': 'kyverno', 'Validate_User_ID_Group_ID_and_FS_Group': 'kyverno', 'Require_Run_As_Non_Root_User': 'kyverno', 'Check_supplementalGroups': 'kyverno', 'no_root': 'trivy', 'kubernetes_use_readonly_filesystem': 'trivy', 'use_high_gid': 'trivy', 'use_high_uid': 'trivy', 'kubernetes_drop_default_capabilities': 'trivy', 'kubernetes_primary_supplementary_gid': 'trivy', 'cpuLimitsMissing': 'polaris', 'cpuRequestsMissing': 'polaris', 'memoryLimitsMissing': 'polaris', 'Restrict_Image_Registries': 'kyverno', 'memoryRequestsMissing': 'polaris', 'Require_Images_Use_Checksums': 'kyverno'}",
0-pod3_3.yaml,Pod,61,13,6,19,71.56,0,18,481,187,1,241.84,282.51,27.58,310.09,True,True,23,1,57.14,100.0,"{'kubernetes_drop_unused_capabilities': 'trivy', 'Require_Non_Root_Groups': 'kyverno', 'Require_imagePullPolicy_Always': 'kyverno', 'Require_Read_Only_Root_Filesystem': 'kyverno', 'Validate_User_ID_Group_ID_and_FS_Group': 'kyverno', 'Require_Run_As_Non_Root_User': 'kyverno', 'Check_supplementalGroups': 'kyverno', 'no_root': 'trivy', 'kubernetes_use_readonly_filesystem': 'trivy', 'use_high_gid': 'trivy', 'use_high_uid': 'trivy', 'kubernetes_drop_default_capabilities': 'trivy', 'kubernetes_primary_supplementary_gid': 'trivy', 'cpuLimitsMissing': 'polaris', 'cpuRequestsMissing': 'polaris', 'memoryLimitsMissing': 'polaris', 'Restrict_Image_Registries': 'kyverno', 'memoryRequestsMissing': 'polaris', 'Require_Images_Use_Checksums': 'kyverno'}",
0-pod3_4.yaml,Pod,61,13,6,19,71.56,0,18,481,187,1,237.73,278.18,44.49,322.67,True,True,23,1,57.14,100.0,"{'kubernetes_drop_unused_capabilities': 'trivy', 'Require_Non_Root_Groups': 'kyverno', 'Require_imagePullPolicy_Always': 'kyverno', 'Require_Read_Only_Root_Filesystem': 'kyverno', 'Validate_User_ID_Group_ID_and_FS_Group': 'kyverno', 'Require_Run_As_Non_Root_User': 'kyverno', 'Check_supplementalGroups': 'kyverno', 'no_root': 'trivy', 'kubernetes_use_readonly_filesystem': 'trivy', 'use_high_gid': 'trivy', 'use_high_uid': 'trivy', 'kubernetes_drop_default_capabilities': 'trivy', 'kubernetes_primary_supplementary_gid': 'trivy', 'cpuLimitsMissing': 'polaris', 'cpuRequestsMissing': 'polaris', 'memoryLimitsMissing': 'polaris', 'Restrict_Image_Registries': 'kyverno', 'memoryRequestsMissing': 'polaris', 'Require_Images_Use_Checksums': 'kyverno'}",
0-pod4.yaml,Pod,61,13,6,19,71.56,0,10,481,187,4,264.17,290.87,21.96,312.83,True,True,25,4,29.27,100.0,"{'kubernetes_drop_unused_capabilities': 'trivy', 'Require_Non_Root_Groups': 'kyverno', 'Require_imagePullPolicy_Always': 'kyverno', 'Require_Read_Only_Root_Filesystem': 'kyverno', 'Validate_User_ID_Group_ID_and_FS_Group': 'kyverno', 'Require_Run_As_Non_Root_User': 'kyverno', 'Check_supplementalGroups': 'kyverno', 'no_root': 'trivy', 'kubernetes_use_readonly_filesystem': 'trivy', 'use_high_gid': 'trivy', 'use_high_uid': 'trivy', 'kubernetes_drop_default_capabilities': 'trivy', 'kubernetes_primary_supplementary_gid': 'trivy', 'cpuLimitsMissing': 'polaris', 'cpuRequestsMissing': 'polaris', 'memoryLimitsMissing': 'polaris', 'Restrict_Image_Registries': 'kyverno', 'memoryRequestsMissing': 'polaris', 'Require_Images_Use_Checksums': 'kyverno'}",
0-pod5.yaml,Pod,61,13,6,19,71.56,0,10,481,187,1,227.41,254.94,21.13,276.07,True,True,26,5,27.91,100.0,"{'kubernetes_drop_unused_capabilities': 'trivy', 'Require_Non_Root_Groups': 'kyverno', 'Require_imagePullPolicy_Always': 'kyverno', 'Require_Read_Only_Root_Filesystem': 'kyverno', 'Validate_User_ID_Group_ID_and_FS_Group': 'kyverno', 'Require_Run_As_Non_Root_User': 'kyverno', 'Check_supplementalGroups': 'kyverno', 'no_root': 'trivy', 'kubernetes_use_readonly_filesystem': 'trivy', 'use_high_gid': 'trivy', 'use_high_uid': 'trivy', 'kubernetes_drop_default_capabilities': 'trivy', 'kubernetes_primary_supplementary_gid': 'trivy', 'cpuLimitsMissing': 'polaris', 'cpuRequestsMissing': 'polaris', 'memoryLimitsMissing': 'polaris', 'Restrict_Image_Registries': 'kyverno', 'memoryRequestsMissing': 'polaris', 'Require_Images_Use_Checksums': 'kyverno'}",
0-pod6.yaml,Pod,61,13,6,19,71.56,0,10,481,187,2,235.11,265.44,32.54,297.98,True,True,44,7,19.05,100.0,"{'kubernetes_drop_unused_capabilities': 'trivy', 'Require_Non_Root_Groups': 'kyverno', 'Require_imagePullPolicy_Always': 'kyverno', 'Require_Read_Only_Root_Filesystem': 'kyverno', 'Validate_User_ID_Group_ID_and_FS_Group': 'kyverno', 'Require_Run_As_Non_Root_User': 'kyverno', 'Check_supplementalGroups': 'kyverno', 'no_root': 'trivy', 'kubernetes_use_readonly_filesystem': 'trivy', 'use_high_gid': 'trivy', 'use_high_uid': 'trivy', 'kubernetes_drop_default_capabilities': 'trivy', 'kubernetes_primary_supplementary_gid': 'trivy', 'cpuLimitsMissing': 'polaris', 'cpuRequestsMissing': 'polaris', 'memoryLimitsMissing': 'polaris', 'Restrict_Image_Registries': 'kyverno', 'memoryRequestsMissing': 'polaris', 'Require_Images_Use_Checksums': 'kyverno'}",
0-pod7.yaml,Pod,61,13,6,19,71.56,0,13,481,187,1,237.17,269.49,28.13,297.62,True,True,36,7,24.56,100.0,"{'kubernetes_drop_unused_capabilities': 'trivy', 'Require_Non_Root_Groups': 'kyverno', 'Require_imagePullPolicy_Always': 'kyverno', 'Require_Read_Only_Root_Filesystem': 'kyverno', 'Validate_User_ID_Group_ID_and_FS_Group': 'kyverno', 'Require_Run_As_Non_Root_User': 'kyverno', 'Check_supplementalGroups': 'kyverno', 'no_root': 'trivy', 'kubernetes_use_readonly_filesystem': 'trivy', 'use_high_gid': 'trivy', 'use_high_uid': 'trivy', 'kubernetes_drop_default_capabilities': 'trivy', 'kubernetes_primary_supplementary_gid': 'trivy', 'cpuLimitsMissing': 'polaris', 'cpuRequestsMissing': 'polaris', 'memoryLimitsMissing': 'polaris', 'Restrict_Image_Registries': 'kyverno', 'memoryRequestsMissing': 'polaris', 'Require_Images_Use_Checksums': 'kyverno'}",
0-pod8.yaml,Pod,61,13,6,19,71.56,0,18,481,187,1,233.22,274.02,27.09,301.11,True,True,23,1,57.14,100.0,"{'kubernetes_drop_unused_capabilities': 'trivy', 'Require_Non_Root_Groups': 'kyverno', 'Require_imagePullPolicy_Always': 'kyverno', 'Require_Read_Only_Root_Filesystem': 'kyverno', 'Validate_User_ID_Group_ID_and_FS_Group': 'kyverno', 'Require_Run_As_Non_Root_User': 'kyverno', 'Check_supplementalGroups': 'kyverno', 'no_root': 'trivy', 'kubernetes_use_readonly_filesystem': 'trivy', 'use_high_gid': 'trivy', 'use_high_uid': 'trivy', 'kubernetes_drop_default_capabilities': 'trivy', 'kubernetes_primary_supplementary_gid': 'trivy', 'cpuLimitsMissing': 'polaris', 'cpuRequestsMissing': 'polaris', 'memoryLimitsMissing': 'polaris', 'Restrict_Image_Registries': 'kyverno', 'memoryRequestsMissing': 'polaris', 'Require_Images_Use_Checksums': 'kyverno'}",
0-pod8_1.yaml,Pod,61,13,6,19,71.56,0,18,481,187,1,233.86,274.81,27.27,302.08,True,True,23,1,57.14,100.0,"{'kubernetes_drop_unused_capabilities': 'trivy', 'Require_Non_Root_Groups': 'kyverno', 'Require_imagePullPolicy_Always': 'kyverno', 'Require_Read_Only_Root_Filesystem': 'kyverno', 'Validate_User_ID_Group_ID_and_FS_Group': 'kyverno', 'Require_Run_As_Non_Root_User': 'kyverno', 'Check_supplementalGroups': 'kyverno', 'no_root': 'trivy', 'kubernetes_use_readonly_filesystem': 'trivy', 'use_high_gid': 'trivy', 'use_high_uid': 'trivy', 'kubernetes_drop_default_capabilities': 'trivy', 'kubernetes_primary_supplementary_gid': 'trivy', 'cpuLimitsMissing': 'polaris', 'cpuRequestsMissing': 'polaris', 'memoryLimitsMissing': 'polaris', 'Restrict_Image_Registries': 'kyverno', 'memoryRequestsMissing': 'polaris', 'Require_Images_Use_Checksums': 'kyverno'}",
0-pod8_2.yaml,Pod,61,13,6,19,71.56,0,18,481,187,1,236.58,276.71,26.97,303.68,True,True,23,1,57.14,100.0,"{'kubernetes_drop_unused_capabilities': 'trivy', 'Require_Non_Root_Groups': 'kyverno', 'Require_imagePullPolicy_Always': 'kyverno', 'Require_Read_Only_Root_Filesystem': 'kyverno', 'Validate_User_ID_Group_ID_and_FS_Group': 'kyverno', 'Require_Run_As_Non_Root_User': 'kyverno', 'Check_supplementalGroups': 'kyverno', 'no_root': 'trivy', 'kubernetes_use_readonly_filesystem': 'trivy', 'use_high_gid': 'trivy', 'use_high_uid': 'trivy', 'kubernetes_drop_default_capabilities': 'trivy', 'kubernetes_primary_supplementary_gid': 'trivy', 'cpuLimitsMissing': 'polaris', 'cpuRequestsMissing': 'polaris', 'memoryLimitsMissing': 'polaris', 'Restrict_Image_Registries': 'kyverno', 'memoryRequestsMissing': 'polaris', 'Require_Images_Use_Checksums': 'kyverno'}",
0-pod8_3.yaml,Pod,61,13,6,19,71.56,0,18,481,187,1,228.5,269.41,26.72,296.13,True,True,23,1,57.14,100.0,"{'kubernetes_drop_unused_capabilities': 'trivy', 'Require_Non_Root_Groups': 'kyverno', 'Require_imagePullPolicy_Always': 'kyverno', 'Require_Read_Only_Root_Filesystem': 'kyverno', 'Validate_User_ID_Group_ID_and_FS_Group': 'kyverno', 'Require_Run_As_Non_Root_User': 'kyverno', 'Check_supplementalGroups': 'kyverno', 'no_root': 'trivy', 'kubernetes_use_readonly_filesystem': 'trivy', 'use_high_gid': 'trivy', 'use_high_uid': 'trivy', 'kubernetes_drop_default_capabilities': 'trivy', 'kubernetes_primary_supplementary_gid': 'trivy', 'cpuLimitsMissing': 'polaris', 'cpuRequestsMissing': 'polaris', 'memoryLimitsMissing': 'polaris', 'Restrict_Image_Registries': 'kyverno', 'memoryRequestsMissing': 'polaris', 'Require_Images_Use_Checksums': 'kyverno'}",
0-pod8_4.yaml,Pod,61,13,6,19,71.56,0,18,481,187,1,241.11,281.51,43.5,325.01,True,True,23,1,57.14,100.0,"{'kubernetes_drop_unused_capabilities': 'trivy', 'Require_Non_Root_Groups': 'kyverno', 'Require_imagePullPolicy_Always': 'kyverno', 'Require_Read_Only_Root_Filesystem': 'kyverno', 'Validate_User_ID_Group_ID_and_FS_Group': 'kyverno', 'Require_Run_As_Non_Root_User': 'kyverno', 'Check_supplementalGroups': 'kyverno', 'no_root': 'trivy', 'kubernetes_use_readonly_filesystem': 'trivy', 'use_high_gid': 'trivy', 'use_high_uid': 'trivy', 'kubernetes_drop_default_capabilities': 'trivy', 'kubernetes_primary_supplementary_gid': 'trivy', 'cpuLimitsMissing': 'polaris', 'cpuRequestsMissing': 'polaris', 'memoryLimitsMissing': 'polaris', 'Restrict_Image_Registries': 'kyverno', 'memoryRequestsMissing': 'polaris', 'Require_Images_Use_Checksums': 'kyverno'}",
0-pod9.yaml,Pod,61,13,6,19,71.56,0,10,481,187,4,231.57,258.17,21.05,279.22,True,True,25,4,29.27,100.0,"{'kubernetes_drop_unused_capabilities': 'trivy', 'Require_Non_Root_Groups': 'kyverno', 'Require_imagePullPolicy_Always': 'kyverno', 'Require_Read_Only_Root_Filesystem': 'kyverno', 'Validate_User_ID_Group_ID_and_FS_Group': 'kyverno', 'Require_Run_As_Non_Root_User': 'kyverno', 'Check_supplementalGroups': 'kyverno', 'no_root': 'trivy', 'kubernetes_use_readonly_filesystem': 'trivy', 'use_high_gid': 'trivy', 'use_high_uid': 'trivy', 'kubernetes_drop_default_capabilities': 'trivy', 'kubernetes_primary_supplementary_gid': 'trivy', 'cpuLimitsMissing': 'polaris', 'cpuRequestsMissing': 'polaris', 'memoryLimitsMissing': 'polaris', 'Restrict_Image_Registries': 'kyverno', 'memoryRequestsMissing': 'polaris', 'Require_Images_Use_Checksums': 'kyverno'}",
0-pv-for-pg-ha.yaml,PersistentVolume,1,0,0,0,100.0,0,14,0,0,1,182.73,199.21,0.0,0.0,True,True,0,0,100.0,100.0,{},
0-pv-hostpath.yaml,PersistentVolume,1,0,1,1,0.0,0,15,0,0,1,121.89,138.93,11.08,150.01,True,True,2,2,85.71,100.0,{'Limit_hostPath_PersistentVolumes_to_Specific_Directories': 'kyverno'},
0-pvc.yaml,PersistentVolumeClaim,2,1,0,1,58.33,0,12,7,3,1,354.67,369.48,9.48,378.96,True,True,1,2,88.0,100.0,{'Enforce_ReadWriteOncePod': 'kyverno'},
0-pvc1.yaml,PersistentVolumeClaim,2,1,0,1,58.33,0,12,7,3,1,52.63,67.31,9.77,77.08,True,True,1,2,88.0,100.0,{'Enforce_ReadWriteOncePod': 'kyverno'},
0-rbac1.yaml,ServiceAccount,3,0,0,0,100.0,0,8,7,0,3,33.51,48.53,0.0,0.0,True,True,0,0,100.0,100.0,{},
0-rbac10.yaml,ServiceAccount,3,0,0,0,100.0,0,8,7,0,1,33.86,47.59,0.0,0.0,True,True,0,0,100.0,100.0,{},
0-rbac10_1.yaml,ClusterRoleBinding,4,0,0,0,100.0,0,16,12,0,1,35.53,49.68,0.0,0.0,True,True,0,0,100.0,100.0,{},
0-rbac10_2.yaml,ClusterRoleBinding,4,0,0,0,100.0,0,16,12,0,1,32.29,46.63,0.0,0.0,True,True,0,0,100.0,100.0,{},
0-rbac10_4.yaml,RoleBinding,4,0,0,0,100.0,0,17,12,0,1,35.6,49.48,0.0,0.0,True,True,0,0,100.0,100.0,{},
0-rbac11_1.yaml,ClusterRoleBinding,4,0,0,0,100.0,0,16,12,0,1,35.28,49.5,0.0,0.0,True,True,0,0,100.0,100.0,{},
0-rbac12_1.yaml,ClusterRoleBinding,4,0,0,0,100.0,0,16,12,0,1,36.49,50.92,0.0,0.0,True,True,0,0,100.0,100.0,{},
0-rbac13.yaml,ServiceAccount,3,0,0,0,100.0,0,5,7,0,1,34.45,47.85,0.0,0.0,True,True,0,0,100.0,100.0,{},
0-rbac13_2.yaml,ClusterRoleBinding,4,0,0,0,100.0,0,13,12,0,1,36.85,50.8,0.0,0.0,True,True,0,0,100.0,100.0,{},
0-rbac15.yaml,ServiceAccount,3,0,0,0,100.0,0,8,7,0,3,34.77,48.86,0.0,0.0,True,True,0,0,100.0,100.0,{},
0-rbac15_2.yaml,ClusterRoleBinding,4,0,0,0,100.0,0,16,12,0,3,35.78,50.41,0.0,0.0,True,True,0,0,100.0,100.0,{},
0-rbac16.yaml,ServiceAccount,3,0,0,0,100.0,0,5,7,0,1,35.11,48.8,0.0,0.0,True,True,0,0,100.0,100.0,{},
0-rbac16_2.yaml,ClusterRoleBinding,4,0,0,0,100.0,0,13,12,0,1,42.14,56.52,0.0,0.0,True,True,0,0,100.0,100.0,{},
0-rbac17.yaml,ServiceAccount,3,0,0,0,100.0,0,8,7,0,1,37.0,51.0,0.0,0.0,True,True,0,0,100.0,100.0,{},
0-rbac17_1.yaml,ClusterRoleBinding,4,0,0,0,100.0,0,16,12,0,1,35.71,49.89,0.0,0.0,True,True,0,0,100.0,100.0,{},
0-rbac17_2.yaml,ClusterRoleBinding,4,0,0,0,100.0,0,16,12,0,1,38.75,54.65,0.0,0.0,True,True,0,0,100.0,100.0,{},
0-rbac17_4.yaml,RoleBinding,4,0,0,0,100.0,0,17,12,0,1,35.41,49.54,0.0,0.0,True,True,0,0,100.0,100.0,{},
0-rbac18_1.yaml,ClusterRoleBinding,4,0,0,0,100.0,0,16,12,0,1,35.28,49.47,0.0,0.0,True,True,0,0,100.0,100.0,{},
0-rbac19_1.yaml,ClusterRoleBinding,4,0,0,0,100.0,0,16,12,0,1,39.89,54.18,0.0,0.0,True,True,0,0,100.0,100.0,{},
0-rbac1_2.yaml,ClusterRoleBinding,4,0,0,0,100.0,0,16,12,0,3,35.64,50.17,0.0,0.0,True,True,0,0,100.0,100.0,{},
0-rbac2.yaml,ServiceAccount,3,0,0,0,100.0,0,5,7,0,1,34.1,47.94,0.0,0.0,True,True,0,0,100.0,100.0,{},
0-rbac20.yaml,ServiceAccount,3,0,0,0,100.0,0,5,7,0,1,34.92,48.44,0.0,0.0,True,True,0,0,100.0,100.0,{},
0-rbac20_2.yaml,ClusterRoleBinding,4,0,0,0,100.0,0,13,12,0,1,35.26,49.33,0.0,0.0,True,True,0,0,100.0,100.0,{},
0-rbac2_2.yaml,ClusterRoleBinding,4,0,0,0,100.0,0,13,12,0,1,36.61,50.74,0.0,0.0,True,True,0,0,100.0,100.0,{},
0-rbac3.yaml,ServiceAccount,3,0,0,0,100.0,0,8,7,0,1,33.62,48.04,0.0,0.0,True,True,0,0,100.0,100.0,{},
0-rbac3_1.yaml,ClusterRoleBinding,4,0,0,0,100.0,0,16,12,0,1,35.39,49.8,0.0,0.0,True,True,0,0,100.0,100.0,{},
0-rbac3_2.yaml,ClusterRoleBinding,4,0,0,0,100.0,0,16,12,0,1,34.98,49.33,0.0,0.0,True,True,0,0,100.0,100.0,{},
0-rbac3_4.yaml,RoleBinding,4,0,0,0,100.0,0,17,12,0,1,35.34,49.77,0.0,0.0,True,True,0,0,100.0,100.0,{},
0-rbac4_1.yaml,ClusterRoleBinding,4,0,0,0,100.0,0,16,12,0,1,36.04,50.15,0.0,0.0,True,True,0,0,100.0,100.0,{},
0-rbac5_1.yaml,ClusterRoleBinding,4,0,0,0,100.0,0,16,12,0,1,39.38,53.56,0.0,0.0,True,True,0,0,100.0,100.0,{},
0-rbac6.yaml,ServiceAccount,3,0,0,0,100.0,0,5,7,0,1,34.66,48.4,0.0,0.0,True,True,0,0,100.0,100.0,{},
0-rbac6_2.yaml,ClusterRoleBinding,4,0,0,0,100.0,0,13,12,0,1,35.93,50.04,0.0,0.0,True,True,0,0,100.0,100.0,{},
0-rbac8.yaml,ServiceAccount,3,0,0,0,100.0,0,8,7,0,3,35.02,48.83,0.0,0.0,True,True,0,0,100.0,100.0,{},
0-rbac8_2.yaml,ClusterRoleBinding,4,0,0,0,100.0,0,16,12,0,3,43.13,57.64,0.0,0.0,True,True,0,0,100.0,100.0,{},
0-rbac9.yaml,ServiceAccount,3,0,0,0,100.0,0,5,7,0,1,34.41,48.15,0.0,0.0,True,True,0,0,100.0,100.0,{},
0-rbac9_2.yaml,ClusterRoleBinding,4,0,0,0,100.0,0,13,12,0,1,35.87,50.1,0.0,0.0,True,True,0,0,100.0,100.0,{},
0-req-limits.yaml,Pod,61,13,2,15,77.88,0,13,481,187,4,243.52,279.15,22.22,301.37,True,True,16,2,60.87,100.0,"{'kubernetes_drop_unused_capabilities': 'trivy', 'Require_Non_Root_Groups': 'kyverno', 'Require_imagePullPolicy_Always': 'kyverno', 'Require_Read_Only_Root_Filesystem': 'kyverno', 'Validate_User_ID_Group_ID_and_FS_Group': 'kyverno', 'Require_Run_As_Non_Root_User': 'kyverno', 'Check_supplementalGroups': 'kyverno', 'no_root': 'trivy', 'kubernetes_use_readonly_filesystem': 'trivy', 'use_high_gid': 'trivy', 'use_high_uid': 'trivy', 'kubernetes_drop_default_capabilities': 'trivy', 'kubernetes_primary_supplementary_gid': 'trivy', 'Restrict_Image_Registries': 'kyverno', 'Require_Images_Use_Checksums': 'kyverno'}",
0-req-limits1.yaml,Pod,61,13,2,15,77.88,0,13,481,187,4,275.35,312.0,21.72,333.72,True,True,16,2,60.87,100.0,"{'kubernetes_drop_unused_capabilities': 'trivy', 'Require_Non_Root_Groups': 'kyverno', 'Require_imagePullPolicy_Always': 'kyverno', 'Require_Read_Only_Root_Filesystem': 'kyverno', 'Validate_User_ID_Group_ID_and_FS_Group': 'kyverno', 'Require_Run_As_Non_Root_User': 'kyverno', 'Check_supplementalGroups': 'kyverno', 'no_root': 'trivy', 'kubernetes_use_readonly_filesystem': 'trivy', 'use_high_gid': 'trivy', 'use_high_uid': 'trivy', 'kubernetes_drop_default_capabilities': 'trivy', 'kubernetes_primary_supplementary_gid': 'trivy', 'Restrict_Image_Registries': 'kyverno', 'Require_Images_Use_Checksums': 'kyverno'}",
0-role-binding.yaml,RoleBinding,4,1,0,1,79.41,0,14,12,4,1,53.2,67.32,11.11,78.43,True,True,4,5,66.67,100.0,{'Restrict_Binding_to_Cluster_Admin': 'kyverno'},
0-role-binding1.yaml,RoleBinding,4,1,0,1,79.41,0,14,12,4,1,57.46,71.66,11.15,82.81,True,True,4,5,66.67,100.0,{'Restrict_Binding_to_Cluster_Admin': 'kyverno'},
0-secret.yaml,Secret,4,0,0,0,100.0,0,8,14,0,2,36.68,50.63,0.0,0.0,True,True,0,0,100.0,100.0,{},
0-secret1.yaml,Secret,4,0,0,0,100.0,0,8,14,0,2,36.52,50.31,0.0,0.0,True,True,0,0,100.0,100.0,{},
0-secret2.yaml,Secret,4,0,0,0,100.0,0,8,14,0,2,36.22,50.01,0.0,0.0,True,True,0,0,100.0,100.0,{},
0-secret3.yaml,Secret,4,0,0,0,100.0,0,8,14,0,2,35.67,49.22,0.0,0.0,True,True,0,0,100.0,100.0,{},
0-secret4.yaml,Secret,4,0,0,0,100.0,0,8,14,0,2,35.51,49.12,0.0,0.0,True,True,0,0,100.0,100.0,{},
0-secret5.yaml,Secret,4,0,0,0,100.0,0,8,14,0,2,35.97,49.78,0.0,0.0,True,True,0,0,100.0,100.0,{},
0-secret6.yaml,Secret,4,0,0,0,100.0,0,8,14,0,2,36.37,50.26,0.0,0.0,True,True,0,0,100.0,100.0,{},
0-sercret.yaml,Secret,4,0,0,0,100.0,0,7,14,0,2,34.5,48.15,0.0,0.0,True,True,0,0,100.0,100.0,{},
0-service-a-linkerd.yaml,Deployment,31,9,0,9,76.92,0,43,422,188,20,243.29,353.89,38.13,392.02,True,True,29,22,47.42,100.0,"{'kubernetes_drop_unused_capabilities': 'trivy', 'no_root': 'trivy', 'kubernetes_use_readonly_filesystem': 'trivy', 'use_high_gid': 'trivy', 'use_high_uid': 'trivy', 'kubernetes_drop_default_capabilities': 'trivy', 'kubernetes_default_namespace_should_not_be_used': 'trivy', 'kubernetes_primary_supplementary_gid': 'trivy', 'Require_Multiple_Replicas': 'kyverno'}",
0-service-a-linkerd1.yaml,Deployment,31,9,0,9,76.92,0,43,422,188,20,176.39,283.61,42.38,325.99,True,True,29,22,47.42,100.0,"{'kubernetes_drop_unused_capabilities': 'trivy', 'no_root': 'trivy', 'kubernetes_use_readonly_filesystem': 'trivy', 'use_high_gid': 'trivy', 'use_high_uid': 'trivy', 'kubernetes_drop_default_capabilities': 'trivy', 'kubernetes_default_namespace_should_not_be_used': 'trivy', 'kubernetes_primary_supplementary_gid': 'trivy', 'Require_Multiple_Replicas': 'kyverno'}",
0-service-account.yaml,ServiceAccount,3,0,0,0,100.0,0,5,7,0,1,33.27,46.73,0.0,0.0,True,True,0,0,100.0,100.0,{},
0-service-account1.yaml,ServiceAccount,3,0,0,0,100.0,0,8,7,0,1,33.54,47.45,0.0,0.0,True,True,0,0,100.0,100.0,{},
0-service-account10.yaml,ServiceAccount,3,0,0,0,100.0,0,8,7,0,1,34.17,48.16,0.0,0.0,True,True,0,0,100.0,100.0,{},
0-service-account11.yaml,ServiceAccount,3,0,0,0,100.0,0,5,7,0,1,40.58,54.09,0.0,0.0,True,True,0,0,100.0,100.0,{},
0-service-account12.yaml,ServiceAccount,3,0,0,0,100.0,0,5,7,0,1,40.27,53.89,0.0,0.0,True,True,0,0,100.0,100.0,{},
0-service-account13.yaml,ServiceAccount,3,0,0,0,100.0,0,9,7,0,3,38.17,53.87,0.0,0.0,True,True,0,0,100.0,100.0,{},
0-service-account14.yaml,ServiceAccount,3,0,0,0,100.0,0,5,7,0,1,38.72,52.24,0.0,0.0,True,True,0,0,100.0,100.0,{},
0-service-account15.yaml,ServiceAccount,3,0,0,0,100.0,0,5,7,0,1,41.57,55.7,0.0,0.0,True,True,0,0,100.0,100.0,{},
0-service-account16.yaml,ServiceAccount,3,0,0,0,100.0,0,9,7,0,3,34.75,48.64,0.0,0.0,True,True,0,0,100.0,100.0,{},
0-service-account17.yaml,ServiceAccount,3,0,0,0,100.0,0,5,7,0,1,33.95,49.32,0.0,0.0,True,True,0,0,100.0,100.0,{},
0-service-account18.yaml,ServiceAccount,3,0,0,0,100.0,0,5,7,0,1,34.32,47.82,0.0,0.0,True,True,0,0,100.0,100.0,{},
0-service-account19.yaml,ServiceAccount,3,0,0,0,100.0,0,9,7,0,3,35.13,49.43,0.0,0.0,True,True,0,0,100.0,100.0,{},
0-service-account2.yaml,ServiceAccount,3,0,0,0,100.0,0,5,7,0,1,34.48,47.98,0.0,0.0,True,True,0,0,100.0,100.0,{},
0-service-account20.yaml,ServiceAccount,3,0,0,0,100.0,0,5,7,0,1,34.38,48.04,0.0,0.0,True,True,0,0,100.0,100.0,{},
0-service-account21.yaml,ServiceAccount,3,0,0,0,100.0,0,5,7,0,1,34.48,48.19,0.0,0.0,True,True,0,0,100.0,100.0,{},
0-service-account22.yaml,ServiceAccount,3,0,0,0,100.0,0,9,7,0,3,33.93,48.58,0.0,0.0,True,True,0,0,100.0,100.0,{},
0-service-account23.yaml,ServiceAccount,3,0,0,0,100.0,0,5,7,0,1,33.42,47.11,0.0,0.0,True,True,0,0,100.0,100.0,{},
0-service-account24.yaml,ServiceAccount,3,0,0,0,100.0,0,9,7,0,3,33.41,47.25,0.0,0.0,True,True,0,0,100.0,100.0,{},
0-service-account25.yaml,ServiceAccount,3,0,0,0,100.0,0,5,7,0,1,33.81,47.34,0.0,0.0,True,True,0,0,100.0,100.0,{},
0-service-account26.yaml,ServiceAccount,3,0,0,0,100.0,0,9,7,0,3,34.88,49.18,0.0,0.0,True,True,0,0,100.0,100.0,{},
0-service-account27.yaml,ServiceAccount,3,0,0,0,100.0,0,5,7,0,1,34.45,47.93,0.0,0.0,True,True,0,0,100.0,100.0,{},
0-service-account28.yaml,ServiceAccount,3,0,0,0,100.0,0,5,7,0,1,36.88,50.61,0.0,0.0,True,True,0,0,100.0,100.0,{},
0-service-account29.yaml,ServiceAccount,3,0,0,0,100.0,0,9,7,0,3,34.05,48.27,0.0,0.0,True,True,0,0,100.0,100.0,{},
0-service-account3.yaml,ServiceAccount,3,0,0,0,100.0,0,5,7,0,1,42.25,56.09,0.0,0.0,True,True,0,0,100.0,100.0,{},
0-service-account30.yaml,ServiceAccount,3,0,0,0,100.0,0,8,7,0,1,33.79,47.61,0.0,0.0,True,True,0,0,100.0,100.0,{},
0-service-account31.yaml,ServiceAccount,3,0,0,0,100.0,0,9,7,0,3,34.04,47.9,0.0,0.0,True,True,0,0,100.0,100.0,{},
0-service-account32.yaml,ServiceAccount,3,0,0,0,100.0,0,5,7,0,1,33.69,47.17,0.0,0.0,True,True,0,0,100.0,100.0,{},
0-service-account33.yaml,ServiceAccount,3,0,0,0,100.0,0,9,7,0,3,33.55,47.66,0.0,0.0,True,True,0,0,100.0,100.0,{},
0-service-account34.yaml,ServiceAccount,3,0,0,0,100.0,0,5,7,0,1,33.86,47.32,0.0,0.0,True,True,0,0,100.0,100.0,{},
0-service-account35.yaml,ServiceAccount,3,0,0,0,100.0,0,5,7,0,1,34.94,48.33,0.0,0.0,True,True,0,0,100.0,100.0,{},
0-service-account36.yaml,ServiceAccount,3,0,0,0,100.0,0,9,7,0,3,34.24,48.69,0.0,0.0,True,True,0,0,100.0,100.0,{},
0-service-account37.yaml,ServiceAccount,3,0,0,0,100.0,0,5,7,0,1,32.39,45.91,0.0,0.0,True,True,0,0,100.0,100.0,{},
0-service-account38.yaml,ServiceAccount,3,0,0,0,100.0,0,5,7,0,1,33.23,48.98,0.0,0.0,True,True,0,0,100.0,100.0,{},
0-service-account39.yaml,ServiceAccount,3,0,0,0,100.0,0,5,7,0,1,34.09,47.79,0.0,0.0,True,True,0,0,100.0,100.0,{},
0-service-account4.yaml,ServiceAccount,3,0,0,0,100.0,0,5,7,0,1,34.27,48.8,0.0,0.0,True,True,0,0,100.0,100.0,{},
0-service-account40.yaml,ServiceAccount,3,0,0,0,100.0,0,8,7,0,1,33.93,49.4,0.0,0.0,True,True,0,0,100.0,100.0,{},
0-service-account41.yaml,ServiceAccount,3,0,0,0,100.0,0,9,7,0,3,33.67,47.97,0.0,0.0,True,True,0,0,100.0,100.0,{},
0-service-account42.yaml,ServiceAccount,3,0,0,0,100.0,0,8,7,0,1,33.4,47.0,0.0,0.0,True,True,0,0,100.0,100.0,{},
0-service-account43.yaml,ServiceAccount,3,0,0,0,100.0,0,5,7,0,1,34.69,48.47,0.0,0.0,True,True,0,0,100.0,100.0,{},
0-service-account44.yaml,ServiceAccount,3,0,0,0,100.0,0,5,7,0,1,35.36,50.71,0.0,0.0,True,True,0,0,100.0,100.0,{},
0-service-account45.yaml,ServiceAccount,3,0,0,0,100.0,0,5,7,0,1,33.9,47.61,0.0,0.0,True,True,0,0,100.0,100.0,{},
0-service-account46.yaml,ServiceAccount,3,0,0,0,100.0,0,5,7,0,1,33.65,47.56,0.0,0.0,True,True,0,0,100.0,100.0,{},
0-service-account47.yaml,ServiceAccount,3,0,0,0,100.0,0,8,7,0,1,33.89,47.61,0.0,0.0,True,True,0,0,100.0,100.0,{},
0-service-account48.yaml,ServiceAccount,3,0,0,0,100.0,0,5,7,0,1,34.01,47.43,0.0,0.0,True,True,0,0,100.0,100.0,{},
0-service-account49.yaml,ServiceAccount,3,0,0,0,100.0,0,5,7,0,1,35.11,50.32,0.0,0.0,True,True,0,0,100.0,100.0,{},
0-service-account5.yaml,ServiceAccount,3,0,0,0,100.0,0,5,7,0,1,33.38,46.86,0.0,0.0,True,True,0,0,100.0,100.0,{},
0-service-account50.yaml,ServiceAccount,3,0,0,0,100.0,0,8,7,0,1,32.41,46.13,0.0,0.0,True,True,0,0,100.0,100.0,{},
0-service-account51.yaml,ServiceAccount,3,0,0,0,100.0,0,8,7,0,1,33.05,48.42,0.0,0.0,True,True,0,0,100.0,100.0,{},
0-service-account52.yaml,ServiceAccount,3,0,0,0,100.0,0,5,7,0,1,34.32,49.26,0.0,0.0,True,True,0,0,100.0,100.0,{},
0-service-account53.yaml,ServiceAccount,3,0,0,0,100.0,0,5,7,0,1,34.32,47.86,0.0,0.0,True,True,0,0,100.0,100.0,{},
0-service-account54.yaml,ServiceAccount,3,0,0,0,100.0,0,9,7,0,3,34.83,49.1,0.0,0.0,True,True,0,0,100.0,100.0,{},
0-service-account55.yaml,ServiceAccount,3,0,0,0,100.0,0,5,7,0,1,33.66,47.19,0.0,0.0,True,True,0,0,100.0,100.0,{},
0-service-account56.yaml,ServiceAccount,3,0,0,0,100.0,0,5,7,0,1,33.98,47.49,0.0,0.0,True,True,0,0,100.0,100.0,{},
0-service-account57.yaml,ServiceAccount,3,0,0,0,100.0,0,9,7,0,3,32.78,46.6,0.0,0.0,True,True,0,0,100.0,100.0,{},
0-service-account58.yaml,ServiceAccount,3,0,0,0,100.0,0,5,7,0,1,35.93,49.71,0.0,0.0,True,True,0,0,100.0,100.0,{},
0-service-account59.yaml,ServiceAccount,3,0,0,0,100.0,0,5,7,0,1,33.51,47.19,0.0,0.0,True,True,0,0,100.0,100.0,{},
0-service-account6.yaml,ServiceAccount,3,0,0,0,100.0,0,8,7,0,1,34.61,48.15,0.0,0.0,True,True,0,0,100.0,100.0,{},
0-service-account60.yaml,ServiceAccount,3,0,0,0,100.0,0,9,7,0,3,33.37,47.44,0.0,0.0,True,True,0,0,100.0,100.0,{},
0-service-account61.yaml,ServiceAccount,3,0,0,0,100.0,0,5,7,0,1,32.67,46.18,0.0,0.0,True,True,0,0,100.0,100.0,{},
0-service-account62.yaml,ServiceAccount,3,0,0,0,100.0,0,5,7,0,1,35.43,49.01,0.0,0.0,True,True,0,0,100.0,100.0,{},
0-service-account63.yaml,ServiceAccount,3,0,0,0,100.0,0,9,7,0,3,34.44,48.5,0.0,0.0,True,True,0,0,100.0,100.0,{},
0-service-account64.yaml,ServiceAccount,3,0,0,0,100.0,0,5,7,0,1,34.42,48.02,0.0,0.0,True,True,0,0,100.0,100.0,{},
0-service-account65.yaml,ServiceAccount,3,0,0,0,100.0,0,9,7,0,3,33.8,47.56,0.0,0.0,True,True,0,0,100.0,100.0,{},
0-service-account66.yaml,ServiceAccount,3,0,0,0,100.0,0,5,7,0,1,34.02,47.62,0.0,0.0,True,True,0,0,100.0,100.0,{},
0-service-account67.yaml,ServiceAccount,3,0,0,0,100.0,0,9,7,0,3,33.84,47.74,0.0,0.0,True,True,0,0,100.0,100.0,{},
0-service-account68.yaml,ServiceAccount,3,0,0,0,100.0,0,5,7,0,1,33.89,47.34,0.0,0.0,True,True,0,0,100.0,100.0,{},
0-service-account69.yaml,ServiceAccount,3,0,0,0,100.0,0,5,7,0,1,34.07,47.47,0.0,0.0,True,True,0,0,100.0,100.0,{},
0-service-account7.yaml,ServiceAccount,3,0,0,0,100.0,0,5,7,0,1,33.34,46.92,0.0,0.0,True,True,0,0,100.0,100.0,{},
0-service-account70.yaml,ServiceAccount,3,0,0,0,100.0,0,9,7,0,3,34.09,47.93,0.0,0.0,True,True,0,0,100.0,100.0,{},
0-service-account71.yaml,ServiceAccount,3,0,0,0,100.0,0,8,7,0,1,34.42,48.18,0.0,0.0,True,True,0,0,100.0,100.0,{},
0-service-account72.yaml,ServiceAccount,3,0,0,0,100.0,0,9,7,0,3,33.51,47.46,0.0,0.0,True,True,0,0,100.0,100.0,{},
0-service-account73.yaml,ServiceAccount,3,0,0,0,100.0,0,5,7,0,1,34.37,47.81,0.0,0.0,True,True,0,0,100.0,100.0,{},
0-service-account74.yaml,ServiceAccount,3,0,0,0,100.0,0,9,7,0,3,34.22,48.0,0.0,0.0,True,True,0,0,100.0,100.0,{},
0-service-account75.yaml,ServiceAccount,3,0,0,0,100.0,0,5,7,0,1,33.78,47.26,0.0,0.0,True,True,0,0,100.0,100.0,{},
0-service-account76.yaml,ServiceAccount,3,0,0,0,100.0,0,5,7,0,1,33.7,47.25,0.0,0.0,True,True,0,0,100.0,100.0,{},
0-service-account77.yaml,ServiceAccount,3,0,0,0,100.0,0,9,7,0,3,33.56,49.61,0.0,0.0,True,True,0,0,100.0,100.0,{},
0-service-account78.yaml,ServiceAccount,3,0,0,0,100.0,0,5,7,0,1,36.82,50.32,0.0,0.0,True,True,0,0,100.0,100.0,{},
0-service-account79.yaml,ServiceAccount,3,0,0,0,100.0,0,5,7,0,1,36.79,50.39,0.0,0.0,True,True,0,0,100.0,100.0,{},
0-service-account8.yaml,ServiceAccount,3,0,0,0,100.0,0,5,7,0,1,37.29,50.83,0.0,0.0,True,True,0,0,100.0,100.0,{},
0-service-account80.yaml,ServiceAccount,3,0,0,0,100.0,0,5,7,0,1,41.4,54.88,0.0,0.0,True,True,0,0,100.0,100.0,{},
0-service-account81.yaml,ServiceAccount,3,0,0,0,100.0,0,8,7,0,1,40.3,53.83,0.0,0.0,True,True,0,0,100.0,100.0,{},
0-service-account82.yaml,ServiceAccount,3,0,0,0,100.0,0,5,7,0,1,37.59,51.0,0.0,0.0,True,True,0,0,100.0,100.0,{},
0-service-account83.yaml,ServiceAccount,3,0,0,0,100.0,0,5,7,0,1,33.81,47.25,0.0,0.0,True,True,0,0,100.0,100.0,{},
0-service-account84.yaml,ServiceAccount,3,0,0,0,100.0,0,9,7,0,3,33.81,48.24,0.0,0.0,True,True,0,0,100.0,100.0,{},
0-service-account9.yaml,ServiceAccount,3,0,0,0,100.0,0,8,7,0,1,34.03,47.61,0.0,0.0,True,True,0,0,100.0,100.0,{},
0-serviceaccount.yaml,ServiceAccount,3,0,0,0,100.0,0,4,7,0,1,38.76,52.33,0.0,0.0,True,True,0,0,100.0,100.0,{},
0-serviceaccount1.yaml,ServiceAccount,3,0,0,0,100.0,0,5,7,0,1,33.89,47.35,0.0,0.0,True,True,0,0,100.0,100.0,{},
0-statefulset.yaml,StatefulSet,31,8,4,12,67.95,0,38,424,186,1,226.28,314.16,50.57,364.73,True,True,32,18,41.86,100.0,"{'kubernetes_drop_unused_capabilities': 'trivy', 'no_root': 'trivy', 'kubernetes_use_readonly_filesystem': 'trivy', 'use_high_gid': 'trivy', 'use_high_uid': 'trivy', 'kubernetes_drop_default_capabilities': 'trivy', 'kubernetes_default_namespace_should_not_be_used': 'trivy', 'kubernetes_primary_supplementary_gid': 'trivy', 'cpuLimitsMissing': 'polaris', 'cpuRequestsMissing': 'polaris', 'memoryLimitsMissing': 'polaris', 'memoryRequestsMissing': 'polaris'}",
0-statefulset1.yaml,StatefulSet,31,7,5,12,65.81,0,35,424,176,1,196.32,268.5,44.35,312.85,True,True,30,16,42.5,100.0,"{'kubernetes_drop_unused_capabilities': 'trivy', 'no_root': 'trivy', 'kubernetes_use_readonly_filesystem': 'trivy', 'use_high_gid': 'trivy', 'use_high_uid': 'trivy', 'kubernetes_drop_default_capabilities': 'trivy', 'kubernetes_primary_supplementary_gid': 'trivy', 'cpuLimitsMissing': 'polaris', 'cpuRequestsMissing': 'polaris', 'memoryLimitsMissing': 'polaris', 'tagNotSpecified': 'polaris', 'memoryRequestsMissing': 'polaris'}",
0-statefulset2.yaml,StatefulSet,31,7,4,11,70.09,0,35,424,176,1,158.62,230.39,34.22,264.61,True,True,30,16,42.5,100.0,"{'kubernetes_drop_unused_capabilities': 'trivy', 'no_root': 'trivy', 'kubernetes_use_readonly_filesystem': 'trivy', 'use_high_gid': 'trivy', 'use_high_uid': 'trivy', 'kubernetes_drop_default_capabilities': 'trivy', 'kubernetes_primary_supplementary_gid': 'trivy', 'cpuLimitsMissing': 'polaris', 'cpuRequestsMissing': 'polaris', 'memoryLimitsMissing': 'polaris', 'memoryRequestsMissing': 'polaris'}",
0-statefulset3.yaml,StatefulSet,31,8,4,12,67.95,0,38,424,186,1,156.44,253.02,35.54,288.56,True,True,32,18,41.86,100.0,"{'kubernetes_drop_unused_capabilities': 'trivy', 'no_root': 'trivy', 'kubernetes_use_readonly_filesystem': 'trivy', 'use_high_gid': 'trivy', 'use_high_uid': 'trivy', 'kubernetes_drop_default_capabilities': 'trivy', 'kubernetes_default_namespace_should_not_be_used': 'trivy', 'kubernetes_primary_supplementary_gid': 'trivy', 'cpuLimitsMissing': 'polaris', 'cpuRequestsMissing': 'polaris', 'memoryLimitsMissing': 'polaris', 'memoryRequestsMissing': 'polaris'}",
0-statefulset4.yaml,StatefulSet,31,7,5,12,65.81,0,35,424,176,1,155.36,228.68,33.44,262.12,True,True,30,16,42.5,100.0,"{'kubernetes_drop_unused_capabilities': 'trivy', 'no_root': 'trivy', 'kubernetes_use_readonly_filesystem': 'trivy', 'use_high_gid': 'trivy', 'use_high_uid': 'trivy', 'kubernetes_drop_default_capabilities': 'trivy', 'kubernetes_primary_supplementary_gid': 'trivy', 'cpuLimitsMissing': 'polaris', 'cpuRequestsMissing': 'polaris', 'memoryLimitsMissing': 'polaris', 'tagNotSpecified': 'polaris', 'memoryRequestsMissing': 'polaris'}",
0-statefulset5.yaml,StatefulSet,31,7,4,11,70.09,0,35,424,176,1,162.1,235.77,34.05,269.82,True,True,30,16,42.5,100.0,"{'kubernetes_drop_unused_capabilities': 'trivy', 'no_root': 'trivy', 'kubernetes_use_readonly_filesystem': 'trivy', 'use_high_gid': 'trivy', 'use_high_uid': 'trivy', 'kubernetes_drop_default_capabilities': 'trivy', 'kubernetes_primary_supplementary_gid': 'trivy', 'cpuLimitsMissing': 'polaris', 'cpuRequestsMissing': 'polaris', 'memoryLimitsMissing': 'polaris', 'memoryRequestsMissing': 'polaris'}",
0-storage.kafka.yaml,StorageClass,1,1,0,1,0.0,0,6,3,3,1,271.43,284.98,7.26,292.24,True,True,1,0,92.31,100.0,{'Restrict_StorageClass': 'kyverno'},
0-storage.kafka_1.yaml,PersistentVolume,1,0,0,0,100.0,0,24,0,0,1,326.31,347.5,0.0,0.0,True,True,0,0,100.0,100.0,{},
0-storage.kafka_2.yaml,PersistentVolumeClaim,2,1,0,1,58.33,0,12,7,3,1,51.28,66.14,9.39,75.53,True,True,1,1,91.67,100.0,{'Enforce_ReadWriteOncePod': 'kyverno'},
0-storageclass.yaml,StorageClass,1,1,0,1,0.0,0,8,3,3,1,110.23,124.25,7.68,131.93,True,True,1,1,88.89,100.0,{'Restrict_StorageClass': 'kyverno'},
0-storageclass1.yaml,StorageClass,1,1,0,1,0.0,0,8,3,3,1,56.84,70.53,7.97,78.5,True,True,1,1,88.89,100.0,{'Restrict_StorageClass': 'kyverno'},
0-toleration.yaml,Deployment,31,8,4,12,67.09,0,28,422,178,1,151.29,203.05,43.78,246.83,True,True,16,2,75.0,100.0,"{'kubernetes_drop_unused_capabilities': 'trivy', 'no_root': 'trivy', 'kubernetes_use_readonly_filesystem': 'trivy', 'use_high_gid': 'trivy', 'use_high_uid': 'trivy', 'kubernetes_drop_default_capabilities': 'trivy', 'kubernetes_primary_supplementary_gid': 'trivy', 'Require_Multiple_Replicas': 'kyverno', 'cpuLimitsMissing': 'polaris', 'cpuRequestsMissing': 'polaris', 'memoryLimitsMissing': 'polaris', 'memoryRequestsMissing': 'polaris'}",
0-toleration1.yaml,Deployment,31,8,4,12,67.09,0,28,422,178,1,173.3,225.0,28.18,253.18,True,True,16,2,75.0,100.0,"{'kubernetes_drop_unused_capabilities': 'trivy', 'no_root': 'trivy', 'kubernetes_use_readonly_filesystem': 'trivy', 'use_high_gid': 'trivy', 'use_high_uid': 'trivy', 'kubernetes_drop_default_capabilities': 'trivy', 'kubernetes_primary_supplementary_gid': 'trivy', 'Require_Multiple_Replicas': 'kyverno', 'cpuLimitsMissing': 'polaris', 'cpuRequestsMissing': 'polaris', 'memoryLimitsMissing': 'polaris', 'memoryRequestsMissing': 'polaris'}",
0-volumes.yaml,PersistentVolume,1,0,1,1,0.0,0,11,0,0,1,29.53,45.43,9.01,54.44,True,True,1,1,90.91,100.0,{'Limit_hostPath_PersistentVolumes_to_Specific_Directories': 'kyverno'},
0-volumes_1.yaml,PersistentVolumeClaim,2,1,0,1,58.33,0,14,7,3,1,135.13,149.96,10.94,160.9,True,True,1,1,92.31,100.0,{'Enforce_ReadWriteOncePod': 'kyverno'},
0-volumes_2.yaml,PersistentVolume,1,0,1,1,0.0,0,14,0,0,1,29.34,46.2,10.27,56.47,True,True,1,1,92.31,100.0,{'Limit_hostPath_PersistentVolumes_to_Specific_Directories': 'kyverno'},
0-volumes_3.yaml,PersistentVolumeClaim,2,1,0,1,58.33,0,11,7,3,1,50.41,64.97,9.1,74.07,True,True,1,1,90.91,100.0,{'Enforce_ReadWriteOncePod': 'kyverno'},
00-assert1.yaml,Unknown,SCHEMA_ERROR,,,,,,0,0,0,0,0.0,0.0,0.0,404.27,,,,0,0.0,0.0,,"C:\Users\CAOSD\projects\tool-security-rules\..\scriptJsonToUvl\yamls_agrupation\tiny\00-assert1.yaml - StatefulSet caddy is invalid: problem validating schema. Check JSON formatting: jsonschema validation failed with 'https://raw.githubusercontent.com/yannh/kubernetes-json-schema/master/master-standalone-strict/statefulset-apps-v1.json#' - at '': missing property 'spec' | Summary: 1 resource found in 1 file - Valid: 0, Invalid: 1, Errors: 0, Skipped: 0"
00-assert10.yaml,Unknown,SCHEMA_ERROR,,,,,,0,0,0,0,0.0,0.0,0.0,327.03,,,,0,0.0,0.0,,"C:\Users\CAOSD\projects\tool-security-rules\..\scriptJsonToUvl\yamls_agrupation\tiny\00-assert10.yaml - Deployment  is invalid: problem validating schema. Check JSON formatting: jsonschema validation failed with 'https://raw.githubusercontent.com/yannh/kubernetes-json-schema/master/master-standalone-strict/deployment-apps-v1.json#' - at '': missing property 'spec' | Summary: 1 resource found in 1 file - Valid: 0, Invalid: 1, Errors: 0, Skipped: 0"
00-assert10_1.yaml,Secret,4,0,0,0,100.0,0,11,14,0,1,101.05,114.98,0.0,0.0,True,True,0,0,100.0,100.0,{},
00-assert10_2.yaml,Unknown,SCHEMA_ERROR,,,,,,0,0,0,0,0.0,0.0,0.0,286.9,,,,0,0.0,0.0,,"C:\Users\CAOSD\projects\tool-security-rules\..\scriptJsonToUvl\yamls_agrupation\tiny\00-assert10_2.yaml - Deployment  is invalid: problem validating schema. Check JSON formatting: jsonschema validation failed with 'https://raw.githubusercontent.com/yannh/kubernetes-json-schema/master/master-standalone-strict/deployment-apps-v1.json#' - at '/spec': missing property 'selector' - at '/spec/template/spec': missing property 'containers' | Summary: 1 resource found in 1 file - Valid: 0, Invalid: 1, Errors: 0, Skipped: 0"
00-assert11.yaml,Unknown,SCHEMA_ERROR,,,,,,0,0,0,0,0.0,0.0,0.0,302.77,,,,0,0.0,0.0,,"C:\Users\CAOSD\projects\tool-security-rules\..\scriptJsonToUvl\yamls_agrupation\tiny\00-assert11.yaml - StatefulSet weaviate is invalid: problem validating schema. Check JSON formatting: jsonschema validation failed with 'https://raw.githubusercontent.com/yannh/kubernetes-json-schema/master/master-standalone-strict/statefulset-apps-v1.json#' - at '': missing property 'spec' - at '/status': missing property 'replicas' | Summary: 1 resource found in 1 file - Valid: 0, Invalid: 1, Errors: 0, Skipped: 0"
00-assert11_1.yaml,Secret,4,0,0,0,100.0,0,9,14,0,1,35.39,49.06,0.0,0.0,True,True,0,0,100.0,100.0,{},
00-assert11_2.yaml,Unknown,SCHEMA_ERROR,,,,,,0,0,0,0,0.0,0.0,0.0,283.45,,,,0,0.0,0.0,,"C:\Users\CAOSD\projects\tool-security-rules\..\scriptJsonToUvl\yamls_agrupation\tiny\00-assert11_2.yaml - StatefulSet weaviate is invalid: problem validating schema. Check JSON formatting: jsonschema validation failed with 'https://raw.githubusercontent.com/yannh/kubernetes-json-schema/master/master-standalone-strict/statefulset-apps-v1.json#' - at '/spec': missing property 'selector' - at '/spec/template/spec': missing property 'containers' | Summary: 1 resource found in 1 file - Valid: 0, Invalid: 1, Errors: 0, Skipped: 0"
00-assert12.yaml,Unknown,SCHEMA_ERROR,,,,,,0,0,0,0,0.0,0.0,0.0,451.43,,,,0,0.0,0.0,,"C:\Users\CAOSD\projects\tool-security-rules\..\scriptJsonToUvl\yamls_agrupation\tiny\00-assert12.yaml - Deployment  is invalid: problem validating schema. Check JSON formatting: jsonschema validation failed with 'https://raw.githubusercontent.com/yannh/kubernetes-json-schema/master/master-standalone-strict/deployment-apps-v1.json#' - at '': missing property 'spec' | Summary: 1 resource found in 1 file - Valid: 0, Invalid: 1, Errors: 0, Skipped: 0"
00-assert12_1.yaml,Secret,4,0,0,0,100.0,0,11,14,0,1,35.4,49.22,0.0,0.0,True,True,0,0,100.0,100.0,{},
00-assert12_2.yaml,Unknown,SCHEMA_ERROR,,,,,,0,0,0,0,0.0,0.0,0.0,266.98,,,,0,0.0,0.0,,"C:\Users\CAOSD\projects\tool-security-rules\..\scriptJsonToUvl\yamls_agrupation\tiny\00-assert12_2.yaml - Deployment  is invalid: problem validating schema. Check JSON formatting: jsonschema validation failed with 'https://raw.githubusercontent.com/yannh/kubernetes-json-schema/master/master-standalone-strict/deployment-apps-v1.json#' - at '/spec': missing property 'selector' - at '/spec/template/spec': missing property 'containers' | Summary: 1 resource found in 1 file - Valid: 0, Invalid: 1, Errors: 0, Skipped: 0"
00-assert1_1.yaml,Pod,61,6,0,6,90.52,6,6,481,18,1,237.71,258.78,6.43,265.21,False,True,0,0,100.0,100.0,"{'Require_Non_Root_Groups': 'kyverno', 'Require_imagePullPolicy_Always': 'kyverno', 'Require_Read_Only_Root_Filesystem': 'kyverno', 'Validate_User_ID_Group_ID_and_FS_Group': 'kyverno', 'Require_Run_As_Non_Root_User': 'kyverno', 'Check_supplementalGroups': 'kyverno'}",
00-assert21_1.yaml,Unknown,SCHEMA_ERROR,,,,,,0,0,0,0,0.0,0.0,0.0,286.59,,,,0,0.0,0.0,,"C:\Users\CAOSD\projects\tool-security-rules\..\scriptJsonToUvl\yamls_agrupation\tiny\00-assert21_1.yaml - Deployment confluent-rest-proxy is invalid: problem validating schema. Check JSON formatting: jsonschema validation failed with 'https://raw.githubusercontent.com/yannh/kubernetes-json-schema/master/master-standalone-strict/deployment-apps-v1.json#' - at '/spec': missing property 'selector' | Summary: 1 resource found in 1 file - Valid: 0, Invalid: 1, Errors: 0, Skipped: 0"
00-assert22_1.yaml,Unknown,SCHEMA_ERROR,,,,,,0,0,0,0,0.0,0.0,0.0,267.62,,,,0,0.0,0.0,,"C:\Users\CAOSD\projects\tool-security-rules\..\scriptJsonToUvl\yamls_agrupation\tiny\00-assert22_1.yaml - Deployment confluent-schema-registry is invalid: problem validating schema. Check JSON formatting: jsonschema validation failed with 'https://raw.githubusercontent.com/yannh/kubernetes-json-schema/master/master-standalone-strict/deployment-apps-v1.json#' - at '/spec': missing property 'selector' | Summary: 1 resource found in 1 file - Valid: 0, Invalid: 1, Errors: 0, Skipped: 0"
00-assert23_1.yaml,Unknown,SCHEMA_ERROR,,,,,,0,0,0,0,0.0,0.0,0.0,300.1,,,,0,0.0,0.0,,"C:\Users\CAOSD\projects\tool-security-rules\..\scriptJsonToUvl\yamls_agrupation\tiny\00-assert23_1.yaml - StatefulSet zk-zookeeper is invalid: problem validating schema. Check JSON formatting: jsonschema validation failed with 'https://raw.githubusercontent.com/yannh/kubernetes-json-schema/master/master-standalone-strict/statefulset-apps-v1.json#' - at '/status': missing property 'replicas' - at '/spec': missing property 'selector' | Summary: 1 resource found in 1 file - Valid: 0, Invalid: 1, Errors: 0, Skipped: 0"
00-assert24.yaml,Pod,61,6,0,6,90.52,6,7,481,18,1,196.29,218.59,6.75,225.34,False,True,0,0,100.0,100.0,"{'Require_Non_Root_Groups': 'kyverno', 'Require_imagePullPolicy_Always': 'kyverno', 'Require_Read_Only_Root_Filesystem': 'kyverno', 'Validate_User_ID_Group_ID_and_FS_Group': 'kyverno', 'Require_Run_As_Non_Root_User': 'kyverno', 'Check_supplementalGroups': 'kyverno'}",
00-assert25_1.yaml,Unknown,SCHEMA_ERROR,,,,,,0,0,0,0,0.0,0.0,0.0,270.16,,,,0,0.0,0.0,,"C:\Users\CAOSD\projects\tool-security-rules\..\scriptJsonToUvl\yamls_agrupation\tiny\00-assert25_1.yaml - StatefulSet zk-zookeeper is invalid: problem validating schema. Check JSON formatting: jsonschema validation failed with 'https://raw.githubusercontent.com/yannh/kubernetes-json-schema/master/master-standalone-strict/statefulset-apps-v1.json#' - at '/spec': missing property 'selector' - at '/status': missing property 'replicas' | Summary: 1 resource found in 1 file - Valid: 0, Invalid: 1, Errors: 0, Skipped: 0"
00-assert3.yaml,Unknown,SCHEMA_ERROR,,,,,,0,0,0,0,0.0,0.0,0.0,285.42,,,,0,0.0,0.0,,"C:\Users\CAOSD\projects\tool-security-rules\..\scriptJsonToUvl\yamls_agrupation\tiny\00-assert3.yaml - StatefulSet caddy is invalid: problem validating schema. Check JSON formatting: jsonschema validation failed with 'https://raw.githubusercontent.com/yannh/kubernetes-json-schema/master/master-standalone-strict/statefulset-apps-v1.json#' - at '': missing property 'spec' | Summary: 1 resource found in 1 file - Valid: 0, Invalid: 1, Errors: 0, Skipped: 0"
00-assert3_1.yaml,Pod,61,6,0,6,90.52,6,6,481,18,1,161.95,182.78,5.95,188.73,False,True,0,0,100.0,100.0,"{'Require_Non_Root_Groups': 'kyverno', 'Require_imagePullPolicy_Always': 'kyverno', 'Require_Read_Only_Root_Filesystem': 'kyverno', 'Validate_User_ID_Group_ID_and_FS_Group': 'kyverno', 'Require_Run_As_Non_Root_User': 'kyverno', 'Check_supplementalGroups': 'kyverno'}",
00-assert4.yaml,Unknown,SCHEMA_ERROR,,,,,,0,0,0,0,0.0,0.0,0.0,273.23,,,,0,0.0,0.0,,"C:\Users\CAOSD\projects\tool-security-rules\..\scriptJsonToUvl\yamls_agrupation\tiny\00-assert4.yaml - Deployment servicebinding-controller-manager is invalid: problem validating schema. Check JSON formatting: jsonschema validation failed with 'https://raw.githubusercontent.com/yannh/kubernetes-json-schema/master/master-standalone-strict/deployment-apps-v1.json#' - at '/spec': missing properties 'selector', 'template' | Summary: 1 resource found in 1 file - Valid: 0, Invalid: 1, Errors: 0, Skipped: 0"
00-assert4_1.yaml,Secret,4,0,0,0,100.0,0,11,14,0,1,34.27,47.93,0.0,0.0,True,True,0,0,100.0,100.0,{},
00-assert4_2.yaml,Unknown,SCHEMA_ERROR,,,,,,0,0,0,0,0.0,0.0,0.0,269.65,,,,0,0.0,0.0,,"C:\Users\CAOSD\projects\tool-security-rules\..\scriptJsonToUvl\yamls_agrupation\tiny\00-assert4_2.yaml - Deployment  is invalid: problem validating schema. Check JSON formatting: jsonschema validation failed with 'https://raw.githubusercontent.com/yannh/kubernetes-json-schema/master/master-standalone-strict/deployment-apps-v1.json#' - at '/spec': missing property 'selector' - at '/spec/template/spec': missing property 'containers' | Summary: 1 resource found in 1 file - Valid: 0, Invalid: 1, Errors: 0, Skipped: 0"
00-assert5.yaml,Unknown,SCHEMA_ERROR,,,,,,0,0,0,0,0.0,0.0,0.0,285.07,,,,0,0.0,0.0,,"C:\Users\CAOSD\projects\tool-security-rules\..\scriptJsonToUvl\yamls_agrupation\tiny\00-assert5.yaml - Deployment dapr-operator is invalid: problem validating schema. Check JSON formatting: jsonschema validation failed with 'https://raw.githubusercontent.com/yannh/kubernetes-json-schema/master/master-standalone-strict/deployment-apps-v1.json#' - at '': missing property 'spec' | Summary: 1 resource found in 1 file - Valid: 0, Invalid: 1, Errors: 0, Skipped: 0"
00-assert5_1.yaml,Unknown,SCHEMA_ERROR,,,,,,0,0,0,0,0.0,0.0,0.0,292.26,,,,0,0.0,0.0,,"C:\Users\CAOSD\projects\tool-security-rules\..\scriptJsonToUvl\yamls_agrupation\tiny\00-assert5_1.yaml - Deployment dapr-sentry is invalid: problem validating schema. Check JSON formatting: jsonschema validation failed with 'https://raw.githubusercontent.com/yannh/kubernetes-json-schema/master/master-standalone-strict/deployment-apps-v1.json#' - at '': missing property 'spec' | Summary: 1 resource found in 1 file - Valid: 0, Invalid: 1, Errors: 0, Skipped: 0"
00-assert5_2.yaml,Unknown,SCHEMA_ERROR,,,,,,0,0,0,0,0.0,0.0,0.0,364.71,,,,0,0.0,0.0,,"C:\Users\CAOSD\projects\tool-security-rules\..\scriptJsonToUvl\yamls_agrupation\tiny\00-assert5_2.yaml - Deployment dapr-sidecar-injector is invalid: problem validating schema. Check JSON formatting: jsonschema validation failed with 'https://raw.githubusercontent.com/yannh/kubernetes-json-schema/master/master-standalone-strict/deployment-apps-v1.json#' - at '': missing property 'spec' | Summary: 1 resource found in 1 file - Valid: 0, Invalid: 1, Errors: 0, Skipped: 0"
00-assert5_3.yaml,Unknown,SCHEMA_ERROR,,,,,,0,0,0,0,0.0,0.0,0.0,296.18,,,,0,0.0,0.0,,"C:\Users\CAOSD\projects\tool-security-rules\..\scriptJsonToUvl\yamls_agrupation\tiny\00-assert5_3.yaml - StatefulSet dapr-placement-server is invalid: problem validating schema. Check JSON formatting: jsonschema validation failed with 'https://raw.githubusercontent.com/yannh/kubernetes-json-schema/master/master-standalone-strict/statefulset-apps-v1.json#' - at '': missing property 'spec' - at '/status': missing property 'replicas' | Summary: 1 resource found in 1 file - Valid: 0, Invalid: 1, Errors: 0, Skipped: 0"
00-assert5_4.yaml,Secret,4,0,0,0,100.0,0,11,14,0,1,35.46,49.11,0.0,0.0,True,True,0,0,100.0,100.0,{},
00-assert5_5.yaml,Unknown,SCHEMA_ERROR,,,,,,0,0,0,0,0.0,0.0,0.0,264.98,,,,0,0.0,0.0,,"C:\Users\CAOSD\projects\tool-security-rules\..\scriptJsonToUvl\yamls_agrupation\tiny\00-assert5_5.yaml - Deployment dapr-operator is invalid: problem validating schema. Check JSON formatting: jsonschema validation failed with 'https://raw.githubusercontent.com/yannh/kubernetes-json-schema/master/master-standalone-strict/deployment-apps-v1.json#' - at '/spec': missing property 'selector' - at '/spec/template/spec': missing property 'containers' | Summary: 1 resource found in 1 file - Valid: 0, Invalid: 1, Errors: 0, Skipped: 0"
00-assert5_6.yaml,Unknown,SCHEMA_ERROR,,,,,,0,0,0,0,0.0,0.0,0.0,312.92,,,,0,0.0,0.0,,"C:\Users\CAOSD\projects\tool-security-rules\..\scriptJsonToUvl\yamls_agrupation\tiny\00-assert5_6.yaml - Deployment dapr-sentry is invalid: problem validating schema. Check JSON formatting: jsonschema validation failed with 'https://raw.githubusercontent.com/yannh/kubernetes-json-schema/master/master-standalone-strict/deployment-apps-v1.json#' - at '/spec': missing property 'selector' - at '/spec/template/spec': missing property 'containers' | Summary: 1 resource found in 1 file - Valid: 0, Invalid: 1, Errors: 0, Skipped: 0"
00-assert5_7.yaml,Unknown,SCHEMA_ERROR,,,,,,0,0,0,0,0.0,0.0,0.0,440.09,,,,0,0.0,0.0,,"C:\Users\CAOSD\projects\tool-security-rules\..\scriptJsonToUvl\yamls_agrupation\tiny\00-assert5_7.yaml - Deployment dapr-sidecar-injector is invalid: problem validating schema. Check JSON formatting: jsonschema validation failed with 'https://raw.githubusercontent.com/yannh/kubernetes-json-schema/master/master-standalone-strict/deployment-apps-v1.json#' - at '/spec': missing property 'selector' - at '/spec/template/spec': missing property 'containers' | Summary: 1 resource found in 1 file - Valid: 0, Invalid: 1, Errors: 0, Skipped: 0"
00-assert5_8.yaml,Unknown,SCHEMA_ERROR,,,,,,0,0,0,0,0.0,0.0,0.0,293.62,,,,0,0.0,0.0,,"C:\Users\CAOSD\projects\tool-security-rules\..\scriptJsonToUvl\yamls_agrupation\tiny\00-assert5_8.yaml - StatefulSet dapr-placement-server is invalid: problem validating schema. Check JSON formatting: jsonschema validation failed with 'https://raw.githubusercontent.com/yannh/kubernetes-json-schema/master/master-standalone-strict/statefulset-apps-v1.json#' - at '/spec': missing property 'selector' - at '/spec/template/spec': missing property 'containers' | Summary: 1 resource found in 1 file - Valid: 0, Invalid: 1, Errors: 0, Skipped: 0"
00-busybox.yaml,Pod,61,15,6,21,68.85,0,15,481,198,2,293.63,326.62,42.76,369.38,True,True,26,5,39.22,100.0,"{'kubernetes_drop_unused_capabilities': 'trivy', 'Require_Non_Root_Groups': 'kyverno', 'Require_imagePullPolicy_Always': 'kyverno', 'Require_Read_Only_Root_Filesystem': 'kyverno', 'Validate_User_ID_Group_ID_and_FS_Group': 'kyverno', 'Require_Run_As_Non_Root_User': 'kyverno', 'Check_supplementalGroups': 'kyverno', 'no_root': 'trivy', 'kubernetes_use_readonly_filesystem': 'trivy', 'use_high_gid': 'trivy', 'use_high_uid': 'trivy', 'Disallow_Default_Namespace': 'kyverno', 'kubernetes_drop_default_capabilities': 'trivy', 'kubernetes_default_namespace_should_not_be_used': 'trivy', 'kubernetes_primary_supplementary_gid': 'trivy', 'cpuLimitsMissing': 'polaris', 'cpuRequestsMissing': 'polaris', 'memoryLimitsMissing': 'polaris', 'Restrict_Image_Registries': 'kyverno', 'memoryRequestsMissing': 'polaris', 'Require_Images_Use_Checksums': 'kyverno'}",
00-caddy1_1.yaml,Secret,4,0,0,0,100.0,0,7,14,0,1,89.55,103.31,0.0,0.0,True,True,0,0,100.0,100.0,{},
00-caddy1_2.yaml,StatefulSet,31,7,2,9,76.07,0,57,424,176,2,763.42,907.71,50.46,958.17,True,True,11,0,90.6,100.0,"{'kubernetes_drop_unused_capabilities': 'trivy', 'no_root': 'trivy', 'kubernetes_use_readonly_filesystem': 'trivy', 'use_high_gid': 'trivy', 'use_high_uid': 'trivy', 'kubernetes_drop_default_capabilities': 'trivy', 'kubernetes_primary_supplementary_gid': 'trivy', 'cpuRequestsMissing': 'polaris', 'memoryRequestsMissing': 'polaris'}",
00-caddy1_3.yaml,Service,6,1,0,1,84.44,0,15,13,2,1,101.02,115.72,9.6,125.32,True,True,1,1,91.67,100.0,{'Restrict_Service_Port_Range': 'kyverno'},
00-caddy1_4.yaml,Pod,61,13,5,18,72.46,0,15,481,187,6,271.48,305.78,22.36,328.14,True,True,20,6,53.57,100.0,"{'kubernetes_drop_unused_capabilities': 'trivy', 'Require_Non_Root_Groups': 'kyverno', 'Require_imagePullPolicy_Always': 'kyverno', 'Require_Read_Only_Root_Filesystem': 'kyverno', 'Validate_User_ID_Group_ID_and_FS_Group': 'kyverno', 'Require_Run_As_Non_Root_User': 'kyverno', 'Check_supplementalGroups': 'kyverno', 'no_root': 'trivy', 'kubernetes_use_readonly_filesystem': 'trivy', 'use_high_gid': 'trivy', 'use_high_uid': 'trivy', 'kubernetes_drop_default_capabilities': 'trivy', 'kubernetes_primary_supplementary_gid': 'trivy', 'cpuRequestsMissing': 'polaris', 'Restrict_Image_Registries': 'kyverno', 'tagNotSpecified': 'polaris', 'memoryRequestsMissing': 'polaris', 'Require_Images_Use_Checksums': 'kyverno'}",
00-caddy_1.yaml,Secret,4,0,0,0,100.0,0,7,14,0,1,34.89,49.91,0.0,0.0,True,True,0,0,100.0,100.0,{},
00-caddy_2.yaml,StatefulSet,31,7,2,9,76.07,0,57,424,176,2,150.04,293.31,53.68,346.99,True,True,11,0,90.6,100.0,"{'kubernetes_drop_unused_capabilities': 'trivy', 'no_root': 'trivy', 'kubernetes_use_readonly_filesystem': 'trivy', 'use_high_gid': 'trivy', 'use_high_uid': 'trivy', 'kubernetes_drop_default_capabilities': 'trivy', 'kubernetes_primary_supplementary_gid': 'trivy', 'cpuRequestsMissing': 'polaris', 'memoryRequestsMissing': 'polaris'}",
00-caddy_3.yaml,Service,6,1,0,1,84.44,0,15,13,2,1,56.28,71.04,10.17,81.21,True,True,1,1,91.67,100.0,{'Restrict_Service_Port_Range': 'kyverno'},
00-caddy_4.yaml,Pod,61,13,5,18,72.46,0,15,481,187,6,236.12,270.95,22.01,292.96,True,True,20,6,53.57,100.0,"{'kubernetes_drop_unused_capabilities': 'trivy', 'Require_Non_Root_Groups': 'kyverno', 'Require_imagePullPolicy_Always': 'kyverno', 'Require_Read_Only_Root_Filesystem': 'kyverno', 'Validate_User_ID_Group_ID_and_FS_Group': 'kyverno', 'Require_Run_As_Non_Root_User': 'kyverno', 'Check_supplementalGroups': 'kyverno', 'no_root': 'trivy', 'kubernetes_use_readonly_filesystem': 'trivy', 'use_high_gid': 'trivy', 'use_high_uid': 'trivy', 'kubernetes_drop_default_capabilities': 'trivy', 'kubernetes_primary_supplementary_gid': 'trivy', 'cpuRequestsMissing': 'polaris', 'Restrict_Image_Registries': 'kyverno', 'tagNotSpecified': 'polaris', 'memoryRequestsMissing': 'polaris', 'Require_Images_Use_Checksums': 'kyverno'}",
00-common1_1.yaml,ServiceAccount,3,0,0,0,100.0,0,5,7,0,1,33.85,47.52,0.0,0.0,True,True,0,0,100.0,100.0,{},
00-common_1.yaml,ServiceAccount,3,0,0,0,100.0,0,5,7,0,1,34.71,49.09,0.0,0.0,True,True,0,0,100.0,100.0,{},
00-common_2.yaml,ServiceAccount,3,0,0,0,100.0,0,5,7,0,1,37.27,52.17,0.0,0.0,True,True,0,0,100.0,100.0,{},
00-db-secret.yaml,Secret,4,0,0,0,100.0,0,8,14,0,3,84.97,98.9,0.0,0.0,True,True,0,0,100.0,100.0,{},
00-db_1.yaml,Service,6,1,0,1,84.44,0,13,13,2,1,54.41,68.9,9.01,77.91,True,True,1,1,90.91,100.0,{'Restrict_Service_Port_Range': 'kyverno'},
00-db_2.yaml,PersistentVolumeClaim,2,1,0,1,58.33,0,10,7,3,1,51.67,66.18,8.3,74.48,True,True,1,1,90.0,100.0,{'Enforce_ReadWriteOncePod': 'kyverno'},
00-db_3.yaml,Deployment,31,8,2,10,73.08,0,46,422,178,8,353.27,512.18,53.54,565.72,True,True,12,1,90.08,100.0,"{'kubernetes_drop_unused_capabilities': 'trivy', 'no_root': 'trivy', 'kubernetes_use_readonly_filesystem': 'trivy', 'use_high_gid': 'trivy', 'use_high_uid': 'trivy', 'kubernetes_drop_default_capabilities': 'trivy', 'kubernetes_primary_supplementary_gid': 'trivy', 'Require_Multiple_Replicas': 'kyverno', 'cpuRequestsMissing': 'polaris', 'memoryRequestsMissing': 'polaris'}",
00-deployment.yaml,Deployment,31,7,1,8,77.78,0,65,422,176,44,239.89,671.76,91.64,763.4,True,True,76,68,46.67,100.0,"{'kubernetes_drop_unused_capabilities': 'trivy', 'no_root': 'trivy', 'kubernetes_use_readonly_filesystem': 'trivy', 'use_high_gid': 'trivy', 'use_high_uid': 'trivy', 'kubernetes_drop_default_capabilities': 'trivy', 'kubernetes_primary_supplementary_gid': 'trivy', 'tagNotSpecified': 'polaris'}",
00-DeplyExternalDNS.yaml,ServiceAccount,3,0,0,0,100.0,0,7,7,0,1,35.43,48.95,0.0,0.0,True,True,0,0,100.0,100.0,{},
00-DeplyExternalDNS_2.yaml,ClusterRoleBinding,4,0,0,0,100.0,0,13,12,0,1,36.08,50.06,0.0,0.0,True,True,0,0,100.0,100.0,{},
00-DeplyExternalDNS_3.yaml,Deployment,31,8,4,12,67.09,0,27,422,178,6,233.54,283.84,27.68,311.52,True,True,16,0,77.78,100.0,"{'kubernetes_drop_unused_capabilities': 'trivy', 'no_root': 'trivy', 'kubernetes_use_readonly_filesystem': 'trivy', 'use_high_gid': 'trivy', 'use_high_uid': 'trivy', 'kubernetes_drop_default_capabilities': 'trivy', 'kubernetes_primary_supplementary_gid': 'trivy', 'Require_Multiple_Replicas': 'kyverno', 'cpuLimitsMissing': 'polaris', 'cpuRequestsMissing': 'polaris', 'memoryLimitsMissing': 'polaris', 'memoryRequestsMissing': 'polaris'}",
00-EFS-StorageClass.yaml,StorageClass,1,1,0,1,0.0,0,7,3,3,3,51.07,64.75,8.46,73.21,True,True,2,1,84.21,100.0,{'Restrict_StorageClass': 'kyverno'},
00-exporter.yaml,Service,6,2,0,2,68.89,0,19,13,4,1,111.05,126.36,12.07,138.43,True,True,2,2,86.67,100.0,"{'Disallow_Service_Type_LoadBalancer': 'kyverno', 'Restrict_Service_Port_Range': 'kyverno'}",
00-exporter_1.yaml,Deployment,31,8,0,8,77.78,0,65,422,201,32,228.33,415.4,60.67,476.07,True,True,8,1,93.53,100.0,"{'kubernetes_drop_unused_capabilities': 'trivy', 'no_root': 'trivy', 'kubernetes_use_readonly_filesystem': 'trivy', 'use_high_gid': 'trivy', 'use_high_uid': 'trivy', 'kubernetes_drop_default_capabilities': 'trivy', 'kubernetes_primary_supplementary_gid': 'trivy', 'kubernetes_no_host_port_access': 'trivy'}",
00-filestore-storage-class.yaml,StorageClass,1,1,0,1,0.0,0,9,3,3,2,85.98,99.89,9.37,109.26,True,True,2,1,85.71,100.0,{'Restrict_StorageClass': 'kyverno'},
00-filestore-storage-class1.yaml,StorageClass,1,1,0,1,0.0,0,9,3,3,2,47.92,61.94,9.5,71.44,True,True,2,1,85.71,100.0,{'Restrict_StorageClass': 'kyverno'},
00-filestore-storage-class2.yaml,StorageClass,1,1,0,1,0.0,0,9,3,3,2,48.24,62.03,9.38,71.41,True,True,2,1,85.71,100.0,{'Restrict_StorageClass': 'kyverno'},
00-filestore-storage-class3.yaml,StorageClass,1,1,0,1,0.0,0,9,3,3,2,49.19,62.98,9.51,72.49,True,True,2,1,85.71,100.0,{'Restrict_StorageClass': 'kyverno'},
00-helloworld.yaml,Deployment,31,7,5,12,65.81,0,27,422,176,1,156.54,205.74,29.29,235.03,True,True,16,1,72.13,100.0,"{'kubernetes_drop_unused_capabilities': 'trivy', 'no_root': 'trivy', 'kubernetes_use_readonly_filesystem': 'trivy', 'use_high_gid': 'trivy', 'use_high_uid': 'trivy', 'kubernetes_drop_default_capabilities': 'trivy', 'kubernetes_primary_supplementary_gid': 'trivy', 'cpuLimitsMissing': 'polaris', 'cpuRequestsMissing': 'polaris', 'memoryLimitsMissing': 'polaris', 'tagNotSpecified': 'polaris', 'memoryRequestsMissing': 'polaris'}",
00-helloworld1.yaml,Deployment,31,7,5,12,65.81,0,27,422,176,1,153.98,205.29,27.22,232.51,True,True,16,1,72.13,100.0,"{'kubernetes_drop_unused_capabilities': 'trivy', 'no_root': 'trivy', 'kubernetes_use_readonly_filesystem': 'trivy', 'use_high_gid': 'trivy', 'use_high_uid': 'trivy', 'kubernetes_drop_default_capabilities': 'trivy', 'kubernetes_primary_supplementary_gid': 'trivy', 'cpuLimitsMissing': 'polaris', 'cpuRequestsMissing': 'polaris', 'memoryLimitsMissing': 'polaris', 'tagNotSpecified': 'polaris', 'memoryRequestsMissing': 'polaris'}",
00-helloworld2.yaml,Deployment,31,7,5,12,65.81,0,27,422,176,1,201.29,254.94,27.42,282.36,True,True,16,1,72.13,100.0,"{'kubernetes_drop_unused_capabilities': 'trivy', 'no_root': 'trivy', 'kubernetes_use_readonly_filesystem': 'trivy', 'use_high_gid': 'trivy', 'use_high_uid': 'trivy', 'kubernetes_drop_default_capabilities': 'trivy', 'kubernetes_primary_supplementary_gid': 'trivy', 'cpuLimitsMissing': 'polaris', 'cpuRequestsMissing': 'polaris', 'memoryLimitsMissing': 'polaris', 'tagNotSpecified': 'polaris', 'memoryRequestsMissing': 'polaris'}",
00-mi-nginx.yaml,Deployment,31,9,4,13,64.96,0,25,422,188,8,195.49,249.5,43.63,293.13,True,True,21,6,58.46,100.0,"{'kubernetes_drop_unused_capabilities': 'trivy', 'no_root': 'trivy', 'kubernetes_use_readonly_filesystem': 'trivy', 'use_high_gid': 'trivy', 'use_high_uid': 'trivy', 'kubernetes_drop_default_capabilities': 'trivy', 'kubernetes_default_namespace_should_not_be_used': 'trivy', 'kubernetes_primary_supplementary_gid': 'trivy', 'Require_Multiple_Replicas': 'kyverno', 'cpuLimitsMissing': 'polaris', 'cpuRequestsMissing': 'polaris', 'memoryLimitsMissing': 'polaris', 'memoryRequestsMissing': 'polaris'}",
00-minio-deployment1_1.yaml,Deployment,31,8,5,13,62.82,0,39,422,178,24,176.33,266.89,37.79,304.68,True,True,17,3,80.0,100.0,"{'kubernetes_drop_unused_capabilities': 'trivy', 'no_root': 'trivy', 'kubernetes_use_readonly_filesystem': 'trivy', 'use_high_gid': 'trivy', 'use_high_uid': 'trivy', 'kubernetes_drop_default_capabilities': 'trivy', 'kubernetes_primary_supplementary_gid': 'trivy', 'Require_Multiple_Replicas': 'kyverno', 'cpuLimitsMissing': 'polaris', 'cpuRequestsMissing': 'polaris', 'memoryLimitsMissing': 'polaris', 'tagNotSpecified': 'polaris', 'memoryRequestsMissing': 'polaris'}",
00-minio-deployment1_2.yaml,Service,6,1,0,1,84.44,0,20,13,2,1,58.47,73.8,11.82,85.62,True,True,1,1,93.33,100.0,{'Restrict_Service_Port_Range': 'kyverno'},
00-minio-deployment1_3.yaml,Job,31,7,6,13,62.82,1,27,420,176,3,390.8,443.21,34.32,477.53,False,True,17,4,69.57,100.0,"{'kubernetes_drop_unused_capabilities': 'trivy', 'no_root': 'trivy', 'kubernetes_use_readonly_filesystem': 'trivy', 'use_high_gid': 'trivy', 'use_high_uid': 'trivy', 'kubernetes_drop_default_capabilities': 'trivy', 'kubernetes_primary_supplementary_gid': 'trivy', 'Restrict_Jobs': 'kyverno', 'cpuLimitsMissing': 'polaris', 'cpuRequestsMissing': 'polaris', 'memoryLimitsMissing': 'polaris', 'tagNotSpecified': 'polaris', 'memoryRequestsMissing': 'polaris'}",
00-minio-deployment2_1.yaml,Deployment,31,8,5,13,62.82,0,39,422,178,24,160.15,250.69,38.12,288.81,True,True,17,3,80.0,100.0,"{'kubernetes_drop_unused_capabilities': 'trivy', 'no_root': 'trivy', 'kubernetes_use_readonly_filesystem': 'trivy', 'use_high_gid': 'trivy', 'use_high_uid': 'trivy', 'kubernetes_drop_default_capabilities': 'trivy', 'kubernetes_primary_supplementary_gid': 'trivy', 'Require_Multiple_Replicas': 'kyverno', 'cpuLimitsMissing': 'polaris', 'cpuRequestsMissing': 'polaris', 'memoryLimitsMissing': 'polaris', 'tagNotSpecified': 'polaris', 'memoryRequestsMissing': 'polaris'}",
00-minio-deployment2_2.yaml,Service,6,1,0,1,84.44,0,20,13,2,1,55.5,70.57,11.92,82.49,True,True,1,1,93.33,100.0,{'Restrict_Service_Port_Range': 'kyverno'},
00-minio-deployment2_3.yaml,Job,31,7,6,13,62.82,1,27,420,176,3,149.09,201.51,45.74,247.25,False,True,17,4,69.57,100.0,"{'kubernetes_drop_unused_capabilities': 'trivy', 'no_root': 'trivy', 'kubernetes_use_readonly_filesystem': 'trivy', 'use_high_gid': 'trivy', 'use_high_uid': 'trivy', 'kubernetes_drop_default_capabilities': 'trivy', 'kubernetes_primary_supplementary_gid': 'trivy', 'Restrict_Jobs': 'kyverno', 'cpuLimitsMissing': 'polaris', 'cpuRequestsMissing': 'polaris', 'memoryLimitsMissing': 'polaris', 'tagNotSpecified': 'polaris', 'memoryRequestsMissing': 'polaris'}",
00-minio-deployment3.yaml,Deployment,31,8,5,13,62.82,0,39,422,178,24,157.21,249.49,38.01,287.5,True,True,17,3,80.0,100.0,"{'kubernetes_drop_unused_capabilities': 'trivy', 'no_root': 'trivy', 'kubernetes_use_readonly_filesystem': 'trivy', 'use_high_gid': 'trivy', 'use_high_uid': 'trivy', 'kubernetes_drop_default_capabilities': 'trivy', 'kubernetes_primary_supplementary_gid': 'trivy', 'Require_Multiple_Replicas': 'kyverno', 'cpuLimitsMissing': 'polaris', 'cpuRequestsMissing': 'polaris', 'memoryLimitsMissing': 'polaris', 'tagNotSpecified': 'polaris', 'memoryRequestsMissing': 'polaris'}",
00-minio-deployment3_1.yaml,Service,6,1,0,1,84.44,0,20,13,2,1,55.5,70.77,11.89,82.66,True,True,1,1,93.33,100.0,{'Restrict_Service_Port_Range': 'kyverno'},
00-minio-deployment3_2.yaml,Job,31,7,6,13,62.82,1,27,420,176,3,146.99,199.45,34.14,233.59,False,True,17,4,69.57,100.0,"{'kubernetes_drop_unused_capabilities': 'trivy', 'no_root': 'trivy', 'kubernetes_use_readonly_filesystem': 'trivy', 'use_high_gid': 'trivy', 'use_high_uid': 'trivy', 'kubernetes_drop_default_capabilities': 'trivy', 'kubernetes_primary_supplementary_gid': 'trivy', 'Restrict_Jobs': 'kyverno', 'cpuLimitsMissing': 'polaris', 'cpuRequestsMissing': 'polaris', 'memoryLimitsMissing': 'polaris', 'tagNotSpecified': 'polaris', 'memoryRequestsMissing': 'polaris'}",
00-minio-deployment_1.yaml,Deployment,31,8,5,13,62.82,0,39,422,178,24,243.57,332.52,37.81,370.33,True,True,17,3,80.0,100.0,"{'kubernetes_drop_unused_capabilities': 'trivy', 'no_root': 'trivy', 'kubernetes_use_readonly_filesystem': 'trivy', 'use_high_gid': 'trivy', 'use_high_uid': 'trivy', 'kubernetes_drop_default_capabilities': 'trivy', 'kubernetes_primary_supplementary_gid': 'trivy', 'Require_Multiple_Replicas': 'kyverno', 'cpuLimitsMissing': 'polaris', 'cpuRequestsMissing': 'polaris', 'memoryLimitsMissing': 'polaris', 'tagNotSpecified': 'polaris', 'memoryRequestsMissing': 'polaris'}",
00-minio-deployment_2.yaml,Service,6,1,0,1,84.44,0,20,13,2,1,55.71,70.87,12.04,82.91,True,True,1,1,93.33,100.0,{'Restrict_Service_Port_Range': 'kyverno'},
00-minio-deployment_3.yaml,Job,31,7,6,13,62.82,1,27,420,176,3,143.94,196.1,34.87,230.97,False,True,17,4,69.57,100.0,"{'kubernetes_drop_unused_capabilities': 'trivy', 'no_root': 'trivy', 'kubernetes_use_readonly_filesystem': 'trivy', 'use_high_gid': 'trivy', 'use_high_uid': 'trivy', 'kubernetes_drop_default_capabilities': 'trivy', 'kubernetes_primary_supplementary_gid': 'trivy', 'Restrict_Jobs': 'kyverno', 'cpuLimitsMissing': 'polaris', 'cpuRequestsMissing': 'polaris', 'memoryLimitsMissing': 'polaris', 'tagNotSpecified': 'polaris', 'memoryRequestsMissing': 'polaris'}",
00-persistent-volume.yaml,PersistentVolume,1,0,0,0,100.0,0,17,0,0,1,253.2,271.15,0.0,0.0,True,True,0,0,100.0,100.0,{},
00-persistent-volume1.yaml,PersistentVolume,1,0,0,0,100.0,0,17,0,0,1,29.16,48.97,0.0,0.0,True,True,0,0,100.0,100.0,{},
00-persistent-volume2.yaml,PersistentVolume,1,0,0,0,100.0,0,17,0,0,1,32.92,50.77,0.0,0.0,True,True,0,0,100.0,100.0,{},
00-persistent-volume3.yaml,PersistentVolume,1,0,0,0,100.0,0,17,0,0,1,30.66,48.39,0.0,0.0,True,True,0,0,100.0,100.0,{},
00-persistent-volume4.yaml,PersistentVolume,1,0,0,0,100.0,0,17,0,0,1,32.46,50.98,0.0,0.0,True,True,0,0,100.0,100.0,{},
00-pod.yaml,Pod,61,13,6,19,71.56,0,11,481,187,3,288.24,320.18,24.13,344.31,True,True,24,3,42.55,100.0,"{'kubernetes_drop_unused_capabilities': 'trivy', 'Require_Non_Root_Groups': 'kyverno', 'Require_imagePullPolicy_Always': 'kyverno', 'Require_Read_Only_Root_Filesystem': 'kyverno', 'Validate_User_ID_Group_ID_and_FS_Group': 'kyverno', 'Require_Run_As_Non_Root_User': 'kyverno', 'Check_supplementalGroups': 'kyverno', 'no_root': 'trivy', 'kubernetes_use_readonly_filesystem': 'trivy', 'use_high_gid': 'trivy', 'use_high_uid': 'trivy', 'kubernetes_drop_default_capabilities': 'trivy', 'kubernetes_primary_supplementary_gid': 'trivy', 'cpuLimitsMissing': 'polaris', 'cpuRequestsMissing': 'polaris', 'memoryLimitsMissing': 'polaris', 'Restrict_Image_Registries': 'kyverno', 'memoryRequestsMissing': 'polaris', 'Require_Images_Use_Checksums': 'kyverno'}",
00-pod1.yaml,Pod,61,13,6,19,71.56,0,11,481,187,3,269.24,300.16,23.59,323.75,True,True,24,3,42.55,100.0,"{'kubernetes_drop_unused_capabilities': 'trivy', 'Require_Non_Root_Groups': 'kyverno', 'Require_imagePullPolicy_Always': 'kyverno', 'Require_Read_Only_Root_Filesystem': 'kyverno', 'Validate_User_ID_Group_ID_and_FS_Group': 'kyverno', 'Require_Run_As_Non_Root_User': 'kyverno', 'Check_supplementalGroups': 'kyverno', 'no_root': 'trivy', 'kubernetes_use_readonly_filesystem': 'trivy', 'use_high_gid': 'trivy', 'use_high_uid': 'trivy', 'kubernetes_drop_default_capabilities': 'trivy', 'kubernetes_primary_supplementary_gid': 'trivy', 'cpuLimitsMissing': 'polaris', 'cpuRequestsMissing': 'polaris', 'memoryLimitsMissing': 'polaris', 'Restrict_Image_Registries': 'kyverno', 'memoryRequestsMissing': 'polaris', 'Require_Images_Use_Checksums': 'kyverno'}",
00-pod2.yaml,Pod,61,13,6,19,71.56,0,11,481,187,4,232.75,264.95,24.39,289.34,True,True,24,3,44.9,100.0,"{'kubernetes_drop_unused_capabilities': 'trivy', 'Require_Non_Root_Groups': 'kyverno', 'Require_imagePullPolicy_Always': 'kyverno', 'Require_Read_Only_Root_Filesystem': 'kyverno', 'Validate_User_ID_Group_ID_and_FS_Group': 'kyverno', 'Require_Run_As_Non_Root_User': 'kyverno', 'Check_supplementalGroups': 'kyverno', 'no_root': 'trivy', 'kubernetes_use_readonly_filesystem': 'trivy', 'use_high_gid': 'trivy', 'use_high_uid': 'trivy', 'kubernetes_drop_default_capabilities': 'trivy', 'kubernetes_primary_supplementary_gid': 'trivy', 'cpuLimitsMissing': 'polaris', 'cpuRequestsMissing': 'polaris', 'memoryLimitsMissing': 'polaris', 'Restrict_Image_Registries': 'kyverno', 'memoryRequestsMissing': 'polaris', 'Require_Images_Use_Checksums': 'kyverno'}",
00-pod3.yaml,Pod,61,12,6,18,73.14,0,16,481,185,3,226.1,264.1,38.56,302.66,True,True,25,5,44.44,100.0,"{'kubernetes_drop_unused_capabilities': 'trivy', 'Require_Non_Root_Groups': 'kyverno', 'Require_Read_Only_Root_Filesystem': 'kyverno', 'Validate_User_ID_Group_ID_and_FS_Group': 'kyverno', 'Require_Run_As_Non_Root_User': 'kyverno', 'Check_supplementalGroups': 'kyverno', 'no_root': 'trivy', 'kubernetes_use_readonly_filesystem': 'trivy', 'use_high_gid': 'trivy', 'use_high_uid': 'trivy', 'kubernetes_drop_default_capabilities': 'trivy', 'kubernetes_primary_supplementary_gid': 'trivy', 'cpuLimitsMissing': 'polaris', 'cpuRequestsMissing': 'polaris', 'memoryLimitsMissing': 'polaris', 'Restrict_Image_Registries': 'kyverno', 'memoryRequestsMissing': 'polaris', 'Require_Images_Use_Checksums': 'kyverno'}",
00-pod4.yaml,Pod,61,12,6,18,73.14,0,14,481,185,3,242.54,278.04,25.65,303.69,True,True,24,4,44.0,100.0,"{'kubernetes_drop_unused_capabilities': 'trivy', 'Require_Non_Root_Groups': 'kyverno', 'Require_Read_Only_Root_Filesystem': 'kyverno', 'Validate_User_ID_Group_ID_and_FS_Group': 'kyverno', 'Require_Run_As_Non_Root_User': 'kyverno', 'Check_supplementalGroups': 'kyverno', 'no_root': 'trivy', 'kubernetes_use_readonly_filesystem': 'trivy', 'use_high_gid': 'trivy', 'use_high_uid': 'trivy', 'kubernetes_drop_default_capabilities': 'trivy', 'kubernetes_primary_supplementary_gid': 'trivy', 'cpuLimitsMissing': 'polaris', 'cpuRequestsMissing': 'polaris', 'memoryLimitsMissing': 'polaris', 'Restrict_Image_Registries': 'kyverno', 'memoryRequestsMissing': 'polaris', 'Require_Images_Use_Checksums': 'kyverno'}",
00-pod5.yaml,Pod,61,12,6,18,73.14,0,15,481,185,3,225.93,262.35,24.63,286.98,True,True,24,4,46.15,100.0,"{'kubernetes_drop_unused_capabilities': 'trivy', 'Require_Non_Root_Groups': 'kyverno', 'Require_Read_Only_Root_Filesystem': 'kyverno', 'Validate_User_ID_Group_ID_and_FS_Group': 'kyverno', 'Require_Run_As_Non_Root_User': 'kyverno', 'Check_supplementalGroups': 'kyverno', 'no_root': 'trivy', 'kubernetes_use_readonly_filesystem': 'trivy', 'use_high_gid': 'trivy', 'use_high_uid': 'trivy', 'kubernetes_drop_default_capabilities': 'trivy', 'kubernetes_primary_supplementary_gid': 'trivy', 'cpuLimitsMissing': 'polaris', 'cpuRequestsMissing': 'polaris', 'memoryLimitsMissing': 'polaris', 'Restrict_Image_Registries': 'kyverno', 'memoryRequestsMissing': 'polaris', 'Require_Images_Use_Checksums': 'kyverno'}",
00-prepare_1.yaml,Secret,4,0,0,0,100.0,0,7,14,0,4,36.04,50.0,0.0,0.0,True,True,0,0,100.0,100.0,{},
00-prereqs.yaml,ServiceAccount,3,0,0,0,100.0,0,5,7,0,1,34.3,48.05,0.0,0.0,True,True,0,0,100.0,100.0,{},
00-prereqs1.yaml,ServiceAccount,3,0,0,0,100.0,0,5,7,0,1,33.41,47.01,0.0,0.0,True,True,0,0,100.0,100.0,{},
00-prereqs1_1.yaml,ClusterRoleBinding,4,0,0,0,100.0,0,13,12,0,1,35.93,50.03,0.0,0.0,True,True,0,0,100.0,100.0,{},
00-prereqs1_3.yaml,ServiceAccount,3,0,0,0,100.0,0,5,7,0,1,34.73,48.27,0.0,0.0,True,True,0,0,100.0,100.0,{},
00-prereqs1_5.yaml,ClusterRoleBinding,4,0,0,0,100.0,0,13,12,0,1,45.15,61.12,0.0,0.0,True,True,0,0,100.0,100.0,{},
00-prereqs2.yaml,ServiceAccount,3,0,0,0,100.0,0,5,7,0,1,35.27,48.98,0.0,0.0,True,True,0,0,100.0,100.0,{},
00-prereqs2_1.yaml,ClusterRoleBinding,4,0,0,0,100.0,0,13,12,0,1,35.45,49.79,0.0,0.0,True,True,0,0,100.0,100.0,{},
00-prereqs2_3.yaml,ServiceAccount,3,0,0,0,100.0,0,5,7,0,1,33.93,47.78,0.0,0.0,True,True,0,0,100.0,100.0,{},
00-prereqs2_5.yaml,ClusterRoleBinding,4,0,0,0,100.0,0,13,12,0,1,35.57,49.55,0.0,0.0,True,True,0,0,100.0,100.0,{},
00-prereqs3.yaml,ServiceAccount,3,0,0,0,100.0,0,5,7,0,1,33.93,47.51,0.0,0.0,True,True,0,0,100.0,100.0,{},
00-prereqs3_1.yaml,ClusterRoleBinding,4,0,0,0,100.0,0,13,12,0,1,34.26,48.35,0.0,0.0,True,True,0,0,100.0,100.0,{},
00-prereqs3_3.yaml,ServiceAccount,3,0,0,0,100.0,0,5,7,0,1,34.88,49.12,0.0,0.0,True,True,0,0,100.0,100.0,{},
00-prereqs3_5.yaml,ClusterRoleBinding,4,0,0,0,100.0,0,13,12,0,1,36.22,50.3,0.0,0.0,True,True,0,0,100.0,100.0,{},
00-prereqs4.yaml,ServiceAccount,3,0,0,0,100.0,0,5,7,0,1,34.88,48.41,0.0,0.0,True,True,0,0,100.0,100.0,{},
00-prereqs4_1.yaml,ClusterRoleBinding,4,0,0,0,100.0,0,13,12,0,1,35.1,52.21,0.0,0.0,True,True,0,0,100.0,100.0,{},
00-prereqs4_3.yaml,ServiceAccount,3,0,0,0,100.0,0,5,7,0,1,33.18,47.0,0.0,0.0,True,True,0,0,100.0,100.0,{},
00-prereqs4_5.yaml,ClusterRoleBinding,4,0,0,0,100.0,0,13,12,0,1,35.22,49.25,0.0,0.0,True,True,0,0,100.0,100.0,{},
00-prereqs_1.yaml,ClusterRoleBinding,4,0,0,0,100.0,0,13,12,0,1,34.52,48.57,0.0,0.0,True,True,0,0,100.0,100.0,{},
00-prereqs_3.yaml,ServiceAccount,3,0,0,0,100.0,0,5,7,0,1,33.67,48.03,0.0,0.0,True,True,0,0,100.0,100.0,{},
00-prereqs_5.yaml,ClusterRoleBinding,4,0,0,0,100.0,0,13,12,0,1,35.11,50.36,0.0,0.0,True,True,0,0,100.0,100.0,{},
00-pv.yaml,PersistentVolume,1,0,0,0,100.0,0,29,0,0,8,201.1,224.13,0.0,0.0,True,True,0,0,100.0,100.0,{},
00-pv1.yaml,PersistentVolume,1,0,0,0,100.0,0,27,0,0,4,35.81,60.05,0.0,0.0,True,True,0,0,100.0,100.0,{},
00-pv1_1.yaml,PersistentVolume,1,0,0,0,100.0,0,27,0,0,4,29.51,52.74,0.0,0.0,True,True,0,0,100.0,100.0,{},
00-pv2.yaml,PersistentVolume,1,0,0,0,100.0,0,27,0,0,4,30.63,52.86,0.0,0.0,True,True,0,0,100.0,100.0,{},
00-pv2_1.yaml,PersistentVolume,1,0,0,0,100.0,0,27,0,0,4,26.98,49.25,0.0,0.0,True,True,0,0,100.0,100.0,{},
00-secret.yaml,Secret,4,0,0,0,100.0,0,9,14,0,1,69.48,83.65,0.0,0.0,True,True,0,0,100.0,100.0,{},
00-serviceaccount1_1.yaml,ServiceAccount,3,0,0,0,100.0,0,5,7,0,1,33.75,47.19,0.0,0.0,True,True,0,0,100.0,100.0,{},
00-serviceaccount1_2.yaml,Secret,4,0,0,0,100.0,0,9,14,0,1,71.99,86.26,0.0,0.0,True,True,0,0,100.0,100.0,{},
00-serviceaccount_1.yaml,ServiceAccount,3,0,0,0,100.0,0,5,7,0,1,34.32,47.82,0.0,0.0,True,True,0,0,100.0,100.0,{},
00-serviceaccount_2.yaml,Secret,4,0,0,0,100.0,0,9,14,0,1,34.64,48.15,0.0,0.0,True,True,0,0,100.0,100.0,{},
00-storage-class.yaml,StorageClass,1,1,0,1,0.0,0,10,3,3,1,49.65,63.44,9.77,73.21,True,True,4,4,73.33,100.0,{'Restrict_StorageClass': 'kyverno'},
00-storage-class1.yaml,StorageClass,1,1,0,1,0.0,0,8,3,3,2,49.52,63.19,8.9,72.09,True,True,3,2,91.8,100.0,{'Restrict_StorageClass': 'kyverno'},
00-storage-class10.yaml,StorageClass,1,1,0,1,0.0,0,10,3,3,1,50.37,63.97,8.82,72.79,True,True,4,4,73.33,100.0,{'Restrict_StorageClass': 'kyverno'},
00-storage-class2.yaml,StorageClass,1,1,0,1,0.0,0,10,3,3,1,51.72,65.45,31.88,97.33,True,True,4,4,73.33,100.0,{'Restrict_StorageClass': 'kyverno'},
00-storage-class3.yaml,StorageClass,1,1,0,1,0.0,0,8,3,3,2,50.17,64.15,8.79,72.94,True,True,3,2,91.8,100.0,{'Restrict_StorageClass': 'kyverno'},
00-storage-class4.yaml,StorageClass,1,1,0,1,0.0,0,10,3,3,1,53.93,68.16,8.48,76.64,True,True,4,4,73.33,100.0,{'Restrict_StorageClass': 'kyverno'},
00-storage-class5.yaml,StorageClass,1,1,0,1,0.0,0,8,3,3,2,48.13,61.85,8.86,70.71,True,True,3,2,91.8,100.0,{'Restrict_StorageClass': 'kyverno'},
00-storage-class6.yaml,StorageClass,1,1,0,1,0.0,0,10,3,3,1,50.91,66.62,9.27,75.89,True,True,4,4,73.33,100.0,{'Restrict_StorageClass': 'kyverno'},
00-storage-class7.yaml,StorageClass,1,1,0,1,0.0,0,8,3,3,2,46.46,60.22,8.85,69.07,True,True,3,2,91.8,100.0,{'Restrict_StorageClass': 'kyverno'},
00-storage-class8.yaml,StorageClass,1,1,0,1,0.0,0,10,3,3,1,50.22,63.88,8.77,72.65,True,True,4,4,73.33,100.0,{'Restrict_StorageClass': 'kyverno'},
00-storage-class9.yaml,StorageClass,1,1,0,1,0.0,0,8,3,3,2,54.08,69.19,9.42,78.61,True,True,3,2,91.8,100.0,{'Restrict_StorageClass': 'kyverno'},
00-StorageClass.yaml,StorageClass,1,1,0,1,0.0,0,7,3,3,1,51.09,64.62,7.51,72.13,True,True,2,1,80.0,100.0,{'Restrict_StorageClass': 'kyverno'},
00-testing-pod.yaml,ServiceAccount,3,1,0,1,66.67,0,6,7,2,1,77.72,91.5,5.95,97.45,True,True,1,1,83.33,100.0,{'Restrict_Auto_Mount_of_Service_Account_Tokens_in_Service_Account': 'kyverno'},
00-testing-pod1.yaml,Pod,61,14,2,16,76.75,0,33,481,190,12,446.04,520.28,52.15,572.43,True,True,17,7,71.43,100.0,"{'kubernetes_drop_unused_capabilities': 'trivy', 'Require_Non_Root_Groups': 'kyverno', 'Restrict_node_selection': 'kyverno', 'Require_imagePullPolicy_Always': 'kyverno', 'Require_Read_Only_Root_Filesystem': 'kyverno', 'Validate_User_ID_Group_ID_and_FS_Group': 'kyverno', 'Require_Run_As_Non_Root_User': 'kyverno', 'Check_supplementalGroups': 'kyverno', 'no_root': 'trivy', 'kubernetes_use_readonly_filesystem': 'trivy', 'use_high_gid': 'trivy', 'use_high_uid': 'trivy', 'kubernetes_drop_default_capabilities': 'trivy', 'kubernetes_primary_supplementary_gid': 'trivy', 'Restrict_Image_Registries': 'kyverno', 'Require_Images_Use_Checksums': 'kyverno'}",
00-testing-pod1_1.yaml,Service,6,2,0,2,68.89,0,19,13,4,1,71.61,86.77,12.08,98.85,True,True,2,2,86.67,100.0,"{'Disallow_Service_Type_LoadBalancer': 'kyverno', 'Restrict_Service_Port_Range': 'kyverno'}",
00-testing-pod_1.yaml,Pod,61,14,2,16,76.75,0,35,481,190,24,380.48,468.76,32.82,501.58,True,True,17,8,72.53,100.0,"{'kubernetes_drop_unused_capabilities': 'trivy', 'Require_Non_Root_Groups': 'kyverno', 'Restrict_node_selection': 'kyverno', 'Require_imagePullPolicy_Always': 'kyverno', 'Require_Read_Only_Root_Filesystem': 'kyverno', 'Validate_User_ID_Group_ID_and_FS_Group': 'kyverno', 'Require_Run_As_Non_Root_User': 'kyverno', 'Check_supplementalGroups': 'kyverno', 'no_root': 'trivy', 'kubernetes_use_readonly_filesystem': 'trivy', 'use_high_gid': 'trivy', 'use_high_uid': 'trivy', 'kubernetes_drop_default_capabilities': 'trivy', 'kubernetes_primary_supplementary_gid': 'trivy', 'Restrict_Image_Registries': 'kyverno', 'Require_Images_Use_Checksums': 'kyverno'}",
00-testing-pod_2.yaml,Service,6,2,0,2,68.89,0,19,13,4,1,69.89,85.13,12.09,97.22,True,True,2,2,86.67,100.0,"{'Disallow_Service_Type_LoadBalancer': 'kyverno', 'Restrict_Service_Port_Range': 'kyverno'}",
00-traefik-service-account.yaml,ServiceAccount,3,0,0,0,100.0,0,5,7,0,1,34.4,47.97,0.0,0.0,True,True,0,0,100.0,100.0,{},
001-pod.yaml,Pod,61,13,6,19,71.56,0,10,481,187,1,251.12,278.25,21.43,299.68,True,True,23,1,42.86,100.0,"{'kubernetes_drop_unused_capabilities': 'trivy', 'Require_Non_Root_Groups': 'kyverno', 'Require_imagePullPolicy_Always': 'kyverno', 'Require_Read_Only_Root_Filesystem': 'kyverno', 'Validate_User_ID_Group_ID_and_FS_Group': 'kyverno', 'Require_Run_As_Non_Root_User': 'kyverno', 'Check_supplementalGroups': 'kyverno', 'no_root': 'trivy', 'kubernetes_use_readonly_filesystem': 'trivy', 'use_high_gid': 'trivy', 'use_high_uid': 'trivy', 'kubernetes_drop_default_capabilities': 'trivy', 'kubernetes_primary_supplementary_gid': 'trivy', 'cpuLimitsMissing': 'polaris', 'cpuRequestsMissing': 'polaris', 'memoryLimitsMissing': 'polaris', 'Restrict_Image_Registries': 'kyverno', 'memoryRequestsMissing': 'polaris', 'Require_Images_Use_Checksums': 'kyverno'}",
001-pod_1.yaml,Pod,61,13,7,20,69.3,0,10,481,187,1,230.79,258.97,34.23,293.2,True,True,23,1,42.86,100.0,"{'kubernetes_drop_unused_capabilities': 'trivy', 'Require_Non_Root_Groups': 'kyverno', 'Require_imagePullPolicy_Always': 'kyverno', 'Require_Read_Only_Root_Filesystem': 'kyverno', 'Validate_User_ID_Group_ID_and_FS_Group': 'kyverno', 'Require_Run_As_Non_Root_User': 'kyverno', 'Check_supplementalGroups': 'kyverno', 'no_root': 'trivy', 'kubernetes_use_readonly_filesystem': 'trivy', 'use_high_gid': 'trivy', 'use_high_uid': 'trivy', 'kubernetes_drop_default_capabilities': 'trivy', 'kubernetes_primary_supplementary_gid': 'trivy', 'cpuLimitsMissing': 'polaris', 'cpuRequestsMissing': 'polaris', 'memoryLimitsMissing': 'polaris', 'Restrict_Image_Registries': 'kyverno', 'tagNotSpecified': 'polaris', 'memoryRequestsMissing': 'polaris', 'Require_Images_Use_Checksums': 'kyverno'}",
001-rbac_2.yaml,ClusterRoleBinding,4,0,0,0,100.0,0,13,12,0,1,39.68,53.67,0.0,0.0,True,True,0,0,100.0,100.0,{},
001-rbac_3.yaml,ClusterRoleBinding,4,0,0,0,100.0,0,13,12,0,1,35.37,49.71,0.0,0.0,True,True,0,0,100.0,100.0,{},
001_1.yaml,ServiceAccount,3,0,0,0,100.0,0,5,7,0,1,35.04,48.45,0.0,0.0,True,True,0,0,100.0,100.0,{},
001_3.yaml,ClusterRoleBinding,4,0,0,0,100.0,0,13,12,0,1,38.87,53.18,0.0,0.0,True,True,0,0,100.0,100.0,{},
001_5.yaml,RoleBinding,4,0,0,0,100.0,0,14,12,0,1,35.41,51.05,0.0,0.0,True,True,0,0,100.0,100.0,{},
001_6.yaml,StorageClass,1,1,0,1,0.0,0,7,3,3,1,48.01,61.85,7.18,69.03,True,True,1,0,93.33,100.0,{'Restrict_StorageClass': 'kyverno'},
001_7.yaml,Deployment,31,8,5,13,62.82,0,29,422,178,1,163.4,222.72,48.57,271.29,True,True,17,2,72.46,100.0,"{'kubernetes_drop_unused_capabilities': 'trivy', 'no_root': 'trivy', 'kubernetes_use_readonly_filesystem': 'trivy', 'use_high_gid': 'trivy', 'use_high_uid': 'trivy', 'kubernetes_drop_default_capabilities': 'trivy', 'kubernetes_primary_supplementary_gid': 'trivy', 'Require_Multiple_Replicas': 'kyverno', 'cpuLimitsMissing': 'polaris', 'cpuRequestsMissing': 'polaris', 'memoryLimitsMissing': 'polaris', 'tagNotSpecified': 'polaris', 'memoryRequestsMissing': 'polaris'}",
002-multiContainerPod.yaml,Pod,61,13,6,19,71.56,0,8,481,187,3,234.41,263.56,32.11,295.67,True,True,42,4,25.81,100.0,"{'kubernetes_drop_unused_capabilities': 'trivy', 'Require_Non_Root_Groups': 'kyverno', 'Require_imagePullPolicy_Always': 'kyverno', 'Require_Read_Only_Root_Filesystem': 'kyverno', 'Validate_User_ID_Group_ID_and_FS_Group': 'kyverno', 'Require_Run_As_Non_Root_User': 'kyverno', 'Check_supplementalGroups': 'kyverno', 'no_root': 'trivy', 'kubernetes_use_readonly_filesystem': 'trivy', 'use_high_gid': 'trivy', 'use_high_uid': 'trivy', 'kubernetes_drop_default_capabilities': 'trivy', 'kubernetes_primary_supplementary_gid': 'trivy', 'cpuLimitsMissing': 'polaris', 'cpuRequestsMissing': 'polaris', 'memoryLimitsMissing': 'polaris', 'Restrict_Image_Registries': 'kyverno', 'memoryRequestsMissing': 'polaris', 'Require_Images_Use_Checksums': 'kyverno'}",
002-rbac_10.yaml,RoleBinding,4,0,0,0,100.0,0,14,12,0,1,106.77,120.79,0.0,0.0,True,True,0,0,100.0,100.0,{},
002-rbac_2.yaml,ServiceAccount,3,0,0,0,100.0,0,5,7,0,1,33.56,47.35,0.0,0.0,True,True,0,0,100.0,100.0,{},
002-rbac_3.yaml,ServiceAccount,3,0,0,0,100.0,0,5,7,0,1,33.34,46.86,0.0,0.0,True,True,0,0,100.0,100.0,{},
002-rbac_5.yaml,RoleBinding,4,0,0,0,100.0,0,14,12,0,1,36.69,50.68,0.0,0.0,True,True,0,0,100.0,100.0,{},
002-rbac_6.yaml,RoleBinding,4,0,0,0,100.0,0,14,12,0,1,35.25,49.53,0.0,0.0,True,True,0,0,100.0,100.0,{},
002-rbac_8.yaml,RoleBinding,4,0,0,0,100.0,0,14,12,0,1,34.72,50.36,0.0,0.0,True,True,0,0,100.0,100.0,{},
002-secrets.yaml,Secret,4,0,0,0,100.0,0,8,14,0,2,36.7,50.49,0.0,0.0,True,True,0,0,100.0,100.0,{},
002-secrets_1.yaml,Secret,4,0,0,0,100.0,0,7,14,0,1,35.5,49.21,0.0,0.0,True,True,0,0,100.0,100.0,{},
003-env.yaml,Pod,61,13,7,20,69.3,0,13,481,187,4,251.27,296.29,28.67,324.96,True,True,33,11,37.14,100.0,"{'kubernetes_drop_unused_capabilities': 'trivy', 'Require_Non_Root_Groups': 'kyverno', 'Require_imagePullPolicy_Always': 'kyverno', 'Require_Read_Only_Root_Filesystem': 'kyverno', 'Validate_User_ID_Group_ID_and_FS_Group': 'kyverno', 'Require_Run_As_Non_Root_User': 'kyverno', 'Check_supplementalGroups': 'kyverno', 'no_root': 'trivy', 'kubernetes_use_readonly_filesystem': 'trivy', 'use_high_gid': 'trivy', 'use_high_uid': 'trivy', 'kubernetes_drop_default_capabilities': 'trivy', 'kubernetes_primary_supplementary_gid': 'trivy', 'cpuLimitsMissing': 'polaris', 'cpuRequestsMissing': 'polaris', 'memoryLimitsMissing': 'polaris', 'Restrict_Image_Registries': 'kyverno', 'tagNotSpecified': 'polaris', 'memoryRequestsMissing': 'polaris', 'Require_Images_Use_Checksums': 'kyverno'}",
003-env1.yaml,Pod,61,13,7,20,69.3,0,15,481,187,10,233.94,287.69,44.02,331.71,True,True,37,15,31.58,100.0,"{'kubernetes_drop_unused_capabilities': 'trivy', 'Require_Non_Root_Groups': 'kyverno', 'Require_imagePullPolicy_Always': 'kyverno', 'Require_Read_Only_Root_Filesystem': 'kyverno', 'Validate_User_ID_Group_ID_and_FS_Group': 'kyverno', 'Require_Run_As_Non_Root_User': 'kyverno', 'Check_supplementalGroups': 'kyverno', 'no_root': 'trivy', 'kubernetes_use_readonly_filesystem': 'trivy', 'use_high_gid': 'trivy', 'use_high_uid': 'trivy', 'kubernetes_drop_default_capabilities': 'trivy', 'kubernetes_primary_supplementary_gid': 'trivy', 'cpuLimitsMissing': 'polaris', 'cpuRequestsMissing': 'polaris', 'memoryLimitsMissing': 'polaris', 'Restrict_Image_Registries': 'kyverno', 'tagNotSpecified': 'polaris', 'memoryRequestsMissing': 'polaris', 'Require_Images_Use_Checksums': 'kyverno'}",
003-env2.yaml,Pod,61,13,7,20,69.3,0,13,481,187,5,251.15,308.01,30.3,338.31,True,True,36,14,32.43,100.0,"{'kubernetes_drop_unused_capabilities': 'trivy', 'Require_Non_Root_Groups': 'kyverno', 'Require_imagePullPolicy_Always': 'kyverno', 'Require_Read_Only_Root_Filesystem': 'kyverno', 'Validate_User_ID_Group_ID_and_FS_Group': 'kyverno', 'Require_Run_As_Non_Root_User': 'kyverno', 'Check_supplementalGroups': 'kyverno', 'no_root': 'trivy', 'kubernetes_use_readonly_filesystem': 'trivy', 'use_high_gid': 'trivy', 'use_high_uid': 'trivy', 'kubernetes_drop_default_capabilities': 'trivy', 'kubernetes_primary_supplementary_gid': 'trivy', 'cpuLimitsMissing': 'polaris', 'cpuRequestsMissing': 'polaris', 'memoryLimitsMissing': 'polaris', 'Restrict_Image_Registries': 'kyverno', 'tagNotSpecified': 'polaris', 'memoryRequestsMissing': 'polaris', 'Require_Images_Use_Checksums': 'kyverno'}",
003-env3.yaml,Pod,61,13,7,20,69.3,0,15,481,187,10,256.12,309.57,30.29,339.86,True,True,37,15,31.58,100.0,"{'kubernetes_drop_unused_capabilities': 'trivy', 'Require_Non_Root_Groups': 'kyverno', 'Require_imagePullPolicy_Always': 'kyverno', 'Require_Read_Only_Root_Filesystem': 'kyverno', 'Validate_User_ID_Group_ID_and_FS_Group': 'kyverno', 'Require_Run_As_Non_Root_User': 'kyverno', 'Check_supplementalGroups': 'kyverno', 'no_root': 'trivy', 'kubernetes_use_readonly_filesystem': 'trivy', 'use_high_gid': 'trivy', 'use_high_uid': 'trivy', 'kubernetes_drop_default_capabilities': 'trivy', 'kubernetes_primary_supplementary_gid': 'trivy', 'cpuLimitsMissing': 'polaris', 'cpuRequestsMissing': 'polaris', 'memoryLimitsMissing': 'polaris', 'Restrict_Image_Registries': 'kyverno', 'tagNotSpecified': 'polaris', 'memoryRequestsMissing': 'polaris', 'Require_Images_Use_Checksums': 'kyverno'}",
003-pvc.yaml,PersistentVolumeClaim,2,1,0,1,58.33,0,12,7,3,1,54.9,69.95,10.41,80.36,True,True,1,1,91.67,100.0,{'Enforce_ReadWriteOncePod': 'kyverno'},
004-configMap1_1.yaml,Pod,61,13,7,20,69.3,0,13,481,187,1,278.96,311.69,23.02,334.71,True,True,23,1,50.0,100.0,"{'kubernetes_drop_unused_capabilities': 'trivy', 'Require_Non_Root_Groups': 'kyverno', 'Require_imagePullPolicy_Always': 'kyverno', 'Require_Read_Only_Root_Filesystem': 'kyverno', 'Validate_User_ID_Group_ID_and_FS_Group': 'kyverno', 'Require_Run_As_Non_Root_User': 'kyverno', 'Check_supplementalGroups': 'kyverno', 'no_root': 'trivy', 'kubernetes_use_readonly_filesystem': 'trivy', 'use_high_gid': 'trivy', 'use_high_uid': 'trivy', 'kubernetes_drop_default_capabilities': 'trivy', 'kubernetes_primary_supplementary_gid': 'trivy', 'cpuLimitsMissing': 'polaris', 'cpuRequestsMissing': 'polaris', 'memoryLimitsMissing': 'polaris', 'Restrict_Image_Registries': 'kyverno', 'tagNotSpecified': 'polaris', 'memoryRequestsMissing': 'polaris', 'Require_Images_Use_Checksums': 'kyverno'}",
004-configMap1_2.yaml,Pod,61,13,7,20,69.3,0,16,481,187,3,232.82,278.53,39.31,317.84,True,True,23,1,61.29,100.0,"{'kubernetes_drop_unused_capabilities': 'trivy', 'Require_Non_Root_Groups': 'kyverno', 'Require_imagePullPolicy_Always': 'kyverno', 'Require_Read_Only_Root_Filesystem': 'kyverno', 'Validate_User_ID_Group_ID_and_FS_Group': 'kyverno', 'Require_Run_As_Non_Root_User': 'kyverno', 'Check_supplementalGroups': 'kyverno', 'no_root': 'trivy', 'kubernetes_use_readonly_filesystem': 'trivy', 'use_high_gid': 'trivy', 'use_high_uid': 'trivy', 'kubernetes_drop_default_capabilities': 'trivy', 'kubernetes_primary_supplementary_gid': 'trivy', 'cpuLimitsMissing': 'polaris', 'cpuRequestsMissing': 'polaris', 'memoryLimitsMissing': 'polaris', 'Restrict_Image_Registries': 'kyverno', 'tagNotSpecified': 'polaris', 'memoryRequestsMissing': 'polaris', 'Require_Images_Use_Checksums': 'kyverno'}",
004-configMap2_1.yaml,Pod,61,13,7,20,69.3,0,13,481,187,1,245.27,276.57,23.36,299.93,True,True,23,1,50.0,100.0,"{'kubernetes_drop_unused_capabilities': 'trivy', 'Require_Non_Root_Groups': 'kyverno', 'Require_imagePullPolicy_Always': 'kyverno', 'Require_Read_Only_Root_Filesystem': 'kyverno', 'Validate_User_ID_Group_ID_and_FS_Group': 'kyverno', 'Require_Run_As_Non_Root_User': 'kyverno', 'Check_supplementalGroups': 'kyverno', 'no_root': 'trivy', 'kubernetes_use_readonly_filesystem': 'trivy', 'use_high_gid': 'trivy', 'use_high_uid': 'trivy', 'kubernetes_drop_default_capabilities': 'trivy', 'kubernetes_primary_supplementary_gid': 'trivy', 'cpuLimitsMissing': 'polaris', 'cpuRequestsMissing': 'polaris', 'memoryLimitsMissing': 'polaris', 'Restrict_Image_Registries': 'kyverno', 'tagNotSpecified': 'polaris', 'memoryRequestsMissing': 'polaris', 'Require_Images_Use_Checksums': 'kyverno'}",
004-configMap2_2.yaml,Pod,61,13,7,20,69.3,0,16,481,187,3,250.33,297.15,28.4,325.55,True,True,23,1,61.29,100.0,"{'kubernetes_drop_unused_capabilities': 'trivy', 'Require_Non_Root_Groups': 'kyverno', 'Require_imagePullPolicy_Always': 'kyverno', 'Require_Read_Only_Root_Filesystem': 'kyverno', 'Validate_User_ID_Group_ID_and_FS_Group': 'kyverno', 'Require_Run_As_Non_Root_User': 'kyverno', 'Check_supplementalGroups': 'kyverno', 'no_root': 'trivy', 'kubernetes_use_readonly_filesystem': 'trivy', 'use_high_gid': 'trivy', 'use_high_uid': 'trivy', 'kubernetes_drop_default_capabilities': 'trivy', 'kubernetes_primary_supplementary_gid': 'trivy', 'cpuLimitsMissing': 'polaris', 'cpuRequestsMissing': 'polaris', 'memoryLimitsMissing': 'polaris', 'Restrict_Image_Registries': 'kyverno', 'tagNotSpecified': 'polaris', 'memoryRequestsMissing': 'polaris', 'Require_Images_Use_Checksums': 'kyverno'}",
004-configMap3_1.yaml,Pod,61,13,7,20,69.3,0,13,481,187,1,245.42,277.21,23.21,300.42,True,True,23,1,50.0,100.0,"{'kubernetes_drop_unused_capabilities': 'trivy', 'Require_Non_Root_Groups': 'kyverno', 'Require_imagePullPolicy_Always': 'kyverno', 'Require_Read_Only_Root_Filesystem': 'kyverno', 'Validate_User_ID_Group_ID_and_FS_Group': 'kyverno', 'Require_Run_As_Non_Root_User': 'kyverno', 'Check_supplementalGroups': 'kyverno', 'no_root': 'trivy', 'kubernetes_use_readonly_filesystem': 'trivy', 'use_high_gid': 'trivy', 'use_high_uid': 'trivy', 'kubernetes_drop_default_capabilities': 'trivy', 'kubernetes_primary_supplementary_gid': 'trivy', 'cpuLimitsMissing': 'polaris', 'cpuRequestsMissing': 'polaris', 'memoryLimitsMissing': 'polaris', 'Restrict_Image_Registries': 'kyverno', 'tagNotSpecified': 'polaris', 'memoryRequestsMissing': 'polaris', 'Require_Images_Use_Checksums': 'kyverno'}",
004-configMap3_2.yaml,Pod,61,13,7,20,69.3,0,16,481,187,3,229.64,276.3,28.38,304.68,True,True,23,1,61.29,100.0,"{'kubernetes_drop_unused_capabilities': 'trivy', 'Require_Non_Root_Groups': 'kyverno', 'Require_imagePullPolicy_Always': 'kyverno', 'Require_Read_Only_Root_Filesystem': 'kyverno', 'Validate_User_ID_Group_ID_and_FS_Group': 'kyverno', 'Require_Run_As_Non_Root_User': 'kyverno', 'Check_supplementalGroups': 'kyverno', 'no_root': 'trivy', 'kubernetes_use_readonly_filesystem': 'trivy', 'use_high_gid': 'trivy', 'use_high_uid': 'trivy', 'kubernetes_drop_default_capabilities': 'trivy', 'kubernetes_primary_supplementary_gid': 'trivy', 'cpuLimitsMissing': 'polaris', 'cpuRequestsMissing': 'polaris', 'memoryLimitsMissing': 'polaris', 'Restrict_Image_Registries': 'kyverno', 'tagNotSpecified': 'polaris', 'memoryRequestsMissing': 'polaris', 'Require_Images_Use_Checksums': 'kyverno'}",
004-configMap_1.yaml,Pod,61,13,7,20,69.3,0,11,481,187,1,250.64,278.87,22.13,301.0,True,True,23,1,45.45,100.0,"{'kubernetes_drop_unused_capabilities': 'trivy', 'Require_Non_Root_Groups': 'kyverno', 'Require_imagePullPolicy_Always': 'kyverno', 'Require_Read_Only_Root_Filesystem': 'kyverno', 'Validate_User_ID_Group_ID_and_FS_Group': 'kyverno', 'Require_Run_As_Non_Root_User': 'kyverno', 'Check_supplementalGroups': 'kyverno', 'no_root': 'trivy', 'kubernetes_use_readonly_filesystem': 'trivy', 'use_high_gid': 'trivy', 'use_high_uid': 'trivy', 'kubernetes_drop_default_capabilities': 'trivy', 'kubernetes_primary_supplementary_gid': 'trivy', 'cpuLimitsMissing': 'polaris', 'cpuRequestsMissing': 'polaris', 'memoryLimitsMissing': 'polaris', 'Restrict_Image_Registries': 'kyverno', 'tagNotSpecified': 'polaris', 'memoryRequestsMissing': 'polaris', 'Require_Images_Use_Checksums': 'kyverno'}",
004-configMap_2.yaml,Pod,61,13,7,20,69.3,0,11,481,187,1,229.09,257.41,22.24,279.65,True,True,23,1,45.45,100.0,"{'kubernetes_drop_unused_capabilities': 'trivy', 'Require_Non_Root_Groups': 'kyverno', 'Require_imagePullPolicy_Always': 'kyverno', 'Require_Read_Only_Root_Filesystem': 'kyverno', 'Validate_User_ID_Group_ID_and_FS_Group': 'kyverno', 'Require_Run_As_Non_Root_User': 'kyverno', 'Check_supplementalGroups': 'kyverno', 'no_root': 'trivy', 'kubernetes_use_readonly_filesystem': 'trivy', 'use_high_gid': 'trivy', 'use_high_uid': 'trivy', 'kubernetes_drop_default_capabilities': 'trivy', 'kubernetes_primary_supplementary_gid': 'trivy', 'cpuLimitsMissing': 'polaris', 'cpuRequestsMissing': 'polaris', 'memoryLimitsMissing': 'polaris', 'Restrict_Image_Registries': 'kyverno', 'tagNotSpecified': 'polaris', 'memoryRequestsMissing': 'polaris', 'Require_Images_Use_Checksums': 'kyverno'}",
004-service.yaml,Service,6,2,0,2,68.89,0,19,13,4,3,89.57,106.46,18.98,125.44,True,True,4,4,87.1,100.0,"{'Disallow_Service_Type_LoadBalancer': 'kyverno', 'Restrict_Service_Port_Range': 'kyverno'}",
004-vote-app-manifest_1.yaml,Deployment,31,8,4,12,67.09,0,34,422,178,2,162.38,235.8,53.7,289.5,True,True,16,2,78.05,100.0,"{'kubernetes_drop_unused_capabilities': 'trivy', 'no_root': 'trivy', 'kubernetes_use_readonly_filesystem': 'trivy', 'use_high_gid': 'trivy', 'use_high_uid': 'trivy', 'kubernetes_drop_default_capabilities': 'trivy', 'kubernetes_primary_supplementary_gid': 'trivy', 'Require_Multiple_Replicas': 'kyverno', 'cpuLimitsMissing': 'polaris', 'cpuRequestsMissing': 'polaris', 'memoryLimitsMissing': 'polaris', 'memoryRequestsMissing': 'polaris'}",
004-vote-app-manifest_11.yaml,Deployment,31,8,5,13,62.82,0,44,422,178,6,330.52,424.34,37.22,461.56,True,True,17,2,81.55,100.0,"{'kubernetes_drop_unused_capabilities': 'trivy', 'no_root': 'trivy', 'kubernetes_use_readonly_filesystem': 'trivy', 'use_high_gid': 'trivy', 'use_high_uid': 'trivy', 'kubernetes_drop_default_capabilities': 'trivy', 'kubernetes_primary_supplementary_gid': 'trivy', 'Require_Multiple_Replicas': 'kyverno', 'cpuLimitsMissing': 'polaris', 'cpuRequestsMissing': 'polaris', 'memoryLimitsMissing': 'polaris', 'tagNotSpecified': 'polaris', 'memoryRequestsMissing': 'polaris'}",
004-vote-app-manifest_2.yaml,Service,6,1,0,1,84.44,0,19,13,2,1,56.2,71.37,12.26,83.63,True,True,1,1,93.33,100.0,{'Restrict_Service_Port_Range': 'kyverno'},
004-vote-app-manifest_3.yaml,Deployment,31,8,4,12,67.09,0,31,422,178,1,165.26,230.2,30.55,260.75,True,True,16,2,75.0,100.0,"{'kubernetes_drop_unused_capabilities': 'trivy', 'no_root': 'trivy', 'kubernetes_use_readonly_filesystem': 'trivy', 'use_high_gid': 'trivy', 'use_high_uid': 'trivy', 'kubernetes_drop_default_capabilities': 'trivy', 'kubernetes_primary_supplementary_gid': 'trivy', 'Require_Multiple_Replicas': 'kyverno', 'cpuLimitsMissing': 'polaris', 'cpuRequestsMissing': 'polaris', 'memoryLimitsMissing': 'polaris', 'memoryRequestsMissing': 'polaris'}",
004-vote-app-manifest_4.yaml,Service,6,1,0,1,84.44,0,19,13,2,1,55.09,70.3,12.49,82.79,True,True,1,1,93.33,100.0,{'Restrict_Service_Port_Range': 'kyverno'},
004-vote-app-manifest_5.yaml,Deployment,31,8,5,13,62.82,0,23,422,178,1,230.55,273.29,25.26,298.55,True,True,17,2,65.45,100.0,"{'kubernetes_drop_unused_capabilities': 'trivy', 'no_root': 'trivy', 'kubernetes_use_readonly_filesystem': 'trivy', 'use_high_gid': 'trivy', 'use_high_uid': 'trivy', 'kubernetes_drop_default_capabilities': 'trivy', 'kubernetes_primary_supplementary_gid': 'trivy', 'Require_Multiple_Replicas': 'kyverno', 'cpuLimitsMissing': 'polaris', 'cpuRequestsMissing': 'polaris', 'memoryLimitsMissing': 'polaris', 'tagNotSpecified': 'polaris', 'memoryRequestsMissing': 'polaris'}",
004-vote-app-manifest_6.yaml,Deployment,31,8,5,13,62.82,0,26,422,178,1,157.01,206.78,37.73,244.51,True,True,17,2,68.85,100.0,"{'kubernetes_drop_unused_capabilities': 'trivy', 'no_root': 'trivy', 'kubernetes_use_readonly_filesystem': 'trivy', 'use_high_gid': 'trivy', 'use_high_uid': 'trivy', 'kubernetes_drop_default_capabilities': 'trivy', 'kubernetes_primary_supplementary_gid': 'trivy', 'Require_Multiple_Replicas': 'kyverno', 'cpuLimitsMissing': 'polaris', 'cpuRequestsMissing': 'polaris', 'memoryLimitsMissing': 'polaris', 'tagNotSpecified': 'polaris', 'memoryRequestsMissing': 'polaris'}",
004-vote-app-manifest_7.yaml,Service,6,2,0,2,68.89,0,23,13,4,1,127.26,142.85,14.95,157.8,True,True,2,2,88.89,100.0,"{'Disallow_Service_Type_LoadBalancer': 'kyverno', 'Restrict_Service_Port_Range': 'kyverno'}",
004-vote-app-manifest_8.yaml,Deployment,31,8,5,13,62.82,0,26,422,178,1,158.62,209.06,27.57,236.63,True,True,17,2,68.85,100.0,"{'kubernetes_drop_unused_capabilities': 'trivy', 'no_root': 'trivy', 'kubernetes_use_readonly_filesystem': 'trivy', 'use_high_gid': 'trivy', 'use_high_uid': 'trivy', 'kubernetes_drop_default_capabilities': 'trivy', 'kubernetes_primary_supplementary_gid': 'trivy', 'Require_Multiple_Replicas': 'kyverno', 'cpuLimitsMissing': 'polaris', 'cpuRequestsMissing': 'polaris', 'memoryLimitsMissing': 'polaris', 'tagNotSpecified': 'polaris', 'memoryRequestsMissing': 'polaris'}",
004-vote-app-manifest_9.yaml,Service,6,2,0,2,68.89,0,23,13,4,1,69.15,84.73,14.44,99.17,True,True,2,2,88.89,100.0,"{'Disallow_Service_Type_LoadBalancer': 'kyverno', 'Restrict_Service_Port_Range': 'kyverno'}",
005-cluster-addons-finished.yaml,Job,31,7,6,13,62.82,1,24,420,176,2,211.38,261.78,25.78,287.56,False,True,18,3,68.66,100.0,"{'kubernetes_drop_unused_capabilities': 'trivy', 'no_root': 'trivy', 'kubernetes_use_readonly_filesystem': 'trivy', 'use_high_gid': 'trivy', 'use_high_uid': 'trivy', 'kubernetes_drop_default_capabilities': 'trivy', 'kubernetes_primary_supplementary_gid': 'trivy', 'Restrict_Jobs': 'kyverno', 'cpuLimitsMissing': 'polaris', 'cpuRequestsMissing': 'polaris', 'memoryLimitsMissing': 'polaris', 'tagNotSpecified': 'polaris', 'memoryRequestsMissing': 'polaris'}",
005-deployment.yaml,ServiceAccount,3,0,0,0,100.0,0,5,7,0,1,33.81,47.46,0.0,0.0,True,True,0,0,100.0,100.0,{},
005-deployment_1.yaml,Deployment,31,8,2,10,73.08,0,79,422,178,612,334.9,673.7,66.91,740.61,True,True,15,5,90.48,100.0,"{'kubernetes_drop_unused_capabilities': 'trivy', 'no_root': 'trivy', 'kubernetes_use_readonly_filesystem': 'trivy', 'use_high_gid': 'trivy', 'use_high_uid': 'trivy', 'kubernetes_drop_default_capabilities': 'trivy', 'kubernetes_primary_supplementary_gid': 'trivy', 'Require_Multiple_Replicas': 'kyverno', 'cpuRequestsMissing': 'polaris', 'memoryRequestsMissing': 'polaris'}",
005-pod-with-secrets.yaml,Secret,4,0,0,0,100.0,0,6,14,0,2,34.87,48.23,0.0,0.0,True,True,0,0,100.0,100.0,{},
005-pod-with-secrets1.yaml,Secret,4,0,0,0,100.0,0,6,14,0,2,35.34,48.72,0.0,0.0,True,True,0,0,100.0,100.0,{},
005-pod-with-secrets1_1.yaml,Pod,61,15,7,22,66.14,0,13,481,196,1,290.88,323.76,21.86,345.62,True,True,23,4,40.0,100.0,"{'kubernetes_drop_unused_capabilities': 'trivy', 'Require_Non_Root_Groups': 'kyverno', 'Require_imagePullPolicy_Always': 'kyverno', 'Require_Read_Only_Root_Filesystem': 'kyverno', 'Validate_User_ID_Group_ID_and_FS_Group': 'kyverno', 'Require_Run_As_Non_Root_User': 'kyverno', 'Check_supplementalGroups': 'kyverno', 'no_root': 'trivy', 'kubernetes_use_readonly_filesystem': 'trivy', 'use_high_gid': 'trivy', 'Disallow_all_Secrets': 'kyverno', 'Disallow_Secrets_from_Env_Vars': 'kyverno', 'use_high_uid': 'trivy', 'kubernetes_drop_default_capabilities': 'trivy', 'kubernetes_primary_supplementary_gid': 'trivy', 'cpuLimitsMissing': 'polaris', 'cpuRequestsMissing': 'polaris', 'memoryLimitsMissing': 'polaris', 'Restrict_Image_Registries': 'kyverno', 'tagNotSpecified': 'polaris', 'memoryRequestsMissing': 'polaris', 'Require_Images_Use_Checksums': 'kyverno'}",
005-pod-with-secrets2.yaml,Secret,4,0,0,0,100.0,0,6,14,0,2,35.59,49.2,0.0,0.0,True,True,0,0,100.0,100.0,{},
005-pod-with-secrets2_1.yaml,Pod,61,15,7,22,66.14,0,13,481,196,1,252.31,284.18,21.44,305.62,True,True,23,4,40.0,100.0,"{'kubernetes_drop_unused_capabilities': 'trivy', 'Require_Non_Root_Groups': 'kyverno', 'Require_imagePullPolicy_Always': 'kyverno', 'Require_Read_Only_Root_Filesystem': 'kyverno', 'Validate_User_ID_Group_ID_and_FS_Group': 'kyverno', 'Require_Run_As_Non_Root_User': 'kyverno', 'Check_supplementalGroups': 'kyverno', 'no_root': 'trivy', 'kubernetes_use_readonly_filesystem': 'trivy', 'use_high_gid': 'trivy', 'Disallow_all_Secrets': 'kyverno', 'Disallow_Secrets_from_Env_Vars': 'kyverno', 'use_high_uid': 'trivy', 'kubernetes_drop_default_capabilities': 'trivy', 'kubernetes_primary_supplementary_gid': 'trivy', 'cpuLimitsMissing': 'polaris', 'cpuRequestsMissing': 'polaris', 'memoryLimitsMissing': 'polaris', 'Restrict_Image_Registries': 'kyverno', 'tagNotSpecified': 'polaris', 'memoryRequestsMissing': 'polaris', 'Require_Images_Use_Checksums': 'kyverno'}",
005-pod-with-secrets_1.yaml,Pod,61,15,7,22,66.14,0,13,481,196,1,245.82,277.24,21.81,299.05,True,True,23,4,40.0,100.0,"{'kubernetes_drop_unused_capabilities': 'trivy', 'Require_Non_Root_Groups': 'kyverno', 'Require_imagePullPolicy_Always': 'kyverno', 'Require_Read_Only_Root_Filesystem': 'kyverno', 'Validate_User_ID_Group_ID_and_FS_Group': 'kyverno', 'Require_Run_As_Non_Root_User': 'kyverno', 'Check_supplementalGroups': 'kyverno', 'no_root': 'trivy', 'kubernetes_use_readonly_filesystem': 'trivy', 'use_high_gid': 'trivy', 'Disallow_all_Secrets': 'kyverno', 'Disallow_Secrets_from_Env_Vars': 'kyverno', 'use_high_uid': 'trivy', 'kubernetes_drop_default_capabilities': 'trivy', 'kubernetes_primary_supplementary_gid': 'trivy', 'cpuLimitsMissing': 'polaris', 'cpuRequestsMissing': 'polaris', 'memoryLimitsMissing': 'polaris', 'Restrict_Image_Registries': 'kyverno', 'tagNotSpecified': 'polaris', 'memoryRequestsMissing': 'polaris', 'Require_Images_Use_Checksums': 'kyverno'}",
005-secret.yaml,Secret,4,0,0,0,100.0,0,6,14,0,2,34.98,48.62,0.0,0.0,True,True,0,0,100.0,100.0,{},
005-secret_1.yaml,Pod,61,15,7,22,66.14,0,11,481,196,1,300.4,328.79,20.75,349.54,True,True,23,4,34.15,100.0,"{'kubernetes_drop_unused_capabilities': 'trivy', 'Require_Non_Root_Groups': 'kyverno', 'Require_imagePullPolicy_Always': 'kyverno', 'Require_Read_Only_Root_Filesystem': 'kyverno', 'Validate_User_ID_Group_ID_and_FS_Group': 'kyverno', 'Require_Run_As_Non_Root_User': 'kyverno', 'Check_supplementalGroups': 'kyverno', 'no_root': 'trivy', 'kubernetes_use_readonly_filesystem': 'trivy', 'use_high_gid': 'trivy', 'Disallow_all_Secrets': 'kyverno', 'Disallow_Secrets_from_Env_Vars': 'kyverno', 'use_high_uid': 'trivy', 'kubernetes_drop_default_capabilities': 'trivy', 'kubernetes_primary_supplementary_gid': 'trivy', 'cpuLimitsMissing': 'polaris', 'cpuRequestsMissing': 'polaris', 'memoryLimitsMissing': 'polaris', 'Restrict_Image_Registries': 'kyverno', 'tagNotSpecified': 'polaris', 'memoryRequestsMissing': 'polaris', 'Require_Images_Use_Checksums': 'kyverno'}",
005-vote-app-manifest1_1.yaml,Deployment,31,8,4,12,67.09,0,34,422,178,2,154.71,227.48,33.15,260.63,True,True,16,2,78.05,100.0,"{'kubernetes_drop_unused_capabilities': 'trivy', 'no_root': 'trivy', 'kubernetes_use_readonly_filesystem': 'trivy', 'use_high_gid': 'trivy', 'use_high_uid': 'trivy', 'kubernetes_drop_default_capabilities': 'trivy', 'kubernetes_primary_supplementary_gid': 'trivy', 'Require_Multiple_Replicas': 'kyverno', 'cpuLimitsMissing': 'polaris', 'cpuRequestsMissing': 'polaris', 'memoryLimitsMissing': 'polaris', 'memoryRequestsMissing': 'polaris'}",
005-vote-app-manifest1_10.yaml,Service,6,1,0,1,84.44,0,22,13,2,1,54.83,70.36,13.56,83.92,True,True,1,1,94.12,100.0,{'Restrict_Service_Port_Range': 'kyverno'},
005-vote-app-manifest1_11.yaml,Service,6,2,0,2,68.89,0,23,13,4,1,67.22,83.2,14.27,97.47,True,True,2,2,88.89,100.0,"{'Disallow_Service_Type_LoadBalancer': 'kyverno', 'Restrict_Service_Port_Range': 'kyverno'}",
005-vote-app-manifest1_13.yaml,Deployment,31,8,5,13,62.82,0,44,422,178,6,175.65,270.12,52.72,322.84,True,True,17,2,81.55,100.0,"{'kubernetes_drop_unused_capabilities': 'trivy', 'no_root': 'trivy', 'kubernetes_use_readonly_filesystem': 'trivy', 'use_high_gid': 'trivy', 'use_high_uid': 'trivy', 'kubernetes_drop_default_capabilities': 'trivy', 'kubernetes_primary_supplementary_gid': 'trivy', 'Require_Multiple_Replicas': 'kyverno', 'cpuLimitsMissing': 'polaris', 'cpuRequestsMissing': 'polaris', 'memoryLimitsMissing': 'polaris', 'tagNotSpecified': 'polaris', 'memoryRequestsMissing': 'polaris'}",
005-vote-app-manifest1_2.yaml,Service,6,1,0,1,84.44,0,19,13,2,1,56.1,71.41,11.8,83.21,True,True,1,1,93.33,100.0,{'Restrict_Service_Port_Range': 'kyverno'},
005-vote-app-manifest1_3.yaml,Deployment,31,8,4,12,67.09,0,31,422,178,1,168.79,229.48,30.46,259.94,True,True,16,2,75.0,100.0,"{'kubernetes_drop_unused_capabilities': 'trivy', 'no_root': 'trivy', 'kubernetes_use_readonly_filesystem': 'trivy', 'use_high_gid': 'trivy', 'use_high_uid': 'trivy', 'kubernetes_drop_default_capabilities': 'trivy', 'kubernetes_primary_supplementary_gid': 'trivy', 'Require_Multiple_Replicas': 'kyverno', 'cpuLimitsMissing': 'polaris', 'cpuRequestsMissing': 'polaris', 'memoryLimitsMissing': 'polaris', 'memoryRequestsMissing': 'polaris'}",
005-vote-app-manifest1_4.yaml,Service,6,1,0,1,84.44,0,19,13,2,1,56.99,72.38,11.86,84.24,True,True,1,1,93.33,100.0,{'Restrict_Service_Port_Range': 'kyverno'},
005-vote-app-manifest1_5.yaml,Deployment,31,8,5,13,62.82,0,23,422,178,1,164.92,207.98,25.24,233.22,True,True,17,2,65.45,100.0,"{'kubernetes_drop_unused_capabilities': 'trivy', 'no_root': 'trivy', 'kubernetes_use_readonly_filesystem': 'trivy', 'use_high_gid': 'trivy', 'use_high_uid': 'trivy', 'kubernetes_drop_default_capabilities': 'trivy', 'kubernetes_primary_supplementary_gid': 'trivy', 'Require_Multiple_Replicas': 'kyverno', 'cpuLimitsMissing': 'polaris', 'cpuRequestsMissing': 'polaris', 'memoryLimitsMissing': 'polaris', 'tagNotSpecified': 'polaris', 'memoryRequestsMissing': 'polaris'}",
005-vote-app-manifest1_6.yaml,Deployment,31,8,5,13,62.82,0,26,422,178,1,152.71,203.65,27.65,231.3,True,True,17,2,68.85,100.0,"{'kubernetes_drop_unused_capabilities': 'trivy', 'no_root': 'trivy', 'kubernetes_use_readonly_filesystem': 'trivy', 'use_high_gid': 'trivy', 'use_high_uid': 'trivy', 'kubernetes_drop_default_capabilities': 'trivy', 'kubernetes_primary_supplementary_gid': 'trivy', 'Require_Multiple_Replicas': 'kyverno', 'cpuLimitsMissing': 'polaris', 'cpuRequestsMissing': 'polaris', 'memoryLimitsMissing': 'polaris', 'tagNotSpecified': 'polaris', 'memoryRequestsMissing': 'polaris'}",
005-vote-app-manifest1_7.yaml,Service,6,1,0,1,84.44,0,22,13,2,1,58.49,74.04,13.67,87.71,True,True,1,1,94.12,100.0,{'Restrict_Service_Port_Range': 'kyverno'},
005-vote-app-manifest1_8.yaml,Service,6,2,0,2,68.89,0,23,13,4,1,71.73,87.56,14.33,101.89,True,True,2,2,88.89,100.0,"{'Disallow_Service_Type_LoadBalancer': 'kyverno', 'Restrict_Service_Port_Range': 'kyverno'}",
005-vote-app-manifest1_9.yaml,Deployment,31,8,5,13,62.82,0,26,422,178,1,178.55,227.0,42.0,269.0,True,True,17,2,68.85,100.0,"{'kubernetes_drop_unused_capabilities': 'trivy', 'no_root': 'trivy', 'kubernetes_use_readonly_filesystem': 'trivy', 'use_high_gid': 'trivy', 'use_high_uid': 'trivy', 'kubernetes_drop_default_capabilities': 'trivy', 'kubernetes_primary_supplementary_gid': 'trivy', 'Require_Multiple_Replicas': 'kyverno', 'cpuLimitsMissing': 'polaris', 'cpuRequestsMissing': 'polaris', 'memoryLimitsMissing': 'polaris', 'tagNotSpecified': 'polaris', 'memoryRequestsMissing': 'polaris'}",
005-vote-app-manifest_1.yaml,Deployment,31,8,4,12,67.09,0,34,422,178,2,159.83,235.09,33.15,268.24,True,True,16,2,78.05,100.0,"{'kubernetes_drop_unused_capabilities': 'trivy', 'no_root': 'trivy', 'kubernetes_use_readonly_filesystem': 'trivy', 'use_high_gid': 'trivy', 'use_high_uid': 'trivy', 'kubernetes_drop_default_capabilities': 'trivy', 'kubernetes_primary_supplementary_gid': 'trivy', 'Require_Multiple_Replicas': 'kyverno', 'cpuLimitsMissing': 'polaris', 'cpuRequestsMissing': 'polaris', 'memoryLimitsMissing': 'polaris', 'memoryRequestsMissing': 'polaris'}",
005-vote-app-manifest_10.yaml,Service,6,1,0,1,84.44,0,22,13,2,1,58.4,74.02,13.87,87.89,True,True,1,1,94.12,100.0,{'Restrict_Service_Port_Range': 'kyverno'},
005-vote-app-manifest_11.yaml,Service,6,2,0,2,68.89,0,23,13,4,1,71.17,87.16,14.79,101.95,True,True,2,2,88.89,100.0,"{'Disallow_Service_Type_LoadBalancer': 'kyverno', 'Restrict_Service_Port_Range': 'kyverno'}",
005-vote-app-manifest_13.yaml,Deployment,31,8,5,13,62.82,0,44,422,178,6,158.74,252.76,46.55,299.31,True,True,17,2,81.55,100.0,"{'kubernetes_drop_unused_capabilities': 'trivy', 'no_root': 'trivy', 'kubernetes_use_readonly_filesystem': 'trivy', 'use_high_gid': 'trivy', 'use_high_uid': 'trivy', 'kubernetes_drop_default_capabilities': 'trivy', 'kubernetes_primary_supplementary_gid': 'trivy', 'Require_Multiple_Replicas': 'kyverno', 'cpuLimitsMissing': 'polaris', 'cpuRequestsMissing': 'polaris', 'memoryLimitsMissing': 'polaris', 'tagNotSpecified': 'polaris', 'memoryRequestsMissing': 'polaris'}",
005-vote-app-manifest_2.yaml,Service,6,1,0,1,84.44,0,19,13,2,1,56.04,71.06,12.11,83.17,True,True,1,1,93.33,100.0,{'Restrict_Service_Port_Range': 'kyverno'},
005-vote-app-manifest_3.yaml,Deployment,31,8,4,12,67.09,0,31,422,178,1,158.38,218.05,31.8,249.85,True,True,16,2,75.0,100.0,"{'kubernetes_drop_unused_capabilities': 'trivy', 'no_root': 'trivy', 'kubernetes_use_readonly_filesystem': 'trivy', 'use_high_gid': 'trivy', 'use_high_uid': 'trivy', 'kubernetes_drop_default_capabilities': 'trivy', 'kubernetes_primary_supplementary_gid': 'trivy', 'Require_Multiple_Replicas': 'kyverno', 'cpuLimitsMissing': 'polaris', 'cpuRequestsMissing': 'polaris', 'memoryLimitsMissing': 'polaris', 'memoryRequestsMissing': 'polaris'}",
005-vote-app-manifest_4.yaml,Service,6,1,0,1,84.44,0,19,13,2,1,55.99,71.26,12.05,83.31,True,True,1,1,93.33,100.0,{'Restrict_Service_Port_Range': 'kyverno'},
005-vote-app-manifest_5.yaml,Deployment,31,8,5,13,62.82,0,23,422,178,1,174.25,217.92,24.88,242.8,True,True,17,2,65.45,100.0,"{'kubernetes_drop_unused_capabilities': 'trivy', 'no_root': 'trivy', 'kubernetes_use_readonly_filesystem': 'trivy', 'use_high_gid': 'trivy', 'use_high_uid': 'trivy', 'kubernetes_drop_default_capabilities': 'trivy', 'kubernetes_primary_supplementary_gid': 'trivy', 'Require_Multiple_Replicas': 'kyverno', 'cpuLimitsMissing': 'polaris', 'cpuRequestsMissing': 'polaris', 'memoryLimitsMissing': 'polaris', 'tagNotSpecified': 'polaris', 'memoryRequestsMissing': 'polaris'}",
005-vote-app-manifest_6.yaml,Deployment,31,8,5,13,62.82,0,26,422,178,1,165.56,214.98,27.42,242.4,True,True,17,2,68.85,100.0,"{'kubernetes_drop_unused_capabilities': 'trivy', 'no_root': 'trivy', 'kubernetes_use_readonly_filesystem': 'trivy', 'use_high_gid': 'trivy', 'use_high_uid': 'trivy', 'kubernetes_drop_default_capabilities': 'trivy', 'kubernetes_primary_supplementary_gid': 'trivy', 'Require_Multiple_Replicas': 'kyverno', 'cpuLimitsMissing': 'polaris', 'cpuRequestsMissing': 'polaris', 'memoryLimitsMissing': 'polaris', 'tagNotSpecified': 'polaris', 'memoryRequestsMissing': 'polaris'}",
005-vote-app-manifest_7.yaml,Service,6,1,0,1,84.44,0,22,13,2,1,54.32,70.03,13.48,83.51,True,True,1,1,94.12,100.0,{'Restrict_Service_Port_Range': 'kyverno'},
005-vote-app-manifest_8.yaml,Service,6,2,0,2,68.89,0,23,13,4,1,71.16,86.79,14.19,100.98,True,True,2,2,88.89,100.0,"{'Disallow_Service_Type_LoadBalancer': 'kyverno', 'Restrict_Service_Port_Range': 'kyverno'}",
005-vote-app-manifest_9.yaml,Deployment,31,8,5,13,62.82,0,26,422,178,1,157.43,206.1,42.67,248.77,True,True,17,2,68.85,100.0,"{'kubernetes_drop_unused_capabilities': 'trivy', 'no_root': 'trivy', 'kubernetes_use_readonly_filesystem': 'trivy', 'use_high_gid': 'trivy', 'use_high_uid': 'trivy', 'kubernetes_drop_default_capabilities': 'trivy', 'kubernetes_primary_supplementary_gid': 'trivy', 'Require_Multiple_Replicas': 'kyverno', 'cpuLimitsMissing': 'polaris', 'cpuRequestsMissing': 'polaris', 'memoryLimitsMissing': 'polaris', 'tagNotSpecified': 'polaris', 'memoryRequestsMissing': 'polaris'}",
006-liveliness-probes.yaml,Pod,61,13,7,20,69.3,0,16,481,187,6,468.49,504.26,24.41,528.67,True,True,24,2,67.5,100.0,"{'kubernetes_drop_unused_capabilities': 'trivy', 'Require_Non_Root_Groups': 'kyverno', 'Require_imagePullPolicy_Always': 'kyverno', 'Require_Read_Only_Root_Filesystem': 'kyverno', 'Validate_User_ID_Group_ID_and_FS_Group': 'kyverno', 'Require_Run_As_Non_Root_User': 'kyverno', 'Check_supplementalGroups': 'kyverno', 'no_root': 'trivy', 'kubernetes_use_readonly_filesystem': 'trivy', 'use_high_gid': 'trivy', 'use_high_uid': 'trivy', 'kubernetes_drop_default_capabilities': 'trivy', 'kubernetes_primary_supplementary_gid': 'trivy', 'cpuLimitsMissing': 'polaris', 'cpuRequestsMissing': 'polaris', 'memoryLimitsMissing': 'polaris', 'Restrict_Image_Registries': 'kyverno', 'tagNotSpecified': 'polaris', 'memoryRequestsMissing': 'polaris', 'Require_Images_Use_Checksums': 'kyverno'}",
006-liveliness-probes1.yaml,Pod,61,13,7,20,69.3,0,16,481,187,6,271.32,307.51,26.47,333.98,True,True,24,2,67.5,100.0,"{'kubernetes_drop_unused_capabilities': 'trivy', 'Require_Non_Root_Groups': 'kyverno', 'Require_imagePullPolicy_Always': 'kyverno', 'Require_Read_Only_Root_Filesystem': 'kyverno', 'Validate_User_ID_Group_ID_and_FS_Group': 'kyverno', 'Require_Run_As_Non_Root_User': 'kyverno', 'Check_supplementalGroups': 'kyverno', 'no_root': 'trivy', 'kubernetes_use_readonly_filesystem': 'trivy', 'use_high_gid': 'trivy', 'use_high_uid': 'trivy', 'kubernetes_drop_default_capabilities': 'trivy', 'kubernetes_primary_supplementary_gid': 'trivy', 'cpuLimitsMissing': 'polaris', 'cpuRequestsMissing': 'polaris', 'memoryLimitsMissing': 'polaris', 'Restrict_Image_Registries': 'kyverno', 'tagNotSpecified': 'polaris', 'memoryRequestsMissing': 'polaris', 'Require_Images_Use_Checksums': 'kyverno'}",
006-liveliness-probes2.yaml,Pod,61,13,7,20,69.3,0,16,481,187,6,235.96,271.77,24.65,296.42,True,True,24,2,67.5,100.0,"{'kubernetes_drop_unused_capabilities': 'trivy', 'Require_Non_Root_Groups': 'kyverno', 'Require_imagePullPolicy_Always': 'kyverno', 'Require_Read_Only_Root_Filesystem': 'kyverno', 'Validate_User_ID_Group_ID_and_FS_Group': 'kyverno', 'Require_Run_As_Non_Root_User': 'kyverno', 'Check_supplementalGroups': 'kyverno', 'no_root': 'trivy', 'kubernetes_use_readonly_filesystem': 'trivy', 'use_high_gid': 'trivy', 'use_high_uid': 'trivy', 'kubernetes_drop_default_capabilities': 'trivy', 'kubernetes_primary_supplementary_gid': 'trivy', 'cpuLimitsMissing': 'polaris', 'cpuRequestsMissing': 'polaris', 'memoryLimitsMissing': 'polaris', 'Restrict_Image_Registries': 'kyverno', 'tagNotSpecified': 'polaris', 'memoryRequestsMissing': 'polaris', 'Require_Images_Use_Checksums': 'kyverno'}",
006-livelinessProbes.yaml,Pod,61,13,7,20,69.3,0,19,481,187,6,253.43,293.0,32.6,325.6,True,True,23,1,70.73,100.0,"{'kubernetes_drop_unused_capabilities': 'trivy', 'Require_Non_Root_Groups': 'kyverno', 'Require_imagePullPolicy_Always': 'kyverno', 'Require_Read_Only_Root_Filesystem': 'kyverno', 'Validate_User_ID_Group_ID_and_FS_Group': 'kyverno', 'Require_Run_As_Non_Root_User': 'kyverno', 'Check_supplementalGroups': 'kyverno', 'no_root': 'trivy', 'kubernetes_use_readonly_filesystem': 'trivy', 'use_high_gid': 'trivy', 'use_high_uid': 'trivy', 'kubernetes_drop_default_capabilities': 'trivy', 'kubernetes_primary_supplementary_gid': 'trivy', 'cpuLimitsMissing': 'polaris', 'cpuRequestsMissing': 'polaris', 'memoryLimitsMissing': 'polaris', 'Restrict_Image_Registries': 'kyverno', 'tagNotSpecified': 'polaris', 'memoryRequestsMissing': 'polaris', 'Require_Images_Use_Checksums': 'kyverno'}",
007-liveliness-readiness-probe.yaml,Pod,61,13,6,19,71.56,0,22,481,187,1,343.13,389.54,29.25,418.79,True,True,24,2,59.38,100.0,"{'kubernetes_drop_unused_capabilities': 'trivy', 'Require_Non_Root_Groups': 'kyverno', 'Require_imagePullPolicy_Always': 'kyverno', 'Require_Read_Only_Root_Filesystem': 'kyverno', 'Validate_User_ID_Group_ID_and_FS_Group': 'kyverno', 'Require_Run_As_Non_Root_User': 'kyverno', 'Check_supplementalGroups': 'kyverno', 'no_root': 'trivy', 'kubernetes_use_readonly_filesystem': 'trivy', 'use_high_gid': 'trivy', 'use_high_uid': 'trivy', 'kubernetes_drop_default_capabilities': 'trivy', 'kubernetes_primary_supplementary_gid': 'trivy', 'cpuLimitsMissing': 'polaris', 'cpuRequestsMissing': 'polaris', 'memoryLimitsMissing': 'polaris', 'Restrict_Image_Registries': 'kyverno', 'memoryRequestsMissing': 'polaris', 'Require_Images_Use_Checksums': 'kyverno'}",
007-liveliness-readiness-probe1.yaml,Pod,61,13,6,19,71.56,0,22,481,187,1,228.84,275.24,29.29,304.53,True,True,24,2,59.38,100.0,"{'kubernetes_drop_unused_capabilities': 'trivy', 'Require_Non_Root_Groups': 'kyverno', 'Require_imagePullPolicy_Always': 'kyverno', 'Require_Read_Only_Root_Filesystem': 'kyverno', 'Validate_User_ID_Group_ID_and_FS_Group': 'kyverno', 'Require_Run_As_Non_Root_User': 'kyverno', 'Check_supplementalGroups': 'kyverno', 'no_root': 'trivy', 'kubernetes_use_readonly_filesystem': 'trivy', 'use_high_gid': 'trivy', 'use_high_uid': 'trivy', 'kubernetes_drop_default_capabilities': 'trivy', 'kubernetes_primary_supplementary_gid': 'trivy', 'cpuLimitsMissing': 'polaris', 'cpuRequestsMissing': 'polaris', 'memoryLimitsMissing': 'polaris', 'Restrict_Image_Registries': 'kyverno', 'memoryRequestsMissing': 'polaris', 'Require_Images_Use_Checksums': 'kyverno'}",
007-liveliness-readiness-probe2.yaml,Pod,61,13,6,19,71.56,0,22,481,187,1,236.03,283.37,29.39,312.76,True,True,24,2,59.38,100.0,"{'kubernetes_drop_unused_capabilities': 'trivy', 'Require_Non_Root_Groups': 'kyverno', 'Require_imagePullPolicy_Always': 'kyverno', 'Require_Read_Only_Root_Filesystem': 'kyverno', 'Validate_User_ID_Group_ID_and_FS_Group': 'kyverno', 'Require_Run_As_Non_Root_User': 'kyverno', 'Check_supplementalGroups': 'kyverno', 'no_root': 'trivy', 'kubernetes_use_readonly_filesystem': 'trivy', 'use_high_gid': 'trivy', 'use_high_uid': 'trivy', 'kubernetes_drop_default_capabilities': 'trivy', 'kubernetes_primary_supplementary_gid': 'trivy', 'cpuLimitsMissing': 'polaris', 'cpuRequestsMissing': 'polaris', 'memoryLimitsMissing': 'polaris', 'Restrict_Image_Registries': 'kyverno', 'memoryRequestsMissing': 'polaris', 'Require_Images_Use_Checksums': 'kyverno'}",
007-pod-attacker.yaml,Pod,61,13,7,20,69.3,0,13,481,187,2,237.46,266.26,21.78,288.04,True,True,25,3,41.67,100.0,"{'kubernetes_drop_unused_capabilities': 'trivy', 'Require_Non_Root_Groups': 'kyverno', 'Require_imagePullPolicy_Always': 'kyverno', 'Require_Read_Only_Root_Filesystem': 'kyverno', 'Validate_User_ID_Group_ID_and_FS_Group': 'kyverno', 'Require_Run_As_Non_Root_User': 'kyverno', 'Check_supplementalGroups': 'kyverno', 'no_root': 'trivy', 'kubernetes_use_readonly_filesystem': 'trivy', 'use_high_gid': 'trivy', 'use_high_uid': 'trivy', 'kubernetes_drop_default_capabilities': 'trivy', 'kubernetes_primary_supplementary_gid': 'trivy', 'cpuLimitsMissing': 'polaris', 'cpuRequestsMissing': 'polaris', 'memoryLimitsMissing': 'polaris', 'Restrict_Image_Registries': 'kyverno', 'tagNotSpecified': 'polaris', 'memoryRequestsMissing': 'polaris', 'Require_Images_Use_Checksums': 'kyverno'}",
007-readinessProbes.yaml,Pod,61,13,6,19,71.56,0,19,481,187,1,233.89,273.77,26.41,300.18,True,True,23,1,58.62,100.0,"{'kubernetes_drop_unused_capabilities': 'trivy', 'Require_Non_Root_Groups': 'kyverno', 'Require_imagePullPolicy_Always': 'kyverno', 'Require_Read_Only_Root_Filesystem': 'kyverno', 'Validate_User_ID_Group_ID_and_FS_Group': 'kyverno', 'Require_Run_As_Non_Root_User': 'kyverno', 'Check_supplementalGroups': 'kyverno', 'no_root': 'trivy', 'kubernetes_use_readonly_filesystem': 'trivy', 'use_high_gid': 'trivy', 'use_high_uid': 'trivy', 'kubernetes_drop_default_capabilities': 'trivy', 'kubernetes_primary_supplementary_gid': 'trivy', 'cpuLimitsMissing': 'polaris', 'cpuRequestsMissing': 'polaris', 'memoryLimitsMissing': 'polaris', 'Restrict_Image_Registries': 'kyverno', 'memoryRequestsMissing': 'polaris', 'Require_Images_Use_Checksums': 'kyverno'}",
008-limits-and-requests.yaml,Pod,61,13,3,16,75.62,0,13,481,187,4,240.98,276.01,20.75,296.76,True,True,16,1,62.22,100.0,"{'kubernetes_drop_unused_capabilities': 'trivy', 'Require_Non_Root_Groups': 'kyverno', 'Require_imagePullPolicy_Always': 'kyverno', 'Require_Read_Only_Root_Filesystem': 'kyverno', 'Validate_User_ID_Group_ID_and_FS_Group': 'kyverno', 'Require_Run_As_Non_Root_User': 'kyverno', 'Check_supplementalGroups': 'kyverno', 'no_root': 'trivy', 'kubernetes_use_readonly_filesystem': 'trivy', 'use_high_gid': 'trivy', 'use_high_uid': 'trivy', 'kubernetes_drop_default_capabilities': 'trivy', 'kubernetes_primary_supplementary_gid': 'trivy', 'Restrict_Image_Registries': 'kyverno', 'tagNotSpecified': 'polaris', 'Require_Images_Use_Checksums': 'kyverno'}",
008-limits-and-requests1.yaml,Pod,61,13,3,16,75.62,0,13,481,187,4,227.7,263.6,21.09,284.69,True,True,16,1,62.22,100.0,"{'kubernetes_drop_unused_capabilities': 'trivy', 'Require_Non_Root_Groups': 'kyverno', 'Require_imagePullPolicy_Always': 'kyverno', 'Require_Read_Only_Root_Filesystem': 'kyverno', 'Validate_User_ID_Group_ID_and_FS_Group': 'kyverno', 'Require_Run_As_Non_Root_User': 'kyverno', 'Check_supplementalGroups': 'kyverno', 'no_root': 'trivy', 'kubernetes_use_readonly_filesystem': 'trivy', 'use_high_gid': 'trivy', 'use_high_uid': 'trivy', 'kubernetes_drop_default_capabilities': 'trivy', 'kubernetes_primary_supplementary_gid': 'trivy', 'Restrict_Image_Registries': 'kyverno', 'tagNotSpecified': 'polaris', 'Require_Images_Use_Checksums': 'kyverno'}",
008-limits-and-requests1_1.yaml,Pod,61,13,3,16,75.62,0,13,481,187,4,237.74,273.48,20.92,294.4,True,True,16,1,62.22,100.0,"{'kubernetes_drop_unused_capabilities': 'trivy', 'Require_Non_Root_Groups': 'kyverno', 'Require_imagePullPolicy_Always': 'kyverno', 'Require_Read_Only_Root_Filesystem': 'kyverno', 'Validate_User_ID_Group_ID_and_FS_Group': 'kyverno', 'Require_Run_As_Non_Root_User': 'kyverno', 'Check_supplementalGroups': 'kyverno', 'no_root': 'trivy', 'kubernetes_use_readonly_filesystem': 'trivy', 'use_high_gid': 'trivy', 'use_high_uid': 'trivy', 'kubernetes_drop_default_capabilities': 'trivy', 'kubernetes_primary_supplementary_gid': 'trivy', 'Restrict_Image_Registries': 'kyverno', 'tagNotSpecified': 'polaris', 'Require_Images_Use_Checksums': 'kyverno'}",
008-limits-and-requests2.yaml,Pod,61,13,3,16,75.62,0,13,481,187,4,238.72,274.07,21.15,295.22,True,True,16,1,62.22,100.0,"{'kubernetes_drop_unused_capabilities': 'trivy', 'Require_Non_Root_Groups': 'kyverno', 'Require_imagePullPolicy_Always': 'kyverno', 'Require_Read_Only_Root_Filesystem': 'kyverno', 'Validate_User_ID_Group_ID_and_FS_Group': 'kyverno', 'Require_Run_As_Non_Root_User': 'kyverno', 'Check_supplementalGroups': 'kyverno', 'no_root': 'trivy', 'kubernetes_use_readonly_filesystem': 'trivy', 'use_high_gid': 'trivy', 'use_high_uid': 'trivy', 'kubernetes_drop_default_capabilities': 'trivy', 'kubernetes_primary_supplementary_gid': 'trivy', 'Restrict_Image_Registries': 'kyverno', 'tagNotSpecified': 'polaris', 'Require_Images_Use_Checksums': 'kyverno'}",
008-limits-and-requests2_1.yaml,Pod,61,13,3,16,75.62,0,13,481,187,4,233.55,268.88,40.44,309.32,True,True,16,1,62.22,100.0,"{'kubernetes_drop_unused_capabilities': 'trivy', 'Require_Non_Root_Groups': 'kyverno', 'Require_imagePullPolicy_Always': 'kyverno', 'Require_Read_Only_Root_Filesystem': 'kyverno', 'Validate_User_ID_Group_ID_and_FS_Group': 'kyverno', 'Require_Run_As_Non_Root_User': 'kyverno', 'Check_supplementalGroups': 'kyverno', 'no_root': 'trivy', 'kubernetes_use_readonly_filesystem': 'trivy', 'use_high_gid': 'trivy', 'use_high_uid': 'trivy', 'kubernetes_drop_default_capabilities': 'trivy', 'kubernetes_primary_supplementary_gid': 'trivy', 'Restrict_Image_Registries': 'kyverno', 'tagNotSpecified': 'polaris', 'Require_Images_Use_Checksums': 'kyverno'}",
008-limits-and-requests_1.yaml,Pod,61,13,3,16,75.62,0,13,481,187,4,225.9,261.83,20.78,282.61,True,True,16,1,62.22,100.0,"{'kubernetes_drop_unused_capabilities': 'trivy', 'Require_Non_Root_Groups': 'kyverno', 'Require_imagePullPolicy_Always': 'kyverno', 'Require_Read_Only_Root_Filesystem': 'kyverno', 'Validate_User_ID_Group_ID_and_FS_Group': 'kyverno', 'Require_Run_As_Non_Root_User': 'kyverno', 'Check_supplementalGroups': 'kyverno', 'no_root': 'trivy', 'kubernetes_use_readonly_filesystem': 'trivy', 'use_high_gid': 'trivy', 'use_high_uid': 'trivy', 'kubernetes_drop_default_capabilities': 'trivy', 'kubernetes_primary_supplementary_gid': 'trivy', 'Restrict_Image_Registries': 'kyverno', 'tagNotSpecified': 'polaris', 'Require_Images_Use_Checksums': 'kyverno'}",
008-limits-requests.yaml,Pod,61,13,3,16,75.62,0,13,481,187,4,233.64,269.16,20.63,289.79,True,True,16,1,62.22,100.0,"{'kubernetes_drop_unused_capabilities': 'trivy', 'Require_Non_Root_Groups': 'kyverno', 'Require_imagePullPolicy_Always': 'kyverno', 'Require_Read_Only_Root_Filesystem': 'kyverno', 'Validate_User_ID_Group_ID_and_FS_Group': 'kyverno', 'Require_Run_As_Non_Root_User': 'kyverno', 'Check_supplementalGroups': 'kyverno', 'no_root': 'trivy', 'kubernetes_use_readonly_filesystem': 'trivy', 'use_high_gid': 'trivy', 'use_high_uid': 'trivy', 'kubernetes_drop_default_capabilities': 'trivy', 'kubernetes_primary_supplementary_gid': 'trivy', 'Restrict_Image_Registries': 'kyverno', 'tagNotSpecified': 'polaris', 'Require_Images_Use_Checksums': 'kyverno'}",
008-limits-requests_1.yaml,Pod,61,13,3,16,75.62,0,13,481,187,4,225.46,271.18,21.31,292.49,True,True,16,1,62.22,100.0,"{'kubernetes_drop_unused_capabilities': 'trivy', 'Require_Non_Root_Groups': 'kyverno', 'Require_imagePullPolicy_Always': 'kyverno', 'Require_Read_Only_Root_Filesystem': 'kyverno', 'Validate_User_ID_Group_ID_and_FS_Group': 'kyverno', 'Require_Run_As_Non_Root_User': 'kyverno', 'Check_supplementalGroups': 'kyverno', 'no_root': 'trivy', 'kubernetes_use_readonly_filesystem': 'trivy', 'use_high_gid': 'trivy', 'use_high_uid': 'trivy', 'kubernetes_drop_default_capabilities': 'trivy', 'kubernetes_primary_supplementary_gid': 'trivy', 'Restrict_Image_Registries': 'kyverno', 'tagNotSpecified': 'polaris', 'Require_Images_Use_Checksums': 'kyverno'}",
00Srilab-ApacheKafka-pv-pvc.yaml,PersistentVolume,1,0,0,0,100.0,0,12,0,0,1,30.25,46.7,0.0,0.0,True,True,0,0,100.0,100.0,{},
00Srilab-ApacheKafka-pv-pvc_1.yaml,PersistentVolumeClaim,2,1,0,1,58.33,0,12,7,3,1,81.56,97.53,9.79,107.32,True,True,1,1,91.67,100.0,{'Enforce_ReadWriteOncePod': 'kyverno'},
00Srilab-ApacheKafka-pv-pvc_2.yaml,PersistentVolume,1,0,0,0,100.0,0,12,0,0,1,30.1,46.16,0.0,0.0,True,True,0,0,100.0,100.0,{},
00Srilab-ApacheKafka-pv-pvc_3.yaml,PersistentVolumeClaim,2,1,0,1,58.33,0,12,7,3,1,52.39,67.36,9.67,77.03,True,True,1,1,91.67,100.0,{'Enforce_ReadWriteOncePod': 'kyverno'},
00Srilab-promgraf-pv-pvc.yaml,PersistentVolume,1,0,0,0,100.0,0,12,0,0,1,30.0,46.06,0.0,0.0,True,True,0,0,100.0,100.0,{},
00Srilab-promgraf-pv-pvc_1.yaml,PersistentVolumeClaim,2,1,0,1,58.33,0,12,7,3,1,53.39,68.29,9.44,77.73,True,True,1,1,91.67,100.0,{'Enforce_ReadWriteOncePod': 'kyverno'},
00Srilab-promgraf-pv-pvc_2.yaml,PersistentVolume,1,0,0,0,100.0,0,12,0,0,1,30.17,47.16,0.0,0.0,True,True,0,0,100.0,100.0,{},
00Srilab-promgraf-pv-pvc_3.yaml,PersistentVolumeClaim,2,1,0,1,58.33,0,12,7,3,1,48.23,62.76,9.35,72.11,True,True,1,1,91.67,100.0,{'Enforce_ReadWriteOncePod': 'kyverno'},
00_ap_nginx.yaml,Deployment,31,7,4,11,70.09,0,24,422,176,1,182.08,226.73,48.17,274.9,True,True,15,0,73.68,100.0,"{'kubernetes_drop_unused_capabilities': 'trivy', 'no_root': 'trivy', 'kubernetes_use_readonly_filesystem': 'trivy', 'use_high_gid': 'trivy', 'use_high_uid': 'trivy', 'kubernetes_drop_default_capabilities': 'trivy', 'kubernetes_primary_supplementary_gid': 'trivy', 'cpuLimitsMissing': 'polaris', 'cpuRequestsMissing': 'polaris', 'memoryLimitsMissing': 'polaris', 'memoryRequestsMissing': 'polaris'}",
00_ap_nginx1.yaml,Deployment,31,7,4,11,70.09,0,24,422,176,1,144.02,188.13,37.04,225.17,True,True,15,0,73.68,100.0,"{'kubernetes_drop_unused_capabilities': 'trivy', 'no_root': 'trivy', 'kubernetes_use_readonly_filesystem': 'trivy', 'use_high_gid': 'trivy', 'use_high_uid': 'trivy', 'kubernetes_drop_default_capabilities': 'trivy', 'kubernetes_primary_supplementary_gid': 'trivy', 'cpuLimitsMissing': 'polaris', 'cpuRequestsMissing': 'polaris', 'memoryLimitsMissing': 'polaris', 'memoryRequestsMissing': 'polaris'}",
00_basic_ingress.yaml,Ingress,3,1,0,1,70.83,0,20,4,2,1,554.44,570.05,17.05,587.1,True,True,14,10,42.86,100.0,{'tlsSettingsMissing': 'polaris'},
00_basic_secret.yaml,Secret,4,0,0,0,100.0,0,10,14,0,2,38.0,51.77,0.0,0.0,True,True,0,0,100.0,100.0,{},
00_claims.yaml,PersistentVolumeClaim,2,1,0,1,58.33,0,11,7,3,1,48.32,62.85,8.68,71.53,True,True,1,2,86.96,100.0,{'Enforce_ReadWriteOncePod': 'kyverno'},
00_claims_1.yaml,PersistentVolumeClaim,2,1,0,1,58.33,0,11,7,3,1,52.33,68.54,15.55,84.09,True,True,1,2,86.96,100.0,{'Enforce_ReadWriteOncePod': 'kyverno'},
00_claims_2.yaml,PersistentVolumeClaim,2,1,0,1,58.33,0,11,7,3,1,51.53,66.03,8.68,74.71,True,True,1,2,86.96,100.0,{'Enforce_ReadWriteOncePod': 'kyverno'},
00_claims_3.yaml,PersistentVolumeClaim,2,1,0,1,58.33,0,15,7,3,1,162.7,178.4,14.31,192.71,True,True,1,2,88.89,100.0,{'Enforce_ReadWriteOncePod': 'kyverno'},
00_deployment_svc.yaml,Deployment,31,7,4,11,70.09,0,29,422,176,4,206.91,288.9,51.13,340.03,True,True,15,0,83.52,100.0,"{'kubernetes_drop_unused_capabilities': 'trivy', 'no_root': 'trivy', 'kubernetes_use_readonly_filesystem': 'trivy', 'use_high_gid': 'trivy', 'use_high_uid': 'trivy', 'kubernetes_drop_default_capabilities': 'trivy', 'kubernetes_primary_supplementary_gid': 'trivy', 'cpuLimitsMissing': 'polaris', 'cpuRequestsMissing': 'polaris', 'memoryLimitsMissing': 'polaris', 'memoryRequestsMissing': 'polaris'}",
00_deployment_svc_1.yaml,Service,6,1,0,1,84.44,0,18,13,2,1,56.19,71.18,11.99,83.17,True,True,1,1,92.86,100.0,{'Restrict_Service_Port_Range': 'kyverno'},
00_nginx_deployment.yaml,Deployment,31,7,4,11,70.09,0,24,422,176,8,149.02,204.35,27.97,232.32,True,True,19,4,63.49,100.0,"{'kubernetes_drop_unused_capabilities': 'trivy', 'no_root': 'trivy', 'kubernetes_use_readonly_filesystem': 'trivy', 'use_high_gid': 'trivy', 'use_high_uid': 'trivy', 'kubernetes_drop_default_capabilities': 'trivy', 'kubernetes_primary_supplementary_gid': 'trivy', 'cpuLimitsMissing': 'polaris', 'cpuRequestsMissing': 'polaris', 'memoryLimitsMissing': 'polaris', 'memoryRequestsMissing': 'polaris'}",
00_openstack_credentials.yaml,Secret,4,0,0,0,100.0,0,10,14,0,1,37.63,53.14,0.0,0.0,True,True,0,0,100.0,100.0,{},
00_persistent_volume_claim.yaml,PersistentVolumeClaim,2,1,0,1,58.33,0,10,7,3,1,59.18,73.7,8.15,81.85,True,True,1,3,81.82,0.0,{'Enforce_ReadWriteOncePod': 'kyverno'},
00_secret.yaml,Secret,4,0,0,0,100.0,0,7,14,0,2,35.6,49.37,0.0,0.0,True,True,0,0,100.0,100.0,{},
00_us_nginx.yaml,Deployment,31,7,4,11,70.09,0,24,422,176,1,161.13,205.81,25.52,231.33,True,True,15,0,73.68,100.0,"{'kubernetes_drop_unused_capabilities': 'trivy', 'no_root': 'trivy', 'kubernetes_use_readonly_filesystem': 'trivy', 'use_high_gid': 'trivy', 'use_high_uid': 'trivy', 'kubernetes_drop_default_capabilities': 'trivy', 'kubernetes_primary_supplementary_gid': 'trivy', 'cpuLimitsMissing': 'polaris', 'cpuRequestsMissing': 'polaris', 'memoryLimitsMissing': 'polaris', 'memoryRequestsMissing': 'polaris'}",
01-1.redis-leader-dep_1.yaml,Deployment,31,8,2,10,73.08,0,28,422,178,18,155.94,221.37,40.28,261.65,True,True,12,1,81.69,100.0,"{'kubernetes_drop_unused_capabilities': 'trivy', 'no_root': 'trivy', 'kubernetes_use_readonly_filesystem': 'trivy', 'use_high_gid': 'trivy', 'use_high_uid': 'trivy', 'kubernetes_drop_default_capabilities': 'trivy', 'kubernetes_primary_supplementary_gid': 'trivy', 'Require_Multiple_Replicas': 'kyverno', 'cpuLimitsMissing': 'polaris', 'memoryLimitsMissing': 'polaris'}",
01-1.sample.yaml,Pod,61,13,7,20,69.3,0,11,481,187,1,239.0,265.81,23.14,288.95,True,True,23,1,42.86,100.0,"{'kubernetes_drop_unused_capabilities': 'trivy', 'Require_Non_Root_Groups': 'kyverno', 'Require_imagePullPolicy_Always': 'kyverno', 'Require_Read_Only_Root_Filesystem': 'kyverno', 'Validate_User_ID_Group_ID_and_FS_Group': 'kyverno', 'Require_Run_As_Non_Root_User': 'kyverno', 'Check_supplementalGroups': 'kyverno', 'no_root': 'trivy', 'kubernetes_use_readonly_filesystem': 'trivy', 'use_high_gid': 'trivy', 'use_high_uid': 'trivy', 'kubernetes_drop_default_capabilities': 'trivy', 'kubernetes_primary_supplementary_gid': 'trivy', 'cpuLimitsMissing': 'polaris', 'cpuRequestsMissing': 'polaris', 'memoryLimitsMissing': 'polaris', 'Restrict_Image_Registries': 'kyverno', 'tagNotSpecified': 'polaris', 'memoryRequestsMissing': 'polaris', 'Require_Images_Use_Checksums': 'kyverno'}",
01-1.sample1.yaml,Pod,61,13,7,20,69.3,0,11,481,187,1,234.15,260.83,21.85,282.68,True,True,23,1,45.45,100.0,"{'kubernetes_drop_unused_capabilities': 'trivy', 'Require_Non_Root_Groups': 'kyverno', 'Require_imagePullPolicy_Always': 'kyverno', 'Require_Read_Only_Root_Filesystem': 'kyverno', 'Validate_User_ID_Group_ID_and_FS_Group': 'kyverno', 'Require_Run_As_Non_Root_User': 'kyverno', 'Check_supplementalGroups': 'kyverno', 'no_root': 'trivy', 'kubernetes_use_readonly_filesystem': 'trivy', 'use_high_gid': 'trivy', 'use_high_uid': 'trivy', 'kubernetes_drop_default_capabilities': 'trivy', 'kubernetes_primary_supplementary_gid': 'trivy', 'cpuLimitsMissing': 'polaris', 'cpuRequestsMissing': 'polaris', 'memoryLimitsMissing': 'polaris', 'Restrict_Image_Registries': 'kyverno', 'tagNotSpecified': 'polaris', 'memoryRequestsMissing': 'polaris', 'Require_Images_Use_Checksums': 'kyverno'}",
01-2.nginx.yaml,Deployment,31,8,5,13,62.82,0,24,422,178,1,179.71,224.4,25.67,250.07,True,True,17,2,66.67,100.0,"{'kubernetes_drop_unused_capabilities': 'trivy', 'no_root': 'trivy', 'kubernetes_use_readonly_filesystem': 'trivy', 'use_high_gid': 'trivy', 'use_high_uid': 'trivy', 'kubernetes_drop_default_capabilities': 'trivy', 'kubernetes_primary_supplementary_gid': 'trivy', 'Require_Multiple_Replicas': 'kyverno', 'cpuLimitsMissing': 'polaris', 'cpuRequestsMissing': 'polaris', 'memoryLimitsMissing': 'polaris', 'tagNotSpecified': 'polaris', 'memoryRequestsMissing': 'polaris'}",
01-2.nginx1.yaml,Deployment,31,8,5,13,62.82,0,24,422,178,1,157.0,202.18,26.45,228.63,True,True,17,2,66.67,100.0,"{'kubernetes_drop_unused_capabilities': 'trivy', 'no_root': 'trivy', 'kubernetes_use_readonly_filesystem': 'trivy', 'use_high_gid': 'trivy', 'use_high_uid': 'trivy', 'kubernetes_drop_default_capabilities': 'trivy', 'kubernetes_primary_supplementary_gid': 'trivy', 'Require_Multiple_Replicas': 'kyverno', 'cpuLimitsMissing': 'polaris', 'cpuRequestsMissing': 'polaris', 'memoryLimitsMissing': 'polaris', 'tagNotSpecified': 'polaris', 'memoryRequestsMissing': 'polaris'}",
01-2.redis-leader-svc.yaml,Service,6,1,0,1,84.44,0,16,13,2,9,56.11,71.7,13.86,85.56,True,True,2,2,88.24,100.0,{'Restrict_Service_Port_Range': 'kyverno'},
01-3.redis-follower-ha.yaml,Deployment,31,7,2,9,76.07,0,28,422,176,18,149.37,215.71,30.29,246.0,True,True,12,1,81.69,100.0,"{'kubernetes_drop_unused_capabilities': 'trivy', 'no_root': 'trivy', 'kubernetes_use_readonly_filesystem': 'trivy', 'use_high_gid': 'trivy', 'use_high_uid': 'trivy', 'kubernetes_drop_default_capabilities': 'trivy', 'kubernetes_primary_supplementary_gid': 'trivy', 'cpuLimitsMissing': 'polaris', 'memoryLimitsMissing': 'polaris'}",
01-4.redis-follower-dis.yaml,Service,6,1,0,1,84.44,0,14,13,2,9,71.27,86.42,12.67,99.09,True,True,2,2,87.5,100.0,{'Restrict_Service_Port_Range': 'kyverno'},
01-5.guestbook-front-dep.yaml,Deployment,31,7,2,9,76.07,0,28,422,176,8,142.4,207.29,28.86,236.15,True,True,14,3,75.36,100.0,"{'kubernetes_drop_unused_capabilities': 'trivy', 'no_root': 'trivy', 'kubernetes_use_readonly_filesystem': 'trivy', 'use_high_gid': 'trivy', 'use_high_uid': 'trivy', 'kubernetes_drop_default_capabilities': 'trivy', 'kubernetes_primary_supplementary_gid': 'trivy', 'cpuLimitsMissing': 'polaris', 'memoryLimitsMissing': 'polaris'}",
01-6.guestbook-front-svc.yaml,Service,6,2,0,2,68.89,0,16,13,4,4,71.14,86.09,12.14,98.23,True,True,3,3,80.0,100.0,"{'Disallow_Service_Type_LoadBalancer': 'kyverno', 'Restrict_Service_Port_Range': 'kyverno'}",
01-access-role_2.yaml,RoleBinding,4,0,0,0,100.0,0,14,12,0,1,66.83,80.67,0.0,0.0,True,True,0,0,100.0,100.0,{},
01-access-role_3.yaml,Pod,61,13,6,19,71.56,0,9,481,187,1,241.18,266.73,21.99,288.72,True,True,23,1,40.0,100.0,"{'kubernetes_drop_unused_capabilities': 'trivy', 'Require_Non_Root_Groups': 'kyverno', 'Require_imagePullPolicy_Always': 'kyverno', 'Require_Read_Only_Root_Filesystem': 'kyverno', 'Validate_User_ID_Group_ID_and_FS_Group': 'kyverno', 'Require_Run_As_Non_Root_User': 'kyverno', 'Check_supplementalGroups': 'kyverno', 'no_root': 'trivy', 'kubernetes_use_readonly_filesystem': 'trivy', 'use_high_gid': 'trivy', 'use_high_uid': 'trivy', 'kubernetes_drop_default_capabilities': 'trivy', 'kubernetes_primary_supplementary_gid': 'trivy', 'cpuLimitsMissing': 'polaris', 'cpuRequestsMissing': 'polaris', 'memoryLimitsMissing': 'polaris', 'Restrict_Image_Registries': 'kyverno', 'memoryRequestsMissing': 'polaris', 'Require_Images_Use_Checksums': 'kyverno'}",
01-app-pv.yaml,PersistentVolume,1,0,1,1,0.0,0,17,0,0,2,29.93,47.6,12.62,60.22,True,True,5,5,68.75,100.0,{'Limit_hostPath_PersistentVolumes_to_Specific_Directories': 'kyverno'},
01-app1.yaml,Deployment,31,8,4,12,67.09,0,24,422,178,1,164.24,209.31,25.68,234.99,True,True,16,1,70.18,100.0,"{'kubernetes_drop_unused_capabilities': 'trivy', 'no_root': 'trivy', 'kubernetes_use_readonly_filesystem': 'trivy', 'use_high_gid': 'trivy', 'use_high_uid': 'trivy', 'kubernetes_drop_default_capabilities': 'trivy', 'kubernetes_primary_supplementary_gid': 'trivy', 'Require_Multiple_Replicas': 'kyverno', 'cpuLimitsMissing': 'polaris', 'cpuRequestsMissing': 'polaris', 'memoryLimitsMissing': 'polaris', 'memoryRequestsMissing': 'polaris'}",
01-app11.yaml,Deployment,31,8,4,12,67.09,0,24,422,178,1,171.57,215.98,25.41,241.39,True,True,16,1,70.18,100.0,"{'kubernetes_drop_unused_capabilities': 'trivy', 'no_root': 'trivy', 'kubernetes_use_readonly_filesystem': 'trivy', 'use_high_gid': 'trivy', 'use_high_uid': 'trivy', 'kubernetes_drop_default_capabilities': 'trivy', 'kubernetes_primary_supplementary_gid': 'trivy', 'Require_Multiple_Replicas': 'kyverno', 'cpuLimitsMissing': 'polaris', 'cpuRequestsMissing': 'polaris', 'memoryLimitsMissing': 'polaris', 'memoryRequestsMissing': 'polaris'}",
01-app11_1.yaml,Service,6,2,0,2,68.89,0,20,13,4,1,85.14,103.04,12.05,115.09,True,True,2,2,86.67,100.0,"{'Restrict_Service_Port_Range': 'kyverno', 'Disallow_NodePort': 'kyverno'}",
01-app12.yaml,Deployment,31,8,4,12,67.09,0,24,422,178,1,162.57,206.55,40.67,247.22,True,True,16,1,70.18,100.0,"{'kubernetes_drop_unused_capabilities': 'trivy', 'no_root': 'trivy', 'kubernetes_use_readonly_filesystem': 'trivy', 'use_high_gid': 'trivy', 'use_high_uid': 'trivy', 'kubernetes_drop_default_capabilities': 'trivy', 'kubernetes_primary_supplementary_gid': 'trivy', 'Require_Multiple_Replicas': 'kyverno', 'cpuLimitsMissing': 'polaris', 'cpuRequestsMissing': 'polaris', 'memoryLimitsMissing': 'polaris', 'memoryRequestsMissing': 'polaris'}",
01-app12_1.yaml,Service,6,2,0,2,68.89,0,20,13,4,1,68.78,83.62,12.46,96.08,True,True,2,2,86.67,100.0,"{'Restrict_Service_Port_Range': 'kyverno', 'Disallow_NodePort': 'kyverno'}",
01-app13.yaml,Deployment,31,8,4,12,67.09,0,24,422,178,1,168.18,215.34,25.89,241.23,True,True,16,1,70.18,100.0,"{'kubernetes_drop_unused_capabilities': 'trivy', 'no_root': 'trivy', 'kubernetes_use_readonly_filesystem': 'trivy', 'use_high_gid': 'trivy', 'use_high_uid': 'trivy', 'kubernetes_drop_default_capabilities': 'trivy', 'kubernetes_primary_supplementary_gid': 'trivy', 'Require_Multiple_Replicas': 'kyverno', 'cpuLimitsMissing': 'polaris', 'cpuRequestsMissing': 'polaris', 'memoryLimitsMissing': 'polaris', 'memoryRequestsMissing': 'polaris'}",
01-app13_1.yaml,Service,6,2,0,2,68.89,0,20,13,4,1,70.61,85.87,11.96,97.83,True,True,2,2,86.67,100.0,"{'Restrict_Service_Port_Range': 'kyverno', 'Disallow_NodePort': 'kyverno'}",
01-app14.yaml,Deployment,31,8,4,12,67.09,0,24,422,178,1,159.83,204.73,25.64,230.37,True,True,16,1,70.18,100.0,"{'kubernetes_drop_unused_capabilities': 'trivy', 'no_root': 'trivy', 'kubernetes_use_readonly_filesystem': 'trivy', 'use_high_gid': 'trivy', 'use_high_uid': 'trivy', 'kubernetes_drop_default_capabilities': 'trivy', 'kubernetes_primary_supplementary_gid': 'trivy', 'Require_Multiple_Replicas': 'kyverno', 'cpuLimitsMissing': 'polaris', 'cpuRequestsMissing': 'polaris', 'memoryLimitsMissing': 'polaris', 'memoryRequestsMissing': 'polaris'}",
01-app14_1.yaml,Service,6,2,0,2,68.89,0,20,13,4,1,70.69,85.7,12.06,97.76,True,True,2,2,86.67,100.0,"{'Restrict_Service_Port_Range': 'kyverno', 'Disallow_NodePort': 'kyverno'}",
01-app15.yaml,Deployment,31,8,4,12,67.09,0,24,422,178,1,155.96,200.53,26.5,227.03,True,True,16,1,70.18,100.0,"{'kubernetes_drop_unused_capabilities': 'trivy', 'no_root': 'trivy', 'kubernetes_use_readonly_filesystem': 'trivy', 'use_high_gid': 'trivy', 'use_high_uid': 'trivy', 'kubernetes_drop_default_capabilities': 'trivy', 'kubernetes_primary_supplementary_gid': 'trivy', 'Require_Multiple_Replicas': 'kyverno', 'cpuLimitsMissing': 'polaris', 'cpuRequestsMissing': 'polaris', 'memoryLimitsMissing': 'polaris', 'memoryRequestsMissing': 'polaris'}",
01-app15_1.yaml,Service,6,2,0,2,68.89,0,20,13,4,1,68.53,84.49,11.99,96.48,True,True,2,2,86.67,100.0,"{'Restrict_Service_Port_Range': 'kyverno', 'Disallow_NodePort': 'kyverno'}",
01-app16.yaml,Deployment,31,8,4,12,67.09,0,24,422,178,1,164.12,208.62,25.35,233.97,True,True,16,1,70.18,100.0,"{'kubernetes_drop_unused_capabilities': 'trivy', 'no_root': 'trivy', 'kubernetes_use_readonly_filesystem': 'trivy', 'use_high_gid': 'trivy', 'use_high_uid': 'trivy', 'kubernetes_drop_default_capabilities': 'trivy', 'kubernetes_primary_supplementary_gid': 'trivy', 'Require_Multiple_Replicas': 'kyverno', 'cpuLimitsMissing': 'polaris', 'cpuRequestsMissing': 'polaris', 'memoryLimitsMissing': 'polaris', 'memoryRequestsMissing': 'polaris'}",
01-app16_1.yaml,Service,6,1,0,1,84.44,0,20,13,2,1,62.22,77.41,11.96,89.37,True,True,1,1,93.33,100.0,{'Restrict_Service_Port_Range': 'kyverno'},
01-app1_1.yaml,Service,6,2,0,2,68.89,0,20,13,4,1,74.81,95.66,12.04,107.7,True,True,2,2,86.67,100.0,"{'Restrict_Service_Port_Range': 'kyverno', 'Disallow_NodePort': 'kyverno'}",
01-assert1.yaml,Unknown,SCHEMA_ERROR,,,,,,0,0,0,0,0.0,0.0,0.0,315.7,,,,0,0.0,0.0,,"C:\Users\CAOSD\projects\tool-security-rules\..\scriptJsonToUvl\yamls_agrupation\tiny\01-assert1.yaml - StatefulSet caddy is invalid: problem validating schema. Check JSON formatting: jsonschema validation failed with 'https://raw.githubusercontent.com/yannh/kubernetes-json-schema/master/master-standalone-strict/statefulset-apps-v1.json#' - at '': missing property 'spec' | Summary: 1 resource found in 1 file - Valid: 0, Invalid: 1, Errors: 0, Skipped: 0"
01-assert10.yaml,Unknown,SCHEMA_ERROR,,,,,,0,0,0,0,0.0,0.0,0.0,288.91,,,,0,0.0,0.0,,"C:\Users\CAOSD\projects\tool-security-rules\..\scriptJsonToUvl\yamls_agrupation\tiny\01-assert10.yaml - StatefulSet hello-world-server is invalid: problem validating schema. Check JSON formatting: jsonschema validation failed with 'https://raw.githubusercontent.com/yannh/kubernetes-json-schema/master/master-standalone-strict/statefulset-apps-v1.json#' - at '': missing property 'spec' - at '/status': missing property 'replicas' | Summary: 1 resource found in 1 file - Valid: 0, Invalid: 1, Errors: 0, Skipped: 0"
01-assert11.yaml,Pod,61,6,0,6,90.52,6,7,481,18,1,165.26,187.61,6.82,194.43,False,True,0,0,100.0,100.0,"{'Require_Non_Root_Groups': 'kyverno', 'Require_imagePullPolicy_Always': 'kyverno', 'Require_Read_Only_Root_Filesystem': 'kyverno', 'Validate_User_ID_Group_ID_and_FS_Group': 'kyverno', 'Require_Run_As_Non_Root_User': 'kyverno', 'Check_supplementalGroups': 'kyverno'}",
01-assert11_1.yaml,Pod,61,6,0,6,90.52,6,7,481,18,1,167.41,190.06,7.3,197.36,False,True,0,0,100.0,100.0,"{'Require_Non_Root_Groups': 'kyverno', 'Require_imagePullPolicy_Always': 'kyverno', 'Require_Read_Only_Root_Filesystem': 'kyverno', 'Validate_User_ID_Group_ID_and_FS_Group': 'kyverno', 'Require_Run_As_Non_Root_User': 'kyverno', 'Check_supplementalGroups': 'kyverno'}",
01-assert11_2.yaml,Pod,61,6,0,6,90.52,6,7,481,18,1,170.23,192.78,7.33,200.11,False,True,0,0,100.0,100.0,"{'Require_Non_Root_Groups': 'kyverno', 'Require_imagePullPolicy_Always': 'kyverno', 'Require_Read_Only_Root_Filesystem': 'kyverno', 'Validate_User_ID_Group_ID_and_FS_Group': 'kyverno', 'Require_Run_As_Non_Root_User': 'kyverno', 'Check_supplementalGroups': 'kyverno'}",
01-assert1_1.yaml,Pod,61,6,0,6,90.52,6,6,481,18,1,170.25,191.32,6.56,197.88,False,True,0,0,100.0,100.0,"{'Require_Non_Root_Groups': 'kyverno', 'Require_imagePullPolicy_Always': 'kyverno', 'Require_Read_Only_Root_Filesystem': 'kyverno', 'Validate_User_ID_Group_ID_and_FS_Group': 'kyverno', 'Require_Run_As_Non_Root_User': 'kyverno', 'Check_supplementalGroups': 'kyverno'}",
01-assert23_1.yaml,Service,6,1,0,1,84.44,0,4,13,2,1,58.16,71.9,29.06,100.96,True,True,3,0,72.73,100.0,{'Restrict_Service_Port_Range': 'kyverno'},
01-assert23_3.yaml,Unknown,SCHEMA_ERROR,,,,,,0,0,0,0,0.0,0.0,0.0,320.23,,,,0,0.0,0.0,,"C:\Users\CAOSD\projects\tool-security-rules\..\scriptJsonToUvl\yamls_agrupation\tiny\01-assert23_3.yaml - Deployment example-argocd-redis is invalid: problem validating schema. Check JSON formatting: jsonschema validation failed with 'https://raw.githubusercontent.com/yannh/kubernetes-json-schema/master/master-standalone-strict/deployment-apps-v1.json#' - at '': missing property 'spec' | Summary: 1 resource found in 1 file - Valid: 0, Invalid: 1, Errors: 0, Skipped: 0"
01-assert24_2.yaml,Unknown,SCHEMA_ERROR,,,,,,0,0,0,0,0.0,0.0,0.0,309.43,,,,0,0.0,0.0,,"C:\Users\CAOSD\projects\tool-security-rules\..\scriptJsonToUvl\yamls_agrupation\tiny\01-assert24_2.yaml - Deployment example-argocd-repo-server is invalid: problem validating schema. Check JSON formatting: jsonschema validation failed with 'https://raw.githubusercontent.com/yannh/kubernetes-json-schema/master/master-standalone-strict/deployment-apps-v1.json#' - at '': missing property 'spec' | Summary: 1 resource found in 1 file - Valid: 0, Invalid: 1, Errors: 0, Skipped: 0"
01-assert25_10.yaml,Unknown,SCHEMA_ERROR,,,,,,0,0,0,0,0.0,0.0,0.0,257.18,,,,0,0.0,0.0,,"C:\Users\CAOSD\projects\tool-security-rules\..\scriptJsonToUvl\yamls_agrupation\tiny\01-assert25_10.yaml - RoleBinding example-argocd-argocd-server is invalid: problem validating schema. Check JSON formatting: jsonschema validation failed with 'https://raw.githubusercontent.com/yannh/kubernetes-json-schema/master/master-standalone-strict/rolebinding-rbac-v1.json#' - at '': missing property 'roleRef' | Summary: 1 resource found in 1 file - Valid: 0, Invalid: 1, Errors: 0, Skipped: 0"
01-assert25_11.yaml,Unknown,SCHEMA_ERROR,,,,,,0,0,0,0,0.0,0.0,0.0,121.88,,,,0,0.0,0.0,,"C:\Users\CAOSD\projects\tool-security-rules\..\scriptJsonToUvl\yamls_agrupation\tiny\01-assert25_11.yaml - RoleBinding example-argocd-argocd-redis-ha is invalid: problem validating schema. Check JSON formatting: jsonschema validation failed with 'https://raw.githubusercontent.com/yannh/kubernetes-json-schema/master/master-standalone-strict/rolebinding-rbac-v1.json#' - at '': missing property 'roleRef' | Summary: 1 resource found in 1 file - Valid: 0, Invalid: 1, Errors: 0, Skipped: 0"
01-assert25_2.yaml,Unknown,SCHEMA_ERROR,,,,,,0,0,0,0,0.0,0.0,0.0,493.97,,,,0,0.0,0.0,,"C:\Users\CAOSD\projects\tool-security-rules\..\scriptJsonToUvl\yamls_agrupation\tiny\01-assert25_2.yaml - StatefulSet example-argocd-application-controller is invalid: problem validating schema. Check JSON formatting: jsonschema validation failed with 'https://raw.githubusercontent.com/yannh/kubernetes-json-schema/master/master-standalone-strict/statefulset-apps-v1.json#' - at '': missing property 'spec' - at '/status': missing property 'replicas' | Summary: 1 resource found in 1 file - Valid: 0, Invalid: 1, Errors: 0, Skipped: 0"
01-assert25_3.yaml,Unknown,SCHEMA_ERROR,,,,,,0,0,0,0,0.0,0.0,0.0,325.28,,,,0,0.0,0.0,,"C:\Users\CAOSD\projects\tool-security-rules\..\scriptJsonToUvl\yamls_agrupation\tiny\01-assert25_3.yaml - Deployment example-argocd-redis is invalid: problem validating schema. Check JSON formatting: jsonschema validation failed with 'https://raw.githubusercontent.com/yannh/kubernetes-json-schema/master/master-standalone-strict/deployment-apps-v1.json#' - at '': missing property 'spec' | Summary: 1 resource found in 1 file - Valid: 0, Invalid: 1, Errors: 0, Skipped: 0"
01-assert25_4.yaml,Unknown,SCHEMA_ERROR,,,,,,0,0,0,0,0.0,0.0,0.0,266.56,,,,0,0.0,0.0,,"C:\Users\CAOSD\projects\tool-security-rules\..\scriptJsonToUvl\yamls_agrupation\tiny\01-assert25_4.yaml - Deployment example-argocd-repo-server is invalid: problem validating schema. Check JSON formatting: jsonschema validation failed with 'https://raw.githubusercontent.com/yannh/kubernetes-json-schema/master/master-standalone-strict/deployment-apps-v1.json#' - at '': missing property 'spec' | Summary: 1 resource found in 1 file - Valid: 0, Invalid: 1, Errors: 0, Skipped: 0"
01-assert25_5.yaml,Unknown,SCHEMA_ERROR,,,,,,0,0,0,0,0.0,0.0,0.0,299.01,,,,0,0.0,0.0,,"C:\Users\CAOSD\projects\tool-security-rules\..\scriptJsonToUvl\yamls_agrupation\tiny\01-assert25_5.yaml - Deployment example-argocd-server is invalid: problem validating schema. Check JSON formatting: jsonschema validation failed with 'https://raw.githubusercontent.com/yannh/kubernetes-json-schema/master/master-standalone-strict/deployment-apps-v1.json#' - at '': missing property 'spec' | Summary: 1 resource found in 1 file - Valid: 0, Invalid: 1, Errors: 0, Skipped: 0"
01-assert25_6.yaml,ServiceAccount,3,0,0,0,100.0,0,4,7,0,1,34.94,48.15,0.0,0.0,True,True,0,0,100.0,100.0,{},
01-assert25_7.yaml,ServiceAccount,3,0,0,0,100.0,0,4,7,0,1,33.12,46.56,0.0,0.0,True,True,0,0,100.0,100.0,{},
01-assert25_8.yaml,ServiceAccount,3,0,0,0,100.0,0,4,7,0,1,34.72,47.88,0.0,0.0,True,True,0,0,100.0,100.0,{},
01-assert25_9.yaml,Unknown,SCHEMA_ERROR,,,,,,0,0,0,0,0.0,0.0,0.0,121.63,,,,0,0.0,0.0,,"C:\Users\CAOSD\projects\tool-security-rules\..\scriptJsonToUvl\yamls_agrupation\tiny\01-assert25_9.yaml - RoleBinding example-argocd-argocd-application-controller is invalid: problem validating schema. Check JSON formatting: jsonschema validation failed with 'https://raw.githubusercontent.com/yannh/kubernetes-json-schema/master/master-standalone-strict/rolebinding-rbac-v1.json#' - at '': missing property 'roleRef' | Summary: 1 resource found in 1 file - Valid: 0, Invalid: 1, Errors: 0, Skipped: 0"
01-assert26_1.yaml,Unknown,SCHEMA_ERROR,,,,,,0,0,0,0,0.0,0.0,0.0,251.21,,,,0,0.0,0.0,,"C:\Users\CAOSD\projects\tool-security-rules\..\scriptJsonToUvl\yamls_agrupation\tiny\01-assert26_1.yaml - ClusterRoleBinding example-argocd-argocd-e2e-cluster-config-argocd-application-controller is invalid: problem validating schema. Check JSON formatting: jsonschema validation failed with 'https://raw.githubusercontent.com/yannh/kubernetes-json-schema/master/master-standalone-strict/clusterrolebinding-rbac-v1.json#' - at '': missing property 'roleRef' | Summary: 1 resource found in 1 file - Valid: 0, Invalid: 1, Errors: 0, Skipped: 0"
01-assert26_2.yaml,Unknown,SCHEMA_ERROR,,,,,,0,0,0,0,0.0,0.0,0.0,118.04,,,,0,0.0,0.0,,"C:\Users\CAOSD\projects\tool-security-rules\..\scriptJsonToUvl\yamls_agrupation\tiny\01-assert26_2.yaml - ClusterRoleBinding example-argocd-argocd-e2e-cluster-config-argocd-server is invalid: problem validating schema. Check JSON formatting: jsonschema validation failed with 'https://raw.githubusercontent.com/yannh/kubernetes-json-schema/master/master-standalone-strict/clusterrolebinding-rbac-v1.json#' - at '': missing property 'roleRef' | Summary: 1 resource found in 1 file - Valid: 0, Invalid: 1, Errors: 0, Skipped: 0"
01-assert27_10.yaml,Unknown,SCHEMA_ERROR,,,,,,0,0,0,0,0.0,0.0,0.0,282.85,,,,0,0.0,0.0,,"C:\Users\CAOSD\projects\tool-security-rules\..\scriptJsonToUvl\yamls_agrupation\tiny\01-assert27_10.yaml - StatefulSet argocd-application-controller is invalid: problem validating schema. Check JSON formatting: jsonschema validation failed with 'https://raw.githubusercontent.com/yannh/kubernetes-json-schema/master/master-standalone-strict/statefulset-apps-v1.json#' - at '': missing property 'spec' | Summary: 1 resource found in 1 file - Valid: 0, Invalid: 1, Errors: 0, Skipped: 0"
01-assert27_2.yaml,Secret,4,0,0,0,100.0,0,4,14,0,1,35.53,48.66,0.0,0.0,True,True,0,0,100.0,100.0,{},
01-assert27_3.yaml,Secret,4,0,0,0,100.0,0,4,14,0,1,35.83,49.01,0.0,0.0,True,True,0,0,100.0,100.0,{},
01-assert27_4.yaml,Secret,4,0,0,0,100.0,0,4,14,0,1,36.49,49.71,0.0,0.0,True,True,0,0,100.0,100.0,{},
01-assert27_5.yaml,Secret,4,0,0,0,100.0,0,4,14,0,1,38.8,52.8,0.0,0.0,True,True,0,0,100.0,100.0,{},
01-assert27_6.yaml,Secret,4,0,0,0,100.0,0,4,14,0,1,39.87,55.21,0.0,0.0,True,True,0,0,100.0,100.0,{},
01-assert27_7.yaml,Unknown,SCHEMA_ERROR,,,,,,0,0,0,0,0.0,0.0,0.0,282.5,,,,0,0.0,0.0,,"C:\Users\CAOSD\projects\tool-security-rules\..\scriptJsonToUvl\yamls_agrupation\tiny\01-assert27_7.yaml - Deployment argocd-redis is invalid: problem validating schema. Check JSON formatting: jsonschema validation failed with 'https://raw.githubusercontent.com/yannh/kubernetes-json-schema/master/master-standalone-strict/deployment-apps-v1.json#' - at '': missing property 'spec' | Summary: 1 resource found in 1 file - Valid: 0, Invalid: 1, Errors: 0, Skipped: 0"
01-assert27_8.yaml,Unknown,SCHEMA_ERROR,,,,,,0,0,0,0,0.0,0.0,0.0,321.28,,,,0,0.0,0.0,,"C:\Users\CAOSD\projects\tool-security-rules\..\scriptJsonToUvl\yamls_agrupation\tiny\01-assert27_8.yaml - Deployment argocd-server is invalid: problem validating schema. Check JSON formatting: jsonschema validation failed with 'https://raw.githubusercontent.com/yannh/kubernetes-json-schema/master/master-standalone-strict/deployment-apps-v1.json#' - at '': missing property 'spec' | Summary: 1 resource found in 1 file - Valid: 0, Invalid: 1, Errors: 0, Skipped: 0"
01-assert27_9.yaml,Unknown,SCHEMA_ERROR,,,,,,0,0,0,0,0.0,0.0,0.0,290.41,,,,0,0.0,0.0,,"C:\Users\CAOSD\projects\tool-security-rules\..\scriptJsonToUvl\yamls_agrupation\tiny\01-assert27_9.yaml - Deployment argocd-repo-server is invalid: problem validating schema. Check JSON formatting: jsonschema validation failed with 'https://raw.githubusercontent.com/yannh/kubernetes-json-schema/master/master-standalone-strict/deployment-apps-v1.json#' - at '': missing property 'spec' | Summary: 1 resource found in 1 file - Valid: 0, Invalid: 1, Errors: 0, Skipped: 0"
01-assert3.yaml,Unknown,SCHEMA_ERROR,,,,,,0,0,0,0,0.0,0.0,0.0,291.71,,,,0,0.0,0.0,,"C:\Users\CAOSD\projects\tool-security-rules\..\scriptJsonToUvl\yamls_agrupation\tiny\01-assert3.yaml - StatefulSet caddy is invalid: problem validating schema. Check JSON formatting: jsonschema validation failed with 'https://raw.githubusercontent.com/yannh/kubernetes-json-schema/master/master-standalone-strict/statefulset-apps-v1.json#' - at '': missing property 'spec' | Summary: 1 resource found in 1 file - Valid: 0, Invalid: 1, Errors: 0, Skipped: 0"
01-assert30_2.yaml,Unknown,SCHEMA_ERROR,,,,,,0,0,0,0,0.0,0.0,0.0,410.76,,,,0,0.0,0.0,,"C:\Users\CAOSD\projects\tool-security-rules\..\scriptJsonToUvl\yamls_agrupation\tiny\01-assert30_2.yaml - Deployment argocd-server is invalid: problem validating schema. Check JSON formatting: jsonschema validation failed with 'https://raw.githubusercontent.com/yannh/kubernetes-json-schema/master/master-standalone-strict/deployment-apps-v1.json#' - at '/spec': missing property 'selector' - at '/spec/template/spec/containers/0': missing property 'name' | Summary: 1 resource found in 1 file - Valid: 0, Invalid: 1, Errors: 0, Skipped: 0"
01-assert30_3.yaml,Unknown,SCHEMA_ERROR,,,,,,0,0,0,0,0.0,0.0,0.0,282.97,,,,0,0.0,0.0,,"C:\Users\CAOSD\projects\tool-security-rules\..\scriptJsonToUvl\yamls_agrupation\tiny\01-assert30_3.yaml - Deployment argocd-repo-server is invalid: problem validating schema. Check JSON formatting: jsonschema validation failed with 'https://raw.githubusercontent.com/yannh/kubernetes-json-schema/master/master-standalone-strict/deployment-apps-v1.json#' - at '/spec': missing property 'selector' - at '/spec/template/spec/containers/0': missing property 'name' | Summary: 1 resource found in 1 file - Valid: 0, Invalid: 1, Errors: 0, Skipped: 0"
01-assert30_4.yaml,Unknown,SCHEMA_ERROR,,,,,,0,0,0,0,0.0,0.0,0.0,295.5,,,,0,0.0,0.0,,"C:\Users\CAOSD\projects\tool-security-rules\..\scriptJsonToUvl\yamls_agrupation\tiny\01-assert30_4.yaml - StatefulSet argocd-application-controller is invalid: problem validating schema. Check JSON formatting: jsonschema validation failed with 'https://raw.githubusercontent.com/yannh/kubernetes-json-schema/master/master-standalone-strict/statefulset-apps-v1.json#' - at '/spec': missing property 'selector' - at '/spec/template/spec/containers/0': missing property 'name' | Summary: 1 resource found in 1 file - Valid: 0, Invalid: 1, Errors: 0, Skipped: 0"
01-assert31_2.yaml,RoleBinding,4,0,0,0,100.0,0,12,12,0,1,36.88,50.65,0.0,0.0,True,True,0,0,100.0,100.0,{},
01-assert31_3.yaml,RoleBinding,4,0,0,0,100.0,0,12,12,0,1,39.79,53.62,0.0,0.0,True,True,0,0,100.0,100.0,{},
01-assert31_4.yaml,RoleBinding,4,0,0,0,100.0,0,12,12,0,1,35.41,49.14,0.0,0.0,True,True,0,0,100.0,100.0,{},
01-assert39_2.yaml,Unknown,SCHEMA_ERROR,,,,,,0,0,0,0,0.0,0.0,0.0,272.69,,,,0,0.0,0.0,,"C:\Users\CAOSD\projects\tool-security-rules\..\scriptJsonToUvl\yamls_agrupation\tiny\01-assert39_2.yaml - Deployment keycloak is invalid: problem validating schema. Check JSON formatting: jsonschema validation failed with 'https://raw.githubusercontent.com/yannh/kubernetes-json-schema/master/master-standalone-strict/deployment-apps-v1.json#' - at '': missing property 'spec' | Summary: 1 resource found in 1 file - Valid: 0, Invalid: 1, Errors: 0, Skipped: 0"
01-assert39_3.yaml,Service,6,1,0,1,84.44,0,4,13,2,1,57.01,70.52,6.15,76.67,True,True,3,0,72.73,100.0,{'Restrict_Service_Port_Range': 'kyverno'},
01-assert39_4.yaml,Ingress,3,1,0,1,70.83,0,4,4,2,1,53.69,66.86,6.26,73.12,True,True,5,0,61.54,100.0,{'tlsSettingsMissing': 'polaris'},
01-assert3_1.yaml,Pod,61,6,0,6,90.52,6,6,481,18,1,169.21,189.97,6.5,196.47,False,True,0,0,100.0,100.0,"{'Require_Non_Root_Groups': 'kyverno', 'Require_imagePullPolicy_Always': 'kyverno', 'Require_Read_Only_Root_Filesystem': 'kyverno', 'Validate_User_ID_Group_ID_and_FS_Group': 'kyverno', 'Require_Run_As_Non_Root_User': 'kyverno', 'Check_supplementalGroups': 'kyverno'}",
01-assert41_2.yaml,RoleBinding,4,0,0,0,100.0,0,9,12,0,1,39.07,54.47,0.0,0.0,True,True,0,0,100.0,100.0,{},
01-assert41_3.yaml,RoleBinding,4,0,0,0,100.0,0,9,12,0,1,35.57,49.06,0.0,0.0,True,True,0,0,100.0,100.0,{},
01-assert43_1.yaml,Unknown,SCHEMA_ERROR,,,,,,0,0,0,0,0.0,0.0,0.0,277.15,,,,0,0.0,0.0,,"C:\Users\CAOSD\projects\tool-security-rules\..\scriptJsonToUvl\yamls_agrupation\tiny\01-assert43_1.yaml - StatefulSet example-argocd-application-controller is invalid: problem validating schema. Check JSON formatting: jsonschema validation failed with 'https://raw.githubusercontent.com/yannh/kubernetes-json-schema/master/master-standalone-strict/statefulset-apps-v1.json#' - at '/spec': missing property 'selector' - at '/spec/template/spec': missing property 'containers' | Summary: 1 resource found in 1 file - Valid: 0, Invalid: 1, Errors: 0, Skipped: 0"
01-assert43_2.yaml,Unknown,SCHEMA_ERROR,,,,,,0,0,0,0,0.0,0.0,0.0,293.45,,,,0,0.0,0.0,,"C:\Users\CAOSD\projects\tool-security-rules\..\scriptJsonToUvl\yamls_agrupation\tiny\01-assert43_2.yaml - Deployment example-argocd-redis is invalid: problem validating schema. Check JSON formatting: jsonschema validation failed with 'https://raw.githubusercontent.com/yannh/kubernetes-json-schema/master/master-standalone-strict/deployment-apps-v1.json#' - at '/spec': missing property 'selector' - at '/spec/template/spec': missing property 'containers' | Summary: 1 resource found in 1 file - Valid: 0, Invalid: 1, Errors: 0, Skipped: 0"
01-assert43_3.yaml,Unknown,SCHEMA_ERROR,,,,,,0,0,0,0,0.0,0.0,0.0,279.19,,,,0,0.0,0.0,,"C:\Users\CAOSD\projects\tool-security-rules\..\scriptJsonToUvl\yamls_agrupation\tiny\01-assert43_3.yaml - Deployment example-argocd-repo-server is invalid: problem validating schema. Check JSON formatting: jsonschema validation failed with 'https://raw.githubusercontent.com/yannh/kubernetes-json-schema/master/master-standalone-strict/deployment-apps-v1.json#' - at '/spec': missing property 'selector' - at '/spec/template/spec': missing property 'containers' | Summary: 1 resource found in 1 file - Valid: 0, Invalid: 1, Errors: 0, Skipped: 0"
01-assert43_4.yaml,Unknown,SCHEMA_ERROR,,,,,,0,0,0,0,0.0,0.0,0.0,290.55,,,,0,0.0,0.0,,"C:\Users\CAOSD\projects\tool-security-rules\..\scriptJsonToUvl\yamls_agrupation\tiny\01-assert43_4.yaml - Deployment example-argocd-server is invalid: problem validating schema. Check JSON formatting: jsonschema validation failed with 'https://raw.githubusercontent.com/yannh/kubernetes-json-schema/master/master-standalone-strict/deployment-apps-v1.json#' - at '/spec': missing property 'selector' - at '/spec/template/spec': missing property 'containers' | Summary: 1 resource found in 1 file - Valid: 0, Invalid: 1, Errors: 0, Skipped: 0"
01-assert44_2.yaml,RoleBinding,4,0,0,0,100.0,0,13,12,0,2,35.21,48.98,0.0,0.0,True,True,0,0,100.0,100.0,{},
01-assert44_5.yaml,RoleBinding,4,0,0,0,100.0,0,13,12,0,2,35.56,49.43,0.0,0.0,True,True,0,0,100.0,100.0,{},
01-assert49_1.yaml,Unknown,SCHEMA_ERROR,,,,,,0,0,0,0,0.0,0.0,0.0,271.85,,,,0,0.0,0.0,,"C:\Users\CAOSD\projects\tool-security-rules\..\scriptJsonToUvl\yamls_agrupation\tiny\01-assert49_1.yaml - Deployment example-argocd-repo-server is invalid: problem validating schema. Check JSON formatting: jsonschema validation failed with 'https://raw.githubusercontent.com/yannh/kubernetes-json-schema/master/master-standalone-strict/deployment-apps-v1.json#' - at '': missing property 'spec' | Summary: 1 resource found in 1 file - Valid: 0, Invalid: 1, Errors: 0, Skipped: 0"
01-assert5.yaml,Unknown,SCHEMA_ERROR,,,,,,0,0,0,0,0.0,0.0,0.0,262.62,,,,0,0.0,0.0,,"C:\Users\CAOSD\projects\tool-security-rules\..\scriptJsonToUvl\yamls_agrupation\tiny\01-assert5.yaml - Deployment backstage is invalid: problem validating schema. Check JSON formatting: jsonschema validation failed with 'https://raw.githubusercontent.com/yannh/kubernetes-json-schema/master/master-standalone-strict/deployment-apps-v1.json#' - at '': missing property 'spec' | Summary: 1 resource found in 1 file - Valid: 0, Invalid: 1, Errors: 0, Skipped: 0"
01-assert50_1.yaml,Unknown,SCHEMA_ERROR,,,,,,0,0,0,0,0.0,0.0,0.0,309.0,,,,0,0.0,0.0,,"C:\Users\CAOSD\projects\tool-security-rules\..\scriptJsonToUvl\yamls_agrupation\tiny\01-assert50_1.yaml - Deployment example-argocd-applicationset-controller is invalid: problem validating schema. Check JSON formatting: jsonschema validation failed with 'https://raw.githubusercontent.com/yannh/kubernetes-json-schema/master/master-standalone-strict/deployment-apps-v1.json#' - at '': missing property 'spec' | Summary: 1 resource found in 1 file - Valid: 0, Invalid: 1, Errors: 0, Skipped: 0"
01-assert51_1.yaml,Unknown,SCHEMA_ERROR,,,,,,0,0,0,0,0.0,0.0,0.0,295.48,,,,0,0.0,0.0,,"C:\Users\CAOSD\projects\tool-security-rules\..\scriptJsonToUvl\yamls_agrupation\tiny\01-assert51_1.yaml - Deployment example-argocd-applicationset-controller is invalid: problem validating schema. Check JSON formatting: jsonschema validation failed with 'https://raw.githubusercontent.com/yannh/kubernetes-json-schema/master/master-standalone-strict/deployment-apps-v1.json#' - at '': missing property 'spec' | Summary: 1 resource found in 1 file - Valid: 0, Invalid: 1, Errors: 0, Skipped: 0"
01-assert53_1.yaml,Unknown,SCHEMA_ERROR,,,,,,0,0,0,0,0.0,0.0,0.0,278.32,,,,0,0.0,0.0,,"C:\Users\CAOSD\projects\tool-security-rules\..\scriptJsonToUvl\yamls_agrupation\tiny\01-assert53_1.yaml - Deployment example-argocd-server is invalid: problem validating schema. Check JSON formatting: jsonschema validation failed with 'https://raw.githubusercontent.com/yannh/kubernetes-json-schema/master/master-standalone-strict/deployment-apps-v1.json#' - at '/spec': missing properties 'selector', 'template' | Summary: 1 resource found in 1 file - Valid: 0, Invalid: 1, Errors: 0, Skipped: 0"
01-assert54_2.yaml,Unknown,SCHEMA_ERROR,,,,,,0,0,0,0,0.0,0.0,0.0,317.18,,,,0,0.0,0.0,,"C:\Users\CAOSD\projects\tool-security-rules\..\scriptJsonToUvl\yamls_agrupation\tiny\01-assert54_2.yaml - Deployment argocd-applicationset-controller is invalid: problem validating schema. Check JSON formatting: jsonschema validation failed with 'https://raw.githubusercontent.com/yannh/kubernetes-json-schema/master/master-standalone-strict/deployment-apps-v1.json#' - at '/spec/template/spec/containers/0': missing property 'name' | Summary: 1 resource found in 1 file - Valid: 0, Invalid: 1, Errors: 0, Skipped: 0"
01-assert55_3.yaml,Service,6,1,0,1,84.44,0,4,13,2,1,59.23,72.67,6.1,78.77,True,True,3,0,72.73,100.0,{'Restrict_Service_Port_Range': 'kyverno'},
01-assert55_5.yaml,Secret,4,0,0,0,100.0,0,5,14,0,1,34.58,48.42,0.0,0.0,True,True,0,0,100.0,100.0,{},
01-assert56_2.yaml,Ingress,3,1,0,1,70.83,0,4,4,2,1,52.86,66.49,6.28,72.77,True,True,5,0,61.54,100.0,{'tlsSettingsMissing': 'polaris'},
01-assert58_2.yaml,ServiceAccount,3,0,0,0,100.0,0,4,7,0,1,44.42,58.03,0.0,0.0,True,True,0,0,100.0,100.0,{},
01-assert5_1.yaml,Unknown,SCHEMA_ERROR,,,,,,0,0,0,0,0.0,0.0,0.0,282.45,,,,0,0.0,0.0,,"C:\Users\CAOSD\projects\tool-security-rules\..\scriptJsonToUvl\yamls_agrupation\tiny\01-assert5_1.yaml - StatefulSet backstage-postgresql is invalid: problem validating schema. Check JSON formatting: jsonschema validation failed with 'https://raw.githubusercontent.com/yannh/kubernetes-json-schema/master/master-standalone-strict/statefulset-apps-v1.json#' - at '': missing property 'spec' - at '/status': missing property 'replicas' | Summary: 1 resource found in 1 file - Valid: 0, Invalid: 1, Errors: 0, Skipped: 0"
01-assert5_2.yaml,Secret,4,0,0,0,100.0,0,9,14,0,1,35.62,49.19,0.0,0.0,True,True,0,0,100.0,100.0,{},
01-assert5_3.yaml,Unknown,SCHEMA_ERROR,,,,,,0,0,0,0,0.0,0.0,0.0,273.47,,,,0,0.0,0.0,,"C:\Users\CAOSD\projects\tool-security-rules\..\scriptJsonToUvl\yamls_agrupation\tiny\01-assert5_3.yaml - Deployment backstage is invalid: problem validating schema. Check JSON formatting: jsonschema validation failed with 'https://raw.githubusercontent.com/yannh/kubernetes-json-schema/master/master-standalone-strict/deployment-apps-v1.json#' - at '/spec': missing property 'selector' - at '/spec/template/spec': missing property 'containers' | Summary: 1 resource found in 1 file - Valid: 0, Invalid: 1, Errors: 0, Skipped: 0"
01-assert62_1.yaml,Unknown,SCHEMA_ERROR,,,,,,0,0,0,0,0.0,0.0,0.0,270.79,,,,0,0.0,0.0,,"C:\Users\CAOSD\projects\tool-security-rules\..\scriptJsonToUvl\yamls_agrupation\tiny\01-assert62_1.yaml - Deployment argocd-dex-server is invalid: problem validating schema. Check JSON formatting: jsonschema validation failed with 'https://raw.githubusercontent.com/yannh/kubernetes-json-schema/master/master-standalone-strict/deployment-apps-v1.json#' - at '': missing property 'spec' | Summary: 1 resource found in 1 file - Valid: 0, Invalid: 1, Errors: 0, Skipped: 0"
01-assert63_1.yaml,Unknown,SCHEMA_ERROR,,,,,,0,0,0,0,0.0,0.0,0.0,296.86,,,,0,0.0,0.0,,"C:\Users\CAOSD\projects\tool-security-rules\..\scriptJsonToUvl\yamls_agrupation\tiny\01-assert63_1.yaml - StatefulSet kafka-kafka is invalid: problem validating schema. Check JSON formatting: jsonschema validation failed with 'https://raw.githubusercontent.com/yannh/kubernetes-json-schema/master/master-standalone-strict/statefulset-apps-v1.json#' - at '/spec': missing property 'selector' - at '/status': missing property 'replicas' | Summary: 1 resource found in 1 file - Valid: 0, Invalid: 1, Errors: 0, Skipped: 0"
01-assert63_2.yaml,Unknown,SCHEMA_ERROR,,,,,,0,0,0,0,0.0,0.0,0.0,329.93,,,,0,0.0,0.0,,"C:\Users\CAOSD\projects\tool-security-rules\..\scriptJsonToUvl\yamls_agrupation\tiny\01-assert63_2.yaml - Pod kafka-kafka-0 is invalid: problem validating schema. Check JSON formatting: jsonschema validation failed with 'https://raw.githubusercontent.com/yannh/kubernetes-json-schema/master/master-standalone-strict/pod-v1.json#' - at '/spec/containers/0/volumeMounts/1': missing property 'name' - at '/spec/containers/1/volumeMounts/5': missing property 'name' | Summary: 1 resource found in 1 file - Valid: 0, Invalid: 1, Errors: 0, Skipped: 0"
01-assert63_3.yaml,Unknown,SCHEMA_ERROR,,,,,,0,0,0,0,0.0,0.0,0.0,126.05,,,,0,0.0,0.0,,"C:\Users\CAOSD\projects\tool-security-rules\..\scriptJsonToUvl\yamls_agrupation\tiny\01-assert63_3.yaml - Service kafka-svc is invalid: problem validating schema. Check JSON formatting: jsonschema validation failed with 'https://raw.githubusercontent.com/yannh/kubernetes-json-schema/master/master-standalone-strict/service-v1.json#' - at '/metadata/ownerReferences/0': missing property 'uid' | Summary: 1 resource found in 1 file - Valid: 0, Invalid: 1, Errors: 0, Skipped: 0"
01-assert65_1.yaml,Unknown,SCHEMA_ERROR,,,,,,0,0,0,0,0.0,0.0,0.0,322.56,,,,0,0.0,0.0,,"C:\Users\CAOSD\projects\tool-security-rules\..\scriptJsonToUvl\yamls_agrupation\tiny\01-assert65_1.yaml - StatefulSet zk-zookeeper is invalid: problem validating schema. Check JSON formatting: jsonschema validation failed with 'https://raw.githubusercontent.com/yannh/kubernetes-json-schema/master/master-standalone-strict/statefulset-apps-v1.json#' - at '/spec': missing property 'selector' - at '/status': missing property 'replicas' | Summary: 1 resource found in 1 file - Valid: 0, Invalid: 1, Errors: 0, Skipped: 0"
01-authserver.yaml,Deployment,31,8,2,10,73.08,0,37,422,178,4,155.82,227.35,30.65,258.0,True,True,12,1,83.54,100.0,"{'kubernetes_drop_unused_capabilities': 'trivy', 'no_root': 'trivy', 'kubernetes_use_readonly_filesystem': 'trivy', 'use_high_gid': 'trivy', 'use_high_uid': 'trivy', 'kubernetes_drop_default_capabilities': 'trivy', 'kubernetes_primary_supplementary_gid': 'trivy', 'Require_Multiple_Replicas': 'kyverno', 'cpuRequestsMissing': 'polaris', 'memoryRequestsMissing': 'polaris'}",
01-authserver_1.yaml,Service,6,1,0,1,84.44,0,21,13,2,1,56.13,71.72,12.88,84.6,True,True,1,1,93.75,100.0,{'Restrict_Service_Port_Range': 'kyverno'},
01-balancer.yaml,Service,6,2,0,2,68.89,0,19,13,4,3,72.46,90.86,19.11,109.97,True,True,4,4,82.61,100.0,"{'Disallow_Service_Type_LoadBalancer': 'kyverno', 'Restrict_Service_Port_Range': 'kyverno'}",
01-balancer_1.yaml,Deployment,31,8,0,8,77.78,0,56,422,201,24,160.51,325.76,50.64,376.4,True,True,8,4,90.48,100.0,"{'kubernetes_drop_unused_capabilities': 'trivy', 'no_root': 'trivy', 'kubernetes_use_readonly_filesystem': 'trivy', 'use_high_gid': 'trivy', 'use_high_uid': 'trivy', 'kubernetes_drop_default_capabilities': 'trivy', 'kubernetes_primary_supplementary_gid': 'trivy', 'kubernetes_no_host_port_access': 'trivy'}",
01-basic-pod-burstable.yaml,Pod,61,13,2,15,77.88,0,18,481,187,4,253.31,296.75,24.18,320.93,True,True,17,2,64.15,100.0,"{'kubernetes_drop_unused_capabilities': 'trivy', 'Require_Non_Root_Groups': 'kyverno', 'Require_imagePullPolicy_Always': 'kyverno', 'Require_Read_Only_Root_Filesystem': 'kyverno', 'Validate_User_ID_Group_ID_and_FS_Group': 'kyverno', 'Require_Run_As_Non_Root_User': 'kyverno', 'Check_supplementalGroups': 'kyverno', 'no_root': 'trivy', 'kubernetes_use_readonly_filesystem': 'trivy', 'use_high_gid': 'trivy', 'use_high_uid': 'trivy', 'kubernetes_drop_default_capabilities': 'trivy', 'kubernetes_primary_supplementary_gid': 'trivy', 'Restrict_Image_Registries': 'kyverno', 'Require_Images_Use_Checksums': 'kyverno'}",
01-basic-pod-burstable1.yaml,Pod,61,13,2,15,77.88,0,18,481,187,4,261.78,305.66,23.37,329.03,True,True,17,2,64.15,100.0,"{'kubernetes_drop_unused_capabilities': 'trivy', 'Require_Non_Root_Groups': 'kyverno', 'Require_imagePullPolicy_Always': 'kyverno', 'Require_Read_Only_Root_Filesystem': 'kyverno', 'Validate_User_ID_Group_ID_and_FS_Group': 'kyverno', 'Require_Run_As_Non_Root_User': 'kyverno', 'Check_supplementalGroups': 'kyverno', 'no_root': 'trivy', 'kubernetes_use_readonly_filesystem': 'trivy', 'use_high_gid': 'trivy', 'use_high_uid': 'trivy', 'kubernetes_drop_default_capabilities': 'trivy', 'kubernetes_primary_supplementary_gid': 'trivy', 'Restrict_Image_Registries': 'kyverno', 'Require_Images_Use_Checksums': 'kyverno'}",
01-bookinfo.yaml,Service,6,1,0,1,84.44,0,14,13,2,2,56.21,70.66,22.38,93.04,True,True,1,1,92.31,100.0,{'Restrict_Service_Port_Range': 'kyverno'},
01-bookinfo1.yaml,Service,6,1,0,1,84.44,0,14,13,2,2,56.96,71.68,10.43,82.11,True,True,1,1,92.31,100.0,{'Restrict_Service_Port_Range': 'kyverno'},
01-bookinfo1_1.yaml,ServiceAccount,3,0,0,0,100.0,0,7,7,0,1,33.83,47.38,0.0,0.0,True,True,0,0,100.0,100.0,{},
01-bookinfo1_10.yaml,Deployment,31,8,4,12,67.09,0,35,422,178,32,156.33,242.41,47.48,289.89,True,True,16,3,79.12,100.0,"{'kubernetes_drop_unused_capabilities': 'trivy', 'no_root': 'trivy', 'kubernetes_use_readonly_filesystem': 'trivy', 'use_high_gid': 'trivy', 'use_high_uid': 'trivy', 'kubernetes_drop_default_capabilities': 'trivy', 'kubernetes_primary_supplementary_gid': 'trivy', 'Require_Multiple_Replicas': 'kyverno', 'cpuLimitsMissing': 'polaris', 'cpuRequestsMissing': 'polaris', 'memoryLimitsMissing': 'polaris', 'memoryRequestsMissing': 'polaris'}",
01-bookinfo1_11.yaml,Service,6,1,0,1,84.44,0,14,13,2,2,55.91,70.76,10.42,81.18,True,True,1,1,92.31,100.0,{'Restrict_Service_Port_Range': 'kyverno'},
01-bookinfo1_12.yaml,ServiceAccount,3,0,0,0,100.0,0,7,7,0,1,34.27,48.21,0.0,0.0,True,True,0,0,100.0,100.0,{},
01-bookinfo1_13.yaml,Deployment,31,8,4,12,67.09,0,35,422,178,24,157.72,239.35,39.37,278.72,True,True,16,2,79.07,100.0,"{'kubernetes_drop_unused_capabilities': 'trivy', 'no_root': 'trivy', 'kubernetes_use_readonly_filesystem': 'trivy', 'use_high_gid': 'trivy', 'use_high_uid': 'trivy', 'kubernetes_drop_default_capabilities': 'trivy', 'kubernetes_primary_supplementary_gid': 'trivy', 'Require_Multiple_Replicas': 'kyverno', 'cpuLimitsMissing': 'polaris', 'cpuRequestsMissing': 'polaris', 'memoryLimitsMissing': 'polaris', 'memoryRequestsMissing': 'polaris'}",
01-bookinfo1_2.yaml,Deployment,31,8,4,12,67.09,0,27,422,178,8,158.68,216.43,29.67,246.1,True,True,16,1,74.63,100.0,"{'kubernetes_drop_unused_capabilities': 'trivy', 'no_root': 'trivy', 'kubernetes_use_readonly_filesystem': 'trivy', 'use_high_gid': 'trivy', 'use_high_uid': 'trivy', 'kubernetes_drop_default_capabilities': 'trivy', 'kubernetes_primary_supplementary_gid': 'trivy', 'Require_Multiple_Replicas': 'kyverno', 'cpuLimitsMissing': 'polaris', 'cpuRequestsMissing': 'polaris', 'memoryLimitsMissing': 'polaris', 'memoryRequestsMissing': 'polaris'}",
01-bookinfo1_3.yaml,Service,6,1,0,1,84.44,0,14,13,2,2,56.48,71.21,11.28,82.49,True,True,1,1,92.31,100.0,{'Restrict_Service_Port_Range': 'kyverno'},
01-bookinfo1_4.yaml,ServiceAccount,3,0,0,0,100.0,0,7,7,0,1,34.25,47.64,0.0,0.0,True,True,0,0,100.0,100.0,{},
01-bookinfo1_5.yaml,Deployment,31,8,4,12,67.09,0,27,422,178,8,156.93,213.34,29.56,242.9,True,True,16,1,74.63,100.0,"{'kubernetes_drop_unused_capabilities': 'trivy', 'no_root': 'trivy', 'kubernetes_use_readonly_filesystem': 'trivy', 'use_high_gid': 'trivy', 'use_high_uid': 'trivy', 'kubernetes_drop_default_capabilities': 'trivy', 'kubernetes_primary_supplementary_gid': 'trivy', 'Require_Multiple_Replicas': 'kyverno', 'cpuLimitsMissing': 'polaris', 'cpuRequestsMissing': 'polaris', 'memoryLimitsMissing': 'polaris', 'memoryRequestsMissing': 'polaris'}",
01-bookinfo1_6.yaml,Service,6,1,0,1,84.44,0,14,13,2,2,60.42,75.01,10.4,85.41,True,True,1,1,92.31,100.0,{'Restrict_Service_Port_Range': 'kyverno'},
01-bookinfo1_7.yaml,ServiceAccount,3,0,0,0,100.0,0,7,7,0,1,34.72,48.06,0.0,0.0,True,True,0,0,100.0,100.0,{},
01-bookinfo1_8.yaml,Deployment,31,8,4,12,67.09,0,35,422,178,32,161.15,249.34,37.46,286.8,True,True,16,3,79.12,100.0,"{'kubernetes_drop_unused_capabilities': 'trivy', 'no_root': 'trivy', 'kubernetes_use_readonly_filesystem': 'trivy', 'use_high_gid': 'trivy', 'use_high_uid': 'trivy', 'kubernetes_drop_default_capabilities': 'trivy', 'kubernetes_primary_supplementary_gid': 'trivy', 'Require_Multiple_Replicas': 'kyverno', 'cpuLimitsMissing': 'polaris', 'cpuRequestsMissing': 'polaris', 'memoryLimitsMissing': 'polaris', 'memoryRequestsMissing': 'polaris'}",
01-bookinfo1_9.yaml,Deployment,31,8,4,12,67.09,0,35,422,178,32,160.63,247.28,36.9,284.18,True,True,16,3,79.12,100.0,"{'kubernetes_drop_unused_capabilities': 'trivy', 'no_root': 'trivy', 'kubernetes_use_readonly_filesystem': 'trivy', 'use_high_gid': 'trivy', 'use_high_uid': 'trivy', 'kubernetes_drop_default_capabilities': 'trivy', 'kubernetes_primary_supplementary_gid': 'trivy', 'Require_Multiple_Replicas': 'kyverno', 'cpuLimitsMissing': 'polaris', 'cpuRequestsMissing': 'polaris', 'memoryLimitsMissing': 'polaris', 'memoryRequestsMissing': 'polaris'}",
01-bookinfo2.yaml,Service,6,1,0,1,84.44,0,14,13,2,2,57.64,72.44,10.48,82.92,True,True,1,1,92.31,100.0,{'Restrict_Service_Port_Range': 'kyverno'},
01-bookinfo2_1.yaml,ServiceAccount,3,0,0,0,100.0,0,7,7,0,1,40.71,55.05,0.0,0.0,True,True,0,0,100.0,100.0,{},
01-bookinfo2_10.yaml,Deployment,31,8,4,12,67.09,0,35,422,178,32,162.88,248.96,41.5,290.46,True,True,16,3,79.12,100.0,"{'kubernetes_drop_unused_capabilities': 'trivy', 'no_root': 'trivy', 'kubernetes_use_readonly_filesystem': 'trivy', 'use_high_gid': 'trivy', 'use_high_uid': 'trivy', 'kubernetes_drop_default_capabilities': 'trivy', 'kubernetes_primary_supplementary_gid': 'trivy', 'Require_Multiple_Replicas': 'kyverno', 'cpuLimitsMissing': 'polaris', 'cpuRequestsMissing': 'polaris', 'memoryLimitsMissing': 'polaris', 'memoryRequestsMissing': 'polaris'}",
01-bookinfo2_11.yaml,Service,6,1,0,1,84.44,0,14,13,2,2,56.43,71.06,10.39,81.45,True,True,1,1,92.31,100.0,{'Restrict_Service_Port_Range': 'kyverno'},
01-bookinfo2_12.yaml,ServiceAccount,3,0,0,0,100.0,0,7,7,0,1,35.13,48.73,0.0,0.0,True,True,0,0,100.0,100.0,{},
01-bookinfo2_13.yaml,Deployment,31,8,4,12,67.09,0,35,422,178,24,162.8,243.07,42.28,285.35,True,True,16,2,79.07,100.0,"{'kubernetes_drop_unused_capabilities': 'trivy', 'no_root': 'trivy', 'kubernetes_use_readonly_filesystem': 'trivy', 'use_high_gid': 'trivy', 'use_high_uid': 'trivy', 'kubernetes_drop_default_capabilities': 'trivy', 'kubernetes_primary_supplementary_gid': 'trivy', 'Require_Multiple_Replicas': 'kyverno', 'cpuLimitsMissing': 'polaris', 'cpuRequestsMissing': 'polaris', 'memoryLimitsMissing': 'polaris', 'memoryRequestsMissing': 'polaris'}",
01-bookinfo2_2.yaml,Deployment,31,8,4,12,67.09,0,27,422,178,8,160.47,217.16,29.24,246.4,True,True,16,1,74.63,100.0,"{'kubernetes_drop_unused_capabilities': 'trivy', 'no_root': 'trivy', 'kubernetes_use_readonly_filesystem': 'trivy', 'use_high_gid': 'trivy', 'use_high_uid': 'trivy', 'kubernetes_drop_default_capabilities': 'trivy', 'kubernetes_primary_supplementary_gid': 'trivy', 'Require_Multiple_Replicas': 'kyverno', 'cpuLimitsMissing': 'polaris', 'cpuRequestsMissing': 'polaris', 'memoryLimitsMissing': 'polaris', 'memoryRequestsMissing': 'polaris'}",
01-bookinfo2_3.yaml,Service,6,1,0,1,84.44,0,14,13,2,2,59.58,74.5,10.72,85.22,True,True,1,1,92.31,100.0,{'Restrict_Service_Port_Range': 'kyverno'},
01-bookinfo2_4.yaml,ServiceAccount,3,0,0,0,100.0,0,7,7,0,1,34.41,47.97,0.0,0.0,True,True,0,0,100.0,100.0,{},
01-bookinfo2_5.yaml,Deployment,31,8,4,12,67.09,0,27,422,178,8,163.66,221.44,29.12,250.56,True,True,16,1,74.63,100.0,"{'kubernetes_drop_unused_capabilities': 'trivy', 'no_root': 'trivy', 'kubernetes_use_readonly_filesystem': 'trivy', 'use_high_gid': 'trivy', 'use_high_uid': 'trivy', 'kubernetes_drop_default_capabilities': 'trivy', 'kubernetes_primary_supplementary_gid': 'trivy', 'Require_Multiple_Replicas': 'kyverno', 'cpuLimitsMissing': 'polaris', 'cpuRequestsMissing': 'polaris', 'memoryLimitsMissing': 'polaris', 'memoryRequestsMissing': 'polaris'}",
01-bookinfo2_6.yaml,Service,6,1,0,1,84.44,0,14,13,2,2,56.6,71.29,10.36,81.65,True,True,1,1,92.31,100.0,{'Restrict_Service_Port_Range': 'kyverno'},
01-bookinfo2_7.yaml,ServiceAccount,3,0,0,0,100.0,0,7,7,0,1,34.98,48.32,0.0,0.0,True,True,0,0,100.0,100.0,{},
01-bookinfo2_8.yaml,Deployment,31,8,4,12,67.09,0,35,422,178,32,195.38,283.65,37.26,320.91,True,True,16,3,79.12,100.0,"{'kubernetes_drop_unused_capabilities': 'trivy', 'no_root': 'trivy', 'kubernetes_use_readonly_filesystem': 'trivy', 'use_high_gid': 'trivy', 'use_high_uid': 'trivy', 'kubernetes_drop_default_capabilities': 'trivy', 'kubernetes_primary_supplementary_gid': 'trivy', 'Require_Multiple_Replicas': 'kyverno', 'cpuLimitsMissing': 'polaris', 'cpuRequestsMissing': 'polaris', 'memoryLimitsMissing': 'polaris', 'memoryRequestsMissing': 'polaris'}",
01-bookinfo2_9.yaml,Deployment,31,8,4,12,67.09,0,35,422,178,32,168.87,258.87,37.55,296.42,True,True,16,3,79.12,100.0,"{'kubernetes_drop_unused_capabilities': 'trivy', 'no_root': 'trivy', 'kubernetes_use_readonly_filesystem': 'trivy', 'use_high_gid': 'trivy', 'use_high_uid': 'trivy', 'kubernetes_drop_default_capabilities': 'trivy', 'kubernetes_primary_supplementary_gid': 'trivy', 'Require_Multiple_Replicas': 'kyverno', 'cpuLimitsMissing': 'polaris', 'cpuRequestsMissing': 'polaris', 'memoryLimitsMissing': 'polaris', 'memoryRequestsMissing': 'polaris'}",
01-bookinfo3.yaml,Service,6,1,0,1,84.44,0,14,13,2,2,55.87,70.81,10.46,81.27,True,True,1,1,92.31,100.0,{'Restrict_Service_Port_Range': 'kyverno'},
01-bookinfo3_1.yaml,ServiceAccount,3,0,0,0,100.0,0,7,7,0,1,34.12,47.71,0.0,0.0,True,True,0,0,100.0,100.0,{},
01-bookinfo3_10.yaml,Deployment,31,8,4,12,67.09,0,35,422,178,32,158.72,245.0,41.44,286.44,True,True,16,3,79.12,100.0,"{'kubernetes_drop_unused_capabilities': 'trivy', 'no_root': 'trivy', 'kubernetes_use_readonly_filesystem': 'trivy', 'use_high_gid': 'trivy', 'use_high_uid': 'trivy', 'kubernetes_drop_default_capabilities': 'trivy', 'kubernetes_primary_supplementary_gid': 'trivy', 'Require_Multiple_Replicas': 'kyverno', 'cpuLimitsMissing': 'polaris', 'cpuRequestsMissing': 'polaris', 'memoryLimitsMissing': 'polaris', 'memoryRequestsMissing': 'polaris'}",
01-bookinfo3_11.yaml,Service,6,1,0,1,84.44,0,14,13,2,2,54.99,69.52,10.43,79.95,True,True,1,1,92.31,100.0,{'Restrict_Service_Port_Range': 'kyverno'},
01-bookinfo3_12.yaml,ServiceAccount,3,0,0,0,100.0,0,7,7,0,1,34.23,47.77,0.0,0.0,True,True,0,0,100.0,100.0,{},
01-bookinfo3_13.yaml,Deployment,31,8,4,12,67.09,0,35,422,178,24,153.69,233.6,42.4,276.0,True,True,16,2,79.07,100.0,"{'kubernetes_drop_unused_capabilities': 'trivy', 'no_root': 'trivy', 'kubernetes_use_readonly_filesystem': 'trivy', 'use_high_gid': 'trivy', 'use_high_uid': 'trivy', 'kubernetes_drop_default_capabilities': 'trivy', 'kubernetes_primary_supplementary_gid': 'trivy', 'Require_Multiple_Replicas': 'kyverno', 'cpuLimitsMissing': 'polaris', 'cpuRequestsMissing': 'polaris', 'memoryLimitsMissing': 'polaris', 'memoryRequestsMissing': 'polaris'}",
01-bookinfo3_2.yaml,Deployment,31,8,4,12,67.09,0,27,422,178,8,153.65,210.89,31.55,242.44,True,True,16,1,74.63,100.0,"{'kubernetes_drop_unused_capabilities': 'trivy', 'no_root': 'trivy', 'kubernetes_use_readonly_filesystem': 'trivy', 'use_high_gid': 'trivy', 'use_high_uid': 'trivy', 'kubernetes_drop_default_capabilities': 'trivy', 'kubernetes_primary_supplementary_gid': 'trivy', 'Require_Multiple_Replicas': 'kyverno', 'cpuLimitsMissing': 'polaris', 'cpuRequestsMissing': 'polaris', 'memoryLimitsMissing': 'polaris', 'memoryRequestsMissing': 'polaris'}",
01-bookinfo3_3.yaml,Service,6,1,0,1,84.44,0,14,13,2,2,61.56,76.37,10.6,86.97,True,True,1,1,92.31,100.0,{'Restrict_Service_Port_Range': 'kyverno'},
01-bookinfo3_4.yaml,ServiceAccount,3,0,0,0,100.0,0,7,7,0,1,34.05,47.45,0.0,0.0,True,True,0,0,100.0,100.0,{},
01-bookinfo3_5.yaml,Deployment,31,8,4,12,67.09,0,27,422,178,8,160.05,216.64,29.01,245.65,True,True,16,1,74.63,100.0,"{'kubernetes_drop_unused_capabilities': 'trivy', 'no_root': 'trivy', 'kubernetes_use_readonly_filesystem': 'trivy', 'use_high_gid': 'trivy', 'use_high_uid': 'trivy', 'kubernetes_drop_default_capabilities': 'trivy', 'kubernetes_primary_supplementary_gid': 'trivy', 'Require_Multiple_Replicas': 'kyverno', 'cpuLimitsMissing': 'polaris', 'cpuRequestsMissing': 'polaris', 'memoryLimitsMissing': 'polaris', 'memoryRequestsMissing': 'polaris'}",
01-bookinfo3_6.yaml,Service,6,1,0,1,84.44,0,14,13,2,2,58.25,72.95,10.45,83.4,True,True,1,1,92.31,100.0,{'Restrict_Service_Port_Range': 'kyverno'},
01-bookinfo3_7.yaml,ServiceAccount,3,0,0,0,100.0,0,7,7,0,1,33.79,47.15,0.0,0.0,True,True,0,0,100.0,100.0,{},
01-bookinfo3_8.yaml,Deployment,31,8,4,12,67.09,0,35,422,178,32,162.23,249.71,38.22,287.93,True,True,16,3,79.12,100.0,"{'kubernetes_drop_unused_capabilities': 'trivy', 'no_root': 'trivy', 'kubernetes_use_readonly_filesystem': 'trivy', 'use_high_gid': 'trivy', 'use_high_uid': 'trivy', 'kubernetes_drop_default_capabilities': 'trivy', 'kubernetes_primary_supplementary_gid': 'trivy', 'Require_Multiple_Replicas': 'kyverno', 'cpuLimitsMissing': 'polaris', 'cpuRequestsMissing': 'polaris', 'memoryLimitsMissing': 'polaris', 'memoryRequestsMissing': 'polaris'}",
01-bookinfo3_9.yaml,Deployment,31,8,4,12,67.09,0,35,422,178,32,187.58,274.45,36.9,311.35,True,True,16,3,79.12,100.0,"{'kubernetes_drop_unused_capabilities': 'trivy', 'no_root': 'trivy', 'kubernetes_use_readonly_filesystem': 'trivy', 'use_high_gid': 'trivy', 'use_high_uid': 'trivy', 'kubernetes_drop_default_capabilities': 'trivy', 'kubernetes_primary_supplementary_gid': 'trivy', 'Require_Multiple_Replicas': 'kyverno', 'cpuLimitsMissing': 'polaris', 'cpuRequestsMissing': 'polaris', 'memoryLimitsMissing': 'polaris', 'memoryRequestsMissing': 'polaris'}",
01-bookinfo4.yaml,Service,6,1,0,1,84.44,0,14,13,2,2,57.77,72.14,10.52,82.66,True,True,1,1,92.31,100.0,{'Restrict_Service_Port_Range': 'kyverno'},
01-bookinfo4_1.yaml,ServiceAccount,3,0,0,0,100.0,0,7,7,0,1,34.14,47.69,0.0,0.0,True,True,0,0,100.0,100.0,{},
01-bookinfo4_10.yaml,Deployment,31,8,4,12,67.09,0,35,422,178,32,165.06,251.51,44.58,296.09,True,True,16,3,79.12,100.0,"{'kubernetes_drop_unused_capabilities': 'trivy', 'no_root': 'trivy', 'kubernetes_use_readonly_filesystem': 'trivy', 'use_high_gid': 'trivy', 'use_high_uid': 'trivy', 'kubernetes_drop_default_capabilities': 'trivy', 'kubernetes_primary_supplementary_gid': 'trivy', 'Require_Multiple_Replicas': 'kyverno', 'cpuLimitsMissing': 'polaris', 'cpuRequestsMissing': 'polaris', 'memoryLimitsMissing': 'polaris', 'memoryRequestsMissing': 'polaris'}",
01-bookinfo4_11.yaml,Service,6,1,0,1,84.44,0,14,13,2,2,56.56,71.14,10.58,81.72,True,True,1,1,92.31,100.0,{'Restrict_Service_Port_Range': 'kyverno'},
01-bookinfo4_12.yaml,ServiceAccount,3,0,0,0,100.0,0,7,7,0,1,34.89,48.31,0.0,0.0,True,True,0,0,100.0,100.0,{},
01-bookinfo4_13.yaml,Deployment,31,8,4,12,67.09,0,35,422,178,24,151.94,231.28,41.64,272.92,True,True,16,2,79.07,100.0,"{'kubernetes_drop_unused_capabilities': 'trivy', 'no_root': 'trivy', 'kubernetes_use_readonly_filesystem': 'trivy', 'use_high_gid': 'trivy', 'use_high_uid': 'trivy', 'kubernetes_drop_default_capabilities': 'trivy', 'kubernetes_primary_supplementary_gid': 'trivy', 'Require_Multiple_Replicas': 'kyverno', 'cpuLimitsMissing': 'polaris', 'cpuRequestsMissing': 'polaris', 'memoryLimitsMissing': 'polaris', 'memoryRequestsMissing': 'polaris'}",
01-bookinfo4_2.yaml,Deployment,31,8,4,12,67.09,0,27,422,178,8,165.41,221.35,29.3,250.65,True,True,16,1,74.63,100.0,"{'kubernetes_drop_unused_capabilities': 'trivy', 'no_root': 'trivy', 'kubernetes_use_readonly_filesystem': 'trivy', 'use_high_gid': 'trivy', 'use_high_uid': 'trivy', 'kubernetes_drop_default_capabilities': 'trivy', 'kubernetes_primary_supplementary_gid': 'trivy', 'Require_Multiple_Replicas': 'kyverno', 'cpuLimitsMissing': 'polaris', 'cpuRequestsMissing': 'polaris', 'memoryLimitsMissing': 'polaris', 'memoryRequestsMissing': 'polaris'}",
01-bookinfo4_3.yaml,Service,6,1,0,1,84.44,0,14,13,2,2,56.65,71.4,10.42,81.82,True,True,1,1,92.31,100.0,{'Restrict_Service_Port_Range': 'kyverno'},
01-bookinfo4_4.yaml,ServiceAccount,3,0,0,0,100.0,0,7,7,0,1,33.96,47.39,0.0,0.0,True,True,0,0,100.0,100.0,{},
01-bookinfo4_5.yaml,Deployment,31,8,4,12,67.09,0,27,422,178,8,162.73,219.42,29.29,248.71,True,True,16,1,74.63,100.0,"{'kubernetes_drop_unused_capabilities': 'trivy', 'no_root': 'trivy', 'kubernetes_use_readonly_filesystem': 'trivy', 'use_high_gid': 'trivy', 'use_high_uid': 'trivy', 'kubernetes_drop_default_capabilities': 'trivy', 'kubernetes_primary_supplementary_gid': 'trivy', 'Require_Multiple_Replicas': 'kyverno', 'cpuLimitsMissing': 'polaris', 'cpuRequestsMissing': 'polaris', 'memoryLimitsMissing': 'polaris', 'memoryRequestsMissing': 'polaris'}",
01-bookinfo4_6.yaml,Service,6,1,0,1,84.44,0,14,13,2,2,56.03,70.5,10.34,80.84,True,True,1,1,92.31,100.0,{'Restrict_Service_Port_Range': 'kyverno'},
01-bookinfo4_7.yaml,ServiceAccount,3,0,0,0,100.0,0,7,7,0,1,34.22,47.87,0.0,0.0,True,True,0,0,100.0,100.0,{},
01-bookinfo4_8.yaml,Deployment,31,8,4,12,67.09,0,35,422,178,32,156.38,244.76,36.69,281.45,True,True,16,3,79.12,100.0,"{'kubernetes_drop_unused_capabilities': 'trivy', 'no_root': 'trivy', 'kubernetes_use_readonly_filesystem': 'trivy', 'use_high_gid': 'trivy', 'use_high_uid': 'trivy', 'kubernetes_drop_default_capabilities': 'trivy', 'kubernetes_primary_supplementary_gid': 'trivy', 'Require_Multiple_Replicas': 'kyverno', 'cpuLimitsMissing': 'polaris', 'cpuRequestsMissing': 'polaris', 'memoryLimitsMissing': 'polaris', 'memoryRequestsMissing': 'polaris'}",
01-bookinfo4_9.yaml,Deployment,31,8,4,12,67.09,0,35,422,178,32,159.34,244.06,42.81,286.87,True,True,16,3,79.12,100.0,"{'kubernetes_drop_unused_capabilities': 'trivy', 'no_root': 'trivy', 'kubernetes_use_readonly_filesystem': 'trivy', 'use_high_gid': 'trivy', 'use_high_uid': 'trivy', 'kubernetes_drop_default_capabilities': 'trivy', 'kubernetes_primary_supplementary_gid': 'trivy', 'Require_Multiple_Replicas': 'kyverno', 'cpuLimitsMissing': 'polaris', 'cpuRequestsMissing': 'polaris', 'memoryLimitsMissing': 'polaris', 'memoryRequestsMissing': 'polaris'}",
01-bookinfo_1.yaml,ServiceAccount,3,0,0,0,100.0,0,7,7,0,1,34.4,48.15,0.0,0.0,True,True,0,0,100.0,100.0,{},
01-bookinfo_10.yaml,Deployment,31,8,4,12,67.09,0,35,422,178,32,166.44,251.71,41.58,293.29,True,True,16,3,79.12,100.0,"{'kubernetes_drop_unused_capabilities': 'trivy', 'no_root': 'trivy', 'kubernetes_use_readonly_filesystem': 'trivy', 'use_high_gid': 'trivy', 'use_high_uid': 'trivy', 'kubernetes_drop_default_capabilities': 'trivy', 'kubernetes_primary_supplementary_gid': 'trivy', 'Require_Multiple_Replicas': 'kyverno', 'cpuLimitsMissing': 'polaris', 'cpuRequestsMissing': 'polaris', 'memoryLimitsMissing': 'polaris', 'memoryRequestsMissing': 'polaris'}",
01-bookinfo_11.yaml,Service,6,1,0,1,84.44,0,14,13,2,2,55.92,71.95,11.55,83.5,True,True,1,1,92.31,100.0,{'Restrict_Service_Port_Range': 'kyverno'},
01-bookinfo_12.yaml,ServiceAccount,3,0,0,0,100.0,0,7,7,0,1,34.42,48.09,0.0,0.0,True,True,0,0,100.0,100.0,{},
01-bookinfo_13.yaml,Deployment,31,8,4,12,67.09,0,35,422,178,24,157.7,238.19,35.47,273.66,True,True,16,2,79.07,100.0,"{'kubernetes_drop_unused_capabilities': 'trivy', 'no_root': 'trivy', 'kubernetes_use_readonly_filesystem': 'trivy', 'use_high_gid': 'trivy', 'use_high_uid': 'trivy', 'kubernetes_drop_default_capabilities': 'trivy', 'kubernetes_primary_supplementary_gid': 'trivy', 'Require_Multiple_Replicas': 'kyverno', 'cpuLimitsMissing': 'polaris', 'cpuRequestsMissing': 'polaris', 'memoryLimitsMissing': 'polaris', 'memoryRequestsMissing': 'polaris'}",
01-bookinfo_2.yaml,Deployment,31,8,4,12,67.09,0,27,422,178,8,184.3,241.43,29.91,271.34,True,True,16,1,74.63,100.0,"{'kubernetes_drop_unused_capabilities': 'trivy', 'no_root': 'trivy', 'kubernetes_use_readonly_filesystem': 'trivy', 'use_high_gid': 'trivy', 'use_high_uid': 'trivy', 'kubernetes_drop_default_capabilities': 'trivy', 'kubernetes_primary_supplementary_gid': 'trivy', 'Require_Multiple_Replicas': 'kyverno', 'cpuLimitsMissing': 'polaris', 'cpuRequestsMissing': 'polaris', 'memoryLimitsMissing': 'polaris', 'memoryRequestsMissing': 'polaris'}",
01-bookinfo_3.yaml,Service,6,1,0,1,84.44,0,14,13,2,2,57.77,72.74,10.5,83.24,True,True,1,1,92.31,100.0,{'Restrict_Service_Port_Range': 'kyverno'},
01-bookinfo_4.yaml,ServiceAccount,3,0,0,0,100.0,0,7,7,0,1,33.92,47.47,0.0,0.0,True,True,0,0,100.0,100.0,{},
01-bookinfo_5.yaml,Deployment,31,8,4,12,67.09,0,27,422,178,8,150.53,207.81,29.32,237.13,True,True,16,1,74.63,100.0,"{'kubernetes_drop_unused_capabilities': 'trivy', 'no_root': 'trivy', 'kubernetes_use_readonly_filesystem': 'trivy', 'use_high_gid': 'trivy', 'use_high_uid': 'trivy', 'kubernetes_drop_default_capabilities': 'trivy', 'kubernetes_primary_supplementary_gid': 'trivy', 'Require_Multiple_Replicas': 'kyverno', 'cpuLimitsMissing': 'polaris', 'cpuRequestsMissing': 'polaris', 'memoryLimitsMissing': 'polaris', 'memoryRequestsMissing': 'polaris'}",
01-bookinfo_6.yaml,Service,6,1,0,1,84.44,0,14,13,2,2,60.59,75.63,10.81,86.44,True,True,1,1,92.31,100.0,{'Restrict_Service_Port_Range': 'kyverno'},
01-bookinfo_7.yaml,ServiceAccount,3,0,0,0,100.0,0,7,7,0,1,41.56,57.52,0.0,0.0,True,True,0,0,100.0,100.0,{},
01-bookinfo_8.yaml,Deployment,31,8,4,12,67.09,0,35,422,178,32,181.24,268.6,47.65,316.25,True,True,16,3,79.12,100.0,"{'kubernetes_drop_unused_capabilities': 'trivy', 'no_root': 'trivy', 'kubernetes_use_readonly_filesystem': 'trivy', 'use_high_gid': 'trivy', 'use_high_uid': 'trivy', 'kubernetes_drop_default_capabilities': 'trivy', 'kubernetes_primary_supplementary_gid': 'trivy', 'Require_Multiple_Replicas': 'kyverno', 'cpuLimitsMissing': 'polaris', 'cpuRequestsMissing': 'polaris', 'memoryLimitsMissing': 'polaris', 'memoryRequestsMissing': 'polaris'}",
01-bookinfo_9.yaml,Deployment,31,8,4,12,67.09,0,35,422,178,32,156.41,242.45,38.52,280.97,True,True,16,3,79.12,100.0,"{'kubernetes_drop_unused_capabilities': 'trivy', 'no_root': 'trivy', 'kubernetes_use_readonly_filesystem': 'trivy', 'use_high_gid': 'trivy', 'use_high_uid': 'trivy', 'kubernetes_drop_default_capabilities': 'trivy', 'kubernetes_primary_supplementary_gid': 'trivy', 'Require_Multiple_Replicas': 'kyverno', 'cpuLimitsMissing': 'polaris', 'cpuRequestsMissing': 'polaris', 'memoryLimitsMissing': 'polaris', 'memoryRequestsMissing': 'polaris'}",
01-busybox-env.yaml,Unknown,ERROR_MAP,,,,,,0,0,0,0,0.0,0.12,0.0,0.12,,,,0,0.0,0.0,,"Unsupported apiVersion and kind combination: v1, None"
01-busybox.yaml,Pod,61,15,6,21,68.85,0,13,481,198,2,249.05,278.64,22.96,301.6,True,True,26,5,34.04,100.0,"{'kubernetes_drop_unused_capabilities': 'trivy', 'Require_Non_Root_Groups': 'kyverno', 'Require_imagePullPolicy_Always': 'kyverno', 'Require_Read_Only_Root_Filesystem': 'kyverno', 'Validate_User_ID_Group_ID_and_FS_Group': 'kyverno', 'Require_Run_As_Non_Root_User': 'kyverno', 'Check_supplementalGroups': 'kyverno', 'no_root': 'trivy', 'kubernetes_use_readonly_filesystem': 'trivy', 'use_high_gid': 'trivy', 'use_high_uid': 'trivy', 'Disallow_Default_Namespace': 'kyverno', 'kubernetes_drop_default_capabilities': 'trivy', 'kubernetes_default_namespace_should_not_be_used': 'trivy', 'kubernetes_primary_supplementary_gid': 'trivy', 'cpuLimitsMissing': 'polaris', 'cpuRequestsMissing': 'polaris', 'memoryLimitsMissing': 'polaris', 'Restrict_Image_Registries': 'kyverno', 'memoryRequestsMissing': 'polaris', 'Require_Images_Use_Checksums': 'kyverno'}",
01-busybox1.yaml,Pod,61,15,6,21,68.85,0,13,481,198,2,253.45,282.66,22.3,304.96,True,True,26,5,34.04,100.0,"{'kubernetes_drop_unused_capabilities': 'trivy', 'Require_Non_Root_Groups': 'kyverno', 'Require_imagePullPolicy_Always': 'kyverno', 'Require_Read_Only_Root_Filesystem': 'kyverno', 'Validate_User_ID_Group_ID_and_FS_Group': 'kyverno', 'Require_Run_As_Non_Root_User': 'kyverno', 'Check_supplementalGroups': 'kyverno', 'no_root': 'trivy', 'kubernetes_use_readonly_filesystem': 'trivy', 'use_high_gid': 'trivy', 'use_high_uid': 'trivy', 'Disallow_Default_Namespace': 'kyverno', 'kubernetes_drop_default_capabilities': 'trivy', 'kubernetes_default_namespace_should_not_be_used': 'trivy', 'kubernetes_primary_supplementary_gid': 'trivy', 'cpuLimitsMissing': 'polaris', 'cpuRequestsMissing': 'polaris', 'memoryLimitsMissing': 'polaris', 'Restrict_Image_Registries': 'kyverno', 'memoryRequestsMissing': 'polaris', 'Require_Images_Use_Checksums': 'kyverno'}",
01-busybox2.yaml,Pod,61,15,6,21,68.85,0,15,481,198,2,247.16,279.77,24.35,304.12,True,True,26,5,39.22,100.0,"{'kubernetes_drop_unused_capabilities': 'trivy', 'Require_Non_Root_Groups': 'kyverno', 'Require_imagePullPolicy_Always': 'kyverno', 'Require_Read_Only_Root_Filesystem': 'kyverno', 'Validate_User_ID_Group_ID_and_FS_Group': 'kyverno', 'Require_Run_As_Non_Root_User': 'kyverno', 'Check_supplementalGroups': 'kyverno', 'no_root': 'trivy', 'kubernetes_use_readonly_filesystem': 'trivy', 'use_high_gid': 'trivy', 'use_high_uid': 'trivy', 'Disallow_Default_Namespace': 'kyverno', 'kubernetes_drop_default_capabilities': 'trivy', 'kubernetes_default_namespace_should_not_be_used': 'trivy', 'kubernetes_primary_supplementary_gid': 'trivy', 'cpuLimitsMissing': 'polaris', 'cpuRequestsMissing': 'polaris', 'memoryLimitsMissing': 'polaris', 'Restrict_Image_Registries': 'kyverno', 'memoryRequestsMissing': 'polaris', 'Require_Images_Use_Checksums': 'kyverno'}",
01-ca-key-pair-k8s-lab.yaml,Secret,4,0,0,0,100.0,0,7,14,0,2,33.5,47.28,0.0,0.0,True,True,0,0,100.0,100.0,{},
01-ca-key-pair-k8s-lab1.yaml,Secret,4,0,0,0,100.0,0,7,14,0,2,34.74,48.41,0.0,0.0,True,True,0,0,100.0,100.0,{},
01-cafe.yaml,Deployment,31,7,4,11,70.09,0,21,422,176,1,150.14,190.67,23.7,214.37,True,True,15,0,71.7,100.0,"{'kubernetes_drop_unused_capabilities': 'trivy', 'no_root': 'trivy', 'kubernetes_use_readonly_filesystem': 'trivy', 'use_high_gid': 'trivy', 'use_high_uid': 'trivy', 'kubernetes_drop_default_capabilities': 'trivy', 'kubernetes_primary_supplementary_gid': 'trivy', 'cpuLimitsMissing': 'polaris', 'cpuRequestsMissing': 'polaris', 'memoryLimitsMissing': 'polaris', 'memoryRequestsMissing': 'polaris'}",
01-cafe1.yaml,Deployment,31,7,4,11,70.09,0,21,422,176,1,144.53,185.3,36.93,222.23,True,True,15,0,71.7,100.0,"{'kubernetes_drop_unused_capabilities': 'trivy', 'no_root': 'trivy', 'kubernetes_use_readonly_filesystem': 'trivy', 'use_high_gid': 'trivy', 'use_high_uid': 'trivy', 'kubernetes_drop_default_capabilities': 'trivy', 'kubernetes_primary_supplementary_gid': 'trivy', 'cpuLimitsMissing': 'polaris', 'cpuRequestsMissing': 'polaris', 'memoryLimitsMissing': 'polaris', 'memoryRequestsMissing': 'polaris'}",
01-cafe1_1.yaml,Service,6,1,0,1,84.44,0,15,13,2,1,56.08,70.77,9.56,80.33,True,True,1,1,91.67,100.0,{'Restrict_Service_Port_Range': 'kyverno'},
01-cafe1_2.yaml,Deployment,31,7,4,11,70.09,0,21,422,176,1,165.13,206.3,23.9,230.2,True,True,15,0,71.7,100.0,"{'kubernetes_drop_unused_capabilities': 'trivy', 'no_root': 'trivy', 'kubernetes_use_readonly_filesystem': 'trivy', 'use_high_gid': 'trivy', 'use_high_uid': 'trivy', 'kubernetes_drop_default_capabilities': 'trivy', 'kubernetes_primary_supplementary_gid': 'trivy', 'cpuLimitsMissing': 'polaris', 'cpuRequestsMissing': 'polaris', 'memoryLimitsMissing': 'polaris', 'memoryRequestsMissing': 'polaris'}",
01-cafe1_3.yaml,Service,6,1,0,1,84.44,0,16,13,2,1,55.43,70.24,11.45,81.69,True,True,1,1,92.31,100.0,{'Restrict_Service_Port_Range': 'kyverno'},
01-cafe2.yaml,Deployment,31,7,4,11,70.09,0,21,422,176,1,148.19,190.39,25.45,215.84,True,True,15,0,71.7,100.0,"{'kubernetes_drop_unused_capabilities': 'trivy', 'no_root': 'trivy', 'kubernetes_use_readonly_filesystem': 'trivy', 'use_high_gid': 'trivy', 'use_high_uid': 'trivy', 'kubernetes_drop_default_capabilities': 'trivy', 'kubernetes_primary_supplementary_gid': 'trivy', 'cpuLimitsMissing': 'polaris', 'cpuRequestsMissing': 'polaris', 'memoryLimitsMissing': 'polaris', 'memoryRequestsMissing': 'polaris'}",
01-cafe2_1.yaml,Service,6,1,0,1,84.44,0,15,13,2,1,56.66,71.13,9.67,80.8,True,True,1,1,91.67,100.0,{'Restrict_Service_Port_Range': 'kyverno'},
01-cafe2_2.yaml,Deployment,31,7,4,11,70.09,0,21,422,176,1,159.5,200.05,23.72,223.77,True,True,15,0,71.7,100.0,"{'kubernetes_drop_unused_capabilities': 'trivy', 'no_root': 'trivy', 'kubernetes_use_readonly_filesystem': 'trivy', 'use_high_gid': 'trivy', 'use_high_uid': 'trivy', 'kubernetes_drop_default_capabilities': 'trivy', 'kubernetes_primary_supplementary_gid': 'trivy', 'cpuLimitsMissing': 'polaris', 'cpuRequestsMissing': 'polaris', 'memoryLimitsMissing': 'polaris', 'memoryRequestsMissing': 'polaris'}",
01-cafe2_3.yaml,Service,6,1,0,1,84.44,0,16,13,2,1,56.54,71.27,10.42,81.69,True,True,1,1,92.31,100.0,{'Restrict_Service_Port_Range': 'kyverno'},
01-cafe3.yaml,Deployment,31,7,4,11,70.09,0,21,422,176,1,151.71,192.21,23.86,216.07,True,True,15,0,71.7,100.0,"{'kubernetes_drop_unused_capabilities': 'trivy', 'no_root': 'trivy', 'kubernetes_use_readonly_filesystem': 'trivy', 'use_high_gid': 'trivy', 'use_high_uid': 'trivy', 'kubernetes_drop_default_capabilities': 'trivy', 'kubernetes_primary_supplementary_gid': 'trivy', 'cpuLimitsMissing': 'polaris', 'cpuRequestsMissing': 'polaris', 'memoryLimitsMissing': 'polaris', 'memoryRequestsMissing': 'polaris'}",
01-cafe3_1.yaml,Service,6,1,0,1,84.44,0,15,13,2,1,55.59,70.37,9.74,80.11,True,True,1,1,91.67,100.0,{'Restrict_Service_Port_Range': 'kyverno'},
01-cafe3_2.yaml,Deployment,31,7,4,11,70.09,0,21,422,176,1,148.09,188.24,46.57,234.81,True,True,15,0,71.7,100.0,"{'kubernetes_drop_unused_capabilities': 'trivy', 'no_root': 'trivy', 'kubernetes_use_readonly_filesystem': 'trivy', 'use_high_gid': 'trivy', 'use_high_uid': 'trivy', 'kubernetes_drop_default_capabilities': 'trivy', 'kubernetes_primary_supplementary_gid': 'trivy', 'cpuLimitsMissing': 'polaris', 'cpuRequestsMissing': 'polaris', 'memoryLimitsMissing': 'polaris', 'memoryRequestsMissing': 'polaris'}",
01-cafe3_3.yaml,Service,6,1,0,1,84.44,0,16,13,2,1,56.37,71.1,10.41,81.51,True,True,1,1,92.31,100.0,{'Restrict_Service_Port_Range': 'kyverno'},
01-cafe_1.yaml,Service,6,1,0,1,84.44,0,15,13,2,1,55.05,69.64,9.63,79.27,True,True,1,1,91.67,100.0,{'Restrict_Service_Port_Range': 'kyverno'},
01-cafe_2.yaml,Deployment,31,7,4,11,70.09,0,21,422,176,1,148.08,188.61,25.39,214.0,True,True,15,0,71.7,100.0,"{'kubernetes_drop_unused_capabilities': 'trivy', 'no_root': 'trivy', 'kubernetes_use_readonly_filesystem': 'trivy', 'use_high_gid': 'trivy', 'use_high_uid': 'trivy', 'kubernetes_drop_default_capabilities': 'trivy', 'kubernetes_primary_supplementary_gid': 'trivy', 'cpuLimitsMissing': 'polaris', 'cpuRequestsMissing': 'polaris', 'memoryLimitsMissing': 'polaris', 'memoryRequestsMissing': 'polaris'}",
01-cafe_3.yaml,Service,6,1,0,1,84.44,0,16,13,2,1,58.59,73.4,10.4,83.8,True,True,1,1,92.31,100.0,{'Restrict_Service_Port_Range': 'kyverno'},
01-carts-dep.yaml,Deployment,31,5,0,5,87.61,0,51,422,95,8,214.45,331.69,42.64,374.33,True,True,8,10,82.0,100.0,"{'use_high_gid': 'trivy', 'kubernetes_no_non_default_capabilities': 'trivy', 'kubernetes_drop_default_capabilities': 'trivy', 'kubernetes_primary_supplementary_gid': 'trivy', 'Require_Multiple_Replicas': 'kyverno'}",
01-carts-dep1.yaml,Deployment,31,5,0,5,87.61,0,51,422,95,8,180.54,297.63,35.25,332.88,True,True,8,10,82.0,100.0,"{'use_high_gid': 'trivy', 'kubernetes_no_non_default_capabilities': 'trivy', 'kubernetes_drop_default_capabilities': 'trivy', 'kubernetes_primary_supplementary_gid': 'trivy', 'Require_Multiple_Replicas': 'kyverno'}",
01-carts-dep2.yaml,Deployment,31,5,0,5,87.61,0,52,422,95,4,127.39,246.47,35.17,281.64,True,True,8,10,82.0,100.0,"{'use_high_gid': 'trivy', 'kubernetes_no_non_default_capabilities': 'trivy', 'kubernetes_drop_default_capabilities': 'trivy', 'kubernetes_primary_supplementary_gid': 'trivy', 'Require_Multiple_Replicas': 'kyverno'}",
01-carts-dep3.yaml,Deployment,31,5,0,5,87.61,0,52,422,95,4,128.33,246.63,40.09,286.72,True,True,8,10,82.0,100.0,"{'use_high_gid': 'trivy', 'kubernetes_no_non_default_capabilities': 'trivy', 'kubernetes_drop_default_capabilities': 'trivy', 'kubernetes_primary_supplementary_gid': 'trivy', 'Require_Multiple_Replicas': 'kyverno'}",
01-carts-dep4.yaml,Deployment,31,5,1,6,84.19,0,51,422,103,40,129.94,253.74,35.6,289.34,True,True,30,28,39.58,100.0,"{'use_high_gid': 'trivy', 'use_high_uid': 'trivy', 'kubernetes_drop_default_capabilities': 'trivy', 'kubernetes_primary_supplementary_gid': 'trivy', 'Require_Multiple_Replicas': 'kyverno', 'tagNotSpecified': 'polaris'}",
01-carts-dep5.yaml,Deployment,31,5,0,5,88.46,0,50,422,103,80,143.24,267.2,38.56,305.76,True,True,30,28,39.58,100.0,"{'use_high_gid': 'trivy', 'use_high_uid': 'trivy', 'kubernetes_drop_default_capabilities': 'trivy', 'kubernetes_primary_supplementary_gid': 'trivy', 'Require_Multiple_Replicas': 'kyverno'}",
01-cluster-ip.yaml,Pod,61,13,7,20,69.3,0,13,481,187,3,231.97,266.54,24.22,290.76,True,True,23,1,52.0,100.0,"{'kubernetes_drop_unused_capabilities': 'trivy', 'Require_Non_Root_Groups': 'kyverno', 'Require_imagePullPolicy_Always': 'kyverno', 'Require_Read_Only_Root_Filesystem': 'kyverno', 'Validate_User_ID_Group_ID_and_FS_Group': 'kyverno', 'Require_Run_As_Non_Root_User': 'kyverno', 'Check_supplementalGroups': 'kyverno', 'no_root': 'trivy', 'kubernetes_use_readonly_filesystem': 'trivy', 'use_high_gid': 'trivy', 'use_high_uid': 'trivy', 'kubernetes_drop_default_capabilities': 'trivy', 'kubernetes_primary_supplementary_gid': 'trivy', 'cpuLimitsMissing': 'polaris', 'cpuRequestsMissing': 'polaris', 'memoryLimitsMissing': 'polaris', 'Restrict_Image_Registries': 'kyverno', 'tagNotSpecified': 'polaris', 'memoryRequestsMissing': 'polaris', 'Require_Images_Use_Checksums': 'kyverno'}",
01-cluster-ip1.yaml,Pod,61,13,7,20,69.3,0,14,481,187,3,266.41,302.17,25.86,328.03,True,True,23,1,53.85,100.0,"{'kubernetes_drop_unused_capabilities': 'trivy', 'Require_Non_Root_Groups': 'kyverno', 'Require_imagePullPolicy_Always': 'kyverno', 'Require_Read_Only_Root_Filesystem': 'kyverno', 'Validate_User_ID_Group_ID_and_FS_Group': 'kyverno', 'Require_Run_As_Non_Root_User': 'kyverno', 'Check_supplementalGroups': 'kyverno', 'no_root': 'trivy', 'kubernetes_use_readonly_filesystem': 'trivy', 'use_high_gid': 'trivy', 'use_high_uid': 'trivy', 'kubernetes_drop_default_capabilities': 'trivy', 'kubernetes_primary_supplementary_gid': 'trivy', 'cpuLimitsMissing': 'polaris', 'cpuRequestsMissing': 'polaris', 'memoryLimitsMissing': 'polaris', 'Restrict_Image_Registries': 'kyverno', 'tagNotSpecified': 'polaris', 'memoryRequestsMissing': 'polaris', 'Require_Images_Use_Checksums': 'kyverno'}",
01-cluster-ip1_1.yaml,Service,6,1,0,1,84.44,0,15,13,2,3,72.25,89.1,11.4,100.5,True,True,1,1,92.86,100.0,{'Restrict_Service_Port_Range': 'kyverno'},
01-cluster-ip2.yaml,Service,6,1,0,1,84.44,0,17,13,2,2,57.75,72.6,11.3,83.9,True,True,1,1,92.86,100.0,{'Restrict_Service_Port_Range': 'kyverno'},
01-cluster-ip2_1.yaml,Deployment,31,7,4,11,70.09,0,19,422,176,4,146.24,187.42,24.89,212.31,True,True,15,0,71.7,100.0,"{'kubernetes_drop_unused_capabilities': 'trivy', 'no_root': 'trivy', 'kubernetes_use_readonly_filesystem': 'trivy', 'use_high_gid': 'trivy', 'use_high_uid': 'trivy', 'kubernetes_drop_default_capabilities': 'trivy', 'kubernetes_primary_supplementary_gid': 'trivy', 'cpuLimitsMissing': 'polaris', 'cpuRequestsMissing': 'polaris', 'memoryLimitsMissing': 'polaris', 'memoryRequestsMissing': 'polaris'}",
01-cluster-ip3.yaml,Pod,61,13,7,20,69.3,0,13,481,187,3,232.46,266.53,25.13,291.66,True,True,23,1,52.0,100.0,"{'kubernetes_drop_unused_capabilities': 'trivy', 'Require_Non_Root_Groups': 'kyverno', 'Require_imagePullPolicy_Always': 'kyverno', 'Require_Read_Only_Root_Filesystem': 'kyverno', 'Validate_User_ID_Group_ID_and_FS_Group': 'kyverno', 'Require_Run_As_Non_Root_User': 'kyverno', 'Check_supplementalGroups': 'kyverno', 'no_root': 'trivy', 'kubernetes_use_readonly_filesystem': 'trivy', 'use_high_gid': 'trivy', 'use_high_uid': 'trivy', 'kubernetes_drop_default_capabilities': 'trivy', 'kubernetes_primary_supplementary_gid': 'trivy', 'cpuLimitsMissing': 'polaris', 'cpuRequestsMissing': 'polaris', 'memoryLimitsMissing': 'polaris', 'Restrict_Image_Registries': 'kyverno', 'tagNotSpecified': 'polaris', 'memoryRequestsMissing': 'polaris', 'Require_Images_Use_Checksums': 'kyverno'}",
01-cluster-ip3_1.yaml,Unknown,SCHEMA_ERROR,,,,,,0,0,0,0,0.0,0.0,0.0,124.67,,,,0,0.0,0.0,,"C:\Users\CAOSD\projects\tool-security-rules\..\scriptJsonToUvl\yamls_agrupation\tiny\01-cluster-ip3_1.yaml - Service cluster-ip is invalid: problem validating schema. Check JSON formatting: jsonschema validation failed with 'https://raw.githubusercontent.com/yannh/kubernetes-json-schema/master/master-standalone-strict/service-v1.json#' - at '/spec/ports/0': additional properties 'protocal' not allowed | Summary: 1 resource found in 1 file - Valid: 0, Invalid: 1, Errors: 0, Skipped: 0"
01-cluster-ip4.yaml,Service,6,1,0,1,84.44,0,17,13,2,2,58.17,73.15,11.31,84.46,True,True,1,1,92.86,100.0,{'Restrict_Service_Port_Range': 'kyverno'},
01-cluster-ip4_1.yaml,Deployment,31,7,4,11,70.09,0,19,422,176,4,150.22,193.06,24.16,217.22,True,True,15,0,71.7,100.0,"{'kubernetes_drop_unused_capabilities': 'trivy', 'no_root': 'trivy', 'kubernetes_use_readonly_filesystem': 'trivy', 'use_high_gid': 'trivy', 'use_high_uid': 'trivy', 'kubernetes_drop_default_capabilities': 'trivy', 'kubernetes_primary_supplementary_gid': 'trivy', 'cpuLimitsMissing': 'polaris', 'cpuRequestsMissing': 'polaris', 'memoryLimitsMissing': 'polaris', 'memoryRequestsMissing': 'polaris'}",
01-cluster-ip_1.yaml,Unknown,SCHEMA_ERROR,,,,,,0,0,0,0,0.0,0.0,0.0,120.5,,,,0,0.0,0.0,,"C:\Users\CAOSD\projects\tool-security-rules\..\scriptJsonToUvl\yamls_agrupation\tiny\01-cluster-ip_1.yaml - Service cluster-ip is invalid: problem validating schema. Check JSON formatting: jsonschema validation failed with 'https://raw.githubusercontent.com/yannh/kubernetes-json-schema/master/master-standalone-strict/service-v1.json#' - at '/spec/ports/0': additional properties 'protocal' not allowed | Summary: 1 resource found in 1 file - Valid: 0, Invalid: 1, Errors: 0, Skipped: 0"
01-cluster-manager-mp1.yaml,Service,6,1,0,1,84.44,0,19,13,2,1,55.74,71.02,12.08,83.1,True,True,1,1,93.33,100.0,{'Restrict_Service_Port_Range': 'kyverno'},
01-cluster-manager-mp1_1.yaml,StatefulSet,31,8,0,8,77.78,0,51,424,201,8,323.65,457.34,39.02,496.36,True,True,9,3,88.89,100.0,"{'kubernetes_drop_unused_capabilities': 'trivy', 'no_root': 'trivy', 'kubernetes_use_readonly_filesystem': 'trivy', 'use_high_gid': 'trivy', 'use_high_uid': 'trivy', 'kubernetes_drop_default_capabilities': 'trivy', 'kubernetes_primary_supplementary_gid': 'trivy', 'kubernetes_no_host_port_access': 'trivy'}",
01-cluster-manager.yaml,Service,6,1,0,1,84.44,0,12,13,2,1,58.1,72.31,9.5,81.81,True,True,2,0,90.91,100.0,{'Restrict_Service_Port_Range': 'kyverno'},
01-cluster-manager_1.yaml,StatefulSet,31,7,4,11,70.09,0,48,424,176,2,373.95,477.8,46.53,524.33,True,True,15,1,84.62,100.0,"{'kubernetes_drop_unused_capabilities': 'trivy', 'no_root': 'trivy', 'kubernetes_use_readonly_filesystem': 'trivy', 'use_high_gid': 'trivy', 'use_high_uid': 'trivy', 'kubernetes_drop_default_capabilities': 'trivy', 'kubernetes_primary_supplementary_gid': 'trivy', 'cpuLimitsMissing': 'polaris', 'cpuRequestsMissing': 'polaris', 'memoryLimitsMissing': 'polaris', 'memoryRequestsMissing': 'polaris'}",
01-cluster-role_1.yaml,ClusterRoleBinding,4,0,0,0,100.0,0,13,12,0,1,35.37,49.79,0.0,0.0,True,True,0,0,100.0,100.0,{},
01-ClusterIP-service.yaml,Service,6,1,0,1,84.44,0,16,13,2,1,55.36,69.93,9.89,79.82,True,True,1,1,91.67,100.0,{'Restrict_Service_Port_Range': 'kyverno'},
01-ClusterIP-service1.yaml,Service,6,1,0,1,84.44,0,16,13,2,1,56.59,70.97,9.79,80.76,True,True,1,1,91.67,100.0,{'Restrict_Service_Port_Range': 'kyverno'},
01-ClusterIP-service1_1.yaml,Pod,61,13,7,20,69.3,0,15,481,187,1,234.41,266.72,22.8,289.52,True,True,23,2,46.81,100.0,"{'kubernetes_drop_unused_capabilities': 'trivy', 'Require_Non_Root_Groups': 'kyverno', 'Require_imagePullPolicy_Always': 'kyverno', 'Require_Read_Only_Root_Filesystem': 'kyverno', 'Validate_User_ID_Group_ID_and_FS_Group': 'kyverno', 'Require_Run_As_Non_Root_User': 'kyverno', 'Check_supplementalGroups': 'kyverno', 'no_root': 'trivy', 'kubernetes_use_readonly_filesystem': 'trivy', 'use_high_gid': 'trivy', 'use_high_uid': 'trivy', 'kubernetes_drop_default_capabilities': 'trivy', 'kubernetes_primary_supplementary_gid': 'trivy', 'cpuLimitsMissing': 'polaris', 'cpuRequestsMissing': 'polaris', 'memoryLimitsMissing': 'polaris', 'Restrict_Image_Registries': 'kyverno', 'tagNotSpecified': 'polaris', 'memoryRequestsMissing': 'polaris', 'Require_Images_Use_Checksums': 'kyverno'}",
01-ClusterIP-service1_2.yaml,Service,6,1,0,1,84.44,0,14,13,2,1,56.33,70.9,9.06,79.96,True,True,1,1,90.91,100.0,{'Restrict_Service_Port_Range': 'kyverno'},
01-ClusterIP-service1_3.yaml,Deployment,31,7,5,12,65.81,0,31,422,176,3,152.77,227.54,51.42,278.96,True,True,32,3,66.02,100.0,"{'kubernetes_drop_unused_capabilities': 'trivy', 'no_root': 'trivy', 'kubernetes_use_readonly_filesystem': 'trivy', 'use_high_gid': 'trivy', 'use_high_uid': 'trivy', 'kubernetes_drop_default_capabilities': 'trivy', 'kubernetes_primary_supplementary_gid': 'trivy', 'cpuLimitsMissing': 'polaris', 'cpuRequestsMissing': 'polaris', 'memoryLimitsMissing': 'polaris', 'tagNotSpecified': 'polaris', 'memoryRequestsMissing': 'polaris'}",
01-ClusterIP-service1_4.yaml,Deployment,31,7,4,11,70.09,0,35,422,176,1,269.52,342.96,33.18,376.14,True,True,15,0,81.01,100.0,"{'kubernetes_drop_unused_capabilities': 'trivy', 'no_root': 'trivy', 'kubernetes_use_readonly_filesystem': 'trivy', 'use_high_gid': 'trivy', 'use_high_uid': 'trivy', 'kubernetes_drop_default_capabilities': 'trivy', 'kubernetes_primary_supplementary_gid': 'trivy', 'cpuLimitsMissing': 'polaris', 'cpuRequestsMissing': 'polaris', 'memoryLimitsMissing': 'polaris', 'memoryRequestsMissing': 'polaris'}",
01-ClusterIP-service2.yaml,Service,6,1,0,1,84.44,0,16,13,2,1,57.5,72.01,9.73,81.74,True,True,1,1,91.67,100.0,{'Restrict_Service_Port_Range': 'kyverno'},
01-ClusterIP-service2_1.yaml,Pod,61,13,7,20,69.3,0,15,481,187,1,308.0,340.56,23.4,363.96,True,True,23,2,46.81,100.0,"{'kubernetes_drop_unused_capabilities': 'trivy', 'Require_Non_Root_Groups': 'kyverno', 'Require_imagePullPolicy_Always': 'kyverno', 'Require_Read_Only_Root_Filesystem': 'kyverno', 'Validate_User_ID_Group_ID_and_FS_Group': 'kyverno', 'Require_Run_As_Non_Root_User': 'kyverno', 'Check_supplementalGroups': 'kyverno', 'no_root': 'trivy', 'kubernetes_use_readonly_filesystem': 'trivy', 'use_high_gid': 'trivy', 'use_high_uid': 'trivy', 'kubernetes_drop_default_capabilities': 'trivy', 'kubernetes_primary_supplementary_gid': 'trivy', 'cpuLimitsMissing': 'polaris', 'cpuRequestsMissing': 'polaris', 'memoryLimitsMissing': 'polaris', 'Restrict_Image_Registries': 'kyverno', 'tagNotSpecified': 'polaris', 'memoryRequestsMissing': 'polaris', 'Require_Images_Use_Checksums': 'kyverno'}",
01-ClusterIP-service2_2.yaml,Service,6,1,0,1,84.44,0,14,13,2,1,70.24,86.47,9.63,96.1,True,True,1,1,90.91,100.0,{'Restrict_Service_Port_Range': 'kyverno'},
01-ClusterIP-service2_3.yaml,Deployment,31,7,5,12,65.81,0,31,422,176,3,156.89,230.66,58.15,288.81,True,True,32,3,66.02,100.0,"{'kubernetes_drop_unused_capabilities': 'trivy', 'no_root': 'trivy', 'kubernetes_use_readonly_filesystem': 'trivy', 'use_high_gid': 'trivy', 'use_high_uid': 'trivy', 'kubernetes_drop_default_capabilities': 'trivy', 'kubernetes_primary_supplementary_gid': 'trivy', 'cpuLimitsMissing': 'polaris', 'cpuRequestsMissing': 'polaris', 'memoryLimitsMissing': 'polaris', 'tagNotSpecified': 'polaris', 'memoryRequestsMissing': 'polaris'}",
01-ClusterIP-service2_4.yaml,Deployment,31,7,4,11,70.09,0,35,422,176,1,158.4,226.18,32.55,258.73,True,True,15,0,81.01,100.0,"{'kubernetes_drop_unused_capabilities': 'trivy', 'no_root': 'trivy', 'kubernetes_use_readonly_filesystem': 'trivy', 'use_high_gid': 'trivy', 'use_high_uid': 'trivy', 'kubernetes_drop_default_capabilities': 'trivy', 'kubernetes_primary_supplementary_gid': 'trivy', 'cpuLimitsMissing': 'polaris', 'cpuRequestsMissing': 'polaris', 'memoryLimitsMissing': 'polaris', 'memoryRequestsMissing': 'polaris'}",
01-ClusterIP-service_1.yaml,Pod,61,13,7,20,69.3,0,15,481,187,1,241.93,275.46,22.6,298.06,True,True,23,2,46.81,100.0,"{'kubernetes_drop_unused_capabilities': 'trivy', 'Require_Non_Root_Groups': 'kyverno', 'Require_imagePullPolicy_Always': 'kyverno', 'Require_Read_Only_Root_Filesystem': 'kyverno', 'Validate_User_ID_Group_ID_and_FS_Group': 'kyverno', 'Require_Run_As_Non_Root_User': 'kyverno', 'Check_supplementalGroups': 'kyverno', 'no_root': 'trivy', 'kubernetes_use_readonly_filesystem': 'trivy', 'use_high_gid': 'trivy', 'use_high_uid': 'trivy', 'kubernetes_drop_default_capabilities': 'trivy', 'kubernetes_primary_supplementary_gid': 'trivy', 'cpuLimitsMissing': 'polaris', 'cpuRequestsMissing': 'polaris', 'memoryLimitsMissing': 'polaris', 'Restrict_Image_Registries': 'kyverno', 'tagNotSpecified': 'polaris', 'memoryRequestsMissing': 'polaris', 'Require_Images_Use_Checksums': 'kyverno'}",
01-ClusterIP-service_2.yaml,Service,6,1,0,1,84.44,0,14,13,2,1,59.1,73.73,9.07,82.8,True,True,1,1,90.91,100.0,{'Restrict_Service_Port_Range': 'kyverno'},
01-ClusterIP-service_3.yaml,Deployment,31,7,5,12,65.81,0,31,422,176,3,148.31,223.59,50.1,273.69,True,True,32,3,66.02,100.0,"{'kubernetes_drop_unused_capabilities': 'trivy', 'no_root': 'trivy', 'kubernetes_use_readonly_filesystem': 'trivy', 'use_high_gid': 'trivy', 'use_high_uid': 'trivy', 'kubernetes_drop_default_capabilities': 'trivy', 'kubernetes_primary_supplementary_gid': 'trivy', 'cpuLimitsMissing': 'polaris', 'cpuRequestsMissing': 'polaris', 'memoryLimitsMissing': 'polaris', 'tagNotSpecified': 'polaris', 'memoryRequestsMissing': 'polaris'}",
01-ClusterIP-service_4.yaml,Deployment,31,7,4,11,70.09,0,35,422,176,1,153.86,225.05,32.44,257.49,True,True,15,0,81.01,100.0,"{'kubernetes_drop_unused_capabilities': 'trivy', 'no_root': 'trivy', 'kubernetes_use_readonly_filesystem': 'trivy', 'use_high_gid': 'trivy', 'use_high_uid': 'trivy', 'kubernetes_drop_default_capabilities': 'trivy', 'kubernetes_primary_supplementary_gid': 'trivy', 'cpuLimitsMissing': 'polaris', 'cpuRequestsMissing': 'polaris', 'memoryLimitsMissing': 'polaris', 'memoryRequestsMissing': 'polaris'}",
01-clusterIP.yaml,Pod,61,13,7,20,69.3,0,13,481,187,2,271.32,303.28,23.97,327.25,True,True,23,1,50.0,100.0,"{'kubernetes_drop_unused_capabilities': 'trivy', 'Require_Non_Root_Groups': 'kyverno', 'Require_imagePullPolicy_Always': 'kyverno', 'Require_Read_Only_Root_Filesystem': 'kyverno', 'Validate_User_ID_Group_ID_and_FS_Group': 'kyverno', 'Require_Run_As_Non_Root_User': 'kyverno', 'Check_supplementalGroups': 'kyverno', 'no_root': 'trivy', 'kubernetes_use_readonly_filesystem': 'trivy', 'use_high_gid': 'trivy', 'use_high_uid': 'trivy', 'kubernetes_drop_default_capabilities': 'trivy', 'kubernetes_primary_supplementary_gid': 'trivy', 'cpuLimitsMissing': 'polaris', 'cpuRequestsMissing': 'polaris', 'memoryLimitsMissing': 'polaris', 'Restrict_Image_Registries': 'kyverno', 'tagNotSpecified': 'polaris', 'memoryRequestsMissing': 'polaris', 'Require_Images_Use_Checksums': 'kyverno'}",
01-ClusterIP2.yaml,Unknown,SCHEMA_ERROR,,,,,,0,0,0,0,0.0,0.0,0.0,276.39,,,,0,0.0,0.0,,"C:\Users\CAOSD\projects\tool-security-rules\..\scriptJsonToUvl\yamls_agrupation\tiny\01-ClusterIP2.yaml - Pod web is invalid: problem validating schema. Check JSON formatting: jsonschema validation failed with 'https://raw.githubusercontent.com/yannh/kubernetes-json-schema/master/master-standalone-strict/pod-v1.json#' - at '/spec': missing property 'containers' - at '/spec': additional properties 'container' not allowed | Summary: 1 resource found in 1 file - Valid: 0, Invalid: 1, Errors: 0, Skipped: 0"
01-clusterIP_1.yaml,Service,6,1,0,1,84.44,0,16,13,2,2,55.77,70.57,10.65,81.22,True,True,1,1,92.31,100.0,{'Restrict_Service_Port_Range': 'kyverno'},
01-cnpg-service.yaml,Secret,4,0,0,0,100.0,0,7,14,0,2,35.12,48.6,0.0,0.0,True,True,0,0,100.0,100.0,{},
01-cnpg-service_1.yaml,Secret,4,0,0,0,100.0,0,7,14,0,2,41.02,56.31,0.0,0.0,True,True,0,0,100.0,100.0,{},
01-cnpg-service_2.yaml,Secret,4,0,0,0,100.0,0,7,14,0,2,34.17,47.89,0.0,0.0,True,True,0,0,100.0,100.0,{},
01-config-node-local-dns.yaml,ServiceAccount,3,0,0,0,100.0,0,8,7,0,2,33.79,47.82,0.0,0.0,True,True,0,0,100.0,100.0,{},
01-config-node-local-dns_1.yaml,Service,6,1,0,1,84.44,0,19,13,2,8,78.83,95.43,17.58,113.01,True,True,2,2,90.91,100.0,{'Restrict_Service_Port_Range': 'kyverno'},
01-config-node-local-dns_3.yaml,DaemonSet,31,10,2,12,65.81,0,69,423,210,5832,1610.25,2018.46,62.28,2080.74,True,True,10,18,84.27,100.0,"{'kubernetes_drop_unused_capabilities': 'trivy', 'no_root': 'trivy', 'kubernetes_use_readonly_filesystem': 'trivy', 'use_high_gid': 'trivy', 'no_mounted_hostpath': 'trivy', 'no_host_network': 'trivy', 'use_high_uid': 'trivy', 'kubernetes_no_non_default_capabilities': 'trivy', 'kubernetes_drop_default_capabilities': 'trivy', 'kubernetes_primary_supplementary_gid': 'trivy', 'cpuLimitsMissing': 'polaris', 'memoryLimitsMissing': 'polaris'}",
01-config-node-local-dns_4.yaml,Service,6,1,0,1,84.44,0,21,13,2,2,62.7,79.66,14.34,94.0,True,True,1,1,94.44,100.0,{'Restrict_Service_Port_Range': 'kyverno'},
01-configmap4_2.yaml,Deployment,31,7,4,11,70.09,0,24,422,176,12,202.46,279.4,38.83,318.23,True,True,15,0,81.93,100.0,"{'kubernetes_drop_unused_capabilities': 'trivy', 'no_root': 'trivy', 'kubernetes_use_readonly_filesystem': 'trivy', 'use_high_gid': 'trivy', 'use_high_uid': 'trivy', 'kubernetes_drop_default_capabilities': 'trivy', 'kubernetes_primary_supplementary_gid': 'trivy', 'cpuLimitsMissing': 'polaris', 'cpuRequestsMissing': 'polaris', 'memoryLimitsMissing': 'polaris', 'memoryRequestsMissing': 'polaris'}",
01-configmap5_2.yaml,Deployment,31,7,4,11,70.09,0,24,422,176,16,149.79,239.21,39.69,278.9,True,True,15,0,83.87,100.0,"{'kubernetes_drop_unused_capabilities': 'trivy', 'no_root': 'trivy', 'kubernetes_use_readonly_filesystem': 'trivy', 'use_high_gid': 'trivy', 'use_high_uid': 'trivy', 'kubernetes_drop_default_capabilities': 'trivy', 'kubernetes_primary_supplementary_gid': 'trivy', 'cpuLimitsMissing': 'polaris', 'cpuRequestsMissing': 'polaris', 'memoryLimitsMissing': 'polaris', 'memoryRequestsMissing': 'polaris'}",
01-consul.yaml,Deployment,31,8,4,12,67.09,0,25,422,178,1,225.75,272.24,26.33,298.57,True,True,16,1,71.19,100.0,"{'kubernetes_drop_unused_capabilities': 'trivy', 'no_root': 'trivy', 'kubernetes_use_readonly_filesystem': 'trivy', 'use_high_gid': 'trivy', 'use_high_uid': 'trivy', 'kubernetes_drop_default_capabilities': 'trivy', 'kubernetes_primary_supplementary_gid': 'trivy', 'Require_Multiple_Replicas': 'kyverno', 'cpuLimitsMissing': 'polaris', 'cpuRequestsMissing': 'polaris', 'memoryLimitsMissing': 'polaris', 'memoryRequestsMissing': 'polaris'}",
01-consul_1.yaml,Service,6,1,0,1,84.44,0,13,13,2,1,56.07,70.53,8.95,79.48,True,True,1,1,90.91,100.0,{'Restrict_Service_Port_Range': 'kyverno'},
01-Custom-DNS.yaml,Pod,61,15,7,22,66.59,0,21,481,198,4,415.82,461.14,39.35,500.49,True,True,31,9,39.39,100.0,"{'kubernetes_drop_unused_capabilities': 'trivy', 'Require_Non_Root_Groups': 'kyverno', 'Require_imagePullPolicy_Always': 'kyverno', 'Require_Read_Only_Root_Filesystem': 'kyverno', 'Validate_User_ID_Group_ID_and_FS_Group': 'kyverno', 'Require_Run_As_Non_Root_User': 'kyverno', 'Check_supplementalGroups': 'kyverno', 'no_root': 'trivy', 'kubernetes_use_readonly_filesystem': 'trivy', 'use_high_gid': 'trivy', 'use_high_uid': 'trivy', 'Disallow_Default_Namespace': 'kyverno', 'kubernetes_drop_default_capabilities': 'trivy', 'kubernetes_default_namespace_should_not_be_used': 'trivy', 'kubernetes_primary_supplementary_gid': 'trivy', 'cpuLimitsMissing': 'polaris', 'cpuRequestsMissing': 'polaris', 'memoryLimitsMissing': 'polaris', 'Restrict_Image_Registries': 'kyverno', 'tagNotSpecified': 'polaris', 'memoryRequestsMissing': 'polaris', 'Require_Images_Use_Checksums': 'kyverno'}",
01-data-node.yaml,Service,6,1,0,1,84.44,0,12,13,2,1,56.66,70.92,9.81,80.73,True,True,2,0,90.91,100.0,{'Restrict_Service_Port_Range': 'kyverno'},
01-data-node_1.yaml,StatefulSet,31,7,4,11,70.09,0,49,424,176,8,333.16,488.7,52.44,541.14,True,True,15,1,87.69,100.0,"{'kubernetes_drop_unused_capabilities': 'trivy', 'no_root': 'trivy', 'kubernetes_use_readonly_filesystem': 'trivy', 'use_high_gid': 'trivy', 'use_high_uid': 'trivy', 'kubernetes_drop_default_capabilities': 'trivy', 'kubernetes_primary_supplementary_gid': 'trivy', 'cpuLimitsMissing': 'polaris', 'cpuRequestsMissing': 'polaris', 'memoryLimitsMissing': 'polaris', 'memoryRequestsMissing': 'polaris'}",
01-db-sec.yaml,Secret,4,0,0,0,100.0,0,8,14,0,3,35.45,49.1,0.0,0.0,True,True,0,0,100.0,100.0,{},
01-default-memory-cpu_1.yaml,LimitRange,1,1,0,1,0.0,0,12,7,7,6,414.43,428.95,14.38,443.33,True,True,6,0,82.35,100.0,{'kubernetes_limit_range_usage': 'trivy'},
01-default-memory-cpu_2.yaml,Pod,61,13,6,19,71.56,0,9,481,187,1,233.22,258.55,21.76,280.31,True,True,23,1,40.0,100.0,"{'kubernetes_drop_unused_capabilities': 'trivy', 'Require_Non_Root_Groups': 'kyverno', 'Require_imagePullPolicy_Always': 'kyverno', 'Require_Read_Only_Root_Filesystem': 'kyverno', 'Validate_User_ID_Group_ID_and_FS_Group': 'kyverno', 'Require_Run_As_Non_Root_User': 'kyverno', 'Check_supplementalGroups': 'kyverno', 'no_root': 'trivy', 'kubernetes_use_readonly_filesystem': 'trivy', 'use_high_gid': 'trivy', 'use_high_uid': 'trivy', 'kubernetes_drop_default_capabilities': 'trivy', 'kubernetes_primary_supplementary_gid': 'trivy', 'cpuLimitsMissing': 'polaris', 'cpuRequestsMissing': 'polaris', 'memoryLimitsMissing': 'polaris', 'Restrict_Image_Registries': 'kyverno', 'memoryRequestsMissing': 'polaris', 'Require_Images_Use_Checksums': 'kyverno'}",
01-deploy-cpu-memory-usage.yaml,Deployment,31,7,1,8,77.78,0,24,422,176,4,161.41,212.89,23.85,236.74,True,True,10,2,78.57,100.0,"{'kubernetes_drop_unused_capabilities': 'trivy', 'no_root': 'trivy', 'kubernetes_use_readonly_filesystem': 'trivy', 'use_high_gid': 'trivy', 'use_high_uid': 'trivy', 'kubernetes_drop_default_capabilities': 'trivy', 'kubernetes_primary_supplementary_gid': 'trivy', 'tagNotSpecified': 'polaris'}",
01-deploy.yaml,Deployment,31,7,4,11,70.09,0,22,422,176,1,159.0,203.3,25.43,228.73,True,True,15,0,72.73,100.0,"{'kubernetes_drop_unused_capabilities': 'trivy', 'no_root': 'trivy', 'kubernetes_use_readonly_filesystem': 'trivy', 'use_high_gid': 'trivy', 'use_high_uid': 'trivy', 'kubernetes_drop_default_capabilities': 'trivy', 'kubernetes_primary_supplementary_gid': 'trivy', 'cpuLimitsMissing': 'polaris', 'cpuRequestsMissing': 'polaris', 'memoryLimitsMissing': 'polaris', 'memoryRequestsMissing': 'polaris'}",
01-deploy1.yaml,Deployment,31,7,4,11,70.09,0,22,422,176,1,151.07,194.61,25.27,219.88,True,True,15,0,72.73,100.0,"{'kubernetes_drop_unused_capabilities': 'trivy', 'no_root': 'trivy', 'kubernetes_use_readonly_filesystem': 'trivy', 'use_high_gid': 'trivy', 'use_high_uid': 'trivy', 'kubernetes_drop_default_capabilities': 'trivy', 'kubernetes_primary_supplementary_gid': 'trivy', 'cpuLimitsMissing': 'polaris', 'cpuRequestsMissing': 'polaris', 'memoryLimitsMissing': 'polaris', 'memoryRequestsMissing': 'polaris'}",
01-deploy1_1.yaml,Service,6,1,0,1,84.44,0,12,13,2,1,55.96,70.42,8.12,78.54,True,True,1,1,90.0,100.0,{'Restrict_Service_Port_Range': 'kyverno'},
01-deploy2.yaml,Deployment,31,7,3,10,71.79,0,25,422,176,2,157.08,208.21,41.01,249.22,True,True,13,2,74.58,100.0,"{'kubernetes_drop_unused_capabilities': 'trivy', 'no_root': 'trivy', 'kubernetes_use_readonly_filesystem': 'trivy', 'use_high_gid': 'trivy', 'use_high_uid': 'trivy', 'kubernetes_drop_default_capabilities': 'trivy', 'kubernetes_primary_supplementary_gid': 'trivy', 'cpuRequestsMissing': 'polaris', 'tagNotSpecified': 'polaris', 'memoryRequestsMissing': 'polaris'}",
01-deployemnt.yaml,Deployment,31,8,4,12,67.09,0,24,422,178,1,170.87,216.01,26.06,242.07,True,True,16,1,70.18,100.0,"{'kubernetes_drop_unused_capabilities': 'trivy', 'no_root': 'trivy', 'kubernetes_use_readonly_filesystem': 'trivy', 'use_high_gid': 'trivy', 'use_high_uid': 'trivy', 'kubernetes_drop_default_capabilities': 'trivy', 'kubernetes_primary_supplementary_gid': 'trivy', 'Require_Multiple_Replicas': 'kyverno', 'cpuLimitsMissing': 'polaris', 'cpuRequestsMissing': 'polaris', 'memoryLimitsMissing': 'polaris', 'memoryRequestsMissing': 'polaris'}",
01-deployemnt_1.yaml,Service,6,2,0,2,68.89,0,20,13,4,1,75.23,90.64,12.14,102.78,True,True,2,2,86.67,100.0,"{'Restrict_Service_Port_Range': 'kyverno', 'Disallow_NodePort': 'kyverno'}",
01-deployment-counting.yaml,Deployment,31,7,4,11,70.09,0,21,422,176,1,159.75,200.26,24.1,224.36,True,True,15,0,71.7,100.0,"{'kubernetes_drop_unused_capabilities': 'trivy', 'no_root': 'trivy', 'kubernetes_use_readonly_filesystem': 'trivy', 'use_high_gid': 'trivy', 'use_high_uid': 'trivy', 'kubernetes_drop_default_capabilities': 'trivy', 'kubernetes_primary_supplementary_gid': 'trivy', 'cpuLimitsMissing': 'polaris', 'cpuRequestsMissing': 'polaris', 'memoryLimitsMissing': 'polaris', 'memoryRequestsMissing': 'polaris'}",
01-deployment-cp2.yaml,Deployment,31,7,4,11,70.09,0,21,422,176,1,153.05,193.4,24.89,218.29,True,True,16,1,88.11,100.0,"{'kubernetes_drop_unused_capabilities': 'trivy', 'no_root': 'trivy', 'kubernetes_use_readonly_filesystem': 'trivy', 'use_high_gid': 'trivy', 'use_high_uid': 'trivy', 'kubernetes_drop_default_capabilities': 'trivy', 'kubernetes_primary_supplementary_gid': 'trivy', 'cpuLimitsMissing': 'polaris', 'cpuRequestsMissing': 'polaris', 'memoryLimitsMissing': 'polaris', 'memoryRequestsMissing': 'polaris'}",
01-deployment-defination.yaml,Deployment,31,7,4,11,70.09,0,25,422,176,1,156.73,204.07,26.85,230.92,True,True,22,7,57.97,100.0,"{'kubernetes_drop_unused_capabilities': 'trivy', 'no_root': 'trivy', 'kubernetes_use_readonly_filesystem': 'trivy', 'use_high_gid': 'trivy', 'use_high_uid': 'trivy', 'kubernetes_drop_default_capabilities': 'trivy', 'kubernetes_primary_supplementary_gid': 'trivy', 'cpuLimitsMissing': 'polaris', 'cpuRequestsMissing': 'polaris', 'memoryLimitsMissing': 'polaris', 'memoryRequestsMissing': 'polaris'}",
01-deployment-defination1.yaml,Deployment,31,7,4,11,70.09,0,25,422,176,1,164.12,211.06,27.02,238.08,True,True,22,7,57.97,100.0,"{'kubernetes_drop_unused_capabilities': 'trivy', 'no_root': 'trivy', 'kubernetes_use_readonly_filesystem': 'trivy', 'use_high_gid': 'trivy', 'use_high_uid': 'trivy', 'kubernetes_drop_default_capabilities': 'trivy', 'kubernetes_primary_supplementary_gid': 'trivy', 'cpuLimitsMissing': 'polaris', 'cpuRequestsMissing': 'polaris', 'memoryLimitsMissing': 'polaris', 'memoryRequestsMissing': 'polaris'}",
01-deployment-defination2.yaml,Deployment,31,7,5,12,65.81,0,25,422,176,1,147.0,194.14,37.73,231.87,True,True,22,7,57.97,100.0,"{'kubernetes_drop_unused_capabilities': 'trivy', 'no_root': 'trivy', 'kubernetes_use_readonly_filesystem': 'trivy', 'use_high_gid': 'trivy', 'use_high_uid': 'trivy', 'kubernetes_drop_default_capabilities': 'trivy', 'kubernetes_primary_supplementary_gid': 'trivy', 'cpuLimitsMissing': 'polaris', 'cpuRequestsMissing': 'polaris', 'memoryLimitsMissing': 'polaris', 'tagNotSpecified': 'polaris', 'memoryRequestsMissing': 'polaris'}",
01-deployment-defination3.yaml,Deployment,31,7,4,11,70.09,0,25,422,176,1,149.97,198.64,26.79,225.43,True,True,22,7,57.97,100.0,"{'kubernetes_drop_unused_capabilities': 'trivy', 'no_root': 'trivy', 'kubernetes_use_readonly_filesystem': 'trivy', 'use_high_gid': 'trivy', 'use_high_uid': 'trivy', 'kubernetes_drop_default_capabilities': 'trivy', 'kubernetes_primary_supplementary_gid': 'trivy', 'cpuLimitsMissing': 'polaris', 'cpuRequestsMissing': 'polaris', 'memoryLimitsMissing': 'polaris', 'memoryRequestsMissing': 'polaris'}",
01-deployment-defination4.yaml,Deployment,31,7,4,11,70.09,0,25,422,176,1,146.49,194.01,26.83,220.84,True,True,22,7,57.97,100.0,"{'kubernetes_drop_unused_capabilities': 'trivy', 'no_root': 'trivy', 'kubernetes_use_readonly_filesystem': 'trivy', 'use_high_gid': 'trivy', 'use_high_uid': 'trivy', 'kubernetes_drop_default_capabilities': 'trivy', 'kubernetes_primary_supplementary_gid': 'trivy', 'cpuLimitsMissing': 'polaris', 'cpuRequestsMissing': 'polaris', 'memoryLimitsMissing': 'polaris', 'memoryRequestsMissing': 'polaris'}",
01-deployment-defination5.yaml,Deployment,31,7,4,11,70.09,0,25,422,176,1,145.86,192.85,26.53,219.38,True,True,22,7,57.97,100.0,"{'kubernetes_drop_unused_capabilities': 'trivy', 'no_root': 'trivy', 'kubernetes_use_readonly_filesystem': 'trivy', 'use_high_gid': 'trivy', 'use_high_uid': 'trivy', 'kubernetes_drop_default_capabilities': 'trivy', 'kubernetes_primary_supplementary_gid': 'trivy', 'cpuLimitsMissing': 'polaris', 'cpuRequestsMissing': 'polaris', 'memoryLimitsMissing': 'polaris', 'memoryRequestsMissing': 'polaris'}",
01-deployment-jenkins.yaml,Deployment,31,9,0,9,74.79,0,49,422,203,8,196.39,330.67,41.93,372.6,True,True,9,3,88.46,100.0,"{'kubernetes_drop_unused_capabilities': 'trivy', 'no_root': 'trivy', 'kubernetes_use_readonly_filesystem': 'trivy', 'use_high_gid': 'trivy', 'use_high_uid': 'trivy', 'kubernetes_drop_default_capabilities': 'trivy', 'kubernetes_primary_supplementary_gid': 'trivy', 'Require_Multiple_Replicas': 'kyverno', 'kubernetes_no_host_port_access': 'trivy'}",
01-deployment-jenkins_1.yaml,Service,6,2,0,2,68.89,0,16,13,4,1,99.3,114.02,10.48,124.5,True,True,2,2,84.62,100.0,"{'Restrict_Service_Port_Range': 'kyverno', 'Disallow_NodePort': 'kyverno'}",
01-deployment-original.yaml,Deployment,31,8,4,12,67.95,0,67,422,186,2,910.23,1101.58,66.37,1167.95,True,True,16,3,86.33,100.0,"{'kubernetes_drop_unused_capabilities': 'trivy', 'no_root': 'trivy', 'kubernetes_use_readonly_filesystem': 'trivy', 'use_high_gid': 'trivy', 'use_high_uid': 'trivy', 'kubernetes_drop_default_capabilities': 'trivy', 'kubernetes_default_namespace_should_not_be_used': 'trivy', 'kubernetes_primary_supplementary_gid': 'trivy', 'cpuLimitsMissing': 'polaris', 'cpuRequestsMissing': 'polaris', 'memoryLimitsMissing': 'polaris', 'memoryRequestsMissing': 'polaris'}",
01-deployment-original_1.yaml,Service,6,2,0,2,68.89,0,33,13,4,1,318.65,336.25,20.7,356.95,True,True,2,2,92.59,100.0,"{'Disallow_Service_Type_LoadBalancer': 'kyverno', 'Restrict_Service_Port_Range': 'kyverno'}",
01-deployment.yaml,Deployment,31,8,4,12,67.09,0,24,422,178,1,158.66,203.04,26.59,229.63,True,True,16,1,70.18,100.0,"{'kubernetes_drop_unused_capabilities': 'trivy', 'no_root': 'trivy', 'kubernetes_use_readonly_filesystem': 'trivy', 'use_high_gid': 'trivy', 'use_high_uid': 'trivy', 'kubernetes_drop_default_capabilities': 'trivy', 'kubernetes_primary_supplementary_gid': 'trivy', 'Require_Multiple_Replicas': 'kyverno', 'cpuLimitsMissing': 'polaris', 'cpuRequestsMissing': 'polaris', 'memoryLimitsMissing': 'polaris', 'memoryRequestsMissing': 'polaris'}",
01-Deployment1.yaml,Deployment,31,7,4,11,68.8,0,27,422,176,1,191.9,244.03,25.83,269.86,True,True,14,2,74.19,100.0,"{'kubernetes_drop_unused_capabilities': 'trivy', 'no_root': 'trivy', 'kubernetes_use_readonly_filesystem': 'trivy', 'use_high_gid': 'trivy', 'use_high_uid': 'trivy', 'kubernetes_drop_default_capabilities': 'trivy', 'kubernetes_primary_supplementary_gid': 'trivy', 'cpuLimitsMissing': 'polaris', 'memoryLimitsMissing': 'polaris', 'tagNotSpecified': 'polaris', 'memoryRequestsMissing': 'polaris'}",
01-deployment2.yaml,Deployment,31,7,4,11,70.09,0,31,422,176,8,229.6,297.72,32.12,329.84,True,True,15,0,80.0,100.0,"{'kubernetes_drop_unused_capabilities': 'trivy', 'no_root': 'trivy', 'kubernetes_use_readonly_filesystem': 'trivy', 'use_high_gid': 'trivy', 'use_high_uid': 'trivy', 'kubernetes_drop_default_capabilities': 'trivy', 'kubernetes_primary_supplementary_gid': 'trivy', 'cpuLimitsMissing': 'polaris', 'cpuRequestsMissing': 'polaris', 'memoryLimitsMissing': 'polaris', 'memoryRequestsMissing': 'polaris'}",
01-deployment3.yaml,Deployment,31,9,2,11,70.09,0,39,422,187,72,203.28,415.64,42.83,458.47,True,True,14,34,68.42,66.67,"{'kubernetes_drop_unused_capabilities': 'trivy', 'no_root': 'trivy', 'kubernetes_use_readonly_filesystem': 'trivy', 'use_high_gid': 'trivy', 'no_mounted_hostpath': 'trivy', 'use_high_uid': 'trivy', 'kubernetes_drop_default_capabilities': 'trivy', 'kubernetes_primary_supplementary_gid': 'trivy', 'Require_Multiple_Replicas': 'kyverno', 'cpuRequestsMissing': 'polaris', 'memoryRequestsMissing': 'polaris'}",
01-deployment4.yaml,Deployment,31,7,4,11,70.09,0,21,422,176,12,154.56,199.0,24.67,223.67,True,True,18,8,56.67,100.0,"{'kubernetes_drop_unused_capabilities': 'trivy', 'no_root': 'trivy', 'kubernetes_use_readonly_filesystem': 'trivy', 'use_high_gid': 'trivy', 'use_high_uid': 'trivy', 'kubernetes_drop_default_capabilities': 'trivy', 'kubernetes_primary_supplementary_gid': 'trivy', 'cpuLimitsMissing': 'polaris', 'cpuRequestsMissing': 'polaris', 'memoryLimitsMissing': 'polaris', 'memoryRequestsMissing': 'polaris'}",
01-deployment5.yaml,Deployment,31,7,4,11,70.09,0,21,422,176,1,156.89,198.03,24.15,222.18,True,True,15,0,71.7,100.0,"{'kubernetes_drop_unused_capabilities': 'trivy', 'no_root': 'trivy', 'kubernetes_use_readonly_filesystem': 'trivy', 'use_high_gid': 'trivy', 'use_high_uid': 'trivy', 'kubernetes_drop_default_capabilities': 'trivy', 'kubernetes_primary_supplementary_gid': 'trivy', 'cpuLimitsMissing': 'polaris', 'cpuRequestsMissing': 'polaris', 'memoryLimitsMissing': 'polaris', 'memoryRequestsMissing': 'polaris'}",
01-deployment6.yaml,Deployment,31,7,4,11,70.09,0,21,422,176,1,142.81,183.69,24.49,208.18,True,True,16,1,67.92,100.0,"{'kubernetes_drop_unused_capabilities': 'trivy', 'no_root': 'trivy', 'kubernetes_use_readonly_filesystem': 'trivy', 'use_high_gid': 'trivy', 'use_high_uid': 'trivy', 'kubernetes_drop_default_capabilities': 'trivy', 'kubernetes_primary_supplementary_gid': 'trivy', 'cpuLimitsMissing': 'polaris', 'cpuRequestsMissing': 'polaris', 'memoryLimitsMissing': 'polaris', 'memoryRequestsMissing': 'polaris'}",
01-deployment7.yaml,Deployment,31,7,5,12,65.81,0,31,422,176,1,155.56,214.76,31.16,245.92,True,True,16,1,77.33,100.0,"{'kubernetes_drop_unused_capabilities': 'trivy', 'no_root': 'trivy', 'kubernetes_use_readonly_filesystem': 'trivy', 'use_high_gid': 'trivy', 'use_high_uid': 'trivy', 'kubernetes_drop_default_capabilities': 'trivy', 'kubernetes_primary_supplementary_gid': 'trivy', 'cpuLimitsMissing': 'polaris', 'cpuRequestsMissing': 'polaris', 'memoryLimitsMissing': 'polaris', 'tagNotSpecified': 'polaris', 'memoryRequestsMissing': 'polaris'}",
01-deployment8.yaml,Deployment,31,7,4,11,70.09,0,21,422,176,12,153.31,198.34,25.07,223.41,True,True,18,8,56.67,100.0,"{'kubernetes_drop_unused_capabilities': 'trivy', 'no_root': 'trivy', 'kubernetes_use_readonly_filesystem': 'trivy', 'use_high_gid': 'trivy', 'use_high_uid': 'trivy', 'kubernetes_drop_default_capabilities': 'trivy', 'kubernetes_primary_supplementary_gid': 'trivy', 'cpuLimitsMissing': 'polaris', 'cpuRequestsMissing': 'polaris', 'memoryLimitsMissing': 'polaris', 'memoryRequestsMissing': 'polaris'}",
01-deployment_1.yaml,Service,6,2,0,2,68.89,0,20,13,4,1,72.06,87.66,11.95,99.61,True,True,2,2,86.67,100.0,"{'Restrict_Service_Port_Range': 'kyverno', 'Disallow_NodePort': 'kyverno'}",
01-deploy_1.yaml,Service,6,1,0,1,84.44,0,12,13,2,1,56.18,70.61,8.38,78.99,True,True,1,1,90.0,100.0,{'Restrict_Service_Port_Range': 'kyverno'},
01-dev-cloudflare-issuer.yaml,Secret,4,0,0,0,100.0,0,8,14,0,1,36.29,50.03,0.0,0.0,True,True,0,0,100.0,100.0,{},
01-domain-deployment.yaml,Deployment,31,8,4,12,67.09,0,24,422,178,1,162.16,207.6,42.58,250.18,True,True,16,1,71.19,100.0,"{'kubernetes_drop_unused_capabilities': 'trivy', 'no_root': 'trivy', 'kubernetes_use_readonly_filesystem': 'trivy', 'use_high_gid': 'trivy', 'use_high_uid': 'trivy', 'kubernetes_drop_default_capabilities': 'trivy', 'kubernetes_primary_supplementary_gid': 'trivy', 'Require_Multiple_Replicas': 'kyverno', 'cpuLimitsMissing': 'polaris', 'cpuRequestsMissing': 'polaris', 'memoryLimitsMissing': 'polaris', 'memoryRequestsMissing': 'polaris'}",
01-EchoServer-Deployment.yaml,Deployment,31,8,4,12,67.09,0,24,422,178,1,171.26,215.33,25.4,240.73,True,True,20,6,56.67,100.0,"{'kubernetes_drop_unused_capabilities': 'trivy', 'no_root': 'trivy', 'kubernetes_use_readonly_filesystem': 'trivy', 'use_high_gid': 'trivy', 'use_high_uid': 'trivy', 'kubernetes_drop_default_capabilities': 'trivy', 'kubernetes_primary_supplementary_gid': 'trivy', 'Require_Multiple_Replicas': 'kyverno', 'cpuLimitsMissing': 'polaris', 'cpuRequestsMissing': 'polaris', 'memoryLimitsMissing': 'polaris', 'memoryRequestsMissing': 'polaris'}",
01-EchoServer-Deployment1.yaml,Deployment,31,7,4,11,70.09,0,24,422,176,1,154.13,198.69,25.84,224.53,True,True,19,5,60.0,100.0,"{'kubernetes_drop_unused_capabilities': 'trivy', 'no_root': 'trivy', 'kubernetes_use_readonly_filesystem': 'trivy', 'use_high_gid': 'trivy', 'use_high_uid': 'trivy', 'kubernetes_drop_default_capabilities': 'trivy', 'kubernetes_primary_supplementary_gid': 'trivy', 'cpuLimitsMissing': 'polaris', 'cpuRequestsMissing': 'polaris', 'memoryLimitsMissing': 'polaris', 'memoryRequestsMissing': 'polaris'}",
01-EchoServer-Deployment2.yaml,Deployment,31,7,4,11,70.09,0,24,422,176,1,158.84,203.96,26.24,230.2,True,True,19,5,60.0,100.0,"{'kubernetes_drop_unused_capabilities': 'trivy', 'no_root': 'trivy', 'kubernetes_use_readonly_filesystem': 'trivy', 'use_high_gid': 'trivy', 'use_high_uid': 'trivy', 'kubernetes_drop_default_capabilities': 'trivy', 'kubernetes_primary_supplementary_gid': 'trivy', 'cpuLimitsMissing': 'polaris', 'cpuRequestsMissing': 'polaris', 'memoryLimitsMissing': 'polaris', 'memoryRequestsMissing': 'polaris'}",
01-EchoServer-Deployment3.yaml,Deployment,31,8,4,12,67.09,0,24,422,178,1,164.98,209.27,25.7,234.97,True,True,20,6,56.67,100.0,"{'kubernetes_drop_unused_capabilities': 'trivy', 'no_root': 'trivy', 'kubernetes_use_readonly_filesystem': 'trivy', 'use_high_gid': 'trivy', 'use_high_uid': 'trivy', 'kubernetes_drop_default_capabilities': 'trivy', 'kubernetes_primary_supplementary_gid': 'trivy', 'Require_Multiple_Replicas': 'kyverno', 'cpuLimitsMissing': 'polaris', 'cpuRequestsMissing': 'polaris', 'memoryLimitsMissing': 'polaris', 'memoryRequestsMissing': 'polaris'}",
01-EchoServer-Deployment4.yaml,Deployment,31,8,4,12,67.09,0,24,422,178,1,160.17,204.72,27.11,231.83,True,True,20,6,56.67,100.0,"{'kubernetes_drop_unused_capabilities': 'trivy', 'no_root': 'trivy', 'kubernetes_use_readonly_filesystem': 'trivy', 'use_high_gid': 'trivy', 'use_high_uid': 'trivy', 'kubernetes_drop_default_capabilities': 'trivy', 'kubernetes_primary_supplementary_gid': 'trivy', 'Require_Multiple_Replicas': 'kyverno', 'cpuLimitsMissing': 'polaris', 'cpuRequestsMissing': 'polaris', 'memoryLimitsMissing': 'polaris', 'memoryRequestsMissing': 'polaris'}",
01-elasticsearch.yaml,StatefulSet,31,8,1,9,73.5,0,70,424,201,576,570.39,872.31,77.17,949.48,True,True,38,7,78.87,100.0,"{'kubernetes_drop_unused_capabilities': 'trivy', 'no_root': 'trivy', 'no_privileged_containers': 'trivy', 'kubernetes_use_readonly_filesystem': 'trivy', 'use_high_gid': 'trivy', 'use_high_uid': 'trivy', 'kubernetes_drop_default_capabilities': 'trivy', 'kubernetes_primary_supplementary_gid': 'trivy', 'tagNotSpecified': 'polaris'}",
01-elasticsearch_1.yaml,Service,6,1,0,1,84.44,0,17,13,2,2,55.92,71.56,13.6,85.16,True,True,2,2,88.24,100.0,{'Restrict_Service_Port_Range': 'kyverno'},
01-empty-dir.yaml,Pod,61,13,7,20,69.3,0,16,481,187,4,239.01,288.29,39.92,328.21,True,True,50,13,22.22,100.0,"{'kubernetes_drop_unused_capabilities': 'trivy', 'Require_Non_Root_Groups': 'kyverno', 'Require_imagePullPolicy_Always': 'kyverno', 'Require_Read_Only_Root_Filesystem': 'kyverno', 'Validate_User_ID_Group_ID_and_FS_Group': 'kyverno', 'Require_Run_As_Non_Root_User': 'kyverno', 'Check_supplementalGroups': 'kyverno', 'no_root': 'trivy', 'kubernetes_use_readonly_filesystem': 'trivy', 'use_high_gid': 'trivy', 'use_high_uid': 'trivy', 'kubernetes_drop_default_capabilities': 'trivy', 'kubernetes_primary_supplementary_gid': 'trivy', 'cpuLimitsMissing': 'polaris', 'cpuRequestsMissing': 'polaris', 'memoryLimitsMissing': 'polaris', 'Restrict_Image_Registries': 'kyverno', 'tagNotSpecified': 'polaris', 'memoryRequestsMissing': 'polaris', 'Require_Images_Use_Checksums': 'kyverno'}",
01-empty-dir1.yaml,Pod,61,13,6,19,71.56,0,13,481,187,1,297.21,330.51,22.99,353.5,True,True,28,7,28.57,100.0,"{'kubernetes_drop_unused_capabilities': 'trivy', 'Require_Non_Root_Groups': 'kyverno', 'Require_imagePullPolicy_Always': 'kyverno', 'Require_Read_Only_Root_Filesystem': 'kyverno', 'Validate_User_ID_Group_ID_and_FS_Group': 'kyverno', 'Require_Run_As_Non_Root_User': 'kyverno', 'Check_supplementalGroups': 'kyverno', 'no_root': 'trivy', 'kubernetes_use_readonly_filesystem': 'trivy', 'use_high_gid': 'trivy', 'use_high_uid': 'trivy', 'kubernetes_drop_default_capabilities': 'trivy', 'kubernetes_primary_supplementary_gid': 'trivy', 'cpuLimitsMissing': 'polaris', 'cpuRequestsMissing': 'polaris', 'memoryLimitsMissing': 'polaris', 'Restrict_Image_Registries': 'kyverno', 'memoryRequestsMissing': 'polaris', 'Require_Images_Use_Checksums': 'kyverno'}",
01-emptyDir.yaml,Pod,61,13,3,16,75.62,0,21,481,187,4,310.39,362.85,25.93,388.78,True,True,16,2,70.97,100.0,"{'kubernetes_drop_unused_capabilities': 'trivy', 'Require_Non_Root_Groups': 'kyverno', 'Require_imagePullPolicy_Always': 'kyverno', 'Require_Read_Only_Root_Filesystem': 'kyverno', 'Validate_User_ID_Group_ID_and_FS_Group': 'kyverno', 'Require_Run_As_Non_Root_User': 'kyverno', 'Check_supplementalGroups': 'kyverno', 'no_root': 'trivy', 'kubernetes_use_readonly_filesystem': 'trivy', 'use_high_gid': 'trivy', 'use_high_uid': 'trivy', 'kubernetes_drop_default_capabilities': 'trivy', 'kubernetes_primary_supplementary_gid': 'trivy', 'Restrict_Image_Registries': 'kyverno', 'tagNotSpecified': 'polaris', 'Require_Images_Use_Checksums': 'kyverno'}",
01-emptyDir1.yaml,Pod,61,13,3,16,75.62,0,21,481,187,4,232.17,284.82,25.95,310.77,True,True,16,2,70.97,100.0,"{'kubernetes_drop_unused_capabilities': 'trivy', 'Require_Non_Root_Groups': 'kyverno', 'Require_imagePullPolicy_Always': 'kyverno', 'Require_Read_Only_Root_Filesystem': 'kyverno', 'Validate_User_ID_Group_ID_and_FS_Group': 'kyverno', 'Require_Run_As_Non_Root_User': 'kyverno', 'Check_supplementalGroups': 'kyverno', 'no_root': 'trivy', 'kubernetes_use_readonly_filesystem': 'trivy', 'use_high_gid': 'trivy', 'use_high_uid': 'trivy', 'kubernetes_drop_default_capabilities': 'trivy', 'kubernetes_primary_supplementary_gid': 'trivy', 'Restrict_Image_Registries': 'kyverno', 'tagNotSpecified': 'polaris', 'Require_Images_Use_Checksums': 'kyverno'}",
01-emptyDir1_1.yaml,Pod,61,13,3,16,75.62,0,20,481,187,12,234.49,321.35,50.18,371.53,True,True,26,3,71.84,100.0,"{'kubernetes_drop_unused_capabilities': 'trivy', 'Require_Non_Root_Groups': 'kyverno', 'Require_imagePullPolicy_Always': 'kyverno', 'Require_Read_Only_Root_Filesystem': 'kyverno', 'Validate_User_ID_Group_ID_and_FS_Group': 'kyverno', 'Require_Run_As_Non_Root_User': 'kyverno', 'Check_supplementalGroups': 'kyverno', 'no_root': 'trivy', 'kubernetes_use_readonly_filesystem': 'trivy', 'use_high_gid': 'trivy', 'use_high_uid': 'trivy', 'kubernetes_drop_default_capabilities': 'trivy', 'kubernetes_primary_supplementary_gid': 'trivy', 'Restrict_Image_Registries': 'kyverno', 'tagNotSpecified': 'polaris', 'Require_Images_Use_Checksums': 'kyverno'}",
01-emptyDir2.yaml,Pod,61,13,3,16,75.62,0,21,481,187,4,245.9,298.68,25.47,324.15,True,True,16,2,70.97,100.0,"{'kubernetes_drop_unused_capabilities': 'trivy', 'Require_Non_Root_Groups': 'kyverno', 'Require_imagePullPolicy_Always': 'kyverno', 'Require_Read_Only_Root_Filesystem': 'kyverno', 'Validate_User_ID_Group_ID_and_FS_Group': 'kyverno', 'Require_Run_As_Non_Root_User': 'kyverno', 'Check_supplementalGroups': 'kyverno', 'no_root': 'trivy', 'kubernetes_use_readonly_filesystem': 'trivy', 'use_high_gid': 'trivy', 'use_high_uid': 'trivy', 'kubernetes_drop_default_capabilities': 'trivy', 'kubernetes_primary_supplementary_gid': 'trivy', 'Restrict_Image_Registries': 'kyverno', 'tagNotSpecified': 'polaris', 'Require_Images_Use_Checksums': 'kyverno'}",
01-emptyDir2_1.yaml,Pod,61,13,3,16,75.62,0,20,481,187,12,241.77,329.75,39.71,369.46,True,True,26,3,71.84,100.0,"{'kubernetes_drop_unused_capabilities': 'trivy', 'Require_Non_Root_Groups': 'kyverno', 'Require_imagePullPolicy_Always': 'kyverno', 'Require_Read_Only_Root_Filesystem': 'kyverno', 'Validate_User_ID_Group_ID_and_FS_Group': 'kyverno', 'Require_Run_As_Non_Root_User': 'kyverno', 'Check_supplementalGroups': 'kyverno', 'no_root': 'trivy', 'kubernetes_use_readonly_filesystem': 'trivy', 'use_high_gid': 'trivy', 'use_high_uid': 'trivy', 'kubernetes_drop_default_capabilities': 'trivy', 'kubernetes_primary_supplementary_gid': 'trivy', 'Restrict_Image_Registries': 'kyverno', 'tagNotSpecified': 'polaris', 'Require_Images_Use_Checksums': 'kyverno'}",
01-emptyDir3_1.yaml,Unknown,SCHEMA_ERROR,,,,,,0,0,0,0,0.0,0.0,0.0,284.69,,,,0,0.0,0.0,,"C:\Users\CAOSD\projects\tool-security-rules\..\scriptJsonToUvl\yamls_agrupation\tiny\01-emptyDir3_1.yaml - Deployment nginx-deployment is invalid: problem validating schema. Check JSON formatting: jsonschema validation failed with 'https://raw.githubusercontent.com/yannh/kubernetes-json-schema/master/master-standalone-strict/deployment-apps-v1.json#' - at '/spec/template/spec/containers/0/volumeMounts/1': missing property 'mountPath' - at '/spec/template/spec/containers/0/volumeMounts/1': additional properties 'image', 'volumeMounts' not allowed | Summary: 1 resource found in 1 file - Valid: 0, Invalid: 1, Errors: 0, Skipped: 0"
01-emptyDir_1.yaml,Pod,61,13,3,16,75.62,0,20,481,187,12,230.32,317.58,45.86,363.44,True,True,26,3,71.84,100.0,"{'kubernetes_drop_unused_capabilities': 'trivy', 'Require_Non_Root_Groups': 'kyverno', 'Require_imagePullPolicy_Always': 'kyverno', 'Require_Read_Only_Root_Filesystem': 'kyverno', 'Validate_User_ID_Group_ID_and_FS_Group': 'kyverno', 'Require_Run_As_Non_Root_User': 'kyverno', 'Check_supplementalGroups': 'kyverno', 'no_root': 'trivy', 'kubernetes_use_readonly_filesystem': 'trivy', 'use_high_gid': 'trivy', 'use_high_uid': 'trivy', 'kubernetes_drop_default_capabilities': 'trivy', 'kubernetes_primary_supplementary_gid': 'trivy', 'Restrict_Image_Registries': 'kyverno', 'tagNotSpecified': 'polaris', 'Require_Images_Use_Checksums': 'kyverno'}",
01-envoy-dummy_1.yaml,Service,6,1,0,1,84.44,0,16,13,2,2,58.85,73.99,11.15,85.14,True,True,1,1,92.86,100.0,{'Restrict_Service_Port_Range': 'kyverno'},
01-envoy-dummy_4.yaml,Deployment,31,8,4,12,67.09,0,31,422,178,8,169.19,236.14,32.47,268.61,True,True,16,1,78.48,100.0,"{'kubernetes_drop_unused_capabilities': 'trivy', 'no_root': 'trivy', 'kubernetes_use_readonly_filesystem': 'trivy', 'use_high_gid': 'trivy', 'use_high_uid': 'trivy', 'kubernetes_drop_default_capabilities': 'trivy', 'kubernetes_primary_supplementary_gid': 'trivy', 'Require_Multiple_Replicas': 'kyverno', 'cpuLimitsMissing': 'polaris', 'cpuRequestsMissing': 'polaris', 'memoryLimitsMissing': 'polaris', 'memoryRequestsMissing': 'polaris'}",
01-envoy-dummy_5.yaml,Ingress,3,1,0,1,70.83,0,20,4,2,1,84.42,99.96,16.58,116.54,True,True,4,0,90.48,100.0,{'tlsSettingsMissing': 'polaris'},
01-errors.yaml,Service,6,1,0,1,84.44,0,4,13,2,1,58.46,72.16,6.48,78.64,True,True,3,0,72.73,100.0,{'Restrict_Service_Port_Range': 'kyverno'},
01-errors_1.yaml,Service,6,1,0,1,84.44,0,4,13,2,1,56.38,70.26,6.17,76.43,True,True,3,0,72.73,100.0,{'Restrict_Service_Port_Range': 'kyverno'},
01-errors_2.yaml,Service,6,1,0,1,84.44,0,4,13,2,1,67.68,81.66,6.08,87.74,True,True,3,0,72.73,100.0,{'Restrict_Service_Port_Range': 'kyverno'},
01-errors_3.yaml,Service,6,1,0,1,84.44,0,4,13,2,1,55.05,69.01,6.17,75.18,True,True,3,0,72.73,100.0,{'Restrict_Service_Port_Range': 'kyverno'},
01-errors_4.yaml,Service,6,1,0,1,84.44,0,4,13,2,1,54.32,67.72,6.17,73.89,True,True,3,0,72.73,100.0,{'Restrict_Service_Port_Range': 'kyverno'},
01-exporter.yaml,Service,6,2,0,2,68.89,0,19,13,4,1,69.98,85.07,12.06,97.13,True,True,2,2,86.67,100.0,"{'Disallow_Service_Type_LoadBalancer': 'kyverno', 'Restrict_Service_Port_Range': 'kyverno'}",
01-exporter_1.yaml,Deployment,31,9,0,9,74.79,0,59,422,203,16,208.79,375.1,48.13,423.23,True,True,10,4,89.06,100.0,"{'kubernetes_drop_unused_capabilities': 'trivy', 'no_root': 'trivy', 'kubernetes_use_readonly_filesystem': 'trivy', 'use_high_gid': 'trivy', 'use_high_uid': 'trivy', 'kubernetes_drop_default_capabilities': 'trivy', 'kubernetes_primary_supplementary_gid': 'trivy', 'Require_Multiple_Replicas': 'kyverno', 'kubernetes_no_host_port_access': 'trivy'}",
01-filestore-pvc.yaml,PersistentVolumeClaim,2,1,0,1,58.33,0,11,7,3,1,50.71,67.08,8.71,75.79,True,True,1,1,90.91,100.0,{'Enforce_ReadWriteOncePod': 'kyverno'},
01-filestore-pvc1.yaml,PersistentVolumeClaim,2,1,0,1,58.33,0,11,7,3,1,55.94,70.54,8.86,79.4,True,True,1,1,90.91,100.0,{'Enforce_ReadWriteOncePod': 'kyverno'},
01-filestore-pvc10.yaml,PersistentVolumeClaim,2,1,0,1,58.33,0,11,7,3,1,51.28,65.86,10.22,76.08,True,True,2,2,83.33,100.0,{'Enforce_ReadWriteOncePod': 'kyverno'},
01-filestore-pvc11.yaml,PersistentVolumeClaim,2,1,0,1,58.33,0,15,7,3,1,144.86,161.11,12.21,173.32,True,True,2,2,86.67,100.0,{'Enforce_ReadWriteOncePod': 'kyverno'},
01-filestore-pvc12.yaml,PersistentVolumeClaim,2,1,0,1,58.33,0,11,7,3,1,51.49,66.14,9.44,75.58,True,True,1,1,90.91,100.0,{'Enforce_ReadWriteOncePod': 'kyverno'},
01-filestore-pvc13.yaml,PersistentVolumeClaim,2,1,0,1,58.33,0,11,7,3,1,50.84,65.77,8.97,74.74,True,True,1,1,90.91,100.0,{'Enforce_ReadWriteOncePod': 'kyverno'},
01-filestore-pvc14.yaml,PersistentVolumeClaim,2,1,0,1,58.33,0,11,7,3,1,51.19,65.9,8.93,74.83,True,True,2,2,83.33,100.0,{'Enforce_ReadWriteOncePod': 'kyverno'},
01-filestore-pvc15.yaml,PersistentVolumeClaim,2,1,0,1,58.33,0,15,7,3,1,51.42,66.55,12.04,78.59,True,True,2,2,86.67,100.0,{'Enforce_ReadWriteOncePod': 'kyverno'},
01-filestore-pvc2.yaml,PersistentVolumeClaim,2,1,0,1,58.33,0,11,7,3,1,50.68,65.18,8.71,73.89,True,True,2,2,83.33,100.0,{'Enforce_ReadWriteOncePod': 'kyverno'},
01-filestore-pvc3.yaml,PersistentVolumeClaim,2,1,0,1,58.33,0,15,7,3,1,49.39,64.68,12.01,76.69,True,True,2,2,86.67,100.0,{'Enforce_ReadWriteOncePod': 'kyverno'},
01-filestore-pvc4.yaml,PersistentVolumeClaim,2,1,0,1,58.33,0,11,7,3,1,50.96,65.56,8.69,74.25,True,True,1,1,90.91,100.0,{'Enforce_ReadWriteOncePod': 'kyverno'},
01-filestore-pvc5.yaml,PersistentVolumeClaim,2,1,0,1,58.33,0,11,7,3,1,55.47,70.31,8.57,78.88,True,True,1,1,90.91,100.0,{'Enforce_ReadWriteOncePod': 'kyverno'},
01-filestore-pvc6.yaml,PersistentVolumeClaim,2,1,0,1,58.33,0,11,7,3,1,50.59,65.34,30.58,95.92,True,True,2,2,83.33,100.0,{'Enforce_ReadWriteOncePod': 'kyverno'},
01-filestore-pvc7.yaml,PersistentVolumeClaim,2,1,0,1,58.33,0,15,7,3,1,53.21,68.29,12.13,80.42,True,True,2,2,86.67,100.0,{'Enforce_ReadWriteOncePod': 'kyverno'},
01-filestore-pvc8.yaml,PersistentVolumeClaim,2,1,0,1,58.33,0,11,7,3,1,49.68,66.12,8.8,74.92,True,True,1,1,90.91,100.0,{'Enforce_ReadWriteOncePod': 'kyverno'},
01-filestore-pvc9.yaml,PersistentVolumeClaim,2,1,0,1,58.33,0,11,7,3,1,61.05,76.08,8.74,84.82,True,True,1,1,90.91,100.0,{'Enforce_ReadWriteOncePod': 'kyverno'},
01-first-pod.yaml,Pod,61,13,6,19,71.56,0,11,481,187,1,239.19,266.03,22.18,288.21,True,True,24,2,38.1,100.0,"{'kubernetes_drop_unused_capabilities': 'trivy', 'Require_Non_Root_Groups': 'kyverno', 'Require_imagePullPolicy_Always': 'kyverno', 'Require_Read_Only_Root_Filesystem': 'kyverno', 'Validate_User_ID_Group_ID_and_FS_Group': 'kyverno', 'Require_Run_As_Non_Root_User': 'kyverno', 'Check_supplementalGroups': 'kyverno', 'no_root': 'trivy', 'kubernetes_use_readonly_filesystem': 'trivy', 'use_high_gid': 'trivy', 'use_high_uid': 'trivy', 'kubernetes_drop_default_capabilities': 'trivy', 'kubernetes_primary_supplementary_gid': 'trivy', 'cpuLimitsMissing': 'polaris', 'cpuRequestsMissing': 'polaris', 'memoryLimitsMissing': 'polaris', 'Restrict_Image_Registries': 'kyverno', 'memoryRequestsMissing': 'polaris', 'Require_Images_Use_Checksums': 'kyverno'}",
01-first-service.yaml,Service,6,2,0,2,68.89,0,15,13,4,1,71.56,86.3,9.72,96.02,True,True,4,4,66.67,100.0,"{'Restrict_Service_Port_Range': 'kyverno', 'Disallow_NodePort': 'kyverno'}",
01-fluentd-sa.yaml,ServiceAccount,3,0,0,0,100.0,0,7,7,0,1,34.05,47.65,0.0,0.0,True,True,0,0,100.0,100.0,{},
01-fluentd-sa1.yaml,ServiceAccount,3,0,0,0,100.0,0,7,7,0,1,34.15,47.97,0.0,0.0,True,True,0,0,100.0,100.0,{},
01-fluentd-sa2.yaml,ServiceAccount,3,0,0,0,100.0,0,7,7,0,1,37.3,50.93,0.0,0.0,True,True,0,0,100.0,100.0,{},
01-grafana-headlessService.yaml,Service,6,1,0,1,84.44,0,15,13,2,1,57.35,73.75,10.45,84.2,True,True,1,1,92.31,100.0,{'Restrict_Service_Port_Range': 'kyverno'},
01-Grey.yaml,Deployment,31,7,5,12,65.81,0,29,422,176,1,144.79,198.71,45.13,243.84,True,True,16,1,73.85,100.0,"{'kubernetes_drop_unused_capabilities': 'trivy', 'no_root': 'trivy', 'kubernetes_use_readonly_filesystem': 'trivy', 'use_high_gid': 'trivy', 'use_high_uid': 'trivy', 'kubernetes_drop_default_capabilities': 'trivy', 'kubernetes_primary_supplementary_gid': 'trivy', 'cpuLimitsMissing': 'polaris', 'cpuRequestsMissing': 'polaris', 'memoryLimitsMissing': 'polaris', 'tagNotSpecified': 'polaris', 'memoryRequestsMissing': 'polaris'}",
01-guac-pgsql-pv.yaml,PersistentVolume,1,0,0,0,100.0,0,16,0,0,2,29.81,47.33,0.0,0.0,True,True,0,0,100.0,100.0,{},
01-guac-pv.yaml,PersistentVolume,1,0,0,0,100.0,0,16,0,0,2,28.88,46.72,0.0,0.0,True,True,0,0,100.0,100.0,{},
01-guacd-svc.yaml,Service,6,1,0,1,84.44,0,17,13,2,1,55.94,70.37,10.67,81.04,True,True,3,3,76.92,100.0,{'Restrict_Service_Port_Range': 'kyverno'},
01-helloworld-deploy-hc.yaml,Deployment,31,7,5,12,65.81,0,36,422,176,1,146.52,214.72,32.76,247.48,True,True,16,1,77.92,100.0,"{'kubernetes_drop_unused_capabilities': 'trivy', 'no_root': 'trivy', 'kubernetes_use_readonly_filesystem': 'trivy', 'use_high_gid': 'trivy', 'use_high_uid': 'trivy', 'kubernetes_drop_default_capabilities': 'trivy', 'kubernetes_primary_supplementary_gid': 'trivy', 'cpuLimitsMissing': 'polaris', 'cpuRequestsMissing': 'polaris', 'memoryLimitsMissing': 'polaris', 'tagNotSpecified': 'polaris', 'memoryRequestsMissing': 'polaris'}",
01-helloworld-deploy-hc1.yaml,Deployment,31,7,5,12,65.81,0,36,422,176,1,148.29,217.0,33.92,250.92,True,True,16,1,77.92,100.0,"{'kubernetes_drop_unused_capabilities': 'trivy', 'no_root': 'trivy', 'kubernetes_use_readonly_filesystem': 'trivy', 'use_high_gid': 'trivy', 'use_high_uid': 'trivy', 'kubernetes_drop_default_capabilities': 'trivy', 'kubernetes_primary_supplementary_gid': 'trivy', 'cpuLimitsMissing': 'polaris', 'cpuRequestsMissing': 'polaris', 'memoryLimitsMissing': 'polaris', 'tagNotSpecified': 'polaris', 'memoryRequestsMissing': 'polaris'}",
01-Helloworld-deploy.yaml,Deployment,31,7,5,12,65.81,0,25,422,176,1,160.99,207.94,26.51,234.45,True,True,16,1,71.19,100.0,"{'kubernetes_drop_unused_capabilities': 'trivy', 'no_root': 'trivy', 'kubernetes_use_readonly_filesystem': 'trivy', 'use_high_gid': 'trivy', 'use_high_uid': 'trivy', 'kubernetes_drop_default_capabilities': 'trivy', 'kubernetes_primary_supplementary_gid': 'trivy', 'cpuLimitsMissing': 'polaris', 'cpuRequestsMissing': 'polaris', 'memoryLimitsMissing': 'polaris', 'tagNotSpecified': 'polaris', 'memoryRequestsMissing': 'polaris'}",
01-helloworld-deployment.yaml,Deployment,31,10,0,10,72.65,0,50,422,213,4,192.09,310.64,53.8,364.44,True,True,10,3,86.87,100.0,"{'kubernetes_drop_unused_capabilities': 'trivy', 'no_root': 'trivy', 'kubernetes_use_readonly_filesystem': 'trivy', 'use_high_gid': 'trivy', 'use_high_uid': 'trivy', 'kubernetes_drop_default_capabilities': 'trivy', 'kubernetes_default_namespace_should_not_be_used': 'trivy', 'kubernetes_primary_supplementary_gid': 'trivy', 'Require_Multiple_Replicas': 'kyverno', 'kubernetes_no_host_port_access': 'trivy'}",
01-helloworld-deployment1.yaml,Deployment,31,9,0,9,75.64,0,53,422,211,4,171.37,293.83,40.9,334.73,True,True,9,2,89.32,100.0,"{'kubernetes_drop_unused_capabilities': 'trivy', 'no_root': 'trivy', 'kubernetes_use_readonly_filesystem': 'trivy', 'use_high_gid': 'trivy', 'use_high_uid': 'trivy', 'kubernetes_drop_default_capabilities': 'trivy', 'kubernetes_default_namespace_should_not_be_used': 'trivy', 'kubernetes_primary_supplementary_gid': 'trivy', 'kubernetes_no_host_port_access': 'trivy'}",
01-helloworld-deployment1_1.yaml,Service,6,1,0,1,84.44,0,17,13,2,1,55.77,70.85,11.22,82.07,True,True,1,1,92.86,100.0,{'Restrict_Service_Port_Range': 'kyverno'},
01-helloworld-deployment2.yaml,Deployment,31,10,0,10,72.65,0,50,422,213,4,172.37,289.85,39.05,328.9,True,True,10,3,86.87,100.0,"{'kubernetes_drop_unused_capabilities': 'trivy', 'no_root': 'trivy', 'kubernetes_use_readonly_filesystem': 'trivy', 'use_high_gid': 'trivy', 'use_high_uid': 'trivy', 'kubernetes_drop_default_capabilities': 'trivy', 'kubernetes_default_namespace_should_not_be_used': 'trivy', 'kubernetes_primary_supplementary_gid': 'trivy', 'Require_Multiple_Replicas': 'kyverno', 'kubernetes_no_host_port_access': 'trivy'}",
01-helloworld-deployment2_1.yaml,Service,6,1,0,1,84.44,0,16,13,2,1,55.73,70.48,10.65,81.13,True,True,1,1,92.31,100.0,{'Restrict_Service_Port_Range': 'kyverno'},
01-helloworld-deployment_1.yaml,Service,6,1,0,1,84.44,0,16,13,2,1,56.41,71.19,10.4,81.59,True,True,1,1,92.31,100.0,{'Restrict_Service_Port_Range': 'kyverno'},
01-helloworld-DS.yaml,DaemonSet,31,7,5,12,65.81,0,28,423,176,1,229.08,279.56,27.24,306.8,True,True,16,1,73.02,100.0,"{'kubernetes_drop_unused_capabilities': 'trivy', 'no_root': 'trivy', 'kubernetes_use_readonly_filesystem': 'trivy', 'use_high_gid': 'trivy', 'use_high_uid': 'trivy', 'kubernetes_drop_default_capabilities': 'trivy', 'kubernetes_primary_supplementary_gid': 'trivy', 'cpuLimitsMissing': 'polaris', 'cpuRequestsMissing': 'polaris', 'memoryLimitsMissing': 'polaris', 'tagNotSpecified': 'polaris', 'memoryRequestsMissing': 'polaris'}",
01-helloworld-ds1.yaml,DaemonSet,31,7,5,12,65.81,0,28,423,176,1,147.85,198.71,27.26,225.97,True,True,16,1,73.02,100.0,"{'kubernetes_drop_unused_capabilities': 'trivy', 'no_root': 'trivy', 'kubernetes_use_readonly_filesystem': 'trivy', 'use_high_gid': 'trivy', 'use_high_uid': 'trivy', 'kubernetes_drop_default_capabilities': 'trivy', 'kubernetes_primary_supplementary_gid': 'trivy', 'cpuLimitsMissing': 'polaris', 'cpuRequestsMissing': 'polaris', 'memoryLimitsMissing': 'polaris', 'tagNotSpecified': 'polaris', 'memoryRequestsMissing': 'polaris'}",
01-helloworld-ds2.yaml,DaemonSet,31,7,5,12,65.81,0,28,423,176,1,151.42,201.64,39.72,241.36,True,True,16,1,73.02,100.0,"{'kubernetes_drop_unused_capabilities': 'trivy', 'no_root': 'trivy', 'kubernetes_use_readonly_filesystem': 'trivy', 'use_high_gid': 'trivy', 'use_high_uid': 'trivy', 'kubernetes_drop_default_capabilities': 'trivy', 'kubernetes_primary_supplementary_gid': 'trivy', 'cpuLimitsMissing': 'polaris', 'cpuRequestsMissing': 'polaris', 'memoryLimitsMissing': 'polaris', 'tagNotSpecified': 'polaris', 'memoryRequestsMissing': 'polaris'}",
01-helloworld-ds3.yaml,DaemonSet,31,7,5,12,65.81,0,28,423,176,1,160.87,211.59,27.4,238.99,True,True,16,1,73.02,100.0,"{'kubernetes_drop_unused_capabilities': 'trivy', 'no_root': 'trivy', 'kubernetes_use_readonly_filesystem': 'trivy', 'use_high_gid': 'trivy', 'use_high_uid': 'trivy', 'kubernetes_drop_default_capabilities': 'trivy', 'kubernetes_primary_supplementary_gid': 'trivy', 'cpuLimitsMissing': 'polaris', 'cpuRequestsMissing': 'polaris', 'memoryLimitsMissing': 'polaris', 'tagNotSpecified': 'polaris', 'memoryRequestsMissing': 'polaris'}",
01-helloworld-toleration.yaml,Deployment,31,7,5,12,65.81,0,34,422,176,1,175.69,237.39,32.08,269.47,True,True,16,1,76.06,100.0,"{'kubernetes_drop_unused_capabilities': 'trivy', 'no_root': 'trivy', 'kubernetes_use_readonly_filesystem': 'trivy', 'use_high_gid': 'trivy', 'use_high_uid': 'trivy', 'kubernetes_drop_default_capabilities': 'trivy', 'kubernetes_primary_supplementary_gid': 'trivy', 'cpuLimitsMissing': 'polaris', 'cpuRequestsMissing': 'polaris', 'memoryLimitsMissing': 'polaris', 'tagNotSpecified': 'polaris', 'memoryRequestsMissing': 'polaris'}",
01-helloworld-toleration1.yaml,Deployment,31,7,5,12,65.81,0,34,422,176,1,170.05,231.86,30.54,262.4,True,True,16,1,76.06,100.0,"{'kubernetes_drop_unused_capabilities': 'trivy', 'no_root': 'trivy', 'kubernetes_use_readonly_filesystem': 'trivy', 'use_high_gid': 'trivy', 'use_high_uid': 'trivy', 'kubernetes_drop_default_capabilities': 'trivy', 'kubernetes_primary_supplementary_gid': 'trivy', 'cpuLimitsMissing': 'polaris', 'cpuRequestsMissing': 'polaris', 'memoryLimitsMissing': 'polaris', 'tagNotSpecified': 'polaris', 'memoryRequestsMissing': 'polaris'}",
01-helloworld-toleration2.yaml,Deployment,31,7,5,12,65.81,0,34,422,176,1,152.93,215.38,30.2,245.58,True,True,16,1,76.06,100.0,"{'kubernetes_drop_unused_capabilities': 'trivy', 'no_root': 'trivy', 'kubernetes_use_readonly_filesystem': 'trivy', 'use_high_gid': 'trivy', 'use_high_uid': 'trivy', 'kubernetes_drop_default_capabilities': 'trivy', 'kubernetes_primary_supplementary_gid': 'trivy', 'cpuLimitsMissing': 'polaris', 'cpuRequestsMissing': 'polaris', 'memoryLimitsMissing': 'polaris', 'tagNotSpecified': 'polaris', 'memoryRequestsMissing': 'polaris'}",
01-helloworld.yaml,Deployment,31,7,5,12,65.81,0,29,422,176,1,200.56,254.02,28.42,282.44,True,True,16,1,73.85,100.0,"{'kubernetes_drop_unused_capabilities': 'trivy', 'no_root': 'trivy', 'kubernetes_use_readonly_filesystem': 'trivy', 'use_high_gid': 'trivy', 'use_high_uid': 'trivy', 'kubernetes_drop_default_capabilities': 'trivy', 'kubernetes_primary_supplementary_gid': 'trivy', 'cpuLimitsMissing': 'polaris', 'cpuRequestsMissing': 'polaris', 'memoryLimitsMissing': 'polaris', 'tagNotSpecified': 'polaris', 'memoryRequestsMissing': 'polaris'}",
01-helloworld1.yaml,Deployment,31,7,5,12,65.81,0,29,422,176,1,150.69,204.7,28.13,232.83,True,True,16,1,73.85,100.0,"{'kubernetes_drop_unused_capabilities': 'trivy', 'no_root': 'trivy', 'kubernetes_use_readonly_filesystem': 'trivy', 'use_high_gid': 'trivy', 'use_high_uid': 'trivy', 'kubernetes_drop_default_capabilities': 'trivy', 'kubernetes_primary_supplementary_gid': 'trivy', 'cpuLimitsMissing': 'polaris', 'cpuRequestsMissing': 'polaris', 'memoryLimitsMissing': 'polaris', 'tagNotSpecified': 'polaris', 'memoryRequestsMissing': 'polaris'}",
01-Helloworld10.yaml,Deployment,31,7,5,12,65.81,0,29,422,176,1,146.31,200.93,42.36,243.29,True,True,16,1,73.85,100.0,"{'kubernetes_drop_unused_capabilities': 'trivy', 'no_root': 'trivy', 'kubernetes_use_readonly_filesystem': 'trivy', 'use_high_gid': 'trivy', 'use_high_uid': 'trivy', 'kubernetes_drop_default_capabilities': 'trivy', 'kubernetes_primary_supplementary_gid': 'trivy', 'cpuLimitsMissing': 'polaris', 'cpuRequestsMissing': 'polaris', 'memoryLimitsMissing': 'polaris', 'tagNotSpecified': 'polaris', 'memoryRequestsMissing': 'polaris'}",
01-helloworld11.yaml,Deployment,31,7,5,12,65.81,0,29,422,176,1,150.11,203.33,28.5,231.83,True,True,16,1,73.85,100.0,"{'kubernetes_drop_unused_capabilities': 'trivy', 'no_root': 'trivy', 'kubernetes_use_readonly_filesystem': 'trivy', 'use_high_gid': 'trivy', 'use_high_uid': 'trivy', 'kubernetes_drop_default_capabilities': 'trivy', 'kubernetes_primary_supplementary_gid': 'trivy', 'cpuLimitsMissing': 'polaris', 'cpuRequestsMissing': 'polaris', 'memoryLimitsMissing': 'polaris', 'tagNotSpecified': 'polaris', 'memoryRequestsMissing': 'polaris'}",
01-helloworld12.yaml,Deployment,31,7,5,12,65.81,0,37,422,176,1,142.39,208.8,32.46,241.26,True,True,16,1,78.48,100.0,"{'kubernetes_drop_unused_capabilities': 'trivy', 'no_root': 'trivy', 'kubernetes_use_readonly_filesystem': 'trivy', 'use_high_gid': 'trivy', 'use_high_uid': 'trivy', 'kubernetes_drop_default_capabilities': 'trivy', 'kubernetes_primary_supplementary_gid': 'trivy', 'cpuLimitsMissing': 'polaris', 'cpuRequestsMissing': 'polaris', 'memoryLimitsMissing': 'polaris', 'tagNotSpecified': 'polaris', 'memoryRequestsMissing': 'polaris'}",
01-Helloworld13.yaml,Deployment,31,7,5,12,65.81,0,29,422,176,1,145.1,198.5,28.47,226.97,True,True,16,1,73.85,100.0,"{'kubernetes_drop_unused_capabilities': 'trivy', 'no_root': 'trivy', 'kubernetes_use_readonly_filesystem': 'trivy', 'use_high_gid': 'trivy', 'use_high_uid': 'trivy', 'kubernetes_drop_default_capabilities': 'trivy', 'kubernetes_primary_supplementary_gid': 'trivy', 'cpuLimitsMissing': 'polaris', 'cpuRequestsMissing': 'polaris', 'memoryLimitsMissing': 'polaris', 'tagNotSpecified': 'polaris', 'memoryRequestsMissing': 'polaris'}",
01-helloworld14.yaml,Deployment,31,7,5,12,65.81,0,29,422,176,1,154.1,207.9,28.51,236.41,True,True,16,1,73.85,100.0,"{'kubernetes_drop_unused_capabilities': 'trivy', 'no_root': 'trivy', 'kubernetes_use_readonly_filesystem': 'trivy', 'use_high_gid': 'trivy', 'use_high_uid': 'trivy', 'kubernetes_drop_default_capabilities': 'trivy', 'kubernetes_primary_supplementary_gid': 'trivy', 'cpuLimitsMissing': 'polaris', 'cpuRequestsMissing': 'polaris', 'memoryLimitsMissing': 'polaris', 'tagNotSpecified': 'polaris', 'memoryRequestsMissing': 'polaris'}",
01-helloworld15.yaml,Deployment,31,7,5,12,65.81,0,37,422,176,1,152.68,218.44,40.05,258.49,True,True,16,1,78.48,100.0,"{'kubernetes_drop_unused_capabilities': 'trivy', 'no_root': 'trivy', 'kubernetes_use_readonly_filesystem': 'trivy', 'use_high_gid': 'trivy', 'use_high_uid': 'trivy', 'kubernetes_drop_default_capabilities': 'trivy', 'kubernetes_primary_supplementary_gid': 'trivy', 'cpuLimitsMissing': 'polaris', 'cpuRequestsMissing': 'polaris', 'memoryLimitsMissing': 'polaris', 'tagNotSpecified': 'polaris', 'memoryRequestsMissing': 'polaris'}",
01-Helloworld16.yaml,Deployment,31,7,5,12,65.81,0,29,422,176,1,148.03,201.89,28.39,230.28,True,True,16,1,73.85,100.0,"{'kubernetes_drop_unused_capabilities': 'trivy', 'no_root': 'trivy', 'kubernetes_use_readonly_filesystem': 'trivy', 'use_high_gid': 'trivy', 'use_high_uid': 'trivy', 'kubernetes_drop_default_capabilities': 'trivy', 'kubernetes_primary_supplementary_gid': 'trivy', 'cpuLimitsMissing': 'polaris', 'cpuRequestsMissing': 'polaris', 'memoryLimitsMissing': 'polaris', 'tagNotSpecified': 'polaris', 'memoryRequestsMissing': 'polaris'}",
01-helloworld17.yaml,Deployment,31,7,5,12,65.81,0,29,422,176,1,150.85,204.55,27.83,232.38,True,True,16,1,73.85,100.0,"{'kubernetes_drop_unused_capabilities': 'trivy', 'no_root': 'trivy', 'kubernetes_use_readonly_filesystem': 'trivy', 'use_high_gid': 'trivy', 'use_high_uid': 'trivy', 'kubernetes_drop_default_capabilities': 'trivy', 'kubernetes_primary_supplementary_gid': 'trivy', 'cpuLimitsMissing': 'polaris', 'cpuRequestsMissing': 'polaris', 'memoryLimitsMissing': 'polaris', 'tagNotSpecified': 'polaris', 'memoryRequestsMissing': 'polaris'}",
01-helloworld18.yaml,Deployment,31,7,5,12,65.81,0,37,422,176,1,145.12,211.97,31.91,243.88,True,True,16,1,78.48,100.0,"{'kubernetes_drop_unused_capabilities': 'trivy', 'no_root': 'trivy', 'kubernetes_use_readonly_filesystem': 'trivy', 'use_high_gid': 'trivy', 'use_high_uid': 'trivy', 'kubernetes_drop_default_capabilities': 'trivy', 'kubernetes_primary_supplementary_gid': 'trivy', 'cpuLimitsMissing': 'polaris', 'cpuRequestsMissing': 'polaris', 'memoryLimitsMissing': 'polaris', 'tagNotSpecified': 'polaris', 'memoryRequestsMissing': 'polaris'}",
01-helloworld2.yaml,Deployment,31,7,5,12,65.81,0,29,422,176,1,147.95,201.68,28.07,229.75,True,True,16,1,73.85,100.0,"{'kubernetes_drop_unused_capabilities': 'trivy', 'no_root': 'trivy', 'kubernetes_use_readonly_filesystem': 'trivy', 'use_high_gid': 'trivy', 'use_high_uid': 'trivy', 'kubernetes_drop_default_capabilities': 'trivy', 'kubernetes_primary_supplementary_gid': 'trivy', 'cpuLimitsMissing': 'polaris', 'cpuRequestsMissing': 'polaris', 'memoryLimitsMissing': 'polaris', 'tagNotSpecified': 'polaris', 'memoryRequestsMissing': 'polaris'}",
01-helloworld3.yaml,Deployment,31,7,5,12,65.81,0,35,422,176,1,151.65,214.91,38.52,253.43,True,True,16,1,77.92,100.0,"{'kubernetes_drop_unused_capabilities': 'trivy', 'no_root': 'trivy', 'kubernetes_use_readonly_filesystem': 'trivy', 'use_high_gid': 'trivy', 'use_high_uid': 'trivy', 'kubernetes_drop_default_capabilities': 'trivy', 'kubernetes_primary_supplementary_gid': 'trivy', 'cpuLimitsMissing': 'polaris', 'cpuRequestsMissing': 'polaris', 'memoryLimitsMissing': 'polaris', 'tagNotSpecified': 'polaris', 'memoryRequestsMissing': 'polaris'}",
01-helloworld4.yaml,Deployment,31,8,5,13,62.82,0,25,422,178,1,197.2,243.79,26.1,269.89,True,True,17,2,67.8,100.0,"{'kubernetes_drop_unused_capabilities': 'trivy', 'no_root': 'trivy', 'kubernetes_use_readonly_filesystem': 'trivy', 'use_high_gid': 'trivy', 'use_high_uid': 'trivy', 'kubernetes_drop_default_capabilities': 'trivy', 'kubernetes_primary_supplementary_gid': 'trivy', 'Require_Multiple_Replicas': 'kyverno', 'cpuLimitsMissing': 'polaris', 'cpuRequestsMissing': 'polaris', 'memoryLimitsMissing': 'polaris', 'tagNotSpecified': 'polaris', 'memoryRequestsMissing': 'polaris'}",
01-helloworld4_1.yaml,Deployment,31,8,5,13,62.82,0,25,422,178,1,158.23,204.61,26.44,231.05,True,True,17,2,67.8,100.0,"{'kubernetes_drop_unused_capabilities': 'trivy', 'no_root': 'trivy', 'kubernetes_use_readonly_filesystem': 'trivy', 'use_high_gid': 'trivy', 'use_high_uid': 'trivy', 'kubernetes_drop_default_capabilities': 'trivy', 'kubernetes_primary_supplementary_gid': 'trivy', 'Require_Multiple_Replicas': 'kyverno', 'cpuLimitsMissing': 'polaris', 'cpuRequestsMissing': 'polaris', 'memoryLimitsMissing': 'polaris', 'tagNotSpecified': 'polaris', 'memoryRequestsMissing': 'polaris'}",
01-Helloworld5.yaml,Deployment,31,7,5,12,65.81,0,28,422,176,2,154.55,215.54,29.28,244.82,True,True,16,1,75.36,100.0,"{'kubernetes_drop_unused_capabilities': 'trivy', 'no_root': 'trivy', 'kubernetes_use_readonly_filesystem': 'trivy', 'use_high_gid': 'trivy', 'use_high_uid': 'trivy', 'kubernetes_drop_default_capabilities': 'trivy', 'kubernetes_primary_supplementary_gid': 'trivy', 'cpuLimitsMissing': 'polaris', 'cpuRequestsMissing': 'polaris', 'memoryLimitsMissing': 'polaris', 'tagNotSpecified': 'polaris', 'memoryRequestsMissing': 'polaris'}",
01-Helloworld5_1.yaml,Service,6,1,0,1,84.44,0,18,13,2,1,56.9,71.63,11.1,82.73,True,True,1,1,92.86,100.0,{'Restrict_Service_Port_Range': 'kyverno'},
01-Helloworld5_2.yaml,Deployment,31,7,5,12,65.81,0,28,422,176,2,156.19,214.03,29.38,243.41,True,True,16,1,75.36,100.0,"{'kubernetes_drop_unused_capabilities': 'trivy', 'no_root': 'trivy', 'kubernetes_use_readonly_filesystem': 'trivy', 'use_high_gid': 'trivy', 'use_high_uid': 'trivy', 'kubernetes_drop_default_capabilities': 'trivy', 'kubernetes_primary_supplementary_gid': 'trivy', 'cpuLimitsMissing': 'polaris', 'cpuRequestsMissing': 'polaris', 'memoryLimitsMissing': 'polaris', 'tagNotSpecified': 'polaris', 'memoryRequestsMissing': 'polaris'}",
01-Helloworld5_3.yaml,Service,6,1,0,1,84.44,0,16,13,2,1,58.73,73.52,10.42,83.94,True,True,1,1,92.31,100.0,{'Restrict_Service_Port_Range': 'kyverno'},
01-Helloworld5_5.yaml,Deployment,31,7,5,12,65.81,0,28,422,176,1,156.21,209.44,27.87,237.31,True,True,16,1,73.85,100.0,"{'kubernetes_drop_unused_capabilities': 'trivy', 'no_root': 'trivy', 'kubernetes_use_readonly_filesystem': 'trivy', 'use_high_gid': 'trivy', 'use_high_uid': 'trivy', 'kubernetes_drop_default_capabilities': 'trivy', 'kubernetes_primary_supplementary_gid': 'trivy', 'cpuLimitsMissing': 'polaris', 'cpuRequestsMissing': 'polaris', 'memoryLimitsMissing': 'polaris', 'tagNotSpecified': 'polaris', 'memoryRequestsMissing': 'polaris'}",
01-Helloworld5_6.yaml,Service,6,1,0,1,84.44,0,16,13,2,1,68.44,84.7,10.43,95.13,True,True,1,1,92.31,100.0,{'Restrict_Service_Port_Range': 'kyverno'},
01-helloworld6.yaml,Deployment,31,7,5,12,65.81,0,28,422,176,16,144.3,210.77,49.21,259.98,True,True,16,1,77.33,100.0,"{'kubernetes_drop_unused_capabilities': 'trivy', 'no_root': 'trivy', 'kubernetes_use_readonly_filesystem': 'trivy', 'use_high_gid': 'trivy', 'use_high_uid': 'trivy', 'kubernetes_drop_default_capabilities': 'trivy', 'kubernetes_primary_supplementary_gid': 'trivy', 'cpuLimitsMissing': 'polaris', 'cpuRequestsMissing': 'polaris', 'memoryLimitsMissing': 'polaris', 'tagNotSpecified': 'polaris', 'memoryRequestsMissing': 'polaris'}",
01-helloworld6_1.yaml,Service,6,1,0,1,84.44,0,18,13,2,1,56.84,72.02,11.39,83.41,True,True,1,1,92.86,100.0,{'Restrict_Service_Port_Range': 'kyverno'},
01-helloworld6_2.yaml,Deployment,31,7,5,12,65.81,0,28,422,176,16,150.11,217.01,33.06,250.07,True,True,16,1,77.33,100.0,"{'kubernetes_drop_unused_capabilities': 'trivy', 'no_root': 'trivy', 'kubernetes_use_readonly_filesystem': 'trivy', 'use_high_gid': 'trivy', 'use_high_uid': 'trivy', 'kubernetes_drop_default_capabilities': 'trivy', 'kubernetes_primary_supplementary_gid': 'trivy', 'cpuLimitsMissing': 'polaris', 'cpuRequestsMissing': 'polaris', 'memoryLimitsMissing': 'polaris', 'tagNotSpecified': 'polaris', 'memoryRequestsMissing': 'polaris'}",
01-helloworld6_3.yaml,Service,6,1,0,1,84.44,0,16,13,2,1,55.65,70.49,10.46,80.95,True,True,1,1,92.31,100.0,{'Restrict_Service_Port_Range': 'kyverno'},
01-helloworld6_4.yaml,Deployment,31,7,5,12,65.81,0,28,422,176,8,150.31,211.23,45.14,256.37,True,True,16,1,76.06,100.0,"{'kubernetes_drop_unused_capabilities': 'trivy', 'no_root': 'trivy', 'kubernetes_use_readonly_filesystem': 'trivy', 'use_high_gid': 'trivy', 'use_high_uid': 'trivy', 'kubernetes_drop_default_capabilities': 'trivy', 'kubernetes_primary_supplementary_gid': 'trivy', 'cpuLimitsMissing': 'polaris', 'cpuRequestsMissing': 'polaris', 'memoryLimitsMissing': 'polaris', 'tagNotSpecified': 'polaris', 'memoryRequestsMissing': 'polaris'}",
01-helloworld6_5.yaml,Service,6,1,0,1,84.44,0,16,13,2,1,55.45,70.77,10.63,81.4,True,True,1,1,92.31,100.0,{'Restrict_Service_Port_Range': 'kyverno'},
01-helloworld7.yaml,Deployment,31,7,5,12,65.81,0,28,422,176,16,153.4,220.57,32.6,253.17,True,True,16,1,77.33,100.0,"{'kubernetes_drop_unused_capabilities': 'trivy', 'no_root': 'trivy', 'kubernetes_use_readonly_filesystem': 'trivy', 'use_high_gid': 'trivy', 'use_high_uid': 'trivy', 'kubernetes_drop_default_capabilities': 'trivy', 'kubernetes_primary_supplementary_gid': 'trivy', 'cpuLimitsMissing': 'polaris', 'cpuRequestsMissing': 'polaris', 'memoryLimitsMissing': 'polaris', 'tagNotSpecified': 'polaris', 'memoryRequestsMissing': 'polaris'}",
01-helloworld7_1.yaml,Service,6,1,0,1,84.44,0,18,13,2,1,56.19,70.91,11.44,82.35,True,True,1,1,92.86,100.0,{'Restrict_Service_Port_Range': 'kyverno'},
01-helloworld7_2.yaml,Deployment,31,7,5,12,65.81,0,28,422,176,16,157.05,224.3,41.72,266.02,True,True,16,1,77.33,100.0,"{'kubernetes_drop_unused_capabilities': 'trivy', 'no_root': 'trivy', 'kubernetes_use_readonly_filesystem': 'trivy', 'use_high_gid': 'trivy', 'use_high_uid': 'trivy', 'kubernetes_drop_default_capabilities': 'trivy', 'kubernetes_primary_supplementary_gid': 'trivy', 'cpuLimitsMissing': 'polaris', 'cpuRequestsMissing': 'polaris', 'memoryLimitsMissing': 'polaris', 'tagNotSpecified': 'polaris', 'memoryRequestsMissing': 'polaris'}",
01-helloworld7_3.yaml,Service,6,1,0,1,84.44,0,16,13,2,1,57.75,73.21,10.35,83.56,True,True,1,1,92.31,100.0,{'Restrict_Service_Port_Range': 'kyverno'},
01-helloworld7_4.yaml,Deployment,31,7,5,12,65.81,0,28,422,176,8,194.47,256.49,31.27,287.76,True,True,16,1,76.06,100.0,"{'kubernetes_drop_unused_capabilities': 'trivy', 'no_root': 'trivy', 'kubernetes_use_readonly_filesystem': 'trivy', 'use_high_gid': 'trivy', 'use_high_uid': 'trivy', 'kubernetes_drop_default_capabilities': 'trivy', 'kubernetes_primary_supplementary_gid': 'trivy', 'cpuLimitsMissing': 'polaris', 'cpuRequestsMissing': 'polaris', 'memoryLimitsMissing': 'polaris', 'tagNotSpecified': 'polaris', 'memoryRequestsMissing': 'polaris'}",
01-helloworld7_5.yaml,Service,6,1,0,1,84.44,0,16,13,2,1,60.52,75.37,10.62,85.99,True,True,1,1,92.31,100.0,{'Restrict_Service_Port_Range': 'kyverno'},
01-helloworld8.yaml,Deployment,31,7,5,12,65.81,0,28,422,176,16,155.76,223.2,42.43,265.63,True,True,16,1,77.33,100.0,"{'kubernetes_drop_unused_capabilities': 'trivy', 'no_root': 'trivy', 'kubernetes_use_readonly_filesystem': 'trivy', 'use_high_gid': 'trivy', 'use_high_uid': 'trivy', 'kubernetes_drop_default_capabilities': 'trivy', 'kubernetes_primary_supplementary_gid': 'trivy', 'cpuLimitsMissing': 'polaris', 'cpuRequestsMissing': 'polaris', 'memoryLimitsMissing': 'polaris', 'tagNotSpecified': 'polaris', 'memoryRequestsMissing': 'polaris'}",
01-helloworld8_1.yaml,Service,6,1,0,1,84.44,0,18,13,2,1,58.48,73.56,11.2,84.76,True,True,1,1,92.86,100.0,{'Restrict_Service_Port_Range': 'kyverno'},
01-helloworld8_2.yaml,Deployment,31,7,5,12,65.81,0,28,422,176,16,154.85,221.86,33.8,255.66,True,True,16,1,77.33,100.0,"{'kubernetes_drop_unused_capabilities': 'trivy', 'no_root': 'trivy', 'kubernetes_use_readonly_filesystem': 'trivy', 'use_high_gid': 'trivy', 'use_high_uid': 'trivy', 'kubernetes_drop_default_capabilities': 'trivy', 'kubernetes_primary_supplementary_gid': 'trivy', 'cpuLimitsMissing': 'polaris', 'cpuRequestsMissing': 'polaris', 'memoryLimitsMissing': 'polaris', 'tagNotSpecified': 'polaris', 'memoryRequestsMissing': 'polaris'}",
01-helloworld8_3.yaml,Service,6,1,0,1,84.44,0,16,13,2,1,59.58,74.51,10.55,85.06,True,True,1,1,92.31,100.0,{'Restrict_Service_Port_Range': 'kyverno'},
01-helloworld8_4.yaml,Deployment,31,7,5,12,65.81,0,28,422,176,8,156.16,217.09,39.05,256.14,True,True,16,1,76.06,100.0,"{'kubernetes_drop_unused_capabilities': 'trivy', 'no_root': 'trivy', 'kubernetes_use_readonly_filesystem': 'trivy', 'use_high_gid': 'trivy', 'use_high_uid': 'trivy', 'kubernetes_drop_default_capabilities': 'trivy', 'kubernetes_primary_supplementary_gid': 'trivy', 'cpuLimitsMissing': 'polaris', 'cpuRequestsMissing': 'polaris', 'memoryLimitsMissing': 'polaris', 'tagNotSpecified': 'polaris', 'memoryRequestsMissing': 'polaris'}",
01-helloworld8_5.yaml,Service,6,1,0,1,84.44,0,16,13,2,1,57.0,71.81,10.78,82.59,True,True,1,1,92.31,100.0,{'Restrict_Service_Port_Range': 'kyverno'},
01-Helloworld9.yaml,Deployment,31,7,5,12,65.81,0,28,422,176,2,151.28,209.96,29.79,239.75,True,True,16,1,75.36,100.0,"{'kubernetes_drop_unused_capabilities': 'trivy', 'no_root': 'trivy', 'kubernetes_use_readonly_filesystem': 'trivy', 'use_high_gid': 'trivy', 'use_high_uid': 'trivy', 'kubernetes_drop_default_capabilities': 'trivy', 'kubernetes_primary_supplementary_gid': 'trivy', 'cpuLimitsMissing': 'polaris', 'cpuRequestsMissing': 'polaris', 'memoryLimitsMissing': 'polaris', 'tagNotSpecified': 'polaris', 'memoryRequestsMissing': 'polaris'}",
01-Helloworld9_1.yaml,Service,6,1,0,1,84.44,0,18,13,2,1,57.63,72.62,11.41,84.03,True,True,1,1,92.86,100.0,{'Restrict_Service_Port_Range': 'kyverno'},
01-Helloworld9_2.yaml,Deployment,31,7,5,12,65.81,0,28,422,176,2,146.3,214.31,30.52,244.83,True,True,16,1,75.36,100.0,"{'kubernetes_drop_unused_capabilities': 'trivy', 'no_root': 'trivy', 'kubernetes_use_readonly_filesystem': 'trivy', 'use_high_gid': 'trivy', 'use_high_uid': 'trivy', 'kubernetes_drop_default_capabilities': 'trivy', 'kubernetes_primary_supplementary_gid': 'trivy', 'cpuLimitsMissing': 'polaris', 'cpuRequestsMissing': 'polaris', 'memoryLimitsMissing': 'polaris', 'tagNotSpecified': 'polaris', 'memoryRequestsMissing': 'polaris'}",
01-Helloworld9_3.yaml,Service,6,1,0,1,84.44,0,16,13,2,1,81.98,118.49,10.38,128.87,True,True,1,1,92.31,100.0,{'Restrict_Service_Port_Range': 'kyverno'},
01-Helloworld9_5.yaml,Deployment,31,7,5,12,65.81,0,28,422,176,1,156.92,210.21,28.33,238.54,True,True,16,1,73.85,100.0,"{'kubernetes_drop_unused_capabilities': 'trivy', 'no_root': 'trivy', 'kubernetes_use_readonly_filesystem': 'trivy', 'use_high_gid': 'trivy', 'use_high_uid': 'trivy', 'kubernetes_drop_default_capabilities': 'trivy', 'kubernetes_primary_supplementary_gid': 'trivy', 'cpuLimitsMissing': 'polaris', 'cpuRequestsMissing': 'polaris', 'memoryLimitsMissing': 'polaris', 'tagNotSpecified': 'polaris', 'memoryRequestsMissing': 'polaris'}",
01-Helloworld9_6.yaml,Service,6,1,0,1,84.44,0,16,13,2,1,54.69,69.68,10.36,80.04,True,True,1,1,92.31,100.0,{'Restrict_Service_Port_Range': 'kyverno'},
01-hpa-example-deploy.yaml,Deployment,31,7,4,11,68.8,0,27,422,176,1,151.69,204.71,43.26,247.97,True,True,14,2,74.19,100.0,"{'kubernetes_drop_unused_capabilities': 'trivy', 'no_root': 'trivy', 'kubernetes_use_readonly_filesystem': 'trivy', 'use_high_gid': 'trivy', 'use_high_uid': 'trivy', 'kubernetes_drop_default_capabilities': 'trivy', 'kubernetes_primary_supplementary_gid': 'trivy', 'cpuLimitsMissing': 'polaris', 'memoryLimitsMissing': 'polaris', 'tagNotSpecified': 'polaris', 'memoryRequestsMissing': 'polaris'}",
01-hpa-example-deploy1.yaml,Deployment,31,7,4,11,68.8,0,27,422,176,1,154.52,206.45,25.97,232.42,True,True,14,2,74.19,100.0,"{'kubernetes_drop_unused_capabilities': 'trivy', 'no_root': 'trivy', 'kubernetes_use_readonly_filesystem': 'trivy', 'use_high_gid': 'trivy', 'use_high_uid': 'trivy', 'kubernetes_drop_default_capabilities': 'trivy', 'kubernetes_primary_supplementary_gid': 'trivy', 'cpuLimitsMissing': 'polaris', 'memoryLimitsMissing': 'polaris', 'tagNotSpecified': 'polaris', 'memoryRequestsMissing': 'polaris'}",
01-http.yaml,Pod,61,13,6,19,71.56,0,23,481,187,1,367.22,414.25,28.37,442.62,True,True,35,13,25.0,100.0,"{'kubernetes_drop_unused_capabilities': 'trivy', 'Require_Non_Root_Groups': 'kyverno', 'Require_imagePullPolicy_Always': 'kyverno', 'Require_Read_Only_Root_Filesystem': 'kyverno', 'Validate_User_ID_Group_ID_and_FS_Group': 'kyverno', 'Require_Run_As_Non_Root_User': 'kyverno', 'Check_supplementalGroups': 'kyverno', 'no_root': 'trivy', 'kubernetes_use_readonly_filesystem': 'trivy', 'use_high_gid': 'trivy', 'use_high_uid': 'trivy', 'kubernetes_drop_default_capabilities': 'trivy', 'kubernetes_primary_supplementary_gid': 'trivy', 'cpuLimitsMissing': 'polaris', 'cpuRequestsMissing': 'polaris', 'memoryLimitsMissing': 'polaris', 'Restrict_Image_Registries': 'kyverno', 'memoryRequestsMissing': 'polaris', 'Require_Images_Use_Checksums': 'kyverno'}",
01-httpbin-deployment_1.yaml,ServiceAccount,3,0,0,0,100.0,0,5,7,0,1,34.17,47.85,0.0,0.0,True,True,0,0,100.0,100.0,{},
01-httpbin-deployment_2.yaml,Service,6,1,0,1,84.44,0,17,13,2,4,69.33,86.31,14.6,100.91,True,True,2,2,88.89,100.0,{'Restrict_Service_Port_Range': 'kyverno'},
01-httpbin-deployment_3.yaml,Deployment,31,8,5,13,62.82,0,25,422,178,4,184.65,237.58,28.01,265.59,True,True,17,2,69.84,100.0,"{'kubernetes_drop_unused_capabilities': 'trivy', 'no_root': 'trivy', 'kubernetes_use_readonly_filesystem': 'trivy', 'use_high_gid': 'trivy', 'use_high_uid': 'trivy', 'kubernetes_drop_default_capabilities': 'trivy', 'kubernetes_primary_supplementary_gid': 'trivy', 'Require_Multiple_Replicas': 'kyverno', 'cpuLimitsMissing': 'polaris', 'cpuRequestsMissing': 'polaris', 'memoryLimitsMissing': 'polaris', 'tagNotSpecified': 'polaris', 'memoryRequestsMissing': 'polaris'}",
01-ingress.yaml,Ingress,3,1,0,1,70.83,0,21,4,2,1,58.34,73.84,17.47,91.31,True,True,4,0,90.91,100.0,{'tlsSettingsMissing': 'polaris'},
01-install-nginx-ingress-controller_1.yaml,ServiceAccount,3,1,0,1,66.67,0,9,7,2,5,51.45,65.21,10.66,75.87,True,True,1,1,91.67,100.0,{'Restrict_Auto_Mount_of_Service_Account_Tokens_in_Service_Account': 'kyverno'},
01-install-nginx-ingress-controller_10.yaml,ClusterRoleBinding,4,0,0,0,100.0,0,16,12,0,5,34.98,50.0,0.0,0.0,True,True,0,0,100.0,100.0,{},
01-install-nginx-ingress-controller_12.yaml,Service,6,2,0,2,68.89,0,26,13,4,30,171.43,190.24,36.7,226.94,True,True,3,3,90.62,100.0,"{'Restrict_Service_Port_Range': 'kyverno', 'Disallow_NodePort': 'kyverno'}",
01-install-nginx-ingress-controller_13.yaml,Service,6,1,0,1,84.44,0,20,13,2,15,56.26,72.74,17.92,90.66,True,True,1,1,95.45,100.0,{'Restrict_Service_Port_Range': 'kyverno'},
01-install-nginx-ingress-controller_14.yaml,Deployment,31,6,2,8,77.35,0,102,422,119,10000,426.37,1103.06,88.68,1191.74,True,True,7,4,95.55,100.0,"{'kubernetes_use_readonly_filesystem': 'trivy', 'use_high_gid': 'trivy', 'use_high_uid': 'trivy', 'kubernetes_no_non_default_capabilities': 'trivy', 'kubernetes_primary_supplementary_gid': 'trivy', 'Require_Multiple_Replicas': 'kyverno', 'cpuLimitsMissing': 'polaris', 'memoryLimitsMissing': 'polaris'}",
01-install-nginx-ingress-controller_15.yaml,Job,31,2,5,7,80.77,1,45,420,50,100,277.09,399.54,41.26,440.8,False,True,8,0,92.59,100.0,"{'use_high_gid': 'trivy', 'kubernetes_primary_supplementary_gid': 'trivy', 'Restrict_Jobs': 'kyverno', 'cpuLimitsMissing': 'polaris', 'cpuRequestsMissing': 'polaris', 'memoryLimitsMissing': 'polaris', 'memoryRequestsMissing': 'polaris'}",
01-install-nginx-ingress-controller_16.yaml,Job,31,2,5,7,80.77,1,45,420,50,150,97.71,222.67,43.57,266.24,False,True,8,0,92.86,100.0,"{'use_high_gid': 'trivy', 'kubernetes_primary_supplementary_gid': 'trivy', 'Restrict_Jobs': 'kyverno', 'cpuLimitsMissing': 'polaris', 'cpuRequestsMissing': 'polaris', 'memoryLimitsMissing': 'polaris', 'memoryRequestsMissing': 'polaris'}",
01-install-nginx-ingress-controller_2.yaml,ServiceAccount,3,0,0,0,100.0,0,8,7,0,5,38.35,53.49,0.0,0.0,True,True,0,0,100.0,100.0,{},
01-install-nginx-ingress-controller_7.yaml,RoleBinding,4,0,0,0,100.0,0,17,12,0,5,36.19,50.68,0.0,0.0,True,True,0,0,100.0,100.0,{},
01-install-nginx-ingress-controller_8.yaml,RoleBinding,4,0,0,0,100.0,0,17,12,0,5,35.41,49.85,0.0,0.0,True,True,0,0,100.0,100.0,{},
01-install-nginx-ingress-controller_9.yaml,ClusterRoleBinding,4,0,0,0,100.0,0,16,12,0,4,36.08,50.6,0.0,0.0,True,True,0,0,100.0,100.0,{},
01-install15_1.yaml,Service,6,1,0,1,84.44,0,15,13,2,2,58.13,73.74,13.04,86.78,True,True,2,2,87.5,100.0,{'Restrict_Service_Port_Range': 'kyverno'},
01-install15_2.yaml,Deployment,31,8,4,12,67.09,0,34,422,178,2,152.42,217.62,31.36,248.98,True,True,16,1,77.92,100.0,"{'kubernetes_drop_unused_capabilities': 'trivy', 'no_root': 'trivy', 'kubernetes_use_readonly_filesystem': 'trivy', 'use_high_gid': 'trivy', 'use_high_uid': 'trivy', 'kubernetes_drop_default_capabilities': 'trivy', 'kubernetes_primary_supplementary_gid': 'trivy', 'Require_Multiple_Replicas': 'kyverno', 'cpuLimitsMissing': 'polaris', 'cpuRequestsMissing': 'polaris', 'memoryLimitsMissing': 'polaris', 'memoryRequestsMissing': 'polaris'}",
01-javaapp-deployment.yaml,Deployment,31,8,0,8,79.91,0,44,422,186,24,172.35,286.2,50.89,337.09,True,True,19,5,78.57,100.0,"{'kubernetes_drop_unused_capabilities': 'trivy', 'no_root': 'trivy', 'kubernetes_use_readonly_filesystem': 'trivy', 'use_high_gid': 'trivy', 'use_high_uid': 'trivy', 'kubernetes_drop_default_capabilities': 'trivy', 'kubernetes_default_namespace_should_not_be_used': 'trivy', 'kubernetes_primary_supplementary_gid': 'trivy'}",
01-jenkins-pv-pvc.yaml,PersistentVolume,1,0,1,1,0.0,0,15,0,0,1,29.75,46.74,11.4,58.14,True,True,1,1,92.86,100.0,{'Limit_hostPath_PersistentVolumes_to_Specific_Directories': 'kyverno'},
01-jenkins-pv-pvc_1.yaml,PersistentVolumeClaim,2,1,0,1,58.33,0,12,7,3,1,51.27,67.68,9.77,77.45,True,True,1,1,91.67,100.0,{'Enforce_ReadWriteOncePod': 'kyverno'},
01-kb-deploy.yaml,Deployment,31,8,4,12,67.09,0,34,422,178,1,174.15,239.36,32.05,271.41,True,True,29,14,50.57,100.0,"{'kubernetes_drop_unused_capabilities': 'trivy', 'no_root': 'trivy', 'kubernetes_use_readonly_filesystem': 'trivy', 'use_high_gid': 'trivy', 'use_high_uid': 'trivy', 'kubernetes_drop_default_capabilities': 'trivy', 'kubernetes_primary_supplementary_gid': 'trivy', 'Require_Multiple_Replicas': 'kyverno', 'cpuLimitsMissing': 'polaris', 'cpuRequestsMissing': 'polaris', 'memoryLimitsMissing': 'polaris', 'memoryRequestsMissing': 'polaris'}",
01-kiali.yaml,ServiceAccount,3,0,0,0,100.0,0,8,7,0,8,34.77,48.88,0.0,0.0,True,True,0,0,100.0,100.0,{},
01-kiali_4.yaml,ClusterRoleBinding,4,0,0,0,100.0,0,16,12,0,8,36.24,51.22,0.0,0.0,True,True,0,0,100.0,100.0,{},
01-kiali_6.yaml,RoleBinding,4,0,0,0,100.0,0,17,12,0,8,37.99,56.4,0.0,0.0,True,True,0,0,100.0,100.0,{},
01-kiali_7.yaml,Service,6,1,0,1,84.44,0,19,13,2,16,58.1,75.06,18.96,94.02,True,True,1,1,95.83,100.0,{'Restrict_Service_Port_Range': 'kyverno'},
01-kiali_8.yaml,Deployment,31,4,1,5,87.61,0,84,422,77,10000,146.23,849.11,97.12,946.23,True,True,4,1,97.98,100.0,"{'use_high_gid': 'trivy', 'use_high_uid': 'trivy', 'kubernetes_primary_supplementary_gid': 'trivy', 'Require_Multiple_Replicas': 'kyverno', 'cpuLimitsMissing': 'polaris'}",
01-kibana-deployment.yaml,Deployment,31,8,2,10,73.08,0,32,422,178,1,222.75,287.14,27.7,314.84,True,True,13,3,76.47,100.0,"{'kubernetes_drop_unused_capabilities': 'trivy', 'no_root': 'trivy', 'kubernetes_use_readonly_filesystem': 'trivy', 'use_high_gid': 'trivy', 'use_high_uid': 'trivy', 'kubernetes_drop_default_capabilities': 'trivy', 'kubernetes_primary_supplementary_gid': 'trivy', 'Require_Multiple_Replicas': 'kyverno', 'memoryLimitsMissing': 'polaris', 'memoryRequestsMissing': 'polaris'}",
01-kibana-deployment1.yaml,Deployment,31,8,2,10,73.08,0,32,422,178,1,176.27,236.88,28.13,265.01,True,True,13,3,76.47,100.0,"{'kubernetes_drop_unused_capabilities': 'trivy', 'no_root': 'trivy', 'kubernetes_use_readonly_filesystem': 'trivy', 'use_high_gid': 'trivy', 'use_high_uid': 'trivy', 'kubernetes_drop_default_capabilities': 'trivy', 'kubernetes_primary_supplementary_gid': 'trivy', 'Require_Multiple_Replicas': 'kyverno', 'memoryLimitsMissing': 'polaris', 'memoryRequestsMissing': 'polaris'}",
01-kibana-deployment2.yaml,Deployment,31,8,2,10,73.08,0,32,422,178,1,164.31,225.11,27.61,252.72,True,True,13,3,76.47,100.0,"{'kubernetes_drop_unused_capabilities': 'trivy', 'no_root': 'trivy', 'kubernetes_use_readonly_filesystem': 'trivy', 'use_high_gid': 'trivy', 'use_high_uid': 'trivy', 'kubernetes_drop_default_capabilities': 'trivy', 'kubernetes_primary_supplementary_gid': 'trivy', 'Require_Multiple_Replicas': 'kyverno', 'memoryLimitsMissing': 'polaris', 'memoryRequestsMissing': 'polaris'}",
01-kubernetes-deployment.yaml,Deployment,31,7,4,11,70.09,0,22,422,176,1,156.89,199.66,25.16,224.82,True,True,21,7,50.0,100.0,"{'kubernetes_drop_unused_capabilities': 'trivy', 'no_root': 'trivy', 'kubernetes_use_readonly_filesystem': 'trivy', 'use_high_gid': 'trivy', 'use_high_uid': 'trivy', 'kubernetes_drop_default_capabilities': 'trivy', 'kubernetes_primary_supplementary_gid': 'trivy', 'cpuLimitsMissing': 'polaris', 'cpuRequestsMissing': 'polaris', 'memoryLimitsMissing': 'polaris', 'memoryRequestsMissing': 'polaris'}",
01-kubernetes-deployment1.yaml,Deployment,31,7,4,11,70.09,0,22,422,176,1,165.39,209.12,25.26,234.38,True,True,21,7,51.72,100.0,"{'kubernetes_drop_unused_capabilities': 'trivy', 'no_root': 'trivy', 'kubernetes_use_readonly_filesystem': 'trivy', 'use_high_gid': 'trivy', 'use_high_uid': 'trivy', 'kubernetes_drop_default_capabilities': 'trivy', 'kubernetes_primary_supplementary_gid': 'trivy', 'cpuLimitsMissing': 'polaris', 'cpuRequestsMissing': 'polaris', 'memoryLimitsMissing': 'polaris', 'memoryRequestsMissing': 'polaris'}",
01-kubernetes-deployment10.yaml,Deployment,31,8,4,12,67.09,0,22,422,178,1,167.95,211.29,24.8,236.09,True,True,22,8,48.28,100.0,"{'kubernetes_drop_unused_capabilities': 'trivy', 'no_root': 'trivy', 'kubernetes_use_readonly_filesystem': 'trivy', 'use_high_gid': 'trivy', 'use_high_uid': 'trivy', 'kubernetes_drop_default_capabilities': 'trivy', 'kubernetes_primary_supplementary_gid': 'trivy', 'Require_Multiple_Replicas': 'kyverno', 'cpuLimitsMissing': 'polaris', 'cpuRequestsMissing': 'polaris', 'memoryLimitsMissing': 'polaris', 'memoryRequestsMissing': 'polaris'}",
01-kubernetes-deployment11.yaml,Deployment,31,7,0,7,82.05,0,27,422,176,4,165.14,222.54,25.26,247.8,True,True,21,14,44.44,100.0,"{'kubernetes_drop_unused_capabilities': 'trivy', 'no_root': 'trivy', 'kubernetes_use_readonly_filesystem': 'trivy', 'use_high_gid': 'trivy', 'use_high_uid': 'trivy', 'kubernetes_drop_default_capabilities': 'trivy', 'kubernetes_primary_supplementary_gid': 'trivy'}",
01-kubernetes-deployment12.yaml,Deployment,31,7,0,7,82.05,0,27,422,176,4,157.57,214.44,37.87,252.31,True,True,22,15,44.78,100.0,"{'kubernetes_drop_unused_capabilities': 'trivy', 'no_root': 'trivy', 'kubernetes_use_readonly_filesystem': 'trivy', 'use_high_gid': 'trivy', 'use_high_uid': 'trivy', 'kubernetes_drop_default_capabilities': 'trivy', 'kubernetes_primary_supplementary_gid': 'trivy'}",
01-kubernetes-deployment13.yaml,Deployment,31,7,0,7,82.05,0,27,422,176,4,156.18,214.26,25.67,239.93,True,True,23,16,38.1,100.0,"{'kubernetes_drop_unused_capabilities': 'trivy', 'no_root': 'trivy', 'kubernetes_use_readonly_filesystem': 'trivy', 'use_high_gid': 'trivy', 'use_high_uid': 'trivy', 'kubernetes_drop_default_capabilities': 'trivy', 'kubernetes_primary_supplementary_gid': 'trivy'}",
01-kubernetes-deployment14.yaml,Deployment,31,7,0,7,82.05,0,28,422,176,4,185.33,244.82,26.05,270.87,True,True,21,14,46.15,100.0,"{'kubernetes_drop_unused_capabilities': 'trivy', 'no_root': 'trivy', 'kubernetes_use_readonly_filesystem': 'trivy', 'use_high_gid': 'trivy', 'use_high_uid': 'trivy', 'kubernetes_drop_default_capabilities': 'trivy', 'kubernetes_primary_supplementary_gid': 'trivy'}",
01-kubernetes-deployment15.yaml,Deployment,31,8,0,8,79.06,0,27,422,178,4,168.16,226.01,25.55,251.56,True,True,26,19,28.57,100.0,"{'kubernetes_drop_unused_capabilities': 'trivy', 'no_root': 'trivy', 'kubernetes_use_readonly_filesystem': 'trivy', 'use_high_gid': 'trivy', 'use_high_uid': 'trivy', 'kubernetes_drop_default_capabilities': 'trivy', 'kubernetes_primary_supplementary_gid': 'trivy', 'Require_Multiple_Replicas': 'kyverno'}",
01-kubernetes-deployment16.yaml,Deployment,31,7,0,7,82.05,0,27,422,176,4,156.73,213.36,25.4,238.76,True,True,22,15,41.27,100.0,"{'kubernetes_drop_unused_capabilities': 'trivy', 'no_root': 'trivy', 'kubernetes_use_readonly_filesystem': 'trivy', 'use_high_gid': 'trivy', 'use_high_uid': 'trivy', 'kubernetes_drop_default_capabilities': 'trivy', 'kubernetes_primary_supplementary_gid': 'trivy'}",
01-kubernetes-deployment17.yaml,Deployment,31,7,4,11,70.09,0,30,422,176,1,156.87,217.09,30.1,247.19,True,True,27,13,47.37,100.0,"{'kubernetes_drop_unused_capabilities': 'trivy', 'no_root': 'trivy', 'kubernetes_use_readonly_filesystem': 'trivy', 'use_high_gid': 'trivy', 'use_high_uid': 'trivy', 'kubernetes_drop_default_capabilities': 'trivy', 'kubernetes_primary_supplementary_gid': 'trivy', 'cpuLimitsMissing': 'polaris', 'cpuRequestsMissing': 'polaris', 'memoryLimitsMissing': 'polaris', 'memoryRequestsMissing': 'polaris'}",
01-kubernetes-deployment18.yaml,Deployment,31,7,4,11,70.09,0,22,422,176,1,157.02,199.75,25.72,225.47,True,True,21,7,50.0,100.0,"{'kubernetes_drop_unused_capabilities': 'trivy', 'no_root': 'trivy', 'kubernetes_use_readonly_filesystem': 'trivy', 'use_high_gid': 'trivy', 'use_high_uid': 'trivy', 'kubernetes_drop_default_capabilities': 'trivy', 'kubernetes_primary_supplementary_gid': 'trivy', 'cpuLimitsMissing': 'polaris', 'cpuRequestsMissing': 'polaris', 'memoryLimitsMissing': 'polaris', 'memoryRequestsMissing': 'polaris'}",
01-kubernetes-deployment19.yaml,Deployment,31,7,4,11,70.09,0,22,422,176,1,157.78,200.97,25.91,226.88,True,True,21,7,50.0,100.0,"{'kubernetes_drop_unused_capabilities': 'trivy', 'no_root': 'trivy', 'kubernetes_use_readonly_filesystem': 'trivy', 'use_high_gid': 'trivy', 'use_high_uid': 'trivy', 'kubernetes_drop_default_capabilities': 'trivy', 'kubernetes_primary_supplementary_gid': 'trivy', 'cpuLimitsMissing': 'polaris', 'cpuRequestsMissing': 'polaris', 'memoryLimitsMissing': 'polaris', 'memoryRequestsMissing': 'polaris'}",
01-kubernetes-deployment2.yaml,Deployment,31,7,4,11,70.09,0,22,422,176,1,148.47,191.45,40.7,232.15,True,True,21,7,50.0,100.0,"{'kubernetes_drop_unused_capabilities': 'trivy', 'no_root': 'trivy', 'kubernetes_use_readonly_filesystem': 'trivy', 'use_high_gid': 'trivy', 'use_high_uid': 'trivy', 'kubernetes_drop_default_capabilities': 'trivy', 'kubernetes_primary_supplementary_gid': 'trivy', 'cpuLimitsMissing': 'polaris', 'cpuRequestsMissing': 'polaris', 'memoryLimitsMissing': 'polaris', 'memoryRequestsMissing': 'polaris'}",
01-kubernetes-deployment20.yaml,Deployment,31,7,4,11,70.09,0,22,422,176,1,147.2,190.03,25.17,215.2,True,True,21,7,50.0,100.0,"{'kubernetes_drop_unused_capabilities': 'trivy', 'no_root': 'trivy', 'kubernetes_use_readonly_filesystem': 'trivy', 'use_high_gid': 'trivy', 'use_high_uid': 'trivy', 'kubernetes_drop_default_capabilities': 'trivy', 'kubernetes_primary_supplementary_gid': 'trivy', 'cpuLimitsMissing': 'polaris', 'cpuRequestsMissing': 'polaris', 'memoryLimitsMissing': 'polaris', 'memoryRequestsMissing': 'polaris'}",
01-kubernetes-deployment21.yaml,Deployment,31,7,4,11,70.09,0,22,422,176,1,152.73,195.7,25.41,221.11,True,True,21,7,51.72,100.0,"{'kubernetes_drop_unused_capabilities': 'trivy', 'no_root': 'trivy', 'kubernetes_use_readonly_filesystem': 'trivy', 'use_high_gid': 'trivy', 'use_high_uid': 'trivy', 'kubernetes_drop_default_capabilities': 'trivy', 'kubernetes_primary_supplementary_gid': 'trivy', 'cpuLimitsMissing': 'polaris', 'cpuRequestsMissing': 'polaris', 'memoryLimitsMissing': 'polaris', 'memoryRequestsMissing': 'polaris'}",
01-kubernetes-deployment22.yaml,Deployment,31,7,4,11,70.09,0,24,422,176,1,146.52,191.9,26.25,218.15,True,True,22,8,48.28,100.0,"{'kubernetes_drop_unused_capabilities': 'trivy', 'no_root': 'trivy', 'kubernetes_use_readonly_filesystem': 'trivy', 'use_high_gid': 'trivy', 'use_high_uid': 'trivy', 'kubernetes_drop_default_capabilities': 'trivy', 'kubernetes_primary_supplementary_gid': 'trivy', 'cpuLimitsMissing': 'polaris', 'cpuRequestsMissing': 'polaris', 'memoryLimitsMissing': 'polaris', 'memoryRequestsMissing': 'polaris'}",
01-kubernetes-deployment23.yaml,Deployment,31,7,4,11,70.09,0,22,422,176,1,219.68,262.52,25.72,288.24,True,True,21,7,50.0,100.0,"{'kubernetes_drop_unused_capabilities': 'trivy', 'no_root': 'trivy', 'kubernetes_use_readonly_filesystem': 'trivy', 'use_high_gid': 'trivy', 'use_high_uid': 'trivy', 'kubernetes_drop_default_capabilities': 'trivy', 'kubernetes_primary_supplementary_gid': 'trivy', 'cpuLimitsMissing': 'polaris', 'cpuRequestsMissing': 'polaris', 'memoryLimitsMissing': 'polaris', 'memoryRequestsMissing': 'polaris'}",
01-kubernetes-deployment24.yaml,Deployment,31,7,4,11,70.09,0,21,422,176,1,143.33,184.52,24.33,208.85,True,True,19,5,58.62,100.0,"{'kubernetes_drop_unused_capabilities': 'trivy', 'no_root': 'trivy', 'kubernetes_use_readonly_filesystem': 'trivy', 'use_high_gid': 'trivy', 'use_high_uid': 'trivy', 'kubernetes_drop_default_capabilities': 'trivy', 'kubernetes_primary_supplementary_gid': 'trivy', 'cpuLimitsMissing': 'polaris', 'cpuRequestsMissing': 'polaris', 'memoryLimitsMissing': 'polaris', 'memoryRequestsMissing': 'polaris'}",
01-kubernetes-deployment25.yaml,Deployment,31,7,4,11,70.09,0,21,422,176,1,157.58,198.1,24.79,222.89,True,True,19,5,58.62,100.0,"{'kubernetes_drop_unused_capabilities': 'trivy', 'no_root': 'trivy', 'kubernetes_use_readonly_filesystem': 'trivy', 'use_high_gid': 'trivy', 'use_high_uid': 'trivy', 'kubernetes_drop_default_capabilities': 'trivy', 'kubernetes_primary_supplementary_gid': 'trivy', 'cpuLimitsMissing': 'polaris', 'cpuRequestsMissing': 'polaris', 'memoryLimitsMissing': 'polaris', 'memoryRequestsMissing': 'polaris'}",
01-kubernetes-deployment26.yaml,Deployment,31,7,4,11,70.09,0,21,422,176,1,154.43,195.53,25.22,220.75,True,True,19,5,58.62,100.0,"{'kubernetes_drop_unused_capabilities': 'trivy', 'no_root': 'trivy', 'kubernetes_use_readonly_filesystem': 'trivy', 'use_high_gid': 'trivy', 'use_high_uid': 'trivy', 'kubernetes_drop_default_capabilities': 'trivy', 'kubernetes_primary_supplementary_gid': 'trivy', 'cpuLimitsMissing': 'polaris', 'cpuRequestsMissing': 'polaris', 'memoryLimitsMissing': 'polaris', 'memoryRequestsMissing': 'polaris'}",
01-kubernetes-deployment27.yaml,Deployment,31,7,4,11,70.09,0,21,422,176,1,166.42,209.9,24.18,234.08,True,True,19,5,58.62,100.0,"{'kubernetes_drop_unused_capabilities': 'trivy', 'no_root': 'trivy', 'kubernetes_use_readonly_filesystem': 'trivy', 'use_high_gid': 'trivy', 'use_high_uid': 'trivy', 'kubernetes_drop_default_capabilities': 'trivy', 'kubernetes_primary_supplementary_gid': 'trivy', 'cpuLimitsMissing': 'polaris', 'cpuRequestsMissing': 'polaris', 'memoryLimitsMissing': 'polaris', 'memoryRequestsMissing': 'polaris'}",
01-kubernetes-deployment28.yaml,Deployment,31,7,4,11,70.09,0,21,422,176,1,159.52,200.1,40.75,240.85,True,True,19,5,58.62,100.0,"{'kubernetes_drop_unused_capabilities': 'trivy', 'no_root': 'trivy', 'kubernetes_use_readonly_filesystem': 'trivy', 'use_high_gid': 'trivy', 'use_high_uid': 'trivy', 'kubernetes_drop_default_capabilities': 'trivy', 'kubernetes_primary_supplementary_gid': 'trivy', 'cpuLimitsMissing': 'polaris', 'cpuRequestsMissing': 'polaris', 'memoryLimitsMissing': 'polaris', 'memoryRequestsMissing': 'polaris'}",
01-kubernetes-deployment29.yaml,Deployment,31,8,4,12,67.09,0,24,422,178,1,160.24,204.75,26.33,231.08,True,True,22,7,61.33,100.0,"{'kubernetes_drop_unused_capabilities': 'trivy', 'no_root': 'trivy', 'kubernetes_use_readonly_filesystem': 'trivy', 'use_high_gid': 'trivy', 'use_high_uid': 'trivy', 'kubernetes_drop_default_capabilities': 'trivy', 'kubernetes_primary_supplementary_gid': 'trivy', 'Require_Multiple_Replicas': 'kyverno', 'cpuLimitsMissing': 'polaris', 'cpuRequestsMissing': 'polaris', 'memoryLimitsMissing': 'polaris', 'memoryRequestsMissing': 'polaris'}",
01-kubernetes-deployment3.yaml,Deployment,31,7,4,11,70.09,0,21,422,176,1,146.81,187.13,23.93,211.06,True,True,19,5,58.62,100.0,"{'kubernetes_drop_unused_capabilities': 'trivy', 'no_root': 'trivy', 'kubernetes_use_readonly_filesystem': 'trivy', 'use_high_gid': 'trivy', 'use_high_uid': 'trivy', 'kubernetes_drop_default_capabilities': 'trivy', 'kubernetes_primary_supplementary_gid': 'trivy', 'cpuLimitsMissing': 'polaris', 'cpuRequestsMissing': 'polaris', 'memoryLimitsMissing': 'polaris', 'memoryRequestsMissing': 'polaris'}",
01-kubernetes-deployment30.yaml,Deployment,31,7,4,11,70.09,0,30,422,176,1,157.87,217.76,30.03,247.79,True,True,27,13,47.37,100.0,"{'kubernetes_drop_unused_capabilities': 'trivy', 'no_root': 'trivy', 'kubernetes_use_readonly_filesystem': 'trivy', 'use_high_gid': 'trivy', 'use_high_uid': 'trivy', 'kubernetes_drop_default_capabilities': 'trivy', 'kubernetes_primary_supplementary_gid': 'trivy', 'cpuLimitsMissing': 'polaris', 'cpuRequestsMissing': 'polaris', 'memoryLimitsMissing': 'polaris', 'memoryRequestsMissing': 'polaris'}",
01-kubernetes-deployment31.yaml,Deployment,31,7,4,11,70.09,0,22,422,176,1,150.77,193.51,24.94,218.45,True,True,26,12,34.48,100.0,"{'kubernetes_drop_unused_capabilities': 'trivy', 'no_root': 'trivy', 'kubernetes_use_readonly_filesystem': 'trivy', 'use_high_gid': 'trivy', 'use_high_uid': 'trivy', 'kubernetes_drop_default_capabilities': 'trivy', 'kubernetes_primary_supplementary_gid': 'trivy', 'cpuLimitsMissing': 'polaris', 'cpuRequestsMissing': 'polaris', 'memoryLimitsMissing': 'polaris', 'memoryRequestsMissing': 'polaris'}",
01-kubernetes-deployment32.yaml,Deployment,31,8,4,12,67.09,0,22,422,178,1,156.55,199.26,24.7,223.96,True,True,22,8,48.28,100.0,"{'kubernetes_drop_unused_capabilities': 'trivy', 'no_root': 'trivy', 'kubernetes_use_readonly_filesystem': 'trivy', 'use_high_gid': 'trivy', 'use_high_uid': 'trivy', 'kubernetes_drop_default_capabilities': 'trivy', 'kubernetes_primary_supplementary_gid': 'trivy', 'Require_Multiple_Replicas': 'kyverno', 'cpuLimitsMissing': 'polaris', 'cpuRequestsMissing': 'polaris', 'memoryLimitsMissing': 'polaris', 'memoryRequestsMissing': 'polaris'}",
01-kubernetes-deployment33.yaml,Deployment,31,7,0,7,82.05,0,27,422,176,4,146.74,203.44,25.28,228.72,True,True,22,15,41.27,100.0,"{'kubernetes_drop_unused_capabilities': 'trivy', 'no_root': 'trivy', 'kubernetes_use_readonly_filesystem': 'trivy', 'use_high_gid': 'trivy', 'use_high_uid': 'trivy', 'kubernetes_drop_default_capabilities': 'trivy', 'kubernetes_primary_supplementary_gid': 'trivy'}",
01-kubernetes-deployment34.yaml,Deployment,31,7,0,7,82.05,0,27,422,176,4,151.49,209.33,36.4,245.73,True,True,22,15,41.27,100.0,"{'kubernetes_drop_unused_capabilities': 'trivy', 'no_root': 'trivy', 'kubernetes_use_readonly_filesystem': 'trivy', 'use_high_gid': 'trivy', 'use_high_uid': 'trivy', 'kubernetes_drop_default_capabilities': 'trivy', 'kubernetes_primary_supplementary_gid': 'trivy'}",
01-kubernetes-deployment35.yaml,Deployment,31,7,0,7,82.05,0,27,422,176,4,145.75,202.64,25.4,228.04,True,True,23,16,38.1,100.0,"{'kubernetes_drop_unused_capabilities': 'trivy', 'no_root': 'trivy', 'kubernetes_use_readonly_filesystem': 'trivy', 'use_high_gid': 'trivy', 'use_high_uid': 'trivy', 'kubernetes_drop_default_capabilities': 'trivy', 'kubernetes_primary_supplementary_gid': 'trivy'}",
01-kubernetes-deployment36.yaml,Deployment,31,7,0,7,82.05,0,28,422,176,4,152.06,211.76,25.96,237.72,True,True,21,14,46.15,100.0,"{'kubernetes_drop_unused_capabilities': 'trivy', 'no_root': 'trivy', 'kubernetes_use_readonly_filesystem': 'trivy', 'use_high_gid': 'trivy', 'use_high_uid': 'trivy', 'kubernetes_drop_default_capabilities': 'trivy', 'kubernetes_primary_supplementary_gid': 'trivy'}",
01-kubernetes-deployment37.yaml,Deployment,31,8,0,8,79.06,0,27,422,178,4,159.1,216.91,25.15,242.06,True,True,26,19,28.57,100.0,"{'kubernetes_drop_unused_capabilities': 'trivy', 'no_root': 'trivy', 'kubernetes_use_readonly_filesystem': 'trivy', 'use_high_gid': 'trivy', 'use_high_uid': 'trivy', 'kubernetes_drop_default_capabilities': 'trivy', 'kubernetes_primary_supplementary_gid': 'trivy', 'Require_Multiple_Replicas': 'kyverno'}",
01-kubernetes-deployment38.yaml,Deployment,31,7,0,7,82.05,0,27,422,176,4,155.28,212.28,25.26,237.54,True,True,22,15,41.27,100.0,"{'kubernetes_drop_unused_capabilities': 'trivy', 'no_root': 'trivy', 'kubernetes_use_readonly_filesystem': 'trivy', 'use_high_gid': 'trivy', 'use_high_uid': 'trivy', 'kubernetes_drop_default_capabilities': 'trivy', 'kubernetes_primary_supplementary_gid': 'trivy'}",
01-kubernetes-deployment39.yaml,Deployment,31,7,4,11,70.09,0,22,422,176,1,148.92,192.22,24.92,217.14,True,True,21,7,50.0,100.0,"{'kubernetes_drop_unused_capabilities': 'trivy', 'no_root': 'trivy', 'kubernetes_use_readonly_filesystem': 'trivy', 'use_high_gid': 'trivy', 'use_high_uid': 'trivy', 'kubernetes_drop_default_capabilities': 'trivy', 'kubernetes_primary_supplementary_gid': 'trivy', 'cpuLimitsMissing': 'polaris', 'cpuRequestsMissing': 'polaris', 'memoryLimitsMissing': 'polaris', 'memoryRequestsMissing': 'polaris'}",
01-kubernetes-deployment4.yaml,Deployment,31,7,4,11,70.09,0,21,422,176,1,148.95,189.79,23.79,213.58,True,True,19,5,58.62,100.0,"{'kubernetes_drop_unused_capabilities': 'trivy', 'no_root': 'trivy', 'kubernetes_use_readonly_filesystem': 'trivy', 'use_high_gid': 'trivy', 'use_high_uid': 'trivy', 'kubernetes_drop_default_capabilities': 'trivy', 'kubernetes_primary_supplementary_gid': 'trivy', 'cpuLimitsMissing': 'polaris', 'cpuRequestsMissing': 'polaris', 'memoryLimitsMissing': 'polaris', 'memoryRequestsMissing': 'polaris'}",
01-kubernetes-deployment40.yaml,Deployment,31,7,4,11,70.09,0,22,422,176,1,144.43,187.9,25.7,213.6,True,True,21,7,50.0,100.0,"{'kubernetes_drop_unused_capabilities': 'trivy', 'no_root': 'trivy', 'kubernetes_use_readonly_filesystem': 'trivy', 'use_high_gid': 'trivy', 'use_high_uid': 'trivy', 'kubernetes_drop_default_capabilities': 'trivy', 'kubernetes_primary_supplementary_gid': 'trivy', 'cpuLimitsMissing': 'polaris', 'cpuRequestsMissing': 'polaris', 'memoryLimitsMissing': 'polaris', 'memoryRequestsMissing': 'polaris'}",
01-kubernetes-deployment41.yaml,Deployment,31,7,4,11,70.09,0,22,422,176,1,156.2,198.99,39.3,238.29,True,True,21,7,51.72,100.0,"{'kubernetes_drop_unused_capabilities': 'trivy', 'no_root': 'trivy', 'kubernetes_use_readonly_filesystem': 'trivy', 'use_high_gid': 'trivy', 'use_high_uid': 'trivy', 'kubernetes_drop_default_capabilities': 'trivy', 'kubernetes_primary_supplementary_gid': 'trivy', 'cpuLimitsMissing': 'polaris', 'cpuRequestsMissing': 'polaris', 'memoryLimitsMissing': 'polaris', 'memoryRequestsMissing': 'polaris'}",
01-kubernetes-deployment42.yaml,Deployment,31,7,4,11,70.09,0,24,422,176,1,157.98,203.42,25.99,229.41,True,True,22,8,48.28,100.0,"{'kubernetes_drop_unused_capabilities': 'trivy', 'no_root': 'trivy', 'kubernetes_use_readonly_filesystem': 'trivy', 'use_high_gid': 'trivy', 'use_high_uid': 'trivy', 'kubernetes_drop_default_capabilities': 'trivy', 'kubernetes_primary_supplementary_gid': 'trivy', 'cpuLimitsMissing': 'polaris', 'cpuRequestsMissing': 'polaris', 'memoryLimitsMissing': 'polaris', 'memoryRequestsMissing': 'polaris'}",
01-kubernetes-deployment43.yaml,Deployment,31,7,4,11,70.09,0,22,422,176,1,149.11,192.1,25.08,217.18,True,True,21,7,50.0,100.0,"{'kubernetes_drop_unused_capabilities': 'trivy', 'no_root': 'trivy', 'kubernetes_use_readonly_filesystem': 'trivy', 'use_high_gid': 'trivy', 'use_high_uid': 'trivy', 'kubernetes_drop_default_capabilities': 'trivy', 'kubernetes_primary_supplementary_gid': 'trivy', 'cpuLimitsMissing': 'polaris', 'cpuRequestsMissing': 'polaris', 'memoryLimitsMissing': 'polaris', 'memoryRequestsMissing': 'polaris'}",
01-kubernetes-deployment44.yaml,Deployment,31,7,4,11,70.09,0,21,422,176,1,149.24,190.22,24.98,215.2,True,True,19,5,58.62,100.0,"{'kubernetes_drop_unused_capabilities': 'trivy', 'no_root': 'trivy', 'kubernetes_use_readonly_filesystem': 'trivy', 'use_high_gid': 'trivy', 'use_high_uid': 'trivy', 'kubernetes_drop_default_capabilities': 'trivy', 'kubernetes_primary_supplementary_gid': 'trivy', 'cpuLimitsMissing': 'polaris', 'cpuRequestsMissing': 'polaris', 'memoryLimitsMissing': 'polaris', 'memoryRequestsMissing': 'polaris'}",
01-kubernetes-deployment45.yaml,Deployment,31,7,4,11,70.09,0,21,422,176,1,157.59,198.11,24.04,222.15,True,True,19,5,58.62,100.0,"{'kubernetes_drop_unused_capabilities': 'trivy', 'no_root': 'trivy', 'kubernetes_use_readonly_filesystem': 'trivy', 'use_high_gid': 'trivy', 'use_high_uid': 'trivy', 'kubernetes_drop_default_capabilities': 'trivy', 'kubernetes_primary_supplementary_gid': 'trivy', 'cpuLimitsMissing': 'polaris', 'cpuRequestsMissing': 'polaris', 'memoryLimitsMissing': 'polaris', 'memoryRequestsMissing': 'polaris'}",
01-kubernetes-deployment46.yaml,Deployment,31,7,4,11,70.09,0,21,422,176,1,148.25,188.82,24.75,213.57,True,True,19,5,58.62,100.0,"{'kubernetes_drop_unused_capabilities': 'trivy', 'no_root': 'trivy', 'kubernetes_use_readonly_filesystem': 'trivy', 'use_high_gid': 'trivy', 'use_high_uid': 'trivy', 'kubernetes_drop_default_capabilities': 'trivy', 'kubernetes_primary_supplementary_gid': 'trivy', 'cpuLimitsMissing': 'polaris', 'cpuRequestsMissing': 'polaris', 'memoryLimitsMissing': 'polaris', 'memoryRequestsMissing': 'polaris'}",
01-kubernetes-deployment47.yaml,Deployment,31,7,4,11,70.09,0,21,422,176,1,145.32,186.47,24.44,210.91,True,True,19,5,58.62,100.0,"{'kubernetes_drop_unused_capabilities': 'trivy', 'no_root': 'trivy', 'kubernetes_use_readonly_filesystem': 'trivy', 'use_high_gid': 'trivy', 'use_high_uid': 'trivy', 'kubernetes_drop_default_capabilities': 'trivy', 'kubernetes_primary_supplementary_gid': 'trivy', 'cpuLimitsMissing': 'polaris', 'cpuRequestsMissing': 'polaris', 'memoryLimitsMissing': 'polaris', 'memoryRequestsMissing': 'polaris'}",
01-kubernetes-deployment48.yaml,Deployment,31,7,4,11,70.09,0,21,422,176,1,149.8,190.68,23.92,214.6,True,True,19,5,58.62,100.0,"{'kubernetes_drop_unused_capabilities': 'trivy', 'no_root': 'trivy', 'kubernetes_use_readonly_filesystem': 'trivy', 'use_high_gid': 'trivy', 'use_high_uid': 'trivy', 'kubernetes_drop_default_capabilities': 'trivy', 'kubernetes_primary_supplementary_gid': 'trivy', 'cpuLimitsMissing': 'polaris', 'cpuRequestsMissing': 'polaris', 'memoryLimitsMissing': 'polaris', 'memoryRequestsMissing': 'polaris'}",
01-kubernetes-deployment49.yaml,Deployment,31,8,4,12,67.09,0,24,422,178,1,166.2,210.76,41.3,252.06,True,True,22,7,61.33,100.0,"{'kubernetes_drop_unused_capabilities': 'trivy', 'no_root': 'trivy', 'kubernetes_use_readonly_filesystem': 'trivy', 'use_high_gid': 'trivy', 'use_high_uid': 'trivy', 'kubernetes_drop_default_capabilities': 'trivy', 'kubernetes_primary_supplementary_gid': 'trivy', 'Require_Multiple_Replicas': 'kyverno', 'cpuLimitsMissing': 'polaris', 'cpuRequestsMissing': 'polaris', 'memoryLimitsMissing': 'polaris', 'memoryRequestsMissing': 'polaris'}",
01-kubernetes-deployment5.yaml,Deployment,31,7,4,11,70.09,0,21,422,176,1,155.12,195.84,25.09,220.93,True,True,19,5,58.62,100.0,"{'kubernetes_drop_unused_capabilities': 'trivy', 'no_root': 'trivy', 'kubernetes_use_readonly_filesystem': 'trivy', 'use_high_gid': 'trivy', 'use_high_uid': 'trivy', 'kubernetes_drop_default_capabilities': 'trivy', 'kubernetes_primary_supplementary_gid': 'trivy', 'cpuLimitsMissing': 'polaris', 'cpuRequestsMissing': 'polaris', 'memoryLimitsMissing': 'polaris', 'memoryRequestsMissing': 'polaris'}",
01-kubernetes-deployment50.yaml,Deployment,31,7,4,11,70.09,0,30,422,176,1,153.73,213.84,30.32,244.16,True,True,27,13,47.37,100.0,"{'kubernetes_drop_unused_capabilities': 'trivy', 'no_root': 'trivy', 'kubernetes_use_readonly_filesystem': 'trivy', 'use_high_gid': 'trivy', 'use_high_uid': 'trivy', 'kubernetes_drop_default_capabilities': 'trivy', 'kubernetes_primary_supplementary_gid': 'trivy', 'cpuLimitsMissing': 'polaris', 'cpuRequestsMissing': 'polaris', 'memoryLimitsMissing': 'polaris', 'memoryRequestsMissing': 'polaris'}",
01-kubernetes-deployment51.yaml,Deployment,31,7,4,11,70.09,0,22,422,176,1,145.27,187.92,30.29,218.21,True,True,26,12,34.48,100.0,"{'kubernetes_drop_unused_capabilities': 'trivy', 'no_root': 'trivy', 'kubernetes_use_readonly_filesystem': 'trivy', 'use_high_gid': 'trivy', 'use_high_uid': 'trivy', 'kubernetes_drop_default_capabilities': 'trivy', 'kubernetes_primary_supplementary_gid': 'trivy', 'cpuLimitsMissing': 'polaris', 'cpuRequestsMissing': 'polaris', 'memoryLimitsMissing': 'polaris', 'memoryRequestsMissing': 'polaris'}",
01-kubernetes-deployment52.yaml,Deployment,31,8,4,12,67.09,0,22,422,178,1,162.13,205.04,24.66,229.7,True,True,22,8,48.28,100.0,"{'kubernetes_drop_unused_capabilities': 'trivy', 'no_root': 'trivy', 'kubernetes_use_readonly_filesystem': 'trivy', 'use_high_gid': 'trivy', 'use_high_uid': 'trivy', 'kubernetes_drop_default_capabilities': 'trivy', 'kubernetes_primary_supplementary_gid': 'trivy', 'Require_Multiple_Replicas': 'kyverno', 'cpuLimitsMissing': 'polaris', 'cpuRequestsMissing': 'polaris', 'memoryLimitsMissing': 'polaris', 'memoryRequestsMissing': 'polaris'}",
01-kubernetes-deployment53.yaml,Deployment,31,7,0,7,82.05,0,27,422,176,4,148.06,204.97,25.82,230.79,True,True,22,15,41.27,100.0,"{'kubernetes_drop_unused_capabilities': 'trivy', 'no_root': 'trivy', 'kubernetes_use_readonly_filesystem': 'trivy', 'use_high_gid': 'trivy', 'use_high_uid': 'trivy', 'kubernetes_drop_default_capabilities': 'trivy', 'kubernetes_primary_supplementary_gid': 'trivy'}",
01-kubernetes-deployment54.yaml,Deployment,31,7,0,7,82.05,0,27,422,176,4,153.76,211.0,25.73,236.73,True,True,22,15,41.27,100.0,"{'kubernetes_drop_unused_capabilities': 'trivy', 'no_root': 'trivy', 'kubernetes_use_readonly_filesystem': 'trivy', 'use_high_gid': 'trivy', 'use_high_uid': 'trivy', 'kubernetes_drop_default_capabilities': 'trivy', 'kubernetes_primary_supplementary_gid': 'trivy'}",
01-kubernetes-deployment55.yaml,Deployment,31,7,0,7,82.05,0,27,422,176,4,160.0,218.11,38.43,256.54,True,True,23,16,38.1,100.0,"{'kubernetes_drop_unused_capabilities': 'trivy', 'no_root': 'trivy', 'kubernetes_use_readonly_filesystem': 'trivy', 'use_high_gid': 'trivy', 'use_high_uid': 'trivy', 'kubernetes_drop_default_capabilities': 'trivy', 'kubernetes_primary_supplementary_gid': 'trivy'}",
01-kubernetes-deployment56.yaml,Deployment,31,7,0,7,82.05,0,28,422,176,4,155.86,215.44,26.59,242.03,True,True,21,14,46.15,100.0,"{'kubernetes_drop_unused_capabilities': 'trivy', 'no_root': 'trivy', 'kubernetes_use_readonly_filesystem': 'trivy', 'use_high_gid': 'trivy', 'use_high_uid': 'trivy', 'kubernetes_drop_default_capabilities': 'trivy', 'kubernetes_primary_supplementary_gid': 'trivy'}",
01-kubernetes-deployment57.yaml,Deployment,31,8,0,8,79.06,0,27,422,178,4,156.24,212.73,25.66,238.39,True,True,26,19,28.57,100.0,"{'kubernetes_drop_unused_capabilities': 'trivy', 'no_root': 'trivy', 'kubernetes_use_readonly_filesystem': 'trivy', 'use_high_gid': 'trivy', 'use_high_uid': 'trivy', 'kubernetes_drop_default_capabilities': 'trivy', 'kubernetes_primary_supplementary_gid': 'trivy', 'Require_Multiple_Replicas': 'kyverno'}",
01-kubernetes-deployment58.yaml,Deployment,31,7,0,7,82.05,0,27,422,176,4,156.21,215.1,25.89,240.99,True,True,22,15,41.27,100.0,"{'kubernetes_drop_unused_capabilities': 'trivy', 'no_root': 'trivy', 'kubernetes_use_readonly_filesystem': 'trivy', 'use_high_gid': 'trivy', 'use_high_uid': 'trivy', 'kubernetes_drop_default_capabilities': 'trivy', 'kubernetes_primary_supplementary_gid': 'trivy'}",
01-kubernetes-deployment59.yaml,Deployment,31,7,4,11,70.09,0,22,422,176,1,160.79,203.59,25.04,228.63,True,True,21,7,50.0,100.0,"{'kubernetes_drop_unused_capabilities': 'trivy', 'no_root': 'trivy', 'kubernetes_use_readonly_filesystem': 'trivy', 'use_high_gid': 'trivy', 'use_high_uid': 'trivy', 'kubernetes_drop_default_capabilities': 'trivy', 'kubernetes_primary_supplementary_gid': 'trivy', 'cpuLimitsMissing': 'polaris', 'cpuRequestsMissing': 'polaris', 'memoryLimitsMissing': 'polaris', 'memoryRequestsMissing': 'polaris'}",
01-kubernetes-deployment6.yaml,Deployment,31,7,4,11,70.09,0,21,422,176,1,153.09,193.67,23.84,217.51,True,True,19,5,58.62,100.0,"{'kubernetes_drop_unused_capabilities': 'trivy', 'no_root': 'trivy', 'kubernetes_use_readonly_filesystem': 'trivy', 'use_high_gid': 'trivy', 'use_high_uid': 'trivy', 'kubernetes_drop_default_capabilities': 'trivy', 'kubernetes_primary_supplementary_gid': 'trivy', 'cpuLimitsMissing': 'polaris', 'cpuRequestsMissing': 'polaris', 'memoryLimitsMissing': 'polaris', 'memoryRequestsMissing': 'polaris'}",
01-kubernetes-deployment60.yaml,Deployment,31,7,4,11,70.09,0,22,422,176,1,150.46,192.85,25.12,217.97,True,True,21,7,50.0,100.0,"{'kubernetes_drop_unused_capabilities': 'trivy', 'no_root': 'trivy', 'kubernetes_use_readonly_filesystem': 'trivy', 'use_high_gid': 'trivy', 'use_high_uid': 'trivy', 'kubernetes_drop_default_capabilities': 'trivy', 'kubernetes_primary_supplementary_gid': 'trivy', 'cpuLimitsMissing': 'polaris', 'cpuRequestsMissing': 'polaris', 'memoryLimitsMissing': 'polaris', 'memoryRequestsMissing': 'polaris'}",
01-kubernetes-deployment61.yaml,Deployment,31,7,4,11,70.09,0,22,422,176,1,142.94,185.78,24.54,210.32,True,True,21,7,51.72,100.0,"{'kubernetes_drop_unused_capabilities': 'trivy', 'no_root': 'trivy', 'kubernetes_use_readonly_filesystem': 'trivy', 'use_high_gid': 'trivy', 'use_high_uid': 'trivy', 'kubernetes_drop_default_capabilities': 'trivy', 'kubernetes_primary_supplementary_gid': 'trivy', 'cpuLimitsMissing': 'polaris', 'cpuRequestsMissing': 'polaris', 'memoryLimitsMissing': 'polaris', 'memoryRequestsMissing': 'polaris'}",
01-kubernetes-deployment62.yaml,Deployment,31,7,4,11,70.09,0,24,422,176,1,155.72,201.29,38.41,239.7,True,True,22,8,48.28,100.0,"{'kubernetes_drop_unused_capabilities': 'trivy', 'no_root': 'trivy', 'kubernetes_use_readonly_filesystem': 'trivy', 'use_high_gid': 'trivy', 'use_high_uid': 'trivy', 'kubernetes_drop_default_capabilities': 'trivy', 'kubernetes_primary_supplementary_gid': 'trivy', 'cpuLimitsMissing': 'polaris', 'cpuRequestsMissing': 'polaris', 'memoryLimitsMissing': 'polaris', 'memoryRequestsMissing': 'polaris'}",
01-kubernetes-deployment63.yaml,Deployment,31,7,4,11,70.09,0,22,422,176,1,153.52,196.99,25.64,222.63,True,True,21,7,50.0,100.0,"{'kubernetes_drop_unused_capabilities': 'trivy', 'no_root': 'trivy', 'kubernetes_use_readonly_filesystem': 'trivy', 'use_high_gid': 'trivy', 'use_high_uid': 'trivy', 'kubernetes_drop_default_capabilities': 'trivy', 'kubernetes_primary_supplementary_gid': 'trivy', 'cpuLimitsMissing': 'polaris', 'cpuRequestsMissing': 'polaris', 'memoryLimitsMissing': 'polaris', 'memoryRequestsMissing': 'polaris'}",
01-kubernetes-deployment64.yaml,Deployment,31,7,4,11,70.09,0,21,422,176,1,144.28,185.12,24.15,209.27,True,True,19,5,58.62,100.0,"{'kubernetes_drop_unused_capabilities': 'trivy', 'no_root': 'trivy', 'kubernetes_use_readonly_filesystem': 'trivy', 'use_high_gid': 'trivy', 'use_high_uid': 'trivy', 'kubernetes_drop_default_capabilities': 'trivy', 'kubernetes_primary_supplementary_gid': 'trivy', 'cpuLimitsMissing': 'polaris', 'cpuRequestsMissing': 'polaris', 'memoryLimitsMissing': 'polaris', 'memoryRequestsMissing': 'polaris'}",
01-kubernetes-deployment65.yaml,Deployment,31,7,4,11,70.09,0,21,422,176,1,155.89,196.8,24.14,220.94,True,True,19,5,58.62,100.0,"{'kubernetes_drop_unused_capabilities': 'trivy', 'no_root': 'trivy', 'kubernetes_use_readonly_filesystem': 'trivy', 'use_high_gid': 'trivy', 'use_high_uid': 'trivy', 'kubernetes_drop_default_capabilities': 'trivy', 'kubernetes_primary_supplementary_gid': 'trivy', 'cpuLimitsMissing': 'polaris', 'cpuRequestsMissing': 'polaris', 'memoryLimitsMissing': 'polaris', 'memoryRequestsMissing': 'polaris'}",
01-kubernetes-deployment66.yaml,Deployment,31,7,4,11,70.09,0,21,422,176,1,149.79,191.67,24.09,215.76,True,True,19,5,58.62,100.0,"{'kubernetes_drop_unused_capabilities': 'trivy', 'no_root': 'trivy', 'kubernetes_use_readonly_filesystem': 'trivy', 'use_high_gid': 'trivy', 'use_high_uid': 'trivy', 'kubernetes_drop_default_capabilities': 'trivy', 'kubernetes_primary_supplementary_gid': 'trivy', 'cpuLimitsMissing': 'polaris', 'cpuRequestsMissing': 'polaris', 'memoryLimitsMissing': 'polaris', 'memoryRequestsMissing': 'polaris'}",
01-kubernetes-deployment67.yaml,Deployment,31,7,4,11,70.09,0,21,422,176,1,148.12,188.87,23.63,212.5,True,True,19,5,58.62,100.0,"{'kubernetes_drop_unused_capabilities': 'trivy', 'no_root': 'trivy', 'kubernetes_use_readonly_filesystem': 'trivy', 'use_high_gid': 'trivy', 'use_high_uid': 'trivy', 'kubernetes_drop_default_capabilities': 'trivy', 'kubernetes_primary_supplementary_gid': 'trivy', 'cpuLimitsMissing': 'polaris', 'cpuRequestsMissing': 'polaris', 'memoryLimitsMissing': 'polaris', 'memoryRequestsMissing': 'polaris'}",
01-kubernetes-deployment68.yaml,Deployment,31,7,4,11,70.09,0,21,422,176,1,152.78,193.41,24.12,217.53,True,True,19,5,58.62,100.0,"{'kubernetes_drop_unused_capabilities': 'trivy', 'no_root': 'trivy', 'kubernetes_use_readonly_filesystem': 'trivy', 'use_high_gid': 'trivy', 'use_high_uid': 'trivy', 'kubernetes_drop_default_capabilities': 'trivy', 'kubernetes_primary_supplementary_gid': 'trivy', 'cpuLimitsMissing': 'polaris', 'cpuRequestsMissing': 'polaris', 'memoryLimitsMissing': 'polaris', 'memoryRequestsMissing': 'polaris'}",
01-kubernetes-deployment69.yaml,Deployment,31,8,4,12,67.09,0,24,422,178,1,157.23,201.45,26.25,227.7,True,True,22,7,61.33,100.0,"{'kubernetes_drop_unused_capabilities': 'trivy', 'no_root': 'trivy', 'kubernetes_use_readonly_filesystem': 'trivy', 'use_high_gid': 'trivy', 'use_high_uid': 'trivy', 'kubernetes_drop_default_capabilities': 'trivy', 'kubernetes_primary_supplementary_gid': 'trivy', 'Require_Multiple_Replicas': 'kyverno', 'cpuLimitsMissing': 'polaris', 'cpuRequestsMissing': 'polaris', 'memoryLimitsMissing': 'polaris', 'memoryRequestsMissing': 'polaris'}",
01-kubernetes-deployment7.yaml,Deployment,31,7,4,11,70.09,0,21,422,176,1,170.29,211.13,38.97,250.1,True,True,19,5,58.62,100.0,"{'kubernetes_drop_unused_capabilities': 'trivy', 'no_root': 'trivy', 'kubernetes_use_readonly_filesystem': 'trivy', 'use_high_gid': 'trivy', 'use_high_uid': 'trivy', 'kubernetes_drop_default_capabilities': 'trivy', 'kubernetes_primary_supplementary_gid': 'trivy', 'cpuLimitsMissing': 'polaris', 'cpuRequestsMissing': 'polaris', 'memoryLimitsMissing': 'polaris', 'memoryRequestsMissing': 'polaris'}",
01-kubernetes-deployment70.yaml,Deployment,31,7,4,11,70.09,0,30,422,176,1,153.95,213.95,30.62,244.57,True,True,27,13,47.37,100.0,"{'kubernetes_drop_unused_capabilities': 'trivy', 'no_root': 'trivy', 'kubernetes_use_readonly_filesystem': 'trivy', 'use_high_gid': 'trivy', 'use_high_uid': 'trivy', 'kubernetes_drop_default_capabilities': 'trivy', 'kubernetes_primary_supplementary_gid': 'trivy', 'cpuLimitsMissing': 'polaris', 'cpuRequestsMissing': 'polaris', 'memoryLimitsMissing': 'polaris', 'memoryRequestsMissing': 'polaris'}",
01-kubernetes-deployment71.yaml,Deployment,31,7,4,11,70.09,0,22,422,176,1,167.22,210.22,25.57,235.79,True,True,26,12,34.48,100.0,"{'kubernetes_drop_unused_capabilities': 'trivy', 'no_root': 'trivy', 'kubernetes_use_readonly_filesystem': 'trivy', 'use_high_gid': 'trivy', 'use_high_uid': 'trivy', 'kubernetes_drop_default_capabilities': 'trivy', 'kubernetes_primary_supplementary_gid': 'trivy', 'cpuLimitsMissing': 'polaris', 'cpuRequestsMissing': 'polaris', 'memoryLimitsMissing': 'polaris', 'memoryRequestsMissing': 'polaris'}",
01-kubernetes-deployment72.yaml,Deployment,31,8,4,12,67.09,0,22,422,178,1,155.51,198.72,25.01,223.73,True,True,22,8,48.28,100.0,"{'kubernetes_drop_unused_capabilities': 'trivy', 'no_root': 'trivy', 'kubernetes_use_readonly_filesystem': 'trivy', 'use_high_gid': 'trivy', 'use_high_uid': 'trivy', 'kubernetes_drop_default_capabilities': 'trivy', 'kubernetes_primary_supplementary_gid': 'trivy', 'Require_Multiple_Replicas': 'kyverno', 'cpuLimitsMissing': 'polaris', 'cpuRequestsMissing': 'polaris', 'memoryLimitsMissing': 'polaris', 'memoryRequestsMissing': 'polaris'}",
01-kubernetes-deployment73.yaml,Deployment,31,7,0,7,82.05,0,27,422,176,4,145.84,203.17,25.64,228.81,True,True,22,15,41.27,100.0,"{'kubernetes_drop_unused_capabilities': 'trivy', 'no_root': 'trivy', 'kubernetes_use_readonly_filesystem': 'trivy', 'use_high_gid': 'trivy', 'use_high_uid': 'trivy', 'kubernetes_drop_default_capabilities': 'trivy', 'kubernetes_primary_supplementary_gid': 'trivy'}",
01-kubernetes-deployment74.yaml,Deployment,31,7,0,7,82.05,0,27,422,176,4,150.01,207.05,25.25,232.3,True,True,22,15,41.27,100.0,"{'kubernetes_drop_unused_capabilities': 'trivy', 'no_root': 'trivy', 'kubernetes_use_readonly_filesystem': 'trivy', 'use_high_gid': 'trivy', 'use_high_uid': 'trivy', 'kubernetes_drop_default_capabilities': 'trivy', 'kubernetes_primary_supplementary_gid': 'trivy'}",
01-kubernetes-deployment75.yaml,Deployment,31,7,0,7,82.05,0,27,422,176,4,152.38,209.05,25.41,234.46,True,True,23,16,38.1,100.0,"{'kubernetes_drop_unused_capabilities': 'trivy', 'no_root': 'trivy', 'kubernetes_use_readonly_filesystem': 'trivy', 'use_high_gid': 'trivy', 'use_high_uid': 'trivy', 'kubernetes_drop_default_capabilities': 'trivy', 'kubernetes_primary_supplementary_gid': 'trivy'}",
01-kubernetes-deployment76.yaml,Deployment,31,7,0,7,82.05,0,28,422,176,4,152.24,211.78,37.15,248.93,True,True,21,14,46.15,100.0,"{'kubernetes_drop_unused_capabilities': 'trivy', 'no_root': 'trivy', 'kubernetes_use_readonly_filesystem': 'trivy', 'use_high_gid': 'trivy', 'use_high_uid': 'trivy', 'kubernetes_drop_default_capabilities': 'trivy', 'kubernetes_primary_supplementary_gid': 'trivy'}",
01-kubernetes-deployment77.yaml,Deployment,31,8,0,8,79.06,0,27,422,178,4,160.33,217.78,25.29,243.07,True,True,26,19,28.57,100.0,"{'kubernetes_drop_unused_capabilities': 'trivy', 'no_root': 'trivy', 'kubernetes_use_readonly_filesystem': 'trivy', 'use_high_gid': 'trivy', 'use_high_uid': 'trivy', 'kubernetes_drop_default_capabilities': 'trivy', 'kubernetes_primary_supplementary_gid': 'trivy', 'Require_Multiple_Replicas': 'kyverno'}",
01-kubernetes-deployment78.yaml,Deployment,31,7,0,7,82.05,0,27,422,176,4,157.28,221.31,25.83,247.14,True,True,22,15,41.27,100.0,"{'kubernetes_drop_unused_capabilities': 'trivy', 'no_root': 'trivy', 'kubernetes_use_readonly_filesystem': 'trivy', 'use_high_gid': 'trivy', 'use_high_uid': 'trivy', 'kubernetes_drop_default_capabilities': 'trivy', 'kubernetes_primary_supplementary_gid': 'trivy'}",
01-kubernetes-deployment79.yaml,Deployment,31,7,4,11,70.09,0,22,422,176,1,150.38,193.97,24.56,218.53,True,True,16,1,69.09,100.0,"{'kubernetes_drop_unused_capabilities': 'trivy', 'no_root': 'trivy', 'kubernetes_use_readonly_filesystem': 'trivy', 'use_high_gid': 'trivy', 'use_high_uid': 'trivy', 'kubernetes_drop_default_capabilities': 'trivy', 'kubernetes_primary_supplementary_gid': 'trivy', 'cpuLimitsMissing': 'polaris', 'cpuRequestsMissing': 'polaris', 'memoryLimitsMissing': 'polaris', 'memoryRequestsMissing': 'polaris'}",
01-kubernetes-deployment8.yaml,Deployment,31,8,4,12,67.09,0,24,422,178,1,165.42,210.36,25.68,236.04,True,True,22,7,61.33,100.0,"{'kubernetes_drop_unused_capabilities': 'trivy', 'no_root': 'trivy', 'kubernetes_use_readonly_filesystem': 'trivy', 'use_high_gid': 'trivy', 'use_high_uid': 'trivy', 'kubernetes_drop_default_capabilities': 'trivy', 'kubernetes_primary_supplementary_gid': 'trivy', 'Require_Multiple_Replicas': 'kyverno', 'cpuLimitsMissing': 'polaris', 'cpuRequestsMissing': 'polaris', 'memoryLimitsMissing': 'polaris', 'memoryRequestsMissing': 'polaris'}",
01-kubernetes-deployment80.yaml,Deployment,31,7,4,11,70.09,0,22,422,176,1,160.7,203.67,25.33,229.0,True,True,21,7,50.0,100.0,"{'kubernetes_drop_unused_capabilities': 'trivy', 'no_root': 'trivy', 'kubernetes_use_readonly_filesystem': 'trivy', 'use_high_gid': 'trivy', 'use_high_uid': 'trivy', 'kubernetes_drop_default_capabilities': 'trivy', 'kubernetes_primary_supplementary_gid': 'trivy', 'cpuLimitsMissing': 'polaris', 'cpuRequestsMissing': 'polaris', 'memoryLimitsMissing': 'polaris', 'memoryRequestsMissing': 'polaris'}",
01-kubernetes-deployment81.yaml,Deployment,31,7,4,11,70.09,0,22,422,176,1,143.87,186.87,24.64,211.51,True,True,21,7,50.0,100.0,"{'kubernetes_drop_unused_capabilities': 'trivy', 'no_root': 'trivy', 'kubernetes_use_readonly_filesystem': 'trivy', 'use_high_gid': 'trivy', 'use_high_uid': 'trivy', 'kubernetes_drop_default_capabilities': 'trivy', 'kubernetes_primary_supplementary_gid': 'trivy', 'cpuLimitsMissing': 'polaris', 'cpuRequestsMissing': 'polaris', 'memoryLimitsMissing': 'polaris', 'memoryRequestsMissing': 'polaris'}",
01-kubernetes-deployment82.yaml,Deployment,31,7,4,11,70.09,0,22,422,176,1,144.42,186.97,24.66,211.63,True,True,21,7,51.72,100.0,"{'kubernetes_drop_unused_capabilities': 'trivy', 'no_root': 'trivy', 'kubernetes_use_readonly_filesystem': 'trivy', 'use_high_gid': 'trivy', 'use_high_uid': 'trivy', 'kubernetes_drop_default_capabilities': 'trivy', 'kubernetes_primary_supplementary_gid': 'trivy', 'cpuLimitsMissing': 'polaris', 'cpuRequestsMissing': 'polaris', 'memoryLimitsMissing': 'polaris', 'memoryRequestsMissing': 'polaris'}",
01-kubernetes-deployment83.yaml,Deployment,31,7,4,11,70.09,0,24,422,176,1,145.14,190.03,382.88,572.91,True,True,22,8,48.28,100.0,"{'kubernetes_drop_unused_capabilities': 'trivy', 'no_root': 'trivy', 'kubernetes_use_readonly_filesystem': 'trivy', 'use_high_gid': 'trivy', 'use_high_uid': 'trivy', 'kubernetes_drop_default_capabilities': 'trivy', 'kubernetes_primary_supplementary_gid': 'trivy', 'cpuLimitsMissing': 'polaris', 'cpuRequestsMissing': 'polaris', 'memoryLimitsMissing': 'polaris', 'memoryRequestsMissing': 'polaris'}",
01-kubernetes-deployment84.yaml,Deployment,31,7,4,11,70.09,0,22,422,176,1,182.97,225.49,24.94,250.43,True,True,21,7,50.0,100.0,"{'kubernetes_drop_unused_capabilities': 'trivy', 'no_root': 'trivy', 'kubernetes_use_readonly_filesystem': 'trivy', 'use_high_gid': 'trivy', 'use_high_uid': 'trivy', 'kubernetes_drop_default_capabilities': 'trivy', 'kubernetes_primary_supplementary_gid': 'trivy', 'cpuLimitsMissing': 'polaris', 'cpuRequestsMissing': 'polaris', 'memoryLimitsMissing': 'polaris', 'memoryRequestsMissing': 'polaris'}",
01-kubernetes-deployment85.yaml,Deployment,31,7,4,11,70.09,0,21,422,176,1,145.51,186.93,24.57,211.5,True,True,19,5,58.62,100.0,"{'kubernetes_drop_unused_capabilities': 'trivy', 'no_root': 'trivy', 'kubernetes_use_readonly_filesystem': 'trivy', 'use_high_gid': 'trivy', 'use_high_uid': 'trivy', 'kubernetes_drop_default_capabilities': 'trivy', 'kubernetes_primary_supplementary_gid': 'trivy', 'cpuLimitsMissing': 'polaris', 'cpuRequestsMissing': 'polaris', 'memoryLimitsMissing': 'polaris', 'memoryRequestsMissing': 'polaris'}",
01-kubernetes-deployment86.yaml,Deployment,31,7,4,11,70.09,0,21,422,176,1,151.19,191.88,36.59,228.47,True,True,19,5,58.62,100.0,"{'kubernetes_drop_unused_capabilities': 'trivy', 'no_root': 'trivy', 'kubernetes_use_readonly_filesystem': 'trivy', 'use_high_gid': 'trivy', 'use_high_uid': 'trivy', 'kubernetes_drop_default_capabilities': 'trivy', 'kubernetes_primary_supplementary_gid': 'trivy', 'cpuLimitsMissing': 'polaris', 'cpuRequestsMissing': 'polaris', 'memoryLimitsMissing': 'polaris', 'memoryRequestsMissing': 'polaris'}",
01-kubernetes-deployment87.yaml,Deployment,31,7,4,11,70.09,0,21,422,176,1,147.82,188.62,23.99,212.61,True,True,19,5,58.62,100.0,"{'kubernetes_drop_unused_capabilities': 'trivy', 'no_root': 'trivy', 'kubernetes_use_readonly_filesystem': 'trivy', 'use_high_gid': 'trivy', 'use_high_uid': 'trivy', 'kubernetes_drop_default_capabilities': 'trivy', 'kubernetes_primary_supplementary_gid': 'trivy', 'cpuLimitsMissing': 'polaris', 'cpuRequestsMissing': 'polaris', 'memoryLimitsMissing': 'polaris', 'memoryRequestsMissing': 'polaris'}",
01-kubernetes-deployment88.yaml,Deployment,31,7,4,11,70.09,0,21,422,176,1,156.76,197.87,24.4,222.27,True,True,19,5,58.62,100.0,"{'kubernetes_drop_unused_capabilities': 'trivy', 'no_root': 'trivy', 'kubernetes_use_readonly_filesystem': 'trivy', 'use_high_gid': 'trivy', 'use_high_uid': 'trivy', 'kubernetes_drop_default_capabilities': 'trivy', 'kubernetes_primary_supplementary_gid': 'trivy', 'cpuLimitsMissing': 'polaris', 'cpuRequestsMissing': 'polaris', 'memoryLimitsMissing': 'polaris', 'memoryRequestsMissing': 'polaris'}",
01-kubernetes-deployment89.yaml,Deployment,31,7,4,11,70.09,0,21,422,176,1,148.73,189.83,24.88,214.71,True,True,19,5,58.62,100.0,"{'kubernetes_drop_unused_capabilities': 'trivy', 'no_root': 'trivy', 'kubernetes_use_readonly_filesystem': 'trivy', 'use_high_gid': 'trivy', 'use_high_uid': 'trivy', 'kubernetes_drop_default_capabilities': 'trivy', 'kubernetes_primary_supplementary_gid': 'trivy', 'cpuLimitsMissing': 'polaris', 'cpuRequestsMissing': 'polaris', 'memoryLimitsMissing': 'polaris', 'memoryRequestsMissing': 'polaris'}",
01-kubernetes-deployment9.yaml,Deployment,31,7,4,11,70.09,0,22,422,176,1,148.99,192.83,35.94,228.77,True,True,26,12,34.48,100.0,"{'kubernetes_drop_unused_capabilities': 'trivy', 'no_root': 'trivy', 'kubernetes_use_readonly_filesystem': 'trivy', 'use_high_gid': 'trivy', 'use_high_uid': 'trivy', 'kubernetes_drop_default_capabilities': 'trivy', 'kubernetes_primary_supplementary_gid': 'trivy', 'cpuLimitsMissing': 'polaris', 'cpuRequestsMissing': 'polaris', 'memoryLimitsMissing': 'polaris', 'memoryRequestsMissing': 'polaris'}",
01-kubernetes-deployment90.yaml,Deployment,31,8,4,12,67.09,0,24,422,178,1,232.7,277.19,26.83,304.02,True,True,22,7,61.33,100.0,"{'kubernetes_drop_unused_capabilities': 'trivy', 'no_root': 'trivy', 'kubernetes_use_readonly_filesystem': 'trivy', 'use_high_gid': 'trivy', 'use_high_uid': 'trivy', 'kubernetes_drop_default_capabilities': 'trivy', 'kubernetes_primary_supplementary_gid': 'trivy', 'Require_Multiple_Replicas': 'kyverno', 'cpuLimitsMissing': 'polaris', 'cpuRequestsMissing': 'polaris', 'memoryLimitsMissing': 'polaris', 'memoryRequestsMissing': 'polaris'}",
01-kubernetes-deployment91.yaml,Deployment,31,7,4,11,70.09,0,30,422,176,1,151.17,210.92,31.14,242.06,True,True,27,13,47.37,100.0,"{'kubernetes_drop_unused_capabilities': 'trivy', 'no_root': 'trivy', 'kubernetes_use_readonly_filesystem': 'trivy', 'use_high_gid': 'trivy', 'use_high_uid': 'trivy', 'kubernetes_drop_default_capabilities': 'trivy', 'kubernetes_primary_supplementary_gid': 'trivy', 'cpuLimitsMissing': 'polaris', 'cpuRequestsMissing': 'polaris', 'memoryLimitsMissing': 'polaris', 'memoryRequestsMissing': 'polaris'}",
01-kubernetes-deployment92.yaml,Deployment,31,7,4,11,70.09,0,22,422,176,1,147.15,190.23,25.53,215.76,True,True,26,12,34.48,100.0,"{'kubernetes_drop_unused_capabilities': 'trivy', 'no_root': 'trivy', 'kubernetes_use_readonly_filesystem': 'trivy', 'use_high_gid': 'trivy', 'use_high_uid': 'trivy', 'kubernetes_drop_default_capabilities': 'trivy', 'kubernetes_primary_supplementary_gid': 'trivy', 'cpuLimitsMissing': 'polaris', 'cpuRequestsMissing': 'polaris', 'memoryLimitsMissing': 'polaris', 'memoryRequestsMissing': 'polaris'}",
01-kubernetes-deployment93.yaml,Deployment,31,8,4,12,67.09,0,22,422,178,1,178.36,221.24,25.37,246.61,True,True,22,8,48.28,100.0,"{'kubernetes_drop_unused_capabilities': 'trivy', 'no_root': 'trivy', 'kubernetes_use_readonly_filesystem': 'trivy', 'use_high_gid': 'trivy', 'use_high_uid': 'trivy', 'kubernetes_drop_default_capabilities': 'trivy', 'kubernetes_primary_supplementary_gid': 'trivy', 'Require_Multiple_Replicas': 'kyverno', 'cpuLimitsMissing': 'polaris', 'cpuRequestsMissing': 'polaris', 'memoryLimitsMissing': 'polaris', 'memoryRequestsMissing': 'polaris'}",
01-kubernetes-deployment94.yaml,Deployment,31,7,0,7,82.05,0,27,422,176,4,157.47,215.02,25.58,240.6,True,True,22,15,41.27,100.0,"{'kubernetes_drop_unused_capabilities': 'trivy', 'no_root': 'trivy', 'kubernetes_use_readonly_filesystem': 'trivy', 'use_high_gid': 'trivy', 'use_high_uid': 'trivy', 'kubernetes_drop_default_capabilities': 'trivy', 'kubernetes_primary_supplementary_gid': 'trivy'}",
01-kubernetes-deployment95.yaml,Deployment,31,7,0,7,82.05,0,27,422,176,4,159.42,217.13,25.28,242.41,True,True,22,15,41.27,100.0,"{'kubernetes_drop_unused_capabilities': 'trivy', 'no_root': 'trivy', 'kubernetes_use_readonly_filesystem': 'trivy', 'use_high_gid': 'trivy', 'use_high_uid': 'trivy', 'kubernetes_drop_default_capabilities': 'trivy', 'kubernetes_primary_supplementary_gid': 'trivy'}",
01-kubernetes-deployment96.yaml,Deployment,31,7,0,7,82.05,0,27,422,176,4,146.17,203.75,36.0,239.75,True,True,23,16,38.1,100.0,"{'kubernetes_drop_unused_capabilities': 'trivy', 'no_root': 'trivy', 'kubernetes_use_readonly_filesystem': 'trivy', 'use_high_gid': 'trivy', 'use_high_uid': 'trivy', 'kubernetes_drop_default_capabilities': 'trivy', 'kubernetes_primary_supplementary_gid': 'trivy'}",
01-kubernetes-deployment97.yaml,Deployment,31,7,0,7,82.05,0,28,422,176,4,157.76,217.49,26.32,243.81,True,True,21,14,46.15,100.0,"{'kubernetes_drop_unused_capabilities': 'trivy', 'no_root': 'trivy', 'kubernetes_use_readonly_filesystem': 'trivy', 'use_high_gid': 'trivy', 'use_high_uid': 'trivy', 'kubernetes_drop_default_capabilities': 'trivy', 'kubernetes_primary_supplementary_gid': 'trivy'}",
01-kubernetes-deployment98.yaml,Deployment,31,8,0,8,79.06,0,27,422,178,4,170.19,228.05,25.27,253.32,True,True,26,19,28.57,100.0,"{'kubernetes_drop_unused_capabilities': 'trivy', 'no_root': 'trivy', 'kubernetes_use_readonly_filesystem': 'trivy', 'use_high_gid': 'trivy', 'use_high_uid': 'trivy', 'kubernetes_drop_default_capabilities': 'trivy', 'kubernetes_primary_supplementary_gid': 'trivy', 'Require_Multiple_Replicas': 'kyverno'}",
01-kubernetes-deployment99.yaml,Deployment,31,7,0,7,82.05,0,27,422,176,4,143.31,200.83,25.58,226.41,True,True,22,15,41.27,100.0,"{'kubernetes_drop_unused_capabilities': 'trivy', 'no_root': 'trivy', 'kubernetes_use_readonly_filesystem': 'trivy', 'use_high_gid': 'trivy', 'use_high_uid': 'trivy', 'kubernetes_drop_default_capabilities': 'trivy', 'kubernetes_primary_supplementary_gid': 'trivy'}",
01-kubernetes-loadbalancer-service.yaml,Service,6,2,0,2,68.89,0,18,13,4,1,75.72,90.46,11.3,101.76,True,True,3,3,78.57,100.0,"{'Disallow_Service_Type_LoadBalancer': 'kyverno', 'Restrict_Service_Port_Range': 'kyverno'}",
01-Kubernetes-Secrets.yaml,Secret,4,0,0,0,100.0,0,7,14,0,1,36.95,51.05,0.0,0.0,True,True,0,0,100.0,100.0,{},
01-Kubernetes-Secrets1.yaml,Secret,4,0,0,0,100.0,0,7,14,0,1,45.36,59.39,0.0,0.0,True,True,0,0,100.0,100.0,{},
01-Kubernetes-Secrets2.yaml,Secret,4,0,0,0,100.0,0,7,14,0,1,35.28,49.17,0.0,0.0,True,True,0,0,100.0,100.0,{},
01-Kubernetes-Secrets3.yaml,Secret,4,0,0,0,100.0,0,7,14,0,1,37.05,50.59,0.0,0.0,True,True,0,0,100.0,100.0,{},
01-kubeseal.yaml,ServiceAccount,3,0,0,0,100.0,0,8,7,0,1,41.22,55.18,0.0,0.0,True,True,0,0,100.0,100.0,{},
01-kubeseal1.yaml,ServiceAccount,3,0,0,0,100.0,0,8,7,0,1,34.29,47.73,0.0,0.0,True,True,0,0,100.0,100.0,{},
01-kubeseal1_7.yaml,Service,6,1,0,1,84.44,0,18,13,2,1,64.7,79.72,11.37,91.09,True,True,1,2,89.66,100.0,{'Restrict_Service_Port_Range': 'kyverno'},
01-kubeseal1_8.yaml,Deployment,31,6,4,10,74.36,0,67,422,128,1,182.72,338.49,48.91,387.4,True,True,15,11,80.0,100.0,"{'kubernetes_drop_unused_capabilities': 'trivy', 'use_high_gid': 'trivy', 'use_high_uid': 'trivy', 'kubernetes_drop_default_capabilities': 'trivy', 'kubernetes_primary_supplementary_gid': 'trivy', 'Require_Multiple_Replicas': 'kyverno', 'cpuLimitsMissing': 'polaris', 'cpuRequestsMissing': 'polaris', 'memoryLimitsMissing': 'polaris', 'memoryRequestsMissing': 'polaris'}",
01-kubeseal_7.yaml,Service,6,1,0,1,84.44,0,18,13,2,1,58.78,73.45,11.74,85.19,True,True,1,2,89.66,100.0,{'Restrict_Service_Port_Range': 'kyverno'},
01-kubeseal_8.yaml,Deployment,31,6,4,10,74.36,0,67,422,128,1,165.39,314.67,54.63,369.3,True,True,15,11,80.0,100.0,"{'kubernetes_drop_unused_capabilities': 'trivy', 'use_high_gid': 'trivy', 'use_high_uid': 'trivy', 'kubernetes_drop_default_capabilities': 'trivy', 'kubernetes_primary_supplementary_gid': 'trivy', 'Require_Multiple_Replicas': 'kyverno', 'cpuLimitsMissing': 'polaris', 'cpuRequestsMissing': 'polaris', 'memoryLimitsMissing': 'polaris', 'memoryRequestsMissing': 'polaris'}",
01-limit-memory.yaml,Pod,61,13,5,18,72.46,0,17,481,187,6,296.26,334.12,21.94,356.06,True,True,26,9,25.53,100.0,"{'kubernetes_drop_unused_capabilities': 'trivy', 'Require_Non_Root_Groups': 'kyverno', 'Require_imagePullPolicy_Always': 'kyverno', 'Require_Read_Only_Root_Filesystem': 'kyverno', 'Validate_User_ID_Group_ID_and_FS_Group': 'kyverno', 'Require_Run_As_Non_Root_User': 'kyverno', 'Check_supplementalGroups': 'kyverno', 'no_root': 'trivy', 'kubernetes_use_readonly_filesystem': 'trivy', 'use_high_gid': 'trivy', 'use_high_uid': 'trivy', 'kubernetes_drop_default_capabilities': 'trivy', 'kubernetes_primary_supplementary_gid': 'trivy', 'cpuLimitsMissing': 'polaris', 'cpuRequestsMissing': 'polaris', 'Restrict_Image_Registries': 'kyverno', 'tagNotSpecified': 'polaris', 'Require_Images_Use_Checksums': 'kyverno'}",
01-liveness-command.yaml,Pod,61,13,7,20,69.3,0,19,481,187,6,449.8,489.17,27.79,516.96,True,True,35,13,25.0,100.0,"{'kubernetes_drop_unused_capabilities': 'trivy', 'Require_Non_Root_Groups': 'kyverno', 'Require_imagePullPolicy_Always': 'kyverno', 'Require_Read_Only_Root_Filesystem': 'kyverno', 'Validate_User_ID_Group_ID_and_FS_Group': 'kyverno', 'Require_Run_As_Non_Root_User': 'kyverno', 'Check_supplementalGroups': 'kyverno', 'no_root': 'trivy', 'kubernetes_use_readonly_filesystem': 'trivy', 'use_high_gid': 'trivy', 'use_high_uid': 'trivy', 'kubernetes_drop_default_capabilities': 'trivy', 'kubernetes_primary_supplementary_gid': 'trivy', 'cpuLimitsMissing': 'polaris', 'cpuRequestsMissing': 'polaris', 'memoryLimitsMissing': 'polaris', 'Restrict_Image_Registries': 'kyverno', 'tagNotSpecified': 'polaris', 'memoryRequestsMissing': 'polaris', 'Require_Images_Use_Checksums': 'kyverno'}",
01-livenessexec.yaml,Deployment,31,8,4,12,67.09,0,35,422,178,4,190.57,261.31,31.78,293.09,True,True,16,1,80.0,100.0,"{'kubernetes_drop_unused_capabilities': 'trivy', 'no_root': 'trivy', 'kubernetes_use_readonly_filesystem': 'trivy', 'use_high_gid': 'trivy', 'use_high_uid': 'trivy', 'kubernetes_drop_default_capabilities': 'trivy', 'kubernetes_primary_supplementary_gid': 'trivy', 'Require_Multiple_Replicas': 'kyverno', 'cpuLimitsMissing': 'polaris', 'cpuRequestsMissing': 'polaris', 'memoryLimitsMissing': 'polaris', 'memoryRequestsMissing': 'polaris'}",
01-livenessexec_1.yaml,Service,6,2,0,2,68.89,0,18,13,4,1,68.67,83.52,11.71,95.23,True,True,2,2,85.71,100.0,"{'Restrict_Service_Port_Range': 'kyverno', 'Disallow_NodePort': 'kyverno'}",
01-livenesshttp.yaml,Deployment,31,8,4,12,67.09,0,35,422,178,1,244.37,318.78,45.02,363.8,True,True,16,1,78.48,100.0,"{'kubernetes_drop_unused_capabilities': 'trivy', 'no_root': 'trivy', 'kubernetes_use_readonly_filesystem': 'trivy', 'use_high_gid': 'trivy', 'use_high_uid': 'trivy', 'kubernetes_drop_default_capabilities': 'trivy', 'kubernetes_primary_supplementary_gid': 'trivy', 'Require_Multiple_Replicas': 'kyverno', 'cpuLimitsMissing': 'polaris', 'cpuRequestsMissing': 'polaris', 'memoryLimitsMissing': 'polaris', 'memoryRequestsMissing': 'polaris'}",
01-livenesshttp_1.yaml,Service,6,2,0,2,68.89,0,18,13,4,1,97.94,117.51,11.24,128.75,True,True,2,2,85.71,100.0,"{'Restrict_Service_Port_Range': 'kyverno', 'Disallow_NodePort': 'kyverno'}",
01-livenesstcp.yaml,Deployment,31,8,4,12,67.09,0,31,422,178,1,223.6,286.05,30.86,316.91,True,True,16,1,76.06,100.0,"{'kubernetes_drop_unused_capabilities': 'trivy', 'no_root': 'trivy', 'kubernetes_use_readonly_filesystem': 'trivy', 'use_high_gid': 'trivy', 'use_high_uid': 'trivy', 'kubernetes_drop_default_capabilities': 'trivy', 'kubernetes_primary_supplementary_gid': 'trivy', 'Require_Multiple_Replicas': 'kyverno', 'cpuLimitsMissing': 'polaris', 'cpuRequestsMissing': 'polaris', 'memoryLimitsMissing': 'polaris', 'memoryRequestsMissing': 'polaris'}",
01-livenesstcp_1.yaml,Service,6,2,0,2,68.89,0,18,13,4,1,69.28,84.25,11.22,95.47,True,True,2,2,85.71,100.0,"{'Restrict_Service_Port_Range': 'kyverno', 'Disallow_NodePort': 'kyverno'}",
01-longhorn_2.yaml,ServiceAccount,3,0,0,0,100.0,0,8,7,0,3,35.51,49.43,0.0,0.0,True,True,0,0,100.0,100.0,{},
01-longhorn_3.yaml,ServiceAccount,3,0,0,0,100.0,0,8,7,0,3,38.98,59.68,0.0,0.0,True,True,0,0,100.0,100.0,{},
01-longhorn_30.yaml,ClusterRoleBinding,4,0,0,0,100.0,0,16,12,0,3,35.64,50.01,0.0,0.0,True,True,0,0,100.0,100.0,{},
01-longhorn_31.yaml,ClusterRoleBinding,4,1,0,1,79.41,0,16,12,4,3,51.93,66.38,13.46,79.84,True,True,1,1,93.75,100.0,{'Restrict_Binding_to_Cluster_Admin': 'kyverno'},
01-longhorn_32.yaml,Service,6,1,0,1,84.44,0,19,13,2,4,56.56,71.96,14.51,86.47,True,True,1,1,94.44,100.0,{'Restrict_Service_Port_Range': 'kyverno'},
01-longhorn_33.yaml,Service,6,1,0,1,84.44,0,19,13,2,4,62.95,78.82,15.45,94.27,True,True,1,1,94.74,100.0,{'Restrict_Service_Port_Range': 'kyverno'},
01-longhorn_34.yaml,Service,6,1,0,1,84.44,0,19,13,2,4,56.1,72.3,14.73,87.03,True,True,1,1,94.44,100.0,{'Restrict_Service_Port_Range': 'kyverno'},
01-longhorn_35.yaml,Service,6,1,0,1,84.44,0,19,13,2,4,55.93,71.4,14.55,85.95,True,True,1,1,94.44,100.0,{'Restrict_Service_Port_Range': 'kyverno'},
01-longhorn_36.yaml,Service,6,1,0,1,84.44,0,19,13,2,4,56.01,71.55,14.58,86.13,True,True,1,1,94.44,100.0,{'Restrict_Service_Port_Range': 'kyverno'},
01-longhorn_37.yaml,Service,6,1,0,1,84.44,0,13,13,2,6,55.96,71.02,12.78,83.8,True,True,2,0,93.33,100.0,{'Restrict_Service_Port_Range': 'kyverno'},
01-longhorn_38.yaml,Service,6,1,0,1,84.44,0,13,13,2,6,54.48,69.29,26.39,95.68,True,True,2,0,93.33,100.0,{'Restrict_Service_Port_Range': 'kyverno'},
01-longhorn_39.yaml,DaemonSet,31,9,4,13,62.82,0,55,423,210,10000,459.03,935.22,68.06,1003.28,True,True,15,15,85.44,100.0,"{'kubernetes_drop_unused_capabilities': 'trivy', 'no_root': 'trivy', 'no_privileged_containers': 'trivy', 'kubernetes_use_readonly_filesystem': 'trivy', 'use_high_gid': 'trivy', 'no_mounted_hostpath': 'trivy', 'use_high_uid': 'trivy', 'kubernetes_drop_default_capabilities': 'trivy', 'kubernetes_primary_supplementary_gid': 'trivy', 'cpuLimitsMissing': 'polaris', 'cpuRequestsMissing': 'polaris', 'memoryLimitsMissing': 'polaris', 'memoryRequestsMissing': 'polaris'}",
01-longhorn_4.yaml,ServiceAccount,3,0,0,0,100.0,0,8,7,0,3,34.09,48.29,0.0,0.0,True,True,0,0,100.0,100.0,{},
01-longhorn_40.yaml,Deployment,31,8,4,12,67.09,0,42,422,178,2268,203.18,417.53,62.05,479.58,True,True,25,3,82.93,100.0,"{'kubernetes_drop_unused_capabilities': 'trivy', 'no_root': 'trivy', 'kubernetes_use_readonly_filesystem': 'trivy', 'use_high_gid': 'trivy', 'use_high_uid': 'trivy', 'kubernetes_drop_default_capabilities': 'trivy', 'kubernetes_primary_supplementary_gid': 'trivy', 'Require_Multiple_Replicas': 'kyverno', 'cpuLimitsMissing': 'polaris', 'cpuRequestsMissing': 'polaris', 'memoryLimitsMissing': 'polaris', 'memoryRequestsMissing': 'polaris'}",
01-longhorn_41.yaml,Deployment,31,7,4,11,70.09,0,51,422,176,288,173.4,343.48,53.52,397.0,True,True,18,6,82.61,100.0,"{'kubernetes_drop_unused_capabilities': 'trivy', 'no_root': 'trivy', 'kubernetes_use_readonly_filesystem': 'trivy', 'use_high_gid': 'trivy', 'use_high_uid': 'trivy', 'kubernetes_drop_default_capabilities': 'trivy', 'kubernetes_primary_supplementary_gid': 'trivy', 'cpuLimitsMissing': 'polaris', 'cpuRequestsMissing': 'polaris', 'memoryLimitsMissing': 'polaris', 'memoryRequestsMissing': 'polaris'}",
01-management-ui1_1.yaml,Service,6,2,0,2,68.89,0,16,13,4,1,71.56,86.39,10.46,96.85,True,True,2,2,84.62,100.0,"{'Restrict_Service_Port_Range': 'kyverno', 'Disallow_NodePort': 'kyverno'}",
01-management-ui1_2.yaml,ReplicationController,25,7,0,7,77.78,0,20,420,176,1,250.27,289.31,19.07,308.38,True,True,8,0,81.82,100.0,"{'kubernetes_drop_unused_capabilities': 'trivy', 'no_root': 'trivy', 'kubernetes_use_readonly_filesystem': 'trivy', 'use_high_gid': 'trivy', 'use_high_uid': 'trivy', 'kubernetes_drop_default_capabilities': 'trivy', 'kubernetes_primary_supplementary_gid': 'trivy'}",
01-management-ui_1.yaml,Service,6,2,0,2,68.89,0,16,13,4,1,68.23,83.08,10.51,93.59,True,True,2,2,84.62,100.0,"{'Restrict_Service_Port_Range': 'kyverno', 'Disallow_NodePort': 'kyverno'}",
01-management-ui_2.yaml,ReplicationController,25,7,0,7,77.78,0,20,420,176,1,165.78,205.3,19.08,224.38,True,True,8,0,81.82,100.0,"{'kubernetes_drop_unused_capabilities': 'trivy', 'no_root': 'trivy', 'kubernetes_use_readonly_filesystem': 'trivy', 'use_high_gid': 'trivy', 'use_high_uid': 'trivy', 'kubernetes_drop_default_capabilities': 'trivy', 'kubernetes_primary_supplementary_gid': 'trivy'}",
01-mb-sec.yaml,Secret,4,0,0,0,100.0,0,8,14,0,4,36.26,50.26,0.0,0.0,True,True,0,0,100.0,100.0,{},
01-mi-nginx-replica-2.yaml,Deployment,31,8,4,12,67.95,0,25,422,186,8,157.92,212.18,39.95,252.13,True,True,20,5,61.54,100.0,"{'kubernetes_drop_unused_capabilities': 'trivy', 'no_root': 'trivy', 'kubernetes_use_readonly_filesystem': 'trivy', 'use_high_gid': 'trivy', 'use_high_uid': 'trivy', 'kubernetes_drop_default_capabilities': 'trivy', 'kubernetes_default_namespace_should_not_be_used': 'trivy', 'kubernetes_primary_supplementary_gid': 'trivy', 'cpuLimitsMissing': 'polaris', 'cpuRequestsMissing': 'polaris', 'memoryLimitsMissing': 'polaris', 'memoryRequestsMissing': 'polaris'}",
01-mongo-secret.yaml,Secret,4,0,0,0,100.0,0,7,14,0,2,35.12,48.84,0.0,0.0,True,True,0,0,100.0,100.0,{},
01-mongo-secret1.yaml,Secret,4,0,0,0,100.0,0,7,14,0,2,37.3,51.12,0.0,0.0,True,True,0,0,100.0,100.0,{},
01-mutation-storage-class.yaml,PersistentVolumeClaim,2,1,0,1,58.33,0,21,7,3,1,219.74,235.31,12.43,247.74,True,True,2,2,87.5,100.0,{'Enforce_ReadWriteOncePod': 'kyverno'},
01-my-db-secrets.yaml,Secret,4,0,0,0,100.0,0,7,14,0,3,35.43,49.26,0.0,0.0,True,True,0,0,100.0,100.0,{},
01-myapp-Deployment.yaml,Deployment,31,8,4,12,67.09,0,24,422,178,1,158.49,203.52,25.32,228.84,True,True,20,6,56.67,100.0,"{'kubernetes_drop_unused_capabilities': 'trivy', 'no_root': 'trivy', 'kubernetes_use_readonly_filesystem': 'trivy', 'use_high_gid': 'trivy', 'use_high_uid': 'trivy', 'kubernetes_drop_default_capabilities': 'trivy', 'kubernetes_primary_supplementary_gid': 'trivy', 'Require_Multiple_Replicas': 'kyverno', 'cpuLimitsMissing': 'polaris', 'cpuRequestsMissing': 'polaris', 'memoryLimitsMissing': 'polaris', 'memoryRequestsMissing': 'polaris'}",
01-myapp-Deployment1.yaml,Deployment,31,8,4,12,67.09,0,24,422,178,1,158.81,204.19,25.48,229.67,True,True,20,6,56.67,100.0,"{'kubernetes_drop_unused_capabilities': 'trivy', 'no_root': 'trivy', 'kubernetes_use_readonly_filesystem': 'trivy', 'use_high_gid': 'trivy', 'use_high_uid': 'trivy', 'kubernetes_drop_default_capabilities': 'trivy', 'kubernetes_primary_supplementary_gid': 'trivy', 'Require_Multiple_Replicas': 'kyverno', 'cpuLimitsMissing': 'polaris', 'cpuRequestsMissing': 'polaris', 'memoryLimitsMissing': 'polaris', 'memoryRequestsMissing': 'polaris'}",
01-myapp-Deployment2.yaml,Deployment,31,8,4,12,67.09,0,24,422,178,1,162.21,206.53,25.46,231.99,True,True,20,6,56.67,100.0,"{'kubernetes_drop_unused_capabilities': 'trivy', 'no_root': 'trivy', 'kubernetes_use_readonly_filesystem': 'trivy', 'use_high_gid': 'trivy', 'use_high_uid': 'trivy', 'kubernetes_drop_default_capabilities': 'trivy', 'kubernetes_primary_supplementary_gid': 'trivy', 'Require_Multiple_Replicas': 'kyverno', 'cpuLimitsMissing': 'polaris', 'cpuRequestsMissing': 'polaris', 'memoryLimitsMissing': 'polaris', 'memoryRequestsMissing': 'polaris'}",
01-myapp-Deployment3.yaml,Deployment,31,8,4,12,67.09,0,24,422,178,1,170.35,215.2,26.5,241.7,True,True,20,6,56.67,100.0,"{'kubernetes_drop_unused_capabilities': 'trivy', 'no_root': 'trivy', 'kubernetes_use_readonly_filesystem': 'trivy', 'use_high_gid': 'trivy', 'use_high_uid': 'trivy', 'kubernetes_drop_default_capabilities': 'trivy', 'kubernetes_primary_supplementary_gid': 'trivy', 'Require_Multiple_Replicas': 'kyverno', 'cpuLimitsMissing': 'polaris', 'cpuRequestsMissing': 'polaris', 'memoryLimitsMissing': 'polaris', 'memoryRequestsMissing': 'polaris'}",
01-myapp-Deployment4.yaml,Deployment,31,8,4,12,67.09,0,24,422,178,1,162.5,206.75,25.49,232.24,True,True,20,6,56.67,100.0,"{'kubernetes_drop_unused_capabilities': 'trivy', 'no_root': 'trivy', 'kubernetes_use_readonly_filesystem': 'trivy', 'use_high_gid': 'trivy', 'use_high_uid': 'trivy', 'kubernetes_drop_default_capabilities': 'trivy', 'kubernetes_primary_supplementary_gid': 'trivy', 'Require_Multiple_Replicas': 'kyverno', 'cpuLimitsMissing': 'polaris', 'cpuRequestsMissing': 'polaris', 'memoryLimitsMissing': 'polaris', 'memoryRequestsMissing': 'polaris'}",
01-myapp-Deployment5.yaml,Deployment,31,8,4,12,67.09,0,24,422,178,1,163.21,207.73,25.27,233.0,True,True,20,6,56.67,100.0,"{'kubernetes_drop_unused_capabilities': 'trivy', 'no_root': 'trivy', 'kubernetes_use_readonly_filesystem': 'trivy', 'use_high_gid': 'trivy', 'use_high_uid': 'trivy', 'kubernetes_drop_default_capabilities': 'trivy', 'kubernetes_primary_supplementary_gid': 'trivy', 'Require_Multiple_Replicas': 'kyverno', 'cpuLimitsMissing': 'polaris', 'cpuRequestsMissing': 'polaris', 'memoryLimitsMissing': 'polaris', 'memoryRequestsMissing': 'polaris'}",
01-myapp-Deployment6.yaml,Deployment,31,8,4,12,67.09,0,24,422,178,1,158.73,203.79,39.26,243.05,True,True,20,6,56.67,100.0,"{'kubernetes_drop_unused_capabilities': 'trivy', 'no_root': 'trivy', 'kubernetes_use_readonly_filesystem': 'trivy', 'use_high_gid': 'trivy', 'use_high_uid': 'trivy', 'kubernetes_drop_default_capabilities': 'trivy', 'kubernetes_primary_supplementary_gid': 'trivy', 'Require_Multiple_Replicas': 'kyverno', 'cpuLimitsMissing': 'polaris', 'cpuRequestsMissing': 'polaris', 'memoryLimitsMissing': 'polaris', 'memoryRequestsMissing': 'polaris'}",
01-myapp-Deployment7.yaml,Deployment,31,8,4,12,67.09,0,24,422,178,1,168.82,213.61,26.24,239.85,True,True,20,6,56.67,100.0,"{'kubernetes_drop_unused_capabilities': 'trivy', 'no_root': 'trivy', 'kubernetes_use_readonly_filesystem': 'trivy', 'use_high_gid': 'trivy', 'use_high_uid': 'trivy', 'kubernetes_drop_default_capabilities': 'trivy', 'kubernetes_primary_supplementary_gid': 'trivy', 'Require_Multiple_Replicas': 'kyverno', 'cpuLimitsMissing': 'polaris', 'cpuRequestsMissing': 'polaris', 'memoryLimitsMissing': 'polaris', 'memoryRequestsMissing': 'polaris'}",
01-myapp-Deployment8.yaml,Deployment,31,8,4,12,67.09,0,24,422,178,1,164.16,208.87,25.25,234.12,True,True,20,6,56.67,100.0,"{'kubernetes_drop_unused_capabilities': 'trivy', 'no_root': 'trivy', 'kubernetes_use_readonly_filesystem': 'trivy', 'use_high_gid': 'trivy', 'use_high_uid': 'trivy', 'kubernetes_drop_default_capabilities': 'trivy', 'kubernetes_primary_supplementary_gid': 'trivy', 'Require_Multiple_Replicas': 'kyverno', 'cpuLimitsMissing': 'polaris', 'cpuRequestsMissing': 'polaris', 'memoryLimitsMissing': 'polaris', 'memoryRequestsMissing': 'polaris'}",
01-myapp-Deployment9.yaml,Deployment,31,8,4,12,67.09,0,24,422,178,1,163.7,208.41,25.99,234.4,True,True,20,6,56.67,100.0,"{'kubernetes_drop_unused_capabilities': 'trivy', 'no_root': 'trivy', 'kubernetes_use_readonly_filesystem': 'trivy', 'use_high_gid': 'trivy', 'use_high_uid': 'trivy', 'kubernetes_drop_default_capabilities': 'trivy', 'kubernetes_primary_supplementary_gid': 'trivy', 'Require_Multiple_Replicas': 'kyverno', 'cpuLimitsMissing': 'polaris', 'cpuRequestsMissing': 'polaris', 'memoryLimitsMissing': 'polaris', 'memoryRequestsMissing': 'polaris'}",
01-mysql-external-service.yaml,Service,6,1,0,1,84.44,0,8,13,2,1,108.88,123.79,7.87,131.66,True,True,2,0,88.89,100.0,{'Restrict_Service_Port_Range': 'kyverno'},
01-MySQL-externalName-Service.yaml,Service,6,1,0,1,84.44,0,8,13,2,1,57.37,71.15,7.73,78.88,True,True,3,1,75.0,100.0,{'Restrict_Service_Port_Range': 'kyverno'},
01-MySQL-externalName-Service1.yaml,Service,6,1,0,1,84.44,0,8,13,2,1,55.03,69.12,7.72,76.84,True,True,3,1,75.0,100.0,{'Restrict_Service_Port_Range': 'kyverno'},
01-mysql-externalname-service10.yaml,Service,6,1,0,1,84.44,0,8,13,2,1,55.79,69.91,8.11,78.02,True,True,2,0,87.5,100.0,{'Restrict_Service_Port_Range': 'kyverno'},
01-MySQL-externalName-Service11.yaml,Service,6,1,0,1,84.44,0,8,13,2,1,58.47,72.53,7.93,80.46,True,True,3,1,75.0,100.0,{'Restrict_Service_Port_Range': 'kyverno'},
01-MySQL-externalName-Service12.yaml,Service,6,1,0,1,84.44,0,8,13,2,1,57.83,71.77,7.81,79.58,True,True,3,1,75.0,100.0,{'Restrict_Service_Port_Range': 'kyverno'},
01-MySQL-externalName-Service2.yaml,Service,6,1,0,1,84.44,0,8,13,2,1,61.31,75.84,7.84,83.68,True,True,3,1,75.0,100.0,{'Restrict_Service_Port_Range': 'kyverno'},
01-MySQL-externalName-Service3.yaml,Service,6,1,0,1,84.44,0,8,13,2,1,56.19,70.22,7.98,78.2,True,True,3,1,75.0,100.0,{'Restrict_Service_Port_Range': 'kyverno'},
01-MySQL-externalName-Service4.yaml,Service,6,1,0,1,84.44,0,8,13,2,1,57.48,71.44,8.2,79.64,True,True,3,1,75.0,100.0,{'Restrict_Service_Port_Range': 'kyverno'},
01-MySQL-externalName-Service5.yaml,Service,6,1,0,1,84.44,0,8,13,2,1,55.14,69.16,7.83,76.99,True,True,3,1,75.0,100.0,{'Restrict_Service_Port_Range': 'kyverno'},
01-MySQL-externalName-Service6.yaml,Service,6,1,0,1,84.44,0,8,13,2,1,58.35,72.43,7.82,80.25,True,True,3,1,75.0,100.0,{'Restrict_Service_Port_Range': 'kyverno'},
01-MySQL-externalName-Service7.yaml,Service,6,1,0,1,84.44,0,8,13,2,1,57.49,71.46,7.8,79.26,True,True,3,1,75.0,100.0,{'Restrict_Service_Port_Range': 'kyverno'},
01-mysql-externalname-service8.yaml,Service,6,1,0,1,84.44,0,8,13,2,1,58.02,71.91,7.75,79.66,True,True,2,0,87.5,100.0,{'Restrict_Service_Port_Range': 'kyverno'},
01-mysql-externalname-service9.yaml,Service,6,1,0,1,84.44,0,8,13,2,1,56.46,70.48,7.84,78.32,True,True,2,0,87.5,100.0,{'Restrict_Service_Port_Range': 'kyverno'},
01-namespace55_2.yaml,Service,6,1,0,1,84.44,0,15,13,2,2,56.15,71.55,11.67,83.22,True,True,1,1,92.86,100.0,{'Restrict_Service_Port_Range': 'kyverno'},
01-namespace55_3.yaml,Deployment,31,7,4,11,70.09,0,21,422,176,4,156.65,202.66,29.72,232.38,True,True,15,0,73.68,100.0,"{'kubernetes_drop_unused_capabilities': 'trivy', 'no_root': 'trivy', 'kubernetes_use_readonly_filesystem': 'trivy', 'use_high_gid': 'trivy', 'use_high_uid': 'trivy', 'kubernetes_drop_default_capabilities': 'trivy', 'kubernetes_primary_supplementary_gid': 'trivy', 'cpuLimitsMissing': 'polaris', 'cpuRequestsMissing': 'polaris', 'memoryLimitsMissing': 'polaris', 'memoryRequestsMissing': 'polaris'}",
01-namespace55_4.yaml,Service,6,1,0,1,84.44,0,15,13,2,2,61.65,76.79,11.24,88.03,True,True,1,1,92.86,100.0,{'Restrict_Service_Port_Range': 'kyverno'},
01-namespace55_5.yaml,Deployment,31,7,4,11,70.09,0,20,422,176,4,159.82,203.8,26.09,229.89,True,True,15,0,72.73,100.0,"{'kubernetes_drop_unused_capabilities': 'trivy', 'no_root': 'trivy', 'kubernetes_use_readonly_filesystem': 'trivy', 'use_high_gid': 'trivy', 'use_high_uid': 'trivy', 'kubernetes_drop_default_capabilities': 'trivy', 'kubernetes_primary_supplementary_gid': 'trivy', 'cpuLimitsMissing': 'polaris', 'cpuRequestsMissing': 'polaris', 'memoryLimitsMissing': 'polaris', 'memoryRequestsMissing': 'polaris'}",
01-namespace66_2.yaml,Deployment,31,7,4,11,70.09,0,21,422,176,4,156.68,202.99,36.28,239.27,True,True,15,0,73.68,100.0,"{'kubernetes_drop_unused_capabilities': 'trivy', 'no_root': 'trivy', 'kubernetes_use_readonly_filesystem': 'trivy', 'use_high_gid': 'trivy', 'use_high_uid': 'trivy', 'kubernetes_drop_default_capabilities': 'trivy', 'kubernetes_primary_supplementary_gid': 'trivy', 'cpuLimitsMissing': 'polaris', 'cpuRequestsMissing': 'polaris', 'memoryLimitsMissing': 'polaris', 'memoryRequestsMissing': 'polaris'}",
01-namespace66_3.yaml,Deployment,31,7,4,11,70.09,0,21,422,176,4,154.08,200.4,27.54,227.94,True,True,15,0,73.68,100.0,"{'kubernetes_drop_unused_capabilities': 'trivy', 'no_root': 'trivy', 'kubernetes_use_readonly_filesystem': 'trivy', 'use_high_gid': 'trivy', 'use_high_uid': 'trivy', 'kubernetes_drop_default_capabilities': 'trivy', 'kubernetes_primary_supplementary_gid': 'trivy', 'cpuLimitsMissing': 'polaris', 'cpuRequestsMissing': 'polaris', 'memoryLimitsMissing': 'polaris', 'memoryRequestsMissing': 'polaris'}",
01-netflix_1.yaml,Deployment,31,7,4,11,70.09,0,33,422,176,3,182.45,242.72,30.6,273.32,True,True,15,3,76.92,100.0,"{'kubernetes_drop_unused_capabilities': 'trivy', 'no_root': 'trivy', 'kubernetes_use_readonly_filesystem': 'trivy', 'use_high_gid': 'trivy', 'use_high_uid': 'trivy', 'kubernetes_drop_default_capabilities': 'trivy', 'kubernetes_primary_supplementary_gid': 'trivy', 'cpuLimitsMissing': 'polaris', 'cpuRequestsMissing': 'polaris', 'memoryLimitsMissing': 'polaris', 'memoryRequestsMissing': 'polaris'}",
01-netflix_2.yaml,Service,6,1,0,1,84.44,0,20,13,2,1,106.8,121.91,12.43,134.34,True,True,1,3,87.5,100.0,{'Restrict_Service_Port_Range': 'kyverno'},
01-netflix_3.yaml,Pod,61,13,6,19,71.56,0,20,481,187,2,497.94,536.34,25.89,562.23,True,True,23,3,55.17,100.0,"{'kubernetes_drop_unused_capabilities': 'trivy', 'Require_Non_Root_Groups': 'kyverno', 'Require_imagePullPolicy_Always': 'kyverno', 'Require_Read_Only_Root_Filesystem': 'kyverno', 'Validate_User_ID_Group_ID_and_FS_Group': 'kyverno', 'Require_Run_As_Non_Root_User': 'kyverno', 'Check_supplementalGroups': 'kyverno', 'no_root': 'trivy', 'kubernetes_use_readonly_filesystem': 'trivy', 'use_high_gid': 'trivy', 'use_high_uid': 'trivy', 'kubernetes_drop_default_capabilities': 'trivy', 'kubernetes_primary_supplementary_gid': 'trivy', 'cpuLimitsMissing': 'polaris', 'cpuRequestsMissing': 'polaris', 'memoryLimitsMissing': 'polaris', 'Restrict_Image_Registries': 'kyverno', 'memoryRequestsMissing': 'polaris', 'Require_Images_Use_Checksums': 'kyverno'}",
01-nfd_11.yaml,Service,6,1,0,1,84.44,0,17,13,2,1,56.82,71.59,10.49,82.08,True,True,1,1,92.31,100.0,{'Restrict_Service_Port_Range': 'kyverno'},
01-nfd_12.yaml,Deployment,31,4,4,8,78.63,0,83,422,77,32,391.88,696.5,67.15,763.65,True,True,10,1,94.24,100.0,"{'use_high_gid': 'trivy', 'use_high_uid': 'trivy', 'kubernetes_primary_supplementary_gid': 'trivy', 'Require_Multiple_Replicas': 'kyverno', 'cpuLimitsMissing': 'polaris', 'cpuRequestsMissing': 'polaris', 'memoryLimitsMissing': 'polaris', 'memoryRequestsMissing': 'polaris'}",
01-nfd_13.yaml,DaemonSet,31,4,4,8,78.63,0,54,423,84,64,180.38,511.1,56.95,568.05,True,True,9,25,79.52,100.0,"{'use_high_gid': 'trivy', 'no_mounted_hostpath': 'trivy', 'use_high_uid': 'trivy', 'kubernetes_primary_supplementary_gid': 'trivy', 'cpuLimitsMissing': 'polaris', 'cpuRequestsMissing': 'polaris', 'memoryLimitsMissing': 'polaris', 'memoryRequestsMissing': 'polaris'}",
01-nfd_3.yaml,ServiceAccount,3,0,0,0,100.0,0,5,7,0,1,36.67,50.32,0.0,0.0,True,True,0,0,100.0,100.0,{},
01-nfd_4.yaml,ServiceAccount,3,0,0,0,100.0,0,5,7,0,1,34.25,47.92,0.0,0.0,True,True,0,0,100.0,100.0,{},
01-nfd_7.yaml,RoleBinding,4,0,0,0,100.0,0,14,12,0,1,39.4,53.29,0.0,0.0,True,True,0,0,100.0,100.0,{},
01-nfd_8.yaml,ClusterRoleBinding,4,0,0,0,100.0,0,13,12,0,1,33.87,48.15,0.0,0.0,True,True,0,0,100.0,100.0,{},
01-nfs-volume-claime.yaml,PersistentVolumeClaim,2,1,0,1,58.33,0,11,7,3,1,50.32,64.96,9.12,74.08,True,True,2,2,81.82,100.0,{'Enforce_ReadWriteOncePod': 'kyverno'},
01-Nginx-App1-Deployment & NPService.yaml,Deployment,31,8,4,12,67.09,0,24,422,178,1,182.49,226.77,25.39,252.16,True,True,16,1,70.18,100.0,"{'kubernetes_drop_unused_capabilities': 'trivy', 'no_root': 'trivy', 'kubernetes_use_readonly_filesystem': 'trivy', 'use_high_gid': 'trivy', 'use_high_uid': 'trivy', 'kubernetes_drop_default_capabilities': 'trivy', 'kubernetes_primary_supplementary_gid': 'trivy', 'Require_Multiple_Replicas': 'kyverno', 'cpuLimitsMissing': 'polaris', 'cpuRequestsMissing': 'polaris', 'memoryLimitsMissing': 'polaris', 'memoryRequestsMissing': 'polaris'}",
01-Nginx-App1-Deployment & NPService_1.yaml,Service,6,2,0,2,68.89,0,18,13,4,1,66.25,81.34,11.44,92.78,True,True,2,2,85.71,100.0,"{'Restrict_Service_Port_Range': 'kyverno', 'Disallow_NodePort': 'kyverno'}",
01-nginx-app1-deployment-and-node-port-service.yaml,Deployment,31,8,4,12,67.09,0,24,422,178,1,182.94,228.61,25.66,254.27,True,True,16,1,70.18,100.0,"{'kubernetes_drop_unused_capabilities': 'trivy', 'no_root': 'trivy', 'kubernetes_use_readonly_filesystem': 'trivy', 'use_high_gid': 'trivy', 'use_high_uid': 'trivy', 'kubernetes_drop_default_capabilities': 'trivy', 'kubernetes_primary_supplementary_gid': 'trivy', 'Require_Multiple_Replicas': 'kyverno', 'cpuLimitsMissing': 'polaris', 'cpuRequestsMissing': 'polaris', 'memoryLimitsMissing': 'polaris', 'memoryRequestsMissing': 'polaris'}",
01-nginx-app1-deployment-and-node-port-service1.yaml,Deployment,31,8,4,12,67.09,0,24,422,178,1,163.17,209.1,26.37,235.47,True,True,16,1,70.18,100.0,"{'kubernetes_drop_unused_capabilities': 'trivy', 'no_root': 'trivy', 'kubernetes_use_readonly_filesystem': 'trivy', 'use_high_gid': 'trivy', 'use_high_uid': 'trivy', 'kubernetes_drop_default_capabilities': 'trivy', 'kubernetes_primary_supplementary_gid': 'trivy', 'Require_Multiple_Replicas': 'kyverno', 'cpuLimitsMissing': 'polaris', 'cpuRequestsMissing': 'polaris', 'memoryLimitsMissing': 'polaris', 'memoryRequestsMissing': 'polaris'}",
01-nginx-app1-deployment-and-node-port-service1_1.yaml,Service,6,2,0,2,68.89,0,20,13,4,1,71.97,87.13,12.4,99.53,True,True,2,2,86.67,100.0,"{'Restrict_Service_Port_Range': 'kyverno', 'Disallow_NodePort': 'kyverno'}",
01-nginx-app1-deployment-and-node-port-service2.yaml,Deployment,31,8,4,12,67.09,0,24,422,178,1,162.36,207.02,25.3,232.32,True,True,16,1,70.18,100.0,"{'kubernetes_drop_unused_capabilities': 'trivy', 'no_root': 'trivy', 'kubernetes_use_readonly_filesystem': 'trivy', 'use_high_gid': 'trivy', 'use_high_uid': 'trivy', 'kubernetes_drop_default_capabilities': 'trivy', 'kubernetes_primary_supplementary_gid': 'trivy', 'Require_Multiple_Replicas': 'kyverno', 'cpuLimitsMissing': 'polaris', 'cpuRequestsMissing': 'polaris', 'memoryLimitsMissing': 'polaris', 'memoryRequestsMissing': 'polaris'}",
01-nginx-app1-deployment-and-node-port-service2_1.yaml,Service,6,2,0,2,68.89,0,20,13,4,1,69.67,84.86,12.23,97.09,True,True,2,2,86.67,100.0,"{'Restrict_Service_Port_Range': 'kyverno', 'Disallow_NodePort': 'kyverno'}",
01-nginx-app1-deployment-and-node-port-service3.yaml,Deployment,31,8,4,12,67.09,0,24,422,178,1,155.33,200.75,44.31,245.06,True,True,16,1,70.18,100.0,"{'kubernetes_drop_unused_capabilities': 'trivy', 'no_root': 'trivy', 'kubernetes_use_readonly_filesystem': 'trivy', 'use_high_gid': 'trivy', 'use_high_uid': 'trivy', 'kubernetes_drop_default_capabilities': 'trivy', 'kubernetes_primary_supplementary_gid': 'trivy', 'Require_Multiple_Replicas': 'kyverno', 'cpuLimitsMissing': 'polaris', 'cpuRequestsMissing': 'polaris', 'memoryLimitsMissing': 'polaris', 'memoryRequestsMissing': 'polaris'}",
01-nginx-app1-deployment-and-node-port-service3_1.yaml,Service,6,2,0,2,68.89,0,20,13,4,1,70.41,85.47,12.1,97.57,True,True,2,2,86.67,100.0,"{'Restrict_Service_Port_Range': 'kyverno', 'Disallow_NodePort': 'kyverno'}",
01-nginx-app1-deployment-and-node-port-service_1.yaml,Service,6,2,0,2,68.89,0,20,13,4,1,71.55,86.37,12.27,98.64,True,True,2,2,86.67,100.0,"{'Restrict_Service_Port_Range': 'kyverno', 'Disallow_NodePort': 'kyverno'}",
01-Nginx-App1-Deployment-and-NodePortService.yaml,Deployment,31,8,4,12,67.09,0,33,422,178,1,177.64,241.68,31.62,273.3,True,True,16,1,76.71,100.0,"{'kubernetes_drop_unused_capabilities': 'trivy', 'no_root': 'trivy', 'kubernetes_use_readonly_filesystem': 'trivy', 'use_high_gid': 'trivy', 'use_high_uid': 'trivy', 'kubernetes_drop_default_capabilities': 'trivy', 'kubernetes_primary_supplementary_gid': 'trivy', 'Require_Multiple_Replicas': 'kyverno', 'cpuLimitsMissing': 'polaris', 'cpuRequestsMissing': 'polaris', 'memoryLimitsMissing': 'polaris', 'memoryRequestsMissing': 'polaris'}",
01-Nginx-App1-Deployment-and-NodePortService1.yaml,Deployment,31,8,4,12,67.09,0,33,422,178,1,161.48,226.41,32.34,258.75,True,True,16,1,76.71,100.0,"{'kubernetes_drop_unused_capabilities': 'trivy', 'no_root': 'trivy', 'kubernetes_use_readonly_filesystem': 'trivy', 'use_high_gid': 'trivy', 'use_high_uid': 'trivy', 'kubernetes_drop_default_capabilities': 'trivy', 'kubernetes_primary_supplementary_gid': 'trivy', 'Require_Multiple_Replicas': 'kyverno', 'cpuLimitsMissing': 'polaris', 'cpuRequestsMissing': 'polaris', 'memoryLimitsMissing': 'polaris', 'memoryRequestsMissing': 'polaris'}",
01-Nginx-App1-Deployment-and-NodePortService10.yaml,Deployment,31,8,4,12,67.09,0,24,422,178,1,159.52,205.34,25.78,231.12,True,True,16,1,70.18,100.0,"{'kubernetes_drop_unused_capabilities': 'trivy', 'no_root': 'trivy', 'kubernetes_use_readonly_filesystem': 'trivy', 'use_high_gid': 'trivy', 'use_high_uid': 'trivy', 'kubernetes_drop_default_capabilities': 'trivy', 'kubernetes_primary_supplementary_gid': 'trivy', 'Require_Multiple_Replicas': 'kyverno', 'cpuLimitsMissing': 'polaris', 'cpuRequestsMissing': 'polaris', 'memoryLimitsMissing': 'polaris', 'memoryRequestsMissing': 'polaris'}",
01-Nginx-App1-Deployment-and-NodePortService10_1.yaml,Service,6,2,0,2,68.89,0,18,13,4,1,71.74,86.92,11.48,98.4,True,True,2,2,85.71,100.0,"{'Restrict_Service_Port_Range': 'kyverno', 'Disallow_NodePort': 'kyverno'}",
01-Nginx-App1-Deployment-and-NodePortService11.yaml,Deployment,31,8,4,12,67.09,0,33,422,178,1,159.44,224.01,31.68,255.69,True,True,16,1,76.71,100.0,"{'kubernetes_drop_unused_capabilities': 'trivy', 'no_root': 'trivy', 'kubernetes_use_readonly_filesystem': 'trivy', 'use_high_gid': 'trivy', 'use_high_uid': 'trivy', 'kubernetes_drop_default_capabilities': 'trivy', 'kubernetes_primary_supplementary_gid': 'trivy', 'Require_Multiple_Replicas': 'kyverno', 'cpuLimitsMissing': 'polaris', 'cpuRequestsMissing': 'polaris', 'memoryLimitsMissing': 'polaris', 'memoryRequestsMissing': 'polaris'}",
01-Nginx-App1-Deployment-and-NodePortService11_1.yaml,Service,6,2,0,2,68.89,0,18,13,4,1,70.93,86.22,11.35,97.57,True,True,2,2,85.71,100.0,"{'Restrict_Service_Port_Range': 'kyverno', 'Disallow_NodePort': 'kyverno'}",
01-Nginx-App1-Deployment-and-NodePortService12.yaml,Deployment,31,8,4,12,67.09,0,33,422,178,1,160.97,226.48,46.67,273.15,True,True,16,1,76.71,100.0,"{'kubernetes_drop_unused_capabilities': 'trivy', 'no_root': 'trivy', 'kubernetes_use_readonly_filesystem': 'trivy', 'use_high_gid': 'trivy', 'use_high_uid': 'trivy', 'kubernetes_drop_default_capabilities': 'trivy', 'kubernetes_primary_supplementary_gid': 'trivy', 'Require_Multiple_Replicas': 'kyverno', 'cpuLimitsMissing': 'polaris', 'cpuRequestsMissing': 'polaris', 'memoryLimitsMissing': 'polaris', 'memoryRequestsMissing': 'polaris'}",
01-Nginx-App1-Deployment-and-NodePortService12_1.yaml,Service,6,2,0,2,68.89,0,18,13,4,1,90.16,105.38,11.33,116.71,True,True,2,2,85.71,100.0,"{'Restrict_Service_Port_Range': 'kyverno', 'Disallow_NodePort': 'kyverno'}",
01-Nginx-App1-Deployment-and-NodePortService13.yaml,Deployment,31,8,4,12,67.09,0,33,422,178,1,166.64,232.08,31.86,263.94,True,True,16,1,76.71,100.0,"{'kubernetes_drop_unused_capabilities': 'trivy', 'no_root': 'trivy', 'kubernetes_use_readonly_filesystem': 'trivy', 'use_high_gid': 'trivy', 'use_high_uid': 'trivy', 'kubernetes_drop_default_capabilities': 'trivy', 'kubernetes_primary_supplementary_gid': 'trivy', 'Require_Multiple_Replicas': 'kyverno', 'cpuLimitsMissing': 'polaris', 'cpuRequestsMissing': 'polaris', 'memoryLimitsMissing': 'polaris', 'memoryRequestsMissing': 'polaris'}",
01-Nginx-App1-Deployment-and-NodePortService13_1.yaml,Service,6,2,0,2,68.89,0,18,13,4,1,69.05,83.92,11.42,95.34,True,True,2,2,85.71,100.0,"{'Restrict_Service_Port_Range': 'kyverno', 'Disallow_NodePort': 'kyverno'}",
01-Nginx-App1-Deployment-and-NodePortService14.yaml,Deployment,31,8,4,12,67.09,0,33,422,178,1,188.7,252.9,31.71,284.61,True,True,16,1,76.71,100.0,"{'kubernetes_drop_unused_capabilities': 'trivy', 'no_root': 'trivy', 'kubernetes_use_readonly_filesystem': 'trivy', 'use_high_gid': 'trivy', 'use_high_uid': 'trivy', 'kubernetes_drop_default_capabilities': 'trivy', 'kubernetes_primary_supplementary_gid': 'trivy', 'Require_Multiple_Replicas': 'kyverno', 'cpuLimitsMissing': 'polaris', 'cpuRequestsMissing': 'polaris', 'memoryLimitsMissing': 'polaris', 'memoryRequestsMissing': 'polaris'}",
01-Nginx-App1-Deployment-and-NodePortService14_1.yaml,Service,6,2,0,2,68.89,0,18,13,4,1,75.56,91.57,11.26,102.83,True,True,2,2,85.71,100.0,"{'Restrict_Service_Port_Range': 'kyverno', 'Disallow_NodePort': 'kyverno'}",
01-Nginx-App1-Deployment-and-NodePortService15.yaml,Deployment,31,8,4,12,67.09,0,33,422,178,1,164.94,228.61,31.57,260.18,True,True,16,1,76.71,100.0,"{'kubernetes_drop_unused_capabilities': 'trivy', 'no_root': 'trivy', 'kubernetes_use_readonly_filesystem': 'trivy', 'use_high_gid': 'trivy', 'use_high_uid': 'trivy', 'kubernetes_drop_default_capabilities': 'trivy', 'kubernetes_primary_supplementary_gid': 'trivy', 'Require_Multiple_Replicas': 'kyverno', 'cpuLimitsMissing': 'polaris', 'cpuRequestsMissing': 'polaris', 'memoryLimitsMissing': 'polaris', 'memoryRequestsMissing': 'polaris'}",
01-Nginx-App1-Deployment-and-NodePortService15_1.yaml,Service,6,2,0,2,68.89,0,18,13,4,1,69.65,84.71,11.38,96.09,True,True,2,2,85.71,100.0,"{'Restrict_Service_Port_Range': 'kyverno', 'Disallow_NodePort': 'kyverno'}",
01-Nginx-App1-Deployment-and-NodePortService16.yaml,Deployment,31,8,4,12,67.09,0,33,422,178,1,169.36,235.0,46.72,281.72,True,True,16,1,76.71,100.0,"{'kubernetes_drop_unused_capabilities': 'trivy', 'no_root': 'trivy', 'kubernetes_use_readonly_filesystem': 'trivy', 'use_high_gid': 'trivy', 'use_high_uid': 'trivy', 'kubernetes_drop_default_capabilities': 'trivy', 'kubernetes_primary_supplementary_gid': 'trivy', 'Require_Multiple_Replicas': 'kyverno', 'cpuLimitsMissing': 'polaris', 'cpuRequestsMissing': 'polaris', 'memoryLimitsMissing': 'polaris', 'memoryRequestsMissing': 'polaris'}",
01-Nginx-App1-Deployment-and-NodePortService16_1.yaml,Service,6,2,0,2,68.89,0,18,13,4,1,77.23,92.16,11.45,103.61,True,True,2,2,85.71,100.0,"{'Restrict_Service_Port_Range': 'kyverno', 'Disallow_NodePort': 'kyverno'}",
01-Nginx-App1-Deployment-and-NodePortService17.yaml,Deployment,31,8,4,12,67.09,0,33,422,178,1,160.88,225.63,32.18,257.81,True,True,16,1,76.71,100.0,"{'kubernetes_drop_unused_capabilities': 'trivy', 'no_root': 'trivy', 'kubernetes_use_readonly_filesystem': 'trivy', 'use_high_gid': 'trivy', 'use_high_uid': 'trivy', 'kubernetes_drop_default_capabilities': 'trivy', 'kubernetes_primary_supplementary_gid': 'trivy', 'Require_Multiple_Replicas': 'kyverno', 'cpuLimitsMissing': 'polaris', 'cpuRequestsMissing': 'polaris', 'memoryLimitsMissing': 'polaris', 'memoryRequestsMissing': 'polaris'}",
01-Nginx-App1-Deployment-and-NodePortService17_1.yaml,Service,6,2,0,2,68.89,0,20,13,4,1,70.85,85.86,12.09,97.95,True,True,2,2,86.67,100.0,"{'Restrict_Service_Port_Range': 'kyverno', 'Disallow_NodePort': 'kyverno'}",
01-Nginx-App1-Deployment-and-NodePortService18.yaml,Deployment,31,8,4,12,67.09,0,33,422,178,1,227.7,292.62,31.5,324.12,True,True,16,1,76.71,100.0,"{'kubernetes_drop_unused_capabilities': 'trivy', 'no_root': 'trivy', 'kubernetes_use_readonly_filesystem': 'trivy', 'use_high_gid': 'trivy', 'use_high_uid': 'trivy', 'kubernetes_drop_default_capabilities': 'trivy', 'kubernetes_primary_supplementary_gid': 'trivy', 'Require_Multiple_Replicas': 'kyverno', 'cpuLimitsMissing': 'polaris', 'cpuRequestsMissing': 'polaris', 'memoryLimitsMissing': 'polaris', 'memoryRequestsMissing': 'polaris'}",
01-Nginx-App1-Deployment-and-NodePortService18_1.yaml,Service,6,2,0,2,68.89,0,14,13,4,1,72.34,88.72,9.07,97.79,True,True,2,2,81.82,100.0,"{'Restrict_Service_Port_Range': 'kyverno', 'Disallow_NodePort': 'kyverno'}",
01-Nginx-App1-Deployment-and-NodePortService19.yaml,Deployment,31,8,4,12,67.09,0,33,422,178,1,157.42,220.91,32.64,253.55,True,True,16,1,76.71,100.0,"{'kubernetes_drop_unused_capabilities': 'trivy', 'no_root': 'trivy', 'kubernetes_use_readonly_filesystem': 'trivy', 'use_high_gid': 'trivy', 'use_high_uid': 'trivy', 'kubernetes_drop_default_capabilities': 'trivy', 'kubernetes_primary_supplementary_gid': 'trivy', 'Require_Multiple_Replicas': 'kyverno', 'cpuLimitsMissing': 'polaris', 'cpuRequestsMissing': 'polaris', 'memoryLimitsMissing': 'polaris', 'memoryRequestsMissing': 'polaris'}",
01-Nginx-App1-Deployment-and-NodePortService19_1.yaml,Service,6,2,0,2,68.89,0,14,13,4,1,72.69,87.21,9.05,96.26,True,True,2,2,81.82,100.0,"{'Restrict_Service_Port_Range': 'kyverno', 'Disallow_NodePort': 'kyverno'}",
01-Nginx-App1-Deployment-and-NodePortService1_1.yaml,Service,6,2,0,2,68.89,0,18,13,4,1,70.82,85.84,11.26,97.1,True,True,2,2,85.71,100.0,"{'Restrict_Service_Port_Range': 'kyverno', 'Disallow_NodePort': 'kyverno'}",
01-Nginx-App1-Deployment-and-NodePortService2.yaml,Deployment,31,8,4,12,67.09,0,33,422,178,1,166.47,231.73,49.01,280.74,True,True,16,1,76.71,100.0,"{'kubernetes_drop_unused_capabilities': 'trivy', 'no_root': 'trivy', 'kubernetes_use_readonly_filesystem': 'trivy', 'use_high_gid': 'trivy', 'use_high_uid': 'trivy', 'kubernetes_drop_default_capabilities': 'trivy', 'kubernetes_primary_supplementary_gid': 'trivy', 'Require_Multiple_Replicas': 'kyverno', 'cpuLimitsMissing': 'polaris', 'cpuRequestsMissing': 'polaris', 'memoryLimitsMissing': 'polaris', 'memoryRequestsMissing': 'polaris'}",
01-Nginx-App1-Deployment-and-NodePortService20.yaml,Deployment,31,8,4,12,67.09,0,33,422,178,1,168.13,231.57,32.2,263.77,True,True,16,1,76.71,100.0,"{'kubernetes_drop_unused_capabilities': 'trivy', 'no_root': 'trivy', 'kubernetes_use_readonly_filesystem': 'trivy', 'use_high_gid': 'trivy', 'use_high_uid': 'trivy', 'kubernetes_drop_default_capabilities': 'trivy', 'kubernetes_primary_supplementary_gid': 'trivy', 'Require_Multiple_Replicas': 'kyverno', 'cpuLimitsMissing': 'polaris', 'cpuRequestsMissing': 'polaris', 'memoryLimitsMissing': 'polaris', 'memoryRequestsMissing': 'polaris'}",
01-Nginx-App1-Deployment-and-NodePortService20_1.yaml,Service,6,2,0,2,68.89,0,18,13,4,1,70.04,85.14,11.24,96.38,True,True,2,2,85.71,100.0,"{'Restrict_Service_Port_Range': 'kyverno', 'Disallow_NodePort': 'kyverno'}",
01-Nginx-App1-Deployment-and-NodePortService21.yaml,Deployment,31,8,4,12,67.09,0,24,422,178,1,164.78,209.16,26.12,235.28,True,True,16,1,70.18,100.0,"{'kubernetes_drop_unused_capabilities': 'trivy', 'no_root': 'trivy', 'kubernetes_use_readonly_filesystem': 'trivy', 'use_high_gid': 'trivy', 'use_high_uid': 'trivy', 'kubernetes_drop_default_capabilities': 'trivy', 'kubernetes_primary_supplementary_gid': 'trivy', 'Require_Multiple_Replicas': 'kyverno', 'cpuLimitsMissing': 'polaris', 'cpuRequestsMissing': 'polaris', 'memoryLimitsMissing': 'polaris', 'memoryRequestsMissing': 'polaris'}",
01-Nginx-App1-Deployment-and-NodePortService21_1.yaml,Service,6,2,0,2,68.89,0,18,13,4,1,75.99,91.25,11.13,102.38,True,True,2,2,85.71,100.0,"{'Restrict_Service_Port_Range': 'kyverno', 'Disallow_NodePort': 'kyverno'}",
01-Nginx-App1-Deployment-and-NodePortService22.yaml,Deployment,31,8,4,12,67.09,0,33,422,178,1,155.52,220.01,32.38,252.39,True,True,16,1,76.71,100.0,"{'kubernetes_drop_unused_capabilities': 'trivy', 'no_root': 'trivy', 'kubernetes_use_readonly_filesystem': 'trivy', 'use_high_gid': 'trivy', 'use_high_uid': 'trivy', 'kubernetes_drop_default_capabilities': 'trivy', 'kubernetes_primary_supplementary_gid': 'trivy', 'Require_Multiple_Replicas': 'kyverno', 'cpuLimitsMissing': 'polaris', 'cpuRequestsMissing': 'polaris', 'memoryLimitsMissing': 'polaris', 'memoryRequestsMissing': 'polaris'}",
01-Nginx-App1-Deployment-and-NodePortService22_1.yaml,Service,6,2,0,2,68.89,0,18,13,4,1,95.08,111.17,11.44,122.61,True,True,2,2,85.71,100.0,"{'Restrict_Service_Port_Range': 'kyverno', 'Disallow_NodePort': 'kyverno'}",
01-Nginx-App1-Deployment-and-NodePortService23.yaml,Deployment,31,8,4,12,67.09,0,33,422,178,1,162.74,226.41,31.78,258.19,True,True,16,1,76.71,100.0,"{'kubernetes_drop_unused_capabilities': 'trivy', 'no_root': 'trivy', 'kubernetes_use_readonly_filesystem': 'trivy', 'use_high_gid': 'trivy', 'use_high_uid': 'trivy', 'kubernetes_drop_default_capabilities': 'trivy', 'kubernetes_primary_supplementary_gid': 'trivy', 'Require_Multiple_Replicas': 'kyverno', 'cpuLimitsMissing': 'polaris', 'cpuRequestsMissing': 'polaris', 'memoryLimitsMissing': 'polaris', 'memoryRequestsMissing': 'polaris'}",
01-Nginx-App1-Deployment-and-NodePortService23_1.yaml,Service,6,2,0,2,68.89,0,18,13,4,1,70.26,85.49,11.93,97.42,True,True,2,2,85.71,100.0,"{'Restrict_Service_Port_Range': 'kyverno', 'Disallow_NodePort': 'kyverno'}",
01-Nginx-App1-Deployment-and-NodePortService24.yaml,Deployment,31,8,4,12,67.09,0,33,422,178,1,164.92,231.13,48.9,280.03,True,True,16,1,76.71,100.0,"{'kubernetes_drop_unused_capabilities': 'trivy', 'no_root': 'trivy', 'kubernetes_use_readonly_filesystem': 'trivy', 'use_high_gid': 'trivy', 'use_high_uid': 'trivy', 'kubernetes_drop_default_capabilities': 'trivy', 'kubernetes_primary_supplementary_gid': 'trivy', 'Require_Multiple_Replicas': 'kyverno', 'cpuLimitsMissing': 'polaris', 'cpuRequestsMissing': 'polaris', 'memoryLimitsMissing': 'polaris', 'memoryRequestsMissing': 'polaris'}",
01-Nginx-App1-Deployment-and-NodePortService24_1.yaml,Service,6,2,0,2,68.89,0,18,13,4,1,72.45,87.31,11.41,98.72,True,True,2,2,85.71,100.0,"{'Restrict_Service_Port_Range': 'kyverno', 'Disallow_NodePort': 'kyverno'}",
01-Nginx-App1-Deployment-and-NodePortService25.yaml,Deployment,31,8,4,12,67.09,0,33,422,178,1,161.95,226.14,33.91,260.05,True,True,16,1,76.71,100.0,"{'kubernetes_drop_unused_capabilities': 'trivy', 'no_root': 'trivy', 'kubernetes_use_readonly_filesystem': 'trivy', 'use_high_gid': 'trivy', 'use_high_uid': 'trivy', 'kubernetes_drop_default_capabilities': 'trivy', 'kubernetes_primary_supplementary_gid': 'trivy', 'Require_Multiple_Replicas': 'kyverno', 'cpuLimitsMissing': 'polaris', 'cpuRequestsMissing': 'polaris', 'memoryLimitsMissing': 'polaris', 'memoryRequestsMissing': 'polaris'}",
01-Nginx-App1-Deployment-and-NodePortService25_1.yaml,Service,6,2,0,2,68.89,0,18,13,4,1,69.13,84.19,11.46,95.65,True,True,2,2,85.71,100.0,"{'Restrict_Service_Port_Range': 'kyverno', 'Disallow_NodePort': 'kyverno'}",
01-Nginx-App1-Deployment-and-NodePortService26.yaml,Deployment,31,8,4,12,67.09,0,33,422,178,1,158.19,223.4,32.28,255.68,True,True,16,1,76.71,100.0,"{'kubernetes_drop_unused_capabilities': 'trivy', 'no_root': 'trivy', 'kubernetes_use_readonly_filesystem': 'trivy', 'use_high_gid': 'trivy', 'use_high_uid': 'trivy', 'kubernetes_drop_default_capabilities': 'trivy', 'kubernetes_primary_supplementary_gid': 'trivy', 'Require_Multiple_Replicas': 'kyverno', 'cpuLimitsMissing': 'polaris', 'cpuRequestsMissing': 'polaris', 'memoryLimitsMissing': 'polaris', 'memoryRequestsMissing': 'polaris'}",
01-Nginx-App1-Deployment-and-NodePortService26_1.yaml,Service,6,2,0,2,68.89,0,18,13,4,1,71.51,86.8,12.46,99.26,True,True,2,2,85.71,100.0,"{'Restrict_Service_Port_Range': 'kyverno', 'Disallow_NodePort': 'kyverno'}",
01-Nginx-App1-Deployment-and-NodePortService27.yaml,Deployment,31,8,4,12,67.09,0,33,422,178,1,160.54,225.73,33.31,259.04,True,True,16,1,76.71,100.0,"{'kubernetes_drop_unused_capabilities': 'trivy', 'no_root': 'trivy', 'kubernetes_use_readonly_filesystem': 'trivy', 'use_high_gid': 'trivy', 'use_high_uid': 'trivy', 'kubernetes_drop_default_capabilities': 'trivy', 'kubernetes_primary_supplementary_gid': 'trivy', 'Require_Multiple_Replicas': 'kyverno', 'cpuLimitsMissing': 'polaris', 'cpuRequestsMissing': 'polaris', 'memoryLimitsMissing': 'polaris', 'memoryRequestsMissing': 'polaris'}",
01-Nginx-App1-Deployment-and-NodePortService27_1.yaml,Service,6,2,0,2,68.89,0,18,13,4,1,70.6,88.2,11.49,99.69,True,True,2,2,85.71,100.0,"{'Restrict_Service_Port_Range': 'kyverno', 'Disallow_NodePort': 'kyverno'}",
01-Nginx-App1-Deployment-and-NodePortService28.yaml,Deployment,31,8,4,12,67.09,0,33,422,178,1,171.37,236.38,45.59,281.97,True,True,16,1,76.71,100.0,"{'kubernetes_drop_unused_capabilities': 'trivy', 'no_root': 'trivy', 'kubernetes_use_readonly_filesystem': 'trivy', 'use_high_gid': 'trivy', 'use_high_uid': 'trivy', 'kubernetes_drop_default_capabilities': 'trivy', 'kubernetes_primary_supplementary_gid': 'trivy', 'Require_Multiple_Replicas': 'kyverno', 'cpuLimitsMissing': 'polaris', 'cpuRequestsMissing': 'polaris', 'memoryLimitsMissing': 'polaris', 'memoryRequestsMissing': 'polaris'}",
01-Nginx-App1-Deployment-and-NodePortService28_1.yaml,Service,6,2,0,2,68.89,0,20,13,4,1,70.98,86.56,12.18,98.74,True,True,2,2,86.67,100.0,"{'Restrict_Service_Port_Range': 'kyverno', 'Disallow_NodePort': 'kyverno'}",
01-Nginx-App1-Deployment-and-NodePortService29.yaml,Deployment,31,8,4,12,67.09,0,33,422,178,1,157.62,222.15,33.34,255.49,True,True,16,1,76.71,100.0,"{'kubernetes_drop_unused_capabilities': 'trivy', 'no_root': 'trivy', 'kubernetes_use_readonly_filesystem': 'trivy', 'use_high_gid': 'trivy', 'use_high_uid': 'trivy', 'kubernetes_drop_default_capabilities': 'trivy', 'kubernetes_primary_supplementary_gid': 'trivy', 'Require_Multiple_Replicas': 'kyverno', 'cpuLimitsMissing': 'polaris', 'cpuRequestsMissing': 'polaris', 'memoryLimitsMissing': 'polaris', 'memoryRequestsMissing': 'polaris'}",
01-Nginx-App1-Deployment-and-NodePortService29_1.yaml,Service,6,2,0,2,68.89,0,14,13,4,1,71.75,86.27,8.99,95.26,True,True,2,2,81.82,100.0,"{'Restrict_Service_Port_Range': 'kyverno', 'Disallow_NodePort': 'kyverno'}",
01-Nginx-App1-Deployment-and-NodePortService2_1.yaml,Service,6,2,0,2,68.89,0,18,13,4,1,70.78,85.92,11.23,97.15,True,True,2,2,85.71,100.0,"{'Restrict_Service_Port_Range': 'kyverno', 'Disallow_NodePort': 'kyverno'}",
01-Nginx-App1-Deployment-and-NodePortService3.yaml,Deployment,31,8,4,12,67.09,0,33,422,178,1,174.07,238.53,32.01,270.54,True,True,16,1,76.71,100.0,"{'kubernetes_drop_unused_capabilities': 'trivy', 'no_root': 'trivy', 'kubernetes_use_readonly_filesystem': 'trivy', 'use_high_gid': 'trivy', 'use_high_uid': 'trivy', 'kubernetes_drop_default_capabilities': 'trivy', 'kubernetes_primary_supplementary_gid': 'trivy', 'Require_Multiple_Replicas': 'kyverno', 'cpuLimitsMissing': 'polaris', 'cpuRequestsMissing': 'polaris', 'memoryLimitsMissing': 'polaris', 'memoryRequestsMissing': 'polaris'}",
01-Nginx-App1-Deployment-and-NodePortService30.yaml,Deployment,31,8,4,12,67.09,0,33,422,178,1,161.75,225.75,43.36,269.11,True,True,16,1,76.71,100.0,"{'kubernetes_drop_unused_capabilities': 'trivy', 'no_root': 'trivy', 'kubernetes_use_readonly_filesystem': 'trivy', 'use_high_gid': 'trivy', 'use_high_uid': 'trivy', 'kubernetes_drop_default_capabilities': 'trivy', 'kubernetes_primary_supplementary_gid': 'trivy', 'Require_Multiple_Replicas': 'kyverno', 'cpuLimitsMissing': 'polaris', 'cpuRequestsMissing': 'polaris', 'memoryLimitsMissing': 'polaris', 'memoryRequestsMissing': 'polaris'}",
01-Nginx-App1-Deployment-and-NodePortService30_1.yaml,Service,6,2,0,2,68.89,0,14,13,4,1,69.67,84.2,9.01,93.21,True,True,2,2,81.82,100.0,"{'Restrict_Service_Port_Range': 'kyverno', 'Disallow_NodePort': 'kyverno'}",
01-Nginx-App1-Deployment-and-NodePortService31.yaml,Deployment,31,8,4,12,67.09,0,33,422,178,1,163.69,227.57,47.02,274.59,True,True,16,1,76.71,100.0,"{'kubernetes_drop_unused_capabilities': 'trivy', 'no_root': 'trivy', 'kubernetes_use_readonly_filesystem': 'trivy', 'use_high_gid': 'trivy', 'use_high_uid': 'trivy', 'kubernetes_drop_default_capabilities': 'trivy', 'kubernetes_primary_supplementary_gid': 'trivy', 'Require_Multiple_Replicas': 'kyverno', 'cpuLimitsMissing': 'polaris', 'cpuRequestsMissing': 'polaris', 'memoryLimitsMissing': 'polaris', 'memoryRequestsMissing': 'polaris'}",
01-Nginx-App1-Deployment-and-NodePortService31_1.yaml,Service,6,2,0,2,68.89,0,18,13,4,1,74.67,89.84,11.17,101.01,True,True,2,2,85.71,100.0,"{'Restrict_Service_Port_Range': 'kyverno', 'Disallow_NodePort': 'kyverno'}",
01-Nginx-App1-Deployment-and-NodePortService32.yaml,Deployment,31,8,4,12,67.09,0,24,422,178,1,170.5,216.89,25.76,242.65,True,True,16,1,70.18,100.0,"{'kubernetes_drop_unused_capabilities': 'trivy', 'no_root': 'trivy', 'kubernetes_use_readonly_filesystem': 'trivy', 'use_high_gid': 'trivy', 'use_high_uid': 'trivy', 'kubernetes_drop_default_capabilities': 'trivy', 'kubernetes_primary_supplementary_gid': 'trivy', 'Require_Multiple_Replicas': 'kyverno', 'cpuLimitsMissing': 'polaris', 'cpuRequestsMissing': 'polaris', 'memoryLimitsMissing': 'polaris', 'memoryRequestsMissing': 'polaris'}",
01-Nginx-App1-Deployment-and-NodePortService32_1.yaml,Service,6,2,0,2,68.89,0,18,13,4,1,91.02,106.05,11.34,117.39,True,True,2,2,85.71,100.0,"{'Restrict_Service_Port_Range': 'kyverno', 'Disallow_NodePort': 'kyverno'}",
01-Nginx-App1-Deployment-and-NodePortService33.yaml,Deployment,31,8,4,12,67.09,0,33,422,178,1,156.29,221.68,32.27,253.95,True,True,16,1,76.71,100.0,"{'kubernetes_drop_unused_capabilities': 'trivy', 'no_root': 'trivy', 'kubernetes_use_readonly_filesystem': 'trivy', 'use_high_gid': 'trivy', 'use_high_uid': 'trivy', 'kubernetes_drop_default_capabilities': 'trivy', 'kubernetes_primary_supplementary_gid': 'trivy', 'Require_Multiple_Replicas': 'kyverno', 'cpuLimitsMissing': 'polaris', 'cpuRequestsMissing': 'polaris', 'memoryLimitsMissing': 'polaris', 'memoryRequestsMissing': 'polaris'}",
01-Nginx-App1-Deployment-and-NodePortService33_1.yaml,Service,6,2,0,2,68.89,0,18,13,4,1,68.12,83.07,11.21,94.28,True,True,2,2,85.71,100.0,"{'Restrict_Service_Port_Range': 'kyverno', 'Disallow_NodePort': 'kyverno'}",
01-Nginx-App1-Deployment-and-NodePortService34.yaml,Deployment,31,8,4,12,67.09,0,33,422,178,1,162.6,226.86,31.92,258.78,True,True,16,1,76.71,100.0,"{'kubernetes_drop_unused_capabilities': 'trivy', 'no_root': 'trivy', 'kubernetes_use_readonly_filesystem': 'trivy', 'use_high_gid': 'trivy', 'use_high_uid': 'trivy', 'kubernetes_drop_default_capabilities': 'trivy', 'kubernetes_primary_supplementary_gid': 'trivy', 'Require_Multiple_Replicas': 'kyverno', 'cpuLimitsMissing': 'polaris', 'cpuRequestsMissing': 'polaris', 'memoryLimitsMissing': 'polaris', 'memoryRequestsMissing': 'polaris'}",
01-Nginx-App1-Deployment-and-NodePortService34_1.yaml,Service,6,2,0,2,68.89,0,18,13,4,1,80.25,95.16,11.86,107.02,True,True,2,2,85.71,100.0,"{'Restrict_Service_Port_Range': 'kyverno', 'Disallow_NodePort': 'kyverno'}",
01-Nginx-App1-Deployment-and-NodePortService35.yaml,Deployment,31,8,4,12,67.09,0,33,422,178,1,157.96,222.14,48.53,270.67,True,True,16,1,76.71,100.0,"{'kubernetes_drop_unused_capabilities': 'trivy', 'no_root': 'trivy', 'kubernetes_use_readonly_filesystem': 'trivy', 'use_high_gid': 'trivy', 'use_high_uid': 'trivy', 'kubernetes_drop_default_capabilities': 'trivy', 'kubernetes_primary_supplementary_gid': 'trivy', 'Require_Multiple_Replicas': 'kyverno', 'cpuLimitsMissing': 'polaris', 'cpuRequestsMissing': 'polaris', 'memoryLimitsMissing': 'polaris', 'memoryRequestsMissing': 'polaris'}",
01-Nginx-App1-Deployment-and-NodePortService35_1.yaml,Service,6,2,0,2,68.89,0,18,13,4,1,71.47,86.66,11.31,97.97,True,True,2,2,85.71,100.0,"{'Restrict_Service_Port_Range': 'kyverno', 'Disallow_NodePort': 'kyverno'}",
01-Nginx-App1-Deployment-and-NodePortService36.yaml,Deployment,31,8,4,12,67.09,0,33,422,178,1,160.33,225.48,32.23,257.71,True,True,16,1,76.71,100.0,"{'kubernetes_drop_unused_capabilities': 'trivy', 'no_root': 'trivy', 'kubernetes_use_readonly_filesystem': 'trivy', 'use_high_gid': 'trivy', 'use_high_uid': 'trivy', 'kubernetes_drop_default_capabilities': 'trivy', 'kubernetes_primary_supplementary_gid': 'trivy', 'Require_Multiple_Replicas': 'kyverno', 'cpuLimitsMissing': 'polaris', 'cpuRequestsMissing': 'polaris', 'memoryLimitsMissing': 'polaris', 'memoryRequestsMissing': 'polaris'}",
01-Nginx-App1-Deployment-and-NodePortService36_1.yaml,Service,6,2,0,2,68.89,0,18,13,4,1,71.03,86.19,11.19,97.38,True,True,2,2,85.71,100.0,"{'Restrict_Service_Port_Range': 'kyverno', 'Disallow_NodePort': 'kyverno'}",
01-Nginx-App1-Deployment-and-NodePortService37.yaml,Deployment,31,8,4,12,67.09,0,33,422,178,1,168.35,233.43,32.07,265.5,True,True,16,1,76.71,100.0,"{'kubernetes_drop_unused_capabilities': 'trivy', 'no_root': 'trivy', 'kubernetes_use_readonly_filesystem': 'trivy', 'use_high_gid': 'trivy', 'use_high_uid': 'trivy', 'kubernetes_drop_default_capabilities': 'trivy', 'kubernetes_primary_supplementary_gid': 'trivy', 'Require_Multiple_Replicas': 'kyverno', 'cpuLimitsMissing': 'polaris', 'cpuRequestsMissing': 'polaris', 'memoryLimitsMissing': 'polaris', 'memoryRequestsMissing': 'polaris'}",
01-Nginx-App1-Deployment-and-NodePortService37_1.yaml,Service,6,2,0,2,68.89,0,18,13,4,1,96.14,112.01,11.25,123.26,True,True,2,2,85.71,100.0,"{'Restrict_Service_Port_Range': 'kyverno', 'Disallow_NodePort': 'kyverno'}",
01-Nginx-App1-Deployment-and-NodePortService38.yaml,Deployment,31,8,4,12,67.09,0,33,422,178,1,218.29,283.7,32.35,316.05,True,True,16,1,76.71,100.0,"{'kubernetes_drop_unused_capabilities': 'trivy', 'no_root': 'trivy', 'kubernetes_use_readonly_filesystem': 'trivy', 'use_high_gid': 'trivy', 'use_high_uid': 'trivy', 'kubernetes_drop_default_capabilities': 'trivy', 'kubernetes_primary_supplementary_gid': 'trivy', 'Require_Multiple_Replicas': 'kyverno', 'cpuLimitsMissing': 'polaris', 'cpuRequestsMissing': 'polaris', 'memoryLimitsMissing': 'polaris', 'memoryRequestsMissing': 'polaris'}",
01-Nginx-App1-Deployment-and-NodePortService38_1.yaml,Service,6,2,0,2,68.89,0,18,13,4,1,70.5,85.49,11.81,97.3,True,True,2,2,85.71,100.0,"{'Restrict_Service_Port_Range': 'kyverno', 'Disallow_NodePort': 'kyverno'}",
01-Nginx-App1-Deployment-and-NodePortService39.yaml,Deployment,31,8,4,12,67.09,0,33,422,178,1,157.72,223.03,44.95,267.98,True,True,16,1,76.71,100.0,"{'kubernetes_drop_unused_capabilities': 'trivy', 'no_root': 'trivy', 'kubernetes_use_readonly_filesystem': 'trivy', 'use_high_gid': 'trivy', 'use_high_uid': 'trivy', 'kubernetes_drop_default_capabilities': 'trivy', 'kubernetes_primary_supplementary_gid': 'trivy', 'Require_Multiple_Replicas': 'kyverno', 'cpuLimitsMissing': 'polaris', 'cpuRequestsMissing': 'polaris', 'memoryLimitsMissing': 'polaris', 'memoryRequestsMissing': 'polaris'}",
01-Nginx-App1-Deployment-and-NodePortService39_1.yaml,Service,6,2,0,2,68.89,0,20,13,4,1,70.91,86.13,12.5,98.63,True,True,2,2,86.67,100.0,"{'Restrict_Service_Port_Range': 'kyverno', 'Disallow_NodePort': 'kyverno'}",
01-Nginx-App1-Deployment-and-NodePortService3_1.yaml,Service,6,2,0,2,68.89,0,18,13,4,1,72.9,88.08,11.42,99.5,True,True,2,2,85.71,100.0,"{'Restrict_Service_Port_Range': 'kyverno', 'Disallow_NodePort': 'kyverno'}",
01-Nginx-App1-Deployment-and-NodePortService4.yaml,Deployment,31,8,4,12,67.09,0,33,422,178,1,162.52,228.28,32.26,260.54,True,True,16,1,76.71,100.0,"{'kubernetes_drop_unused_capabilities': 'trivy', 'no_root': 'trivy', 'kubernetes_use_readonly_filesystem': 'trivy', 'use_high_gid': 'trivy', 'use_high_uid': 'trivy', 'kubernetes_drop_default_capabilities': 'trivy', 'kubernetes_primary_supplementary_gid': 'trivy', 'Require_Multiple_Replicas': 'kyverno', 'cpuLimitsMissing': 'polaris', 'cpuRequestsMissing': 'polaris', 'memoryLimitsMissing': 'polaris', 'memoryRequestsMissing': 'polaris'}",
01-Nginx-App1-Deployment-and-NodePortService40.yaml,Deployment,31,8,4,12,67.09,0,33,422,178,1,174.14,238.16,31.51,269.67,True,True,16,1,76.71,100.0,"{'kubernetes_drop_unused_capabilities': 'trivy', 'no_root': 'trivy', 'kubernetes_use_readonly_filesystem': 'trivy', 'use_high_gid': 'trivy', 'use_high_uid': 'trivy', 'kubernetes_drop_default_capabilities': 'trivy', 'kubernetes_primary_supplementary_gid': 'trivy', 'Require_Multiple_Replicas': 'kyverno', 'cpuLimitsMissing': 'polaris', 'cpuRequestsMissing': 'polaris', 'memoryLimitsMissing': 'polaris', 'memoryRequestsMissing': 'polaris'}",
01-Nginx-App1-Deployment-and-NodePortService40_1.yaml,Service,6,2,0,2,68.89,0,14,13,4,1,71.11,85.67,9.11,94.78,True,True,2,2,81.82,100.0,"{'Restrict_Service_Port_Range': 'kyverno', 'Disallow_NodePort': 'kyverno'}",
01-Nginx-App1-Deployment-and-NodePortService41.yaml,Deployment,31,8,4,12,67.09,0,33,422,178,1,163.15,227.81,32.38,260.19,True,True,16,1,76.71,100.0,"{'kubernetes_drop_unused_capabilities': 'trivy', 'no_root': 'trivy', 'kubernetes_use_readonly_filesystem': 'trivy', 'use_high_gid': 'trivy', 'use_high_uid': 'trivy', 'kubernetes_drop_default_capabilities': 'trivy', 'kubernetes_primary_supplementary_gid': 'trivy', 'Require_Multiple_Replicas': 'kyverno', 'cpuLimitsMissing': 'polaris', 'cpuRequestsMissing': 'polaris', 'memoryLimitsMissing': 'polaris', 'memoryRequestsMissing': 'polaris'}",
01-Nginx-App1-Deployment-and-NodePortService41_1.yaml,Service,6,2,0,2,68.89,0,14,13,4,1,70.6,86.71,8.99,95.7,True,True,2,2,81.82,100.0,"{'Restrict_Service_Port_Range': 'kyverno', 'Disallow_NodePort': 'kyverno'}",
01-Nginx-App1-Deployment-and-NodePortService42.yaml,Deployment,31,8,4,12,67.09,0,33,422,178,1,163.35,228.63,44.51,273.14,True,True,16,1,76.71,100.0,"{'kubernetes_drop_unused_capabilities': 'trivy', 'no_root': 'trivy', 'kubernetes_use_readonly_filesystem': 'trivy', 'use_high_gid': 'trivy', 'use_high_uid': 'trivy', 'kubernetes_drop_default_capabilities': 'trivy', 'kubernetes_primary_supplementary_gid': 'trivy', 'Require_Multiple_Replicas': 'kyverno', 'cpuLimitsMissing': 'polaris', 'cpuRequestsMissing': 'polaris', 'memoryLimitsMissing': 'polaris', 'memoryRequestsMissing': 'polaris'}",
01-Nginx-App1-Deployment-and-NodePortService42_1.yaml,Service,6,2,0,2,68.89,0,18,13,4,1,75.8,91.13,11.74,102.87,True,True,2,2,85.71,100.0,"{'Restrict_Service_Port_Range': 'kyverno', 'Disallow_NodePort': 'kyverno'}",
01-Nginx-App1-Deployment-and-NodePortService43.yaml,Deployment,31,8,4,12,67.09,0,24,422,178,1,164.9,209.77,26.15,235.92,True,True,16,1,70.18,100.0,"{'kubernetes_drop_unused_capabilities': 'trivy', 'no_root': 'trivy', 'kubernetes_use_readonly_filesystem': 'trivy', 'use_high_gid': 'trivy', 'use_high_uid': 'trivy', 'kubernetes_drop_default_capabilities': 'trivy', 'kubernetes_primary_supplementary_gid': 'trivy', 'Require_Multiple_Replicas': 'kyverno', 'cpuLimitsMissing': 'polaris', 'cpuRequestsMissing': 'polaris', 'memoryLimitsMissing': 'polaris', 'memoryRequestsMissing': 'polaris'}",
01-Nginx-App1-Deployment-and-NodePortService43_1.yaml,Service,6,2,0,2,68.89,0,18,13,4,1,70.89,85.84,11.27,97.11,True,True,2,2,85.71,100.0,"{'Restrict_Service_Port_Range': 'kyverno', 'Disallow_NodePort': 'kyverno'}",
01-Nginx-App1-Deployment-and-NodePortService44.yaml,Deployment,31,8,4,12,67.09,0,33,422,178,1,160.52,224.02,31.86,255.88,True,True,16,1,76.71,100.0,"{'kubernetes_drop_unused_capabilities': 'trivy', 'no_root': 'trivy', 'kubernetes_use_readonly_filesystem': 'trivy', 'use_high_gid': 'trivy', 'use_high_uid': 'trivy', 'kubernetes_drop_default_capabilities': 'trivy', 'kubernetes_primary_supplementary_gid': 'trivy', 'Require_Multiple_Replicas': 'kyverno', 'cpuLimitsMissing': 'polaris', 'cpuRequestsMissing': 'polaris', 'memoryLimitsMissing': 'polaris', 'memoryRequestsMissing': 'polaris'}",
01-Nginx-App1-Deployment-and-NodePortService44_1.yaml,Service,6,2,0,2,68.89,0,18,13,4,1,71.32,86.44,11.42,97.86,True,True,2,2,85.71,100.0,"{'Restrict_Service_Port_Range': 'kyverno', 'Disallow_NodePort': 'kyverno'}",
01-Nginx-App1-Deployment-and-NodePortService45.yaml,Deployment,31,8,4,12,67.09,0,33,422,178,1,160.6,224.81,31.81,256.62,True,True,16,1,76.71,100.0,"{'kubernetes_drop_unused_capabilities': 'trivy', 'no_root': 'trivy', 'kubernetes_use_readonly_filesystem': 'trivy', 'use_high_gid': 'trivy', 'use_high_uid': 'trivy', 'kubernetes_drop_default_capabilities': 'trivy', 'kubernetes_primary_supplementary_gid': 'trivy', 'Require_Multiple_Replicas': 'kyverno', 'cpuLimitsMissing': 'polaris', 'cpuRequestsMissing': 'polaris', 'memoryLimitsMissing': 'polaris', 'memoryRequestsMissing': 'polaris'}",
01-Nginx-App1-Deployment-and-NodePortService45_1.yaml,Service,6,2,0,2,68.89,0,18,13,4,1,71.18,86.34,12.3,98.64,True,True,2,2,85.71,100.0,"{'Restrict_Service_Port_Range': 'kyverno', 'Disallow_NodePort': 'kyverno'}",
01-Nginx-App1-Deployment-and-NodePortService46.yaml,Deployment,31,8,4,12,67.09,0,33,422,178,1,152.02,215.69,46.81,262.5,True,True,16,1,76.71,100.0,"{'kubernetes_drop_unused_capabilities': 'trivy', 'no_root': 'trivy', 'kubernetes_use_readonly_filesystem': 'trivy', 'use_high_gid': 'trivy', 'use_high_uid': 'trivy', 'kubernetes_drop_default_capabilities': 'trivy', 'kubernetes_primary_supplementary_gid': 'trivy', 'Require_Multiple_Replicas': 'kyverno', 'cpuLimitsMissing': 'polaris', 'cpuRequestsMissing': 'polaris', 'memoryLimitsMissing': 'polaris', 'memoryRequestsMissing': 'polaris'}",
01-Nginx-App1-Deployment-and-NodePortService46_1.yaml,Service,6,2,0,2,68.89,0,18,13,4,1,71.8,87.73,11.2,98.93,True,True,2,2,85.71,100.0,"{'Restrict_Service_Port_Range': 'kyverno', 'Disallow_NodePort': 'kyverno'}",
01-Nginx-App1-Deployment-and-NodePortService47.yaml,Deployment,31,8,4,12,67.09,0,33,422,178,1,163.0,227.28,31.96,259.24,True,True,16,1,76.71,100.0,"{'kubernetes_drop_unused_capabilities': 'trivy', 'no_root': 'trivy', 'kubernetes_use_readonly_filesystem': 'trivy', 'use_high_gid': 'trivy', 'use_high_uid': 'trivy', 'kubernetes_drop_default_capabilities': 'trivy', 'kubernetes_primary_supplementary_gid': 'trivy', 'Require_Multiple_Replicas': 'kyverno', 'cpuLimitsMissing': 'polaris', 'cpuRequestsMissing': 'polaris', 'memoryLimitsMissing': 'polaris', 'memoryRequestsMissing': 'polaris'}",
01-Nginx-App1-Deployment-and-NodePortService47_1.yaml,Service,6,2,0,2,68.89,0,18,13,4,1,69.33,84.25,11.61,95.86,True,True,2,2,85.71,100.0,"{'Restrict_Service_Port_Range': 'kyverno', 'Disallow_NodePort': 'kyverno'}",
01-Nginx-App1-Deployment-and-NodePortService48.yaml,Deployment,31,8,4,12,67.09,0,33,422,178,1,169.41,235.3,32.16,267.46,True,True,16,1,76.71,100.0,"{'kubernetes_drop_unused_capabilities': 'trivy', 'no_root': 'trivy', 'kubernetes_use_readonly_filesystem': 'trivy', 'use_high_gid': 'trivy', 'use_high_uid': 'trivy', 'kubernetes_drop_default_capabilities': 'trivy', 'kubernetes_primary_supplementary_gid': 'trivy', 'Require_Multiple_Replicas': 'kyverno', 'cpuLimitsMissing': 'polaris', 'cpuRequestsMissing': 'polaris', 'memoryLimitsMissing': 'polaris', 'memoryRequestsMissing': 'polaris'}",
01-Nginx-App1-Deployment-and-NodePortService48_1.yaml,Service,6,2,0,2,68.89,0,18,13,4,1,73.64,88.53,11.33,99.86,True,True,2,2,85.71,100.0,"{'Restrict_Service_Port_Range': 'kyverno', 'Disallow_NodePort': 'kyverno'}",
01-Nginx-App1-Deployment-and-NodePortService49.yaml,Deployment,31,8,4,12,67.09,0,33,422,178,1,160.85,225.54,31.8,257.34,True,True,16,1,76.71,100.0,"{'kubernetes_drop_unused_capabilities': 'trivy', 'no_root': 'trivy', 'kubernetes_use_readonly_filesystem': 'trivy', 'use_high_gid': 'trivy', 'use_high_uid': 'trivy', 'kubernetes_drop_default_capabilities': 'trivy', 'kubernetes_primary_supplementary_gid': 'trivy', 'Require_Multiple_Replicas': 'kyverno', 'cpuLimitsMissing': 'polaris', 'cpuRequestsMissing': 'polaris', 'memoryLimitsMissing': 'polaris', 'memoryRequestsMissing': 'polaris'}",
01-Nginx-App1-Deployment-and-NodePortService49_1.yaml,Service,6,2,0,2,68.89,0,18,13,4,1,67.87,82.8,11.41,94.21,True,True,2,2,85.71,100.0,"{'Restrict_Service_Port_Range': 'kyverno', 'Disallow_NodePort': 'kyverno'}",
01-Nginx-App1-Deployment-and-NodePortService4_1.yaml,Service,6,2,0,2,68.89,0,18,13,4,1,71.79,86.94,11.25,98.19,True,True,2,2,85.71,100.0,"{'Restrict_Service_Port_Range': 'kyverno', 'Disallow_NodePort': 'kyverno'}",
01-Nginx-App1-Deployment-and-NodePortService5.yaml,Deployment,31,8,4,12,67.09,0,33,422,178,1,172.35,236.32,48.08,284.4,True,True,16,1,76.71,100.0,"{'kubernetes_drop_unused_capabilities': 'trivy', 'no_root': 'trivy', 'kubernetes_use_readonly_filesystem': 'trivy', 'use_high_gid': 'trivy', 'use_high_uid': 'trivy', 'kubernetes_drop_default_capabilities': 'trivy', 'kubernetes_primary_supplementary_gid': 'trivy', 'Require_Multiple_Replicas': 'kyverno', 'cpuLimitsMissing': 'polaris', 'cpuRequestsMissing': 'polaris', 'memoryLimitsMissing': 'polaris', 'memoryRequestsMissing': 'polaris'}",
01-Nginx-App1-Deployment-and-NodePortService50.yaml,Deployment,31,8,4,12,67.09,0,33,422,178,1,169.33,232.99,31.85,264.84,True,True,16,1,76.71,100.0,"{'kubernetes_drop_unused_capabilities': 'trivy', 'no_root': 'trivy', 'kubernetes_use_readonly_filesystem': 'trivy', 'use_high_gid': 'trivy', 'use_high_uid': 'trivy', 'kubernetes_drop_default_capabilities': 'trivy', 'kubernetes_primary_supplementary_gid': 'trivy', 'Require_Multiple_Replicas': 'kyverno', 'cpuLimitsMissing': 'polaris', 'cpuRequestsMissing': 'polaris', 'memoryLimitsMissing': 'polaris', 'memoryRequestsMissing': 'polaris'}",
01-Nginx-App1-Deployment-and-NodePortService50_1.yaml,Service,6,2,0,2,68.89,0,20,13,4,1,69.33,84.21,11.96,96.17,True,True,2,2,86.67,100.0,"{'Restrict_Service_Port_Range': 'kyverno', 'Disallow_NodePort': 'kyverno'}",
01-Nginx-App1-Deployment-and-NodePortService51.yaml,Deployment,31,8,4,12,67.09,0,33,422,178,1,156.79,221.24,32.5,253.74,True,True,16,1,76.71,100.0,"{'kubernetes_drop_unused_capabilities': 'trivy', 'no_root': 'trivy', 'kubernetes_use_readonly_filesystem': 'trivy', 'use_high_gid': 'trivy', 'use_high_uid': 'trivy', 'kubernetes_drop_default_capabilities': 'trivy', 'kubernetes_primary_supplementary_gid': 'trivy', 'Require_Multiple_Replicas': 'kyverno', 'cpuLimitsMissing': 'polaris', 'cpuRequestsMissing': 'polaris', 'memoryLimitsMissing': 'polaris', 'memoryRequestsMissing': 'polaris'}",
01-Nginx-App1-Deployment-and-NodePortService51_1.yaml,Service,6,2,0,2,68.89,0,14,13,4,1,70.75,85.26,10.27,95.53,True,True,2,2,81.82,100.0,"{'Restrict_Service_Port_Range': 'kyverno', 'Disallow_NodePort': 'kyverno'}",
01-Nginx-App1-Deployment-and-NodePortService52.yaml,Deployment,31,8,4,12,67.09,0,33,422,178,1,157.93,222.15,31.49,253.64,True,True,16,1,76.71,100.0,"{'kubernetes_drop_unused_capabilities': 'trivy', 'no_root': 'trivy', 'kubernetes_use_readonly_filesystem': 'trivy', 'use_high_gid': 'trivy', 'use_high_uid': 'trivy', 'kubernetes_drop_default_capabilities': 'trivy', 'kubernetes_primary_supplementary_gid': 'trivy', 'Require_Multiple_Replicas': 'kyverno', 'cpuLimitsMissing': 'polaris', 'cpuRequestsMissing': 'polaris', 'memoryLimitsMissing': 'polaris', 'memoryRequestsMissing': 'polaris'}",
01-Nginx-App1-Deployment-and-NodePortService52_1.yaml,Service,6,2,0,2,68.89,0,14,13,4,1,71.35,85.97,10.12,96.09,True,True,2,2,81.82,100.0,"{'Restrict_Service_Port_Range': 'kyverno', 'Disallow_NodePort': 'kyverno'}",
01-Nginx-App1-Deployment-and-NodePortService53.yaml,Deployment,31,8,4,12,67.09,0,33,422,178,1,154.37,218.28,32.32,250.6,True,True,16,1,76.71,100.0,"{'kubernetes_drop_unused_capabilities': 'trivy', 'no_root': 'trivy', 'kubernetes_use_readonly_filesystem': 'trivy', 'use_high_gid': 'trivy', 'use_high_uid': 'trivy', 'kubernetes_drop_default_capabilities': 'trivy', 'kubernetes_primary_supplementary_gid': 'trivy', 'Require_Multiple_Replicas': 'kyverno', 'cpuLimitsMissing': 'polaris', 'cpuRequestsMissing': 'polaris', 'memoryLimitsMissing': 'polaris', 'memoryRequestsMissing': 'polaris'}",
01-Nginx-App1-Deployment-and-NodePortService53_1.yaml,Service,6,2,0,2,68.89,0,18,13,4,1,70.06,85.01,12.36,97.37,True,True,2,2,85.71,100.0,"{'Restrict_Service_Port_Range': 'kyverno', 'Disallow_NodePort': 'kyverno'}",
01-Nginx-App1-Deployment-and-NodePortService5_1.yaml,Service,6,2,0,2,68.89,0,18,13,4,1,70.75,85.74,11.25,96.99,True,True,2,2,85.71,100.0,"{'Restrict_Service_Port_Range': 'kyverno', 'Disallow_NodePort': 'kyverno'}",
01-Nginx-App1-Deployment-and-NodePortService6.yaml,Deployment,31,8,4,12,67.09,0,33,422,178,1,169.71,233.67,50.5,284.17,True,True,16,1,76.71,100.0,"{'kubernetes_drop_unused_capabilities': 'trivy', 'no_root': 'trivy', 'kubernetes_use_readonly_filesystem': 'trivy', 'use_high_gid': 'trivy', 'use_high_uid': 'trivy', 'kubernetes_drop_default_capabilities': 'trivy', 'kubernetes_primary_supplementary_gid': 'trivy', 'Require_Multiple_Replicas': 'kyverno', 'cpuLimitsMissing': 'polaris', 'cpuRequestsMissing': 'polaris', 'memoryLimitsMissing': 'polaris', 'memoryRequestsMissing': 'polaris'}",
01-Nginx-App1-Deployment-and-NodePortService6_1.yaml,Service,6,2,0,2,68.89,0,20,13,4,1,69.96,85.24,12.09,97.33,True,True,2,2,86.67,100.0,"{'Restrict_Service_Port_Range': 'kyverno', 'Disallow_NodePort': 'kyverno'}",
01-Nginx-App1-Deployment-and-NodePortService7.yaml,Deployment,31,8,4,12,67.09,0,33,422,178,1,240.91,305.98,31.94,337.92,True,True,16,1,76.71,100.0,"{'kubernetes_drop_unused_capabilities': 'trivy', 'no_root': 'trivy', 'kubernetes_use_readonly_filesystem': 'trivy', 'use_high_gid': 'trivy', 'use_high_uid': 'trivy', 'kubernetes_drop_default_capabilities': 'trivy', 'kubernetes_primary_supplementary_gid': 'trivy', 'Require_Multiple_Replicas': 'kyverno', 'cpuLimitsMissing': 'polaris', 'cpuRequestsMissing': 'polaris', 'memoryLimitsMissing': 'polaris', 'memoryRequestsMissing': 'polaris'}",
01-Nginx-App1-Deployment-and-NodePortService7_1.yaml,Service,6,2,0,2,68.89,0,14,13,4,1,73.82,88.5,9.14,97.64,True,True,2,2,81.82,100.0,"{'Restrict_Service_Port_Range': 'kyverno', 'Disallow_NodePort': 'kyverno'}",
01-Nginx-App1-Deployment-and-NodePortService8.yaml,Deployment,31,8,4,12,67.09,0,33,422,178,1,205.82,273.83,32.16,305.99,True,True,16,1,76.71,100.0,"{'kubernetes_drop_unused_capabilities': 'trivy', 'no_root': 'trivy', 'kubernetes_use_readonly_filesystem': 'trivy', 'use_high_gid': 'trivy', 'use_high_uid': 'trivy', 'kubernetes_drop_default_capabilities': 'trivy', 'kubernetes_primary_supplementary_gid': 'trivy', 'Require_Multiple_Replicas': 'kyverno', 'cpuLimitsMissing': 'polaris', 'cpuRequestsMissing': 'polaris', 'memoryLimitsMissing': 'polaris', 'memoryRequestsMissing': 'polaris'}",
01-Nginx-App1-Deployment-and-NodePortService8_1.yaml,Service,6,2,0,2,68.89,0,14,13,4,1,76.78,91.37,9.16,100.53,True,True,2,2,81.82,100.0,"{'Restrict_Service_Port_Range': 'kyverno', 'Disallow_NodePort': 'kyverno'}",
01-Nginx-App1-Deployment-and-NodePortService9.yaml,Deployment,31,8,4,12,67.09,0,33,422,178,1,180.69,245.32,31.66,276.98,True,True,16,1,76.71,100.0,"{'kubernetes_drop_unused_capabilities': 'trivy', 'no_root': 'trivy', 'kubernetes_use_readonly_filesystem': 'trivy', 'use_high_gid': 'trivy', 'use_high_uid': 'trivy', 'kubernetes_drop_default_capabilities': 'trivy', 'kubernetes_primary_supplementary_gid': 'trivy', 'Require_Multiple_Replicas': 'kyverno', 'cpuLimitsMissing': 'polaris', 'cpuRequestsMissing': 'polaris', 'memoryLimitsMissing': 'polaris', 'memoryRequestsMissing': 'polaris'}",
01-Nginx-App1-Deployment-and-NodePortService9_1.yaml,Service,6,2,0,2,68.89,0,18,13,4,1,95.14,111.5,11.58,123.08,True,True,2,2,85.71,100.0,"{'Restrict_Service_Port_Range': 'kyverno', 'Disallow_NodePort': 'kyverno'}",
01-Nginx-App1-Deployment-and-NodePortService_1.yaml,Service,6,2,0,2,68.89,0,18,13,4,1,69.32,84.59,11.56,96.15,True,True,2,2,85.71,100.0,"{'Restrict_Service_Port_Range': 'kyverno', 'Disallow_NodePort': 'kyverno'}",
01-Nginx-App1.yaml,Deployment,31,8,5,13,62.82,0,24,422,178,1,160.88,205.82,42.26,248.08,True,True,17,2,66.67,100.0,"{'kubernetes_drop_unused_capabilities': 'trivy', 'no_root': 'trivy', 'kubernetes_use_readonly_filesystem': 'trivy', 'use_high_gid': 'trivy', 'use_high_uid': 'trivy', 'kubernetes_drop_default_capabilities': 'trivy', 'kubernetes_primary_supplementary_gid': 'trivy', 'Require_Multiple_Replicas': 'kyverno', 'cpuLimitsMissing': 'polaris', 'cpuRequestsMissing': 'polaris', 'memoryLimitsMissing': 'polaris', 'tagNotSpecified': 'polaris', 'memoryRequestsMissing': 'polaris'}",
01-Nginx-App1_1.yaml,Service,6,2,0,2,68.89,0,20,13,4,1,73.6,88.61,13.15,101.76,True,True,2,2,86.67,100.0,"{'Restrict_Service_Port_Range': 'kyverno', 'Disallow_NodePort': 'kyverno'}",
01-Nginx-App3-Deployment & NPService.yaml,Deployment,31,8,4,12,67.09,0,24,422,178,1,157.69,204.5,25.1,229.6,True,True,16,1,70.18,100.0,"{'kubernetes_drop_unused_capabilities': 'trivy', 'no_root': 'trivy', 'kubernetes_use_readonly_filesystem': 'trivy', 'use_high_gid': 'trivy', 'use_high_uid': 'trivy', 'kubernetes_drop_default_capabilities': 'trivy', 'kubernetes_primary_supplementary_gid': 'trivy', 'Require_Multiple_Replicas': 'kyverno', 'cpuLimitsMissing': 'polaris', 'cpuRequestsMissing': 'polaris', 'memoryLimitsMissing': 'polaris', 'memoryRequestsMissing': 'polaris'}",
01-Nginx-App3-Deployment & NPService_1.yaml,Service,6,2,0,2,68.89,0,18,13,4,1,73.58,88.72,11.23,99.95,True,True,2,2,85.71,100.0,"{'Restrict_Service_Port_Range': 'kyverno', 'Disallow_NodePort': 'kyverno'}",
01-Nginx-App3-Deployment-&-NPService.yaml,Deployment,31,8,4,12,67.09,0,33,422,178,1,161.27,227.39,31.37,258.76,True,True,16,1,76.71,100.0,"{'kubernetes_drop_unused_capabilities': 'trivy', 'no_root': 'trivy', 'kubernetes_use_readonly_filesystem': 'trivy', 'use_high_gid': 'trivy', 'use_high_uid': 'trivy', 'kubernetes_drop_default_capabilities': 'trivy', 'kubernetes_primary_supplementary_gid': 'trivy', 'Require_Multiple_Replicas': 'kyverno', 'cpuLimitsMissing': 'polaris', 'cpuRequestsMissing': 'polaris', 'memoryLimitsMissing': 'polaris', 'memoryRequestsMissing': 'polaris'}",
01-Nginx-App3-Deployment-&-NPService_1.yaml,Service,6,2,0,2,68.89,0,14,13,4,1,71.48,85.87,9.15,95.02,True,True,2,2,81.82,100.0,"{'Restrict_Service_Port_Range': 'kyverno', 'Disallow_NodePort': 'kyverno'}",
01-Nginx-App3-Deployment-and-NodePortService.yaml,Deployment,31,8,4,12,67.09,0,24,422,178,1,165.47,210.0,26.59,236.59,True,True,16,1,70.18,100.0,"{'kubernetes_drop_unused_capabilities': 'trivy', 'no_root': 'trivy', 'kubernetes_use_readonly_filesystem': 'trivy', 'use_high_gid': 'trivy', 'use_high_uid': 'trivy', 'kubernetes_drop_default_capabilities': 'trivy', 'kubernetes_primary_supplementary_gid': 'trivy', 'Require_Multiple_Replicas': 'kyverno', 'cpuLimitsMissing': 'polaris', 'cpuRequestsMissing': 'polaris', 'memoryLimitsMissing': 'polaris', 'memoryRequestsMissing': 'polaris'}",
01-Nginx-App3-Deployment-and-NodePortService1.yaml,Deployment,31,8,4,12,67.09,0,33,422,178,1,156.44,221.45,42.44,263.89,True,True,16,1,76.71,100.0,"{'kubernetes_drop_unused_capabilities': 'trivy', 'no_root': 'trivy', 'kubernetes_use_readonly_filesystem': 'trivy', 'use_high_gid': 'trivy', 'use_high_uid': 'trivy', 'kubernetes_drop_default_capabilities': 'trivy', 'kubernetes_primary_supplementary_gid': 'trivy', 'Require_Multiple_Replicas': 'kyverno', 'cpuLimitsMissing': 'polaris', 'cpuRequestsMissing': 'polaris', 'memoryLimitsMissing': 'polaris', 'memoryRequestsMissing': 'polaris'}",
01-Nginx-App3-Deployment-and-NodePortService1_1.yaml,Service,6,2,0,2,68.89,0,14,13,4,1,73.6,88.77,9.43,98.2,True,True,2,2,81.82,100.0,"{'Restrict_Service_Port_Range': 'kyverno', 'Disallow_NodePort': 'kyverno'}",
01-Nginx-App3-Deployment-and-NodePortService2.yaml,Deployment,31,8,4,12,67.09,0,24,422,178,1,170.78,215.28,25.43,240.71,True,True,16,1,70.18,100.0,"{'kubernetes_drop_unused_capabilities': 'trivy', 'no_root': 'trivy', 'kubernetes_use_readonly_filesystem': 'trivy', 'use_high_gid': 'trivy', 'use_high_uid': 'trivy', 'kubernetes_drop_default_capabilities': 'trivy', 'kubernetes_primary_supplementary_gid': 'trivy', 'Require_Multiple_Replicas': 'kyverno', 'cpuLimitsMissing': 'polaris', 'cpuRequestsMissing': 'polaris', 'memoryLimitsMissing': 'polaris', 'memoryRequestsMissing': 'polaris'}",
01-Nginx-App3-Deployment-and-NodePortService2_1.yaml,Service,6,2,0,2,68.89,0,18,13,4,1,72.61,87.46,11.22,98.68,True,True,2,2,85.71,100.0,"{'Restrict_Service_Port_Range': 'kyverno', 'Disallow_NodePort': 'kyverno'}",
01-Nginx-App3-Deployment-and-NodePortService3.yaml,Deployment,31,8,4,12,67.09,0,33,422,178,1,170.46,235.04,31.47,266.51,True,True,16,1,76.71,100.0,"{'kubernetes_drop_unused_capabilities': 'trivy', 'no_root': 'trivy', 'kubernetes_use_readonly_filesystem': 'trivy', 'use_high_gid': 'trivy', 'use_high_uid': 'trivy', 'kubernetes_drop_default_capabilities': 'trivy', 'kubernetes_primary_supplementary_gid': 'trivy', 'Require_Multiple_Replicas': 'kyverno', 'cpuLimitsMissing': 'polaris', 'cpuRequestsMissing': 'polaris', 'memoryLimitsMissing': 'polaris', 'memoryRequestsMissing': 'polaris'}",
01-Nginx-App3-Deployment-and-NodePortService3_1.yaml,Service,6,2,0,2,68.89,0,14,13,4,1,69.61,84.17,9.06,93.23,True,True,2,2,81.82,100.0,"{'Restrict_Service_Port_Range': 'kyverno', 'Disallow_NodePort': 'kyverno'}",
01-Nginx-App3-Deployment-and-NodePortService4.yaml,Deployment,31,8,4,12,67.09,0,24,422,178,1,168.07,213.14,26.3,239.44,True,True,16,1,70.18,100.0,"{'kubernetes_drop_unused_capabilities': 'trivy', 'no_root': 'trivy', 'kubernetes_use_readonly_filesystem': 'trivy', 'use_high_gid': 'trivy', 'use_high_uid': 'trivy', 'kubernetes_drop_default_capabilities': 'trivy', 'kubernetes_primary_supplementary_gid': 'trivy', 'Require_Multiple_Replicas': 'kyverno', 'cpuLimitsMissing': 'polaris', 'cpuRequestsMissing': 'polaris', 'memoryLimitsMissing': 'polaris', 'memoryRequestsMissing': 'polaris'}",
01-Nginx-App3-Deployment-and-NodePortService4_1.yaml,Service,6,2,0,2,68.89,0,18,13,4,1,69.48,84.5,11.18,95.68,True,True,2,2,85.71,100.0,"{'Restrict_Service_Port_Range': 'kyverno', 'Disallow_NodePort': 'kyverno'}",
01-Nginx-App3-Deployment-and-NodePortService5.yaml,Deployment,31,8,4,12,67.09,0,33,422,178,1,159.69,226.1,53.94,280.04,True,True,16,1,76.71,100.0,"{'kubernetes_drop_unused_capabilities': 'trivy', 'no_root': 'trivy', 'kubernetes_use_readonly_filesystem': 'trivy', 'use_high_gid': 'trivy', 'use_high_uid': 'trivy', 'kubernetes_drop_default_capabilities': 'trivy', 'kubernetes_primary_supplementary_gid': 'trivy', 'Require_Multiple_Replicas': 'kyverno', 'cpuLimitsMissing': 'polaris', 'cpuRequestsMissing': 'polaris', 'memoryLimitsMissing': 'polaris', 'memoryRequestsMissing': 'polaris'}",
01-Nginx-App3-Deployment-and-NodePortService5_1.yaml,Service,6,2,0,2,68.89,0,14,13,4,1,70.52,84.97,9.08,94.05,True,True,2,2,81.82,100.0,"{'Restrict_Service_Port_Range': 'kyverno', 'Disallow_NodePort': 'kyverno'}",
01-Nginx-App3-Deployment-and-NodePortService6.yaml,Deployment,31,8,4,12,67.09,0,24,422,178,1,167.15,211.0,25.17,236.17,True,True,16,1,70.18,100.0,"{'kubernetes_drop_unused_capabilities': 'trivy', 'no_root': 'trivy', 'kubernetes_use_readonly_filesystem': 'trivy', 'use_high_gid': 'trivy', 'use_high_uid': 'trivy', 'kubernetes_drop_default_capabilities': 'trivy', 'kubernetes_primary_supplementary_gid': 'trivy', 'Require_Multiple_Replicas': 'kyverno', 'cpuLimitsMissing': 'polaris', 'cpuRequestsMissing': 'polaris', 'memoryLimitsMissing': 'polaris', 'memoryRequestsMissing': 'polaris'}",
01-Nginx-App3-Deployment-and-NodePortService6_1.yaml,Service,6,2,0,2,68.89,0,18,13,4,1,69.37,84.48,11.21,95.69,True,True,2,2,85.71,100.0,"{'Restrict_Service_Port_Range': 'kyverno', 'Disallow_NodePort': 'kyverno'}",
01-Nginx-App3-Deployment-and-NodePortService7.yaml,Deployment,31,8,4,12,67.09,0,33,422,178,1,174.37,238.85,32.39,271.24,True,True,16,1,76.71,100.0,"{'kubernetes_drop_unused_capabilities': 'trivy', 'no_root': 'trivy', 'kubernetes_use_readonly_filesystem': 'trivy', 'use_high_gid': 'trivy', 'use_high_uid': 'trivy', 'kubernetes_drop_default_capabilities': 'trivy', 'kubernetes_primary_supplementary_gid': 'trivy', 'Require_Multiple_Replicas': 'kyverno', 'cpuLimitsMissing': 'polaris', 'cpuRequestsMissing': 'polaris', 'memoryLimitsMissing': 'polaris', 'memoryRequestsMissing': 'polaris'}",
01-Nginx-App3-Deployment-and-NodePortService7_1.yaml,Service,6,2,0,2,68.89,0,14,13,4,1,70.8,85.31,9.36,94.67,True,True,2,2,81.82,100.0,"{'Restrict_Service_Port_Range': 'kyverno', 'Disallow_NodePort': 'kyverno'}",
01-Nginx-App3-Deployment-and-NodePortService_1.yaml,Service,6,2,0,2,68.89,0,18,13,4,1,70.55,85.62,11.26,96.88,True,True,2,2,85.71,100.0,"{'Restrict_Service_Port_Range': 'kyverno', 'Disallow_NodePort': 'kyverno'}",
01-nginx-deployment.yaml,Deployment,31,7,5,12,65.81,0,19,422,176,1,145.71,182.64,27.78,210.42,True,True,16,1,65.31,100.0,"{'kubernetes_drop_unused_capabilities': 'trivy', 'no_root': 'trivy', 'kubernetes_use_readonly_filesystem': 'trivy', 'use_high_gid': 'trivy', 'use_high_uid': 'trivy', 'kubernetes_drop_default_capabilities': 'trivy', 'kubernetes_primary_supplementary_gid': 'trivy', 'cpuLimitsMissing': 'polaris', 'cpuRequestsMissing': 'polaris', 'memoryLimitsMissing': 'polaris', 'tagNotSpecified': 'polaris', 'memoryRequestsMissing': 'polaris'}",
01-nginx-deployment1.yaml,Deployment,31,8,1,9,74.79,0,27,422,178,4,156.47,211.12,25.32,236.44,True,True,10,3,79.37,100.0,"{'kubernetes_drop_unused_capabilities': 'trivy', 'no_root': 'trivy', 'kubernetes_use_readonly_filesystem': 'trivy', 'use_high_gid': 'trivy', 'use_high_uid': 'trivy', 'kubernetes_drop_default_capabilities': 'trivy', 'kubernetes_primary_supplementary_gid': 'trivy', 'Require_Multiple_Replicas': 'kyverno', 'tagNotSpecified': 'polaris'}",
01-nginx-ingress-controller1_1.yaml,ServiceAccount,3,0,0,0,100.0,0,5,7,0,1,35.3,48.73,0.0,0.0,True,True,0,0,100.0,100.0,{},
01-nginx-ingress-controller1_11.yaml,Deployment,31,6,2,8,77.35,0,58,422,111,32,313.21,499.19,55.86,555.05,True,True,8,3,91.73,100.0,"{'kubernetes_use_readonly_filesystem': 'trivy', 'use_high_gid': 'trivy', 'no_auto_mount_service_token': 'trivy', 'use_high_uid': 'trivy', 'kubernetes_primary_supplementary_gid': 'trivy', 'Require_Multiple_Replicas': 'kyverno', 'cpuLimitsMissing': 'polaris', 'memoryLimitsMissing': 'polaris'}",
01-nginx-ingress-controller1_12.yaml,Service,6,2,0,2,68.89,0,18,13,4,2,69.68,85.74,14.63,100.37,True,True,3,3,83.33,100.0,"{'Restrict_Service_Port_Range': 'kyverno', 'Disallow_NodePort': 'kyverno'}",
01-nginx-ingress-controller1_3.yaml,ClusterRoleBinding,4,0,0,0,100.0,0,13,12,0,1,36.3,50.57,0.0,0.0,True,True,0,0,100.0,100.0,{},
01-nginx-ingress-controller2_1.yaml,ServiceAccount,3,0,0,0,100.0,0,5,7,0,1,34.34,47.98,0.0,0.0,True,True,0,0,100.0,100.0,{},
01-nginx-ingress-controller2_11.yaml,Deployment,31,6,2,8,77.35,0,58,422,111,32,139.95,319.93,55.37,375.3,True,True,8,3,91.73,100.0,"{'kubernetes_use_readonly_filesystem': 'trivy', 'use_high_gid': 'trivy', 'no_auto_mount_service_token': 'trivy', 'use_high_uid': 'trivy', 'kubernetes_primary_supplementary_gid': 'trivy', 'Require_Multiple_Replicas': 'kyverno', 'cpuLimitsMissing': 'polaris', 'memoryLimitsMissing': 'polaris'}",
01-nginx-ingress-controller2_12.yaml,Service,6,2,0,2,68.89,0,18,13,4,2,71.24,87.18,14.83,102.01,True,True,3,3,83.33,100.0,"{'Restrict_Service_Port_Range': 'kyverno', 'Disallow_NodePort': 'kyverno'}",
01-nginx-ingress-controller2_3.yaml,ClusterRoleBinding,4,0,0,0,100.0,0,13,12,0,1,36.08,50.18,0.0,0.0,True,True,0,0,100.0,100.0,{},
01-nginx-ingress-controller_1.yaml,ServiceAccount,3,0,0,0,100.0,0,5,7,0,1,34.98,50.1,0.0,0.0,True,True,0,0,100.0,100.0,{},
01-nginx-ingress-controller_11.yaml,Deployment,31,6,2,8,77.35,0,58,422,111,32,144.66,327.16,55.25,382.41,True,True,8,3,91.73,100.0,"{'kubernetes_use_readonly_filesystem': 'trivy', 'use_high_gid': 'trivy', 'no_auto_mount_service_token': 'trivy', 'use_high_uid': 'trivy', 'kubernetes_primary_supplementary_gid': 'trivy', 'Require_Multiple_Replicas': 'kyverno', 'cpuLimitsMissing': 'polaris', 'memoryLimitsMissing': 'polaris'}",
01-nginx-ingress-controller_12.yaml,Service,6,2,0,2,68.89,0,18,13,4,2,82.18,98.21,14.52,112.73,True,True,3,3,83.33,100.0,"{'Restrict_Service_Port_Range': 'kyverno', 'Disallow_NodePort': 'kyverno'}",
01-nginx-ingress-controller_3.yaml,ClusterRoleBinding,4,0,0,0,100.0,0,13,12,0,1,33.86,50.15,0.0,0.0,True,True,0,0,100.0,100.0,{},
01-Nginx-Pod.yaml,Pod,61,13,6,19,71.56,0,19,481,187,1,263.66,300.28,25.21,325.49,True,True,23,3,51.85,100.0,"{'kubernetes_drop_unused_capabilities': 'trivy', 'Require_Non_Root_Groups': 'kyverno', 'Require_imagePullPolicy_Always': 'kyverno', 'Require_Read_Only_Root_Filesystem': 'kyverno', 'Validate_User_ID_Group_ID_and_FS_Group': 'kyverno', 'Require_Run_As_Non_Root_User': 'kyverno', 'Check_supplementalGroups': 'kyverno', 'no_root': 'trivy', 'kubernetes_use_readonly_filesystem': 'trivy', 'use_high_gid': 'trivy', 'use_high_uid': 'trivy', 'kubernetes_drop_default_capabilities': 'trivy', 'kubernetes_primary_supplementary_gid': 'trivy', 'cpuLimitsMissing': 'polaris', 'cpuRequestsMissing': 'polaris', 'memoryLimitsMissing': 'polaris', 'Restrict_Image_Registries': 'kyverno', 'memoryRequestsMissing': 'polaris', 'Require_Images_Use_Checksums': 'kyverno'}",
01-nginx-service.yaml,Service,6,1,0,1,84.44,0,15,13,2,1,68.8,83.26,9.81,93.07,True,True,2,2,83.33,100.0,{'Restrict_Service_Port_Range': 'kyverno'},
01-nginx.yaml.yaml,Pod,61,13,7,20,69.3,0,15,481,187,1,278.4,310.83,24.14,334.97,True,True,23,1,50.0,100.0,"{'kubernetes_drop_unused_capabilities': 'trivy', 'Require_Non_Root_Groups': 'kyverno', 'Require_imagePullPolicy_Always': 'kyverno', 'Require_Read_Only_Root_Filesystem': 'kyverno', 'Validate_User_ID_Group_ID_and_FS_Group': 'kyverno', 'Require_Run_As_Non_Root_User': 'kyverno', 'Check_supplementalGroups': 'kyverno', 'no_root': 'trivy', 'kubernetes_use_readonly_filesystem': 'trivy', 'use_high_gid': 'trivy', 'use_high_uid': 'trivy', 'kubernetes_drop_default_capabilities': 'trivy', 'kubernetes_primary_supplementary_gid': 'trivy', 'cpuLimitsMissing': 'polaris', 'cpuRequestsMissing': 'polaris', 'memoryLimitsMissing': 'polaris', 'Restrict_Image_Registries': 'kyverno', 'tagNotSpecified': 'polaris', 'memoryRequestsMissing': 'polaris', 'Require_Images_Use_Checksums': 'kyverno'}",
01-nginx.yaml_1.yaml,Service,6,1,0,1,84.44,0,16,13,2,1,56.36,70.97,10.13,81.1,True,True,1,1,91.67,100.0,{'Restrict_Service_Port_Range': 'kyverno'},
01-NginxApp1-Deployment.yaml,Deployment,31,8,4,12,67.09,0,24,422,178,1,167.93,212.99,26.22,239.21,True,True,20,6,56.67,100.0,"{'kubernetes_drop_unused_capabilities': 'trivy', 'no_root': 'trivy', 'kubernetes_use_readonly_filesystem': 'trivy', 'use_high_gid': 'trivy', 'use_high_uid': 'trivy', 'kubernetes_drop_default_capabilities': 'trivy', 'kubernetes_primary_supplementary_gid': 'trivy', 'Require_Multiple_Replicas': 'kyverno', 'cpuLimitsMissing': 'polaris', 'cpuRequestsMissing': 'polaris', 'memoryLimitsMissing': 'polaris', 'memoryRequestsMissing': 'polaris'}",
01-NginxApp1-Deployment1.yaml,Deployment,31,8,4,12,67.09,0,24,422,178,1,167.33,211.8,25.62,237.42,True,True,20,6,56.67,100.0,"{'kubernetes_drop_unused_capabilities': 'trivy', 'no_root': 'trivy', 'kubernetes_use_readonly_filesystem': 'trivy', 'use_high_gid': 'trivy', 'use_high_uid': 'trivy', 'kubernetes_drop_default_capabilities': 'trivy', 'kubernetes_primary_supplementary_gid': 'trivy', 'Require_Multiple_Replicas': 'kyverno', 'cpuLimitsMissing': 'polaris', 'cpuRequestsMissing': 'polaris', 'memoryLimitsMissing': 'polaris', 'memoryRequestsMissing': 'polaris'}",
01-NginxApp1-Deployment2.yaml,Deployment,31,8,4,12,67.09,0,24,422,178,1,174.9,219.05,36.37,255.42,True,True,20,6,56.67,100.0,"{'kubernetes_drop_unused_capabilities': 'trivy', 'no_root': 'trivy', 'kubernetes_use_readonly_filesystem': 'trivy', 'use_high_gid': 'trivy', 'use_high_uid': 'trivy', 'kubernetes_drop_default_capabilities': 'trivy', 'kubernetes_primary_supplementary_gid': 'trivy', 'Require_Multiple_Replicas': 'kyverno', 'cpuLimitsMissing': 'polaris', 'cpuRequestsMissing': 'polaris', 'memoryLimitsMissing': 'polaris', 'memoryRequestsMissing': 'polaris'}",
01-NginxApp1-Deployment3.yaml,Deployment,31,8,4,12,67.09,0,24,422,178,1,156.96,202.05,25.19,227.24,True,True,20,6,56.67,100.0,"{'kubernetes_drop_unused_capabilities': 'trivy', 'no_root': 'trivy', 'kubernetes_use_readonly_filesystem': 'trivy', 'use_high_gid': 'trivy', 'use_high_uid': 'trivy', 'kubernetes_drop_default_capabilities': 'trivy', 'kubernetes_primary_supplementary_gid': 'trivy', 'Require_Multiple_Replicas': 'kyverno', 'cpuLimitsMissing': 'polaris', 'cpuRequestsMissing': 'polaris', 'memoryLimitsMissing': 'polaris', 'memoryRequestsMissing': 'polaris'}",
01-NginxApp1-Deployment4.yaml,Deployment,31,8,4,12,67.09,0,24,422,178,1,158.08,202.26,25.21,227.47,True,True,20,6,56.67,100.0,"{'kubernetes_drop_unused_capabilities': 'trivy', 'no_root': 'trivy', 'kubernetes_use_readonly_filesystem': 'trivy', 'use_high_gid': 'trivy', 'use_high_uid': 'trivy', 'kubernetes_drop_default_capabilities': 'trivy', 'kubernetes_primary_supplementary_gid': 'trivy', 'Require_Multiple_Replicas': 'kyverno', 'cpuLimitsMissing': 'polaris', 'cpuRequestsMissing': 'polaris', 'memoryLimitsMissing': 'polaris', 'memoryRequestsMissing': 'polaris'}",
01-NginxApp1-Deployment5.yaml,Deployment,31,8,4,12,67.09,0,24,422,178,1,166.51,210.8,25.26,236.06,True,True,20,6,56.67,100.0,"{'kubernetes_drop_unused_capabilities': 'trivy', 'no_root': 'trivy', 'kubernetes_use_readonly_filesystem': 'trivy', 'use_high_gid': 'trivy', 'use_high_uid': 'trivy', 'kubernetes_drop_default_capabilities': 'trivy', 'kubernetes_primary_supplementary_gid': 'trivy', 'Require_Multiple_Replicas': 'kyverno', 'cpuLimitsMissing': 'polaris', 'cpuRequestsMissing': 'polaris', 'memoryLimitsMissing': 'polaris', 'memoryRequestsMissing': 'polaris'}",
01-NginxApp1-Deployment6.yaml,Deployment,31,8,4,12,67.09,0,24,422,178,1,164.24,208.67,25.84,234.51,True,True,20,6,56.67,100.0,"{'kubernetes_drop_unused_capabilities': 'trivy', 'no_root': 'trivy', 'kubernetes_use_readonly_filesystem': 'trivy', 'use_high_gid': 'trivy', 'use_high_uid': 'trivy', 'kubernetes_drop_default_capabilities': 'trivy', 'kubernetes_primary_supplementary_gid': 'trivy', 'Require_Multiple_Replicas': 'kyverno', 'cpuLimitsMissing': 'polaris', 'cpuRequestsMissing': 'polaris', 'memoryLimitsMissing': 'polaris', 'memoryRequestsMissing': 'polaris'}",
01-NginxApp1-Deployment7.yaml,Deployment,31,8,4,12,67.09,0,24,422,178,1,162.13,207.23,26.06,233.29,True,True,20,6,56.67,100.0,"{'kubernetes_drop_unused_capabilities': 'trivy', 'no_root': 'trivy', 'kubernetes_use_readonly_filesystem': 'trivy', 'use_high_gid': 'trivy', 'use_high_uid': 'trivy', 'kubernetes_drop_default_capabilities': 'trivy', 'kubernetes_primary_supplementary_gid': 'trivy', 'Require_Multiple_Replicas': 'kyverno', 'cpuLimitsMissing': 'polaris', 'cpuRequestsMissing': 'polaris', 'memoryLimitsMissing': 'polaris', 'memoryRequestsMissing': 'polaris'}",
01-NginxApp1-Deployment8.yaml,Deployment,31,8,4,12,67.09,0,24,422,178,1,155.58,199.95,25.63,225.58,True,True,20,6,56.67,100.0,"{'kubernetes_drop_unused_capabilities': 'trivy', 'no_root': 'trivy', 'kubernetes_use_readonly_filesystem': 'trivy', 'use_high_gid': 'trivy', 'use_high_uid': 'trivy', 'kubernetes_drop_default_capabilities': 'trivy', 'kubernetes_primary_supplementary_gid': 'trivy', 'Require_Multiple_Replicas': 'kyverno', 'cpuLimitsMissing': 'polaris', 'cpuRequestsMissing': 'polaris', 'memoryLimitsMissing': 'polaris', 'memoryRequestsMissing': 'polaris'}",
01-NginxApp1-Deployment9.yaml,Deployment,31,8,4,12,67.09,0,25,422,178,1,158.16,204.79,26.88,231.67,True,True,21,7,54.84,100.0,"{'kubernetes_drop_unused_capabilities': 'trivy', 'no_root': 'trivy', 'kubernetes_use_readonly_filesystem': 'trivy', 'use_high_gid': 'trivy', 'use_high_uid': 'trivy', 'kubernetes_drop_default_capabilities': 'trivy', 'kubernetes_primary_supplementary_gid': 'trivy', 'Require_Multiple_Replicas': 'kyverno', 'cpuLimitsMissing': 'polaris', 'cpuRequestsMissing': 'polaris', 'memoryLimitsMissing': 'polaris', 'memoryRequestsMissing': 'polaris'}",
01-Node-exporter-deployment.yaml,DaemonSet,31,11,5,16,50.0,0,37,423,226,4,247.47,345.31,34.33,379.64,True,True,18,11,67.42,100.0,"{'kubernetes_drop_unused_capabilities': 'trivy', 'no_root': 'trivy', 'kubernetes_use_readonly_filesystem': 'trivy', 'use_high_gid': 'trivy', 'no_mounted_hostpath': 'trivy', 'no_host_network': 'trivy', 'use_high_uid': 'trivy', 'kubernetes_drop_default_capabilities': 'trivy', 'no_host_pid': 'trivy', 'kubernetes_primary_supplementary_gid': 'trivy', 'kubernetes_no_host_port_access': 'trivy', 'cpuLimitsMissing': 'polaris', 'cpuRequestsMissing': 'polaris', 'memoryLimitsMissing': 'polaris', 'tagNotSpecified': 'polaris', 'memoryRequestsMissing': 'polaris'}",
01-Node-exporter-deployment1.yaml,DaemonSet,31,11,5,16,50.0,0,37,423,226,4,190.15,287.48,34.49,321.97,True,True,18,11,67.42,100.0,"{'kubernetes_drop_unused_capabilities': 'trivy', 'no_root': 'trivy', 'kubernetes_use_readonly_filesystem': 'trivy', 'use_high_gid': 'trivy', 'no_mounted_hostpath': 'trivy', 'no_host_network': 'trivy', 'use_high_uid': 'trivy', 'kubernetes_drop_default_capabilities': 'trivy', 'no_host_pid': 'trivy', 'kubernetes_primary_supplementary_gid': 'trivy', 'kubernetes_no_host_port_access': 'trivy', 'cpuLimitsMissing': 'polaris', 'cpuRequestsMissing': 'polaris', 'memoryLimitsMissing': 'polaris', 'tagNotSpecified': 'polaris', 'memoryRequestsMissing': 'polaris'}",
01-Node-exporter-deployment2.yaml,DaemonSet,31,11,5,16,50.0,0,37,423,226,4,201.68,296.73,37.68,334.41,True,True,18,11,67.42,100.0,"{'kubernetes_drop_unused_capabilities': 'trivy', 'no_root': 'trivy', 'kubernetes_use_readonly_filesystem': 'trivy', 'use_high_gid': 'trivy', 'no_mounted_hostpath': 'trivy', 'no_host_network': 'trivy', 'use_high_uid': 'trivy', 'kubernetes_drop_default_capabilities': 'trivy', 'no_host_pid': 'trivy', 'kubernetes_primary_supplementary_gid': 'trivy', 'kubernetes_no_host_port_access': 'trivy', 'cpuLimitsMissing': 'polaris', 'cpuRequestsMissing': 'polaris', 'memoryLimitsMissing': 'polaris', 'tagNotSpecified': 'polaris', 'memoryRequestsMissing': 'polaris'}",
01-Node-exporter-deployment3.yaml,DaemonSet,31,11,5,16,50.0,0,37,423,226,4,203.13,298.89,34.8,333.69,True,True,18,11,67.42,100.0,"{'kubernetes_drop_unused_capabilities': 'trivy', 'no_root': 'trivy', 'kubernetes_use_readonly_filesystem': 'trivy', 'use_high_gid': 'trivy', 'no_mounted_hostpath': 'trivy', 'no_host_network': 'trivy', 'use_high_uid': 'trivy', 'kubernetes_drop_default_capabilities': 'trivy', 'no_host_pid': 'trivy', 'kubernetes_primary_supplementary_gid': 'trivy', 'kubernetes_no_host_port_access': 'trivy', 'cpuLimitsMissing': 'polaris', 'cpuRequestsMissing': 'polaris', 'memoryLimitsMissing': 'polaris', 'tagNotSpecified': 'polaris', 'memoryRequestsMissing': 'polaris'}",
01-Node-exporter-deployment4.yaml,DaemonSet,31,11,5,16,50.0,0,37,423,226,4,190.78,286.06,43.57,329.63,True,True,18,11,67.42,100.0,"{'kubernetes_drop_unused_capabilities': 'trivy', 'no_root': 'trivy', 'kubernetes_use_readonly_filesystem': 'trivy', 'use_high_gid': 'trivy', 'no_mounted_hostpath': 'trivy', 'no_host_network': 'trivy', 'use_high_uid': 'trivy', 'kubernetes_drop_default_capabilities': 'trivy', 'no_host_pid': 'trivy', 'kubernetes_primary_supplementary_gid': 'trivy', 'kubernetes_no_host_port_access': 'trivy', 'cpuLimitsMissing': 'polaris', 'cpuRequestsMissing': 'polaris', 'memoryLimitsMissing': 'polaris', 'tagNotSpecified': 'polaris', 'memoryRequestsMissing': 'polaris'}",
01-node-selector.yaml,Pod,61,14,7,21,68.17,0,13,481,190,1,252.48,282.48,21.65,304.13,True,True,23,3,40.91,100.0,"{'kubernetes_drop_unused_capabilities': 'trivy', 'Require_Non_Root_Groups': 'kyverno', 'Restrict_node_selection': 'kyverno', 'Require_imagePullPolicy_Always': 'kyverno', 'Require_Read_Only_Root_Filesystem': 'kyverno', 'Validate_User_ID_Group_ID_and_FS_Group': 'kyverno', 'Require_Run_As_Non_Root_User': 'kyverno', 'Check_supplementalGroups': 'kyverno', 'no_root': 'trivy', 'kubernetes_use_readonly_filesystem': 'trivy', 'use_high_gid': 'trivy', 'use_high_uid': 'trivy', 'kubernetes_drop_default_capabilities': 'trivy', 'kubernetes_primary_supplementary_gid': 'trivy', 'cpuLimitsMissing': 'polaris', 'cpuRequestsMissing': 'polaris', 'memoryLimitsMissing': 'polaris', 'Restrict_Image_Registries': 'kyverno', 'tagNotSpecified': 'polaris', 'memoryRequestsMissing': 'polaris', 'Require_Images_Use_Checksums': 'kyverno'}",
01-odoo-ingress.yaml,Ingress,3,1,0,1,58.33,0,29,4,2,7,155.9,173.46,22.38,195.84,True,True,14,19,47.62,100.0,{'Restrict_Ingress_defaultBackend': 'kyverno'},
01-opentelemetry-collector.yaml,Deployment,31,8,5,13,62.82,0,41,422,178,1,159.1,235.76,35.27,271.03,True,True,17,1,79.07,100.0,"{'kubernetes_drop_unused_capabilities': 'trivy', 'no_root': 'trivy', 'kubernetes_use_readonly_filesystem': 'trivy', 'use_high_gid': 'trivy', 'use_high_uid': 'trivy', 'kubernetes_drop_default_capabilities': 'trivy', 'kubernetes_primary_supplementary_gid': 'trivy', 'Require_Multiple_Replicas': 'kyverno', 'cpuLimitsMissing': 'polaris', 'cpuRequestsMissing': 'polaris', 'memoryLimitsMissing': 'polaris', 'tagNotSpecified': 'polaris', 'memoryRequestsMissing': 'polaris'}",
01-opentelemetry-collector_1.yaml,Service,6,1,0,1,84.44,0,21,13,2,1,56.03,71.61,12.83,84.44,True,True,1,1,93.75,100.0,{'Restrict_Service_Port_Range': 'kyverno'},
01-persistent-volume-claim.yaml,PersistentVolumeClaim,2,1,0,1,58.33,0,11,7,3,1,50.07,64.68,9.06,73.74,True,True,3,3,88.89,100.0,{'Enforce_ReadWriteOncePod': 'kyverno'},
01-persistent-volume-claim1.yaml,PersistentVolumeClaim,2,1,0,1,58.33,0,11,7,3,1,50.51,65.03,9.15,74.18,True,True,3,3,88.89,100.0,{'Enforce_ReadWriteOncePod': 'kyverno'},
01-persistent-volume-claim10.yaml,PersistentVolumeClaim,2,1,0,1,58.33,0,11,7,3,1,50.56,65.2,9.08,74.28,True,True,3,3,88.89,100.0,{'Enforce_ReadWriteOncePod': 'kyverno'},
01-persistent-volume-claim11.yaml,PersistentVolumeClaim,2,1,0,1,58.33,0,11,7,3,1,49.49,63.97,8.99,72.96,True,True,3,3,88.89,100.0,{'Enforce_ReadWriteOncePod': 'kyverno'},
01-persistent-volume-claim12.yaml,PersistentVolumeClaim,2,1,0,1,58.33,0,11,7,3,1,51.19,65.86,9.11,74.97,True,True,4,4,85.19,100.0,{'Enforce_ReadWriteOncePod': 'kyverno'},
01-persistent-volume-claim13.yaml,PersistentVolumeClaim,2,1,0,1,58.33,0,11,7,3,1,53.6,68.48,8.98,77.46,True,True,3,4,87.27,100.0,{'Enforce_ReadWriteOncePod': 'kyverno'},
01-persistent-volume-claim14.yaml,PersistentVolumeClaim,2,1,0,1,58.33,0,11,7,3,1,58.77,73.46,9.05,82.51,True,True,3,3,88.89,100.0,{'Enforce_ReadWriteOncePod': 'kyverno'},
01-persistent-volume-claim15.yaml,PersistentVolumeClaim,2,1,0,1,58.33,0,11,7,3,1,49.88,64.42,8.86,73.28,True,True,3,3,88.89,100.0,{'Enforce_ReadWriteOncePod': 'kyverno'},
01-persistent-volume-claim16.yaml,PersistentVolumeClaim,2,1,0,1,58.33,0,11,7,3,1,50.89,65.77,9.19,74.96,True,True,3,3,88.89,100.0,{'Enforce_ReadWriteOncePod': 'kyverno'},
01-persistent-volume-claim17.yaml,PersistentVolumeClaim,2,1,0,1,58.33,0,11,7,3,1,64.89,79.63,8.95,88.58,True,True,3,3,88.89,100.0,{'Enforce_ReadWriteOncePod': 'kyverno'},
01-persistent-volume-claim18.yaml,PersistentVolumeClaim,2,1,0,1,58.33,0,11,7,3,1,52.23,66.7,9.31,76.01,True,True,3,3,88.89,100.0,{'Enforce_ReadWriteOncePod': 'kyverno'},
01-persistent-volume-claim19.yaml,PersistentVolumeClaim,2,1,0,1,58.33,0,11,7,3,1,51.06,65.65,9.01,74.66,True,True,3,3,88.89,100.0,{'Enforce_ReadWriteOncePod': 'kyverno'},
01-persistent-volume-claim2.yaml,PersistentVolumeClaim,2,1,0,1,58.33,0,11,7,3,1,53.62,68.26,9.21,77.47,True,True,3,4,87.27,100.0,{'Enforce_ReadWriteOncePod': 'kyverno'},
01-persistent-volume-claim20.yaml,PersistentVolumeClaim,2,1,0,1,58.33,0,11,7,3,1,57.3,72.17,9.19,81.36,True,True,3,3,88.89,100.0,{'Enforce_ReadWriteOncePod': 'kyverno'},
01-persistent-volume-claim21.yaml,PersistentVolumeClaim,2,1,0,1,58.33,0,11,7,3,1,52.33,66.98,9.15,76.13,True,True,3,3,88.89,100.0,{'Enforce_ReadWriteOncePod': 'kyverno'},
01-persistent-volume-claim22.yaml,PersistentVolumeClaim,2,1,0,1,58.33,0,11,7,3,1,58.09,72.95,9.28,82.23,True,True,3,3,88.89,100.0,{'Enforce_ReadWriteOncePod': 'kyverno'},
01-persistent-volume-claim23.yaml,PersistentVolumeClaim,2,1,0,1,58.33,0,11,7,3,1,53.57,68.28,9.21,77.49,True,True,3,3,88.89,100.0,{'Enforce_ReadWriteOncePod': 'kyverno'},
01-persistent-volume-claim24.yaml,PersistentVolumeClaim,2,1,0,1,58.33,0,11,7,3,1,56.16,70.96,9.39,80.35,True,True,3,3,88.89,100.0,{'Enforce_ReadWriteOncePod': 'kyverno'},
01-persistent-volume-claim25.yaml,PersistentVolumeClaim,2,1,0,1,58.33,0,11,7,3,1,56.55,72.87,9.19,82.06,True,True,4,4,85.19,100.0,{'Enforce_ReadWriteOncePod': 'kyverno'},
01-persistent-volume-claim26.yaml,PersistentVolumeClaim,2,1,0,1,58.33,0,11,7,3,1,52.7,67.4,9.27,76.67,True,True,3,4,87.27,100.0,{'Enforce_ReadWriteOncePod': 'kyverno'},
01-persistent-volume-claim27.yaml,PersistentVolumeClaim,2,1,0,1,58.33,0,11,7,3,1,48.6,63.18,9.54,72.72,True,True,3,3,88.89,100.0,{'Enforce_ReadWriteOncePod': 'kyverno'},
01-persistent-volume-claim28.yaml,PersistentVolumeClaim,2,1,0,1,58.33,0,11,7,3,1,52.32,67.0,9.22,76.22,True,True,3,3,88.89,100.0,{'Enforce_ReadWriteOncePod': 'kyverno'},
01-persistent-volume-claim29.yaml,PersistentVolumeClaim,2,1,0,1,58.33,0,11,7,3,1,49.24,63.89,9.3,73.19,True,True,3,3,88.89,100.0,{'Enforce_ReadWriteOncePod': 'kyverno'},
01-persistent-volume-claim3.yaml,PersistentVolumeClaim,2,1,0,1,58.33,0,11,7,3,1,50.32,64.98,9.78,74.76,True,True,3,3,88.89,100.0,{'Enforce_ReadWriteOncePod': 'kyverno'},
01-persistent-volume-claim30.yaml,PersistentVolumeClaim,2,1,0,1,58.33,0,11,7,3,1,51.08,66.33,9.59,75.92,True,True,3,3,88.89,100.0,{'Enforce_ReadWriteOncePod': 'kyverno'},
01-persistent-volume-claim31.yaml,PersistentVolumeClaim,2,1,0,1,58.33,0,11,7,3,1,49.2,63.87,10.71,74.58,True,True,3,3,88.89,100.0,{'Enforce_ReadWriteOncePod': 'kyverno'},
01-persistent-volume-claim32.yaml,PersistentVolumeClaim,2,1,0,1,58.33,0,11,7,3,1,49.85,64.37,9.2,73.57,True,True,3,3,88.89,100.0,{'Enforce_ReadWriteOncePod': 'kyverno'},
01-persistent-volume-claim33.yaml,PersistentVolumeClaim,2,1,0,1,58.33,0,11,7,3,1,51.83,66.45,9.99,76.44,True,True,3,3,88.89,100.0,{'Enforce_ReadWriteOncePod': 'kyverno'},
01-persistent-volume-claim34.yaml,PersistentVolumeClaim,2,1,0,1,58.33,0,11,7,3,1,50.69,65.35,8.95,74.3,True,True,3,3,88.89,100.0,{'Enforce_ReadWriteOncePod': 'kyverno'},
01-persistent-volume-claim35.yaml,PersistentVolumeClaim,2,1,0,1,58.33,0,11,7,3,1,50.5,64.94,8.9,73.84,True,True,3,3,88.89,100.0,{'Enforce_ReadWriteOncePod': 'kyverno'},
01-persistent-volume-claim36.yaml,PersistentVolumeClaim,2,1,0,1,58.33,0,11,7,3,1,55.35,70.05,8.96,79.01,True,True,3,3,88.89,100.0,{'Enforce_ReadWriteOncePod': 'kyverno'},
01-persistent-volume-claim37.yaml,PersistentVolumeClaim,2,1,0,1,58.33,0,11,7,3,1,53.16,67.52,9.22,76.74,True,True,3,3,88.89,100.0,{'Enforce_ReadWriteOncePod': 'kyverno'},
01-persistent-volume-claim38.yaml,PersistentVolumeClaim,2,1,0,1,58.33,0,11,7,3,1,51.05,65.54,8.88,74.42,True,True,4,4,85.19,100.0,{'Enforce_ReadWriteOncePod': 'kyverno'},
01-persistent-volume-claim39.yaml,PersistentVolumeClaim,2,1,0,1,58.33,0,11,7,3,1,57.33,72.21,9.08,81.29,True,True,3,4,87.27,100.0,{'Enforce_ReadWriteOncePod': 'kyverno'},
01-persistent-volume-claim4.yaml,PersistentVolumeClaim,2,1,0,1,58.33,0,11,7,3,1,54.77,69.61,8.85,78.46,True,True,3,3,88.89,100.0,{'Enforce_ReadWriteOncePod': 'kyverno'},
01-persistent-volume-claim40.yaml,PersistentVolumeClaim,2,1,0,1,58.33,0,11,7,3,1,58.23,72.94,8.84,81.78,True,True,3,3,88.89,100.0,{'Enforce_ReadWriteOncePod': 'kyverno'},
01-persistent-volume-claim41.yaml,PersistentVolumeClaim,2,1,0,1,58.33,0,11,7,3,1,53.28,67.81,9.04,76.85,True,True,3,3,88.89,100.0,{'Enforce_ReadWriteOncePod': 'kyverno'},
01-persistent-volume-claim42.yaml,PersistentVolumeClaim,2,1,0,1,58.33,0,11,7,3,1,57.69,72.17,8.92,81.09,True,True,3,3,88.89,100.0,{'Enforce_ReadWriteOncePod': 'kyverno'},
01-persistent-volume-claim43.yaml,PersistentVolumeClaim,2,1,0,1,58.33,0,11,7,3,1,56.04,70.56,8.86,79.42,True,True,3,3,88.89,100.0,{'Enforce_ReadWriteOncePod': 'kyverno'},
01-persistent-volume-claim44.yaml,PersistentVolumeClaim,2,1,0,1,58.33,0,11,7,3,1,54.64,69.1,9.02,78.12,True,True,3,3,88.89,100.0,{'Enforce_ReadWriteOncePod': 'kyverno'},
01-persistent-volume-claim45.yaml,PersistentVolumeClaim,2,1,0,1,58.33,0,11,7,3,1,54.72,69.66,8.94,78.6,True,True,3,3,88.89,100.0,{'Enforce_ReadWriteOncePod': 'kyverno'},
01-persistent-volume-claim46.yaml,PersistentVolumeClaim,2,1,0,1,58.33,0,11,7,3,1,49.29,64.14,9.0,73.14,True,True,3,3,88.89,100.0,{'Enforce_ReadWriteOncePod': 'kyverno'},
01-persistent-volume-claim47.yaml,PersistentVolumeClaim,2,1,0,1,58.33,0,11,7,3,1,50.45,65.12,9.43,74.55,True,True,3,3,88.89,100.0,{'Enforce_ReadWriteOncePod': 'kyverno'},
01-persistent-volume-claim48.yaml,PersistentVolumeClaim,2,1,0,1,58.33,0,11,7,3,1,49.33,64.27,9.87,74.14,True,True,3,3,88.89,100.0,{'Enforce_ReadWriteOncePod': 'kyverno'},
01-persistent-volume-claim49.yaml,PersistentVolumeClaim,2,1,0,1,58.33,0,11,7,3,1,52.81,67.45,8.89,76.34,True,True,3,3,88.89,100.0,{'Enforce_ReadWriteOncePod': 'kyverno'},
01-persistent-volume-claim5.yaml,PersistentVolumeClaim,2,1,0,1,58.33,0,11,7,3,1,50.44,64.91,9.34,74.25,True,True,3,3,88.89,100.0,{'Enforce_ReadWriteOncePod': 'kyverno'},
01-persistent-volume-claim50.yaml,PersistentVolumeClaim,2,1,0,1,58.33,0,11,7,3,1,53.36,67.84,8.52,76.36,True,True,4,4,63.64,100.0,{'Enforce_ReadWriteOncePod': 'kyverno'},
01-persistent-volume-claim51.yaml,PersistentVolumeClaim,2,1,0,1,58.33,0,11,7,3,1,58.18,72.79,8.92,81.71,True,True,3,3,88.89,100.0,{'Enforce_ReadWriteOncePod': 'kyverno'},
01-persistent-volume-claim52.yaml,PersistentVolumeClaim,2,1,0,1,58.33,0,11,7,3,1,48.93,63.4,9.64,73.04,True,True,4,4,85.19,100.0,{'Enforce_ReadWriteOncePod': 'kyverno'},
01-persistent-volume-claim53.yaml,PersistentVolumeClaim,2,1,0,1,58.33,0,11,7,3,1,55.79,70.27,9.84,80.11,True,True,3,4,87.27,100.0,{'Enforce_ReadWriteOncePod': 'kyverno'},
01-persistent-volume-claim54.yaml,PersistentVolumeClaim,2,1,0,1,58.33,0,11,7,3,1,50.69,65.17,9.29,74.46,True,True,3,3,88.89,100.0,{'Enforce_ReadWriteOncePod': 'kyverno'},
01-persistent-volume-claim55.yaml,PersistentVolumeClaim,2,1,0,1,58.33,0,11,7,3,1,53.89,68.68,9.0,77.68,True,True,3,3,88.89,100.0,{'Enforce_ReadWriteOncePod': 'kyverno'},
01-persistent-volume-claim56.yaml,PersistentVolumeClaim,2,1,0,1,58.33,0,11,7,3,1,50.66,65.31,9.35,74.66,True,True,3,3,88.89,100.0,{'Enforce_ReadWriteOncePod': 'kyverno'},
01-persistent-volume-claim57.yaml,PersistentVolumeClaim,2,1,0,1,58.33,0,11,7,3,1,54.86,69.52,8.95,78.47,True,True,3,3,88.89,100.0,{'Enforce_ReadWriteOncePod': 'kyverno'},
01-persistent-volume-claim58.yaml,PersistentVolumeClaim,2,1,0,1,58.33,0,11,7,3,1,48.97,63.83,9.38,73.21,True,True,3,3,88.89,100.0,{'Enforce_ReadWriteOncePod': 'kyverno'},
01-persistent-volume-claim59.yaml,PersistentVolumeClaim,2,1,0,1,58.33,0,11,7,3,1,49.9,64.44,9.46,73.9,True,True,3,3,88.89,100.0,{'Enforce_ReadWriteOncePod': 'kyverno'},
01-persistent-volume-claim6.yaml,PersistentVolumeClaim,2,1,0,1,58.33,0,11,7,3,1,50.62,65.25,8.87,74.12,True,True,3,3,88.89,100.0,{'Enforce_ReadWriteOncePod': 'kyverno'},
01-persistent-volume-claim60.yaml,PersistentVolumeClaim,2,1,0,1,58.33,0,11,7,3,1,48.95,63.72,9.17,72.89,True,True,3,3,88.89,100.0,{'Enforce_ReadWriteOncePod': 'kyverno'},
01-persistent-volume-claim61.yaml,PersistentVolumeClaim,2,1,0,1,58.33,0,11,7,3,1,51.9,66.57,9.51,76.08,True,True,3,3,88.89,100.0,{'Enforce_ReadWriteOncePod': 'kyverno'},
01-persistent-volume-claim62.yaml,PersistentVolumeClaim,2,1,0,1,58.33,0,11,7,3,1,50.55,65.18,8.98,74.16,True,True,3,3,88.89,100.0,{'Enforce_ReadWriteOncePod': 'kyverno'},
01-persistent-volume-claim63.yaml,PersistentVolumeClaim,2,1,0,1,58.33,0,11,7,3,1,50.29,64.79,8.98,73.77,True,True,3,3,88.89,100.0,{'Enforce_ReadWriteOncePod': 'kyverno'},
01-persistent-volume-claim7.yaml,PersistentVolumeClaim,2,1,0,1,58.33,0,11,7,3,1,49.8,64.55,9.05,73.6,True,True,3,3,88.89,100.0,{'Enforce_ReadWriteOncePod': 'kyverno'},
01-persistent-volume-claim8.yaml,PersistentVolumeClaim,2,1,0,1,58.33,0,11,7,3,1,50.35,64.93,8.92,73.85,True,True,3,3,88.89,100.0,{'Enforce_ReadWriteOncePod': 'kyverno'},
01-persistent-volume-claim9.yaml,PersistentVolumeClaim,2,1,0,1,58.33,0,11,7,3,1,49.7,64.31,9.01,73.32,True,True,3,3,88.89,100.0,{'Enforce_ReadWriteOncePod': 'kyverno'},
01-Pod-1.yaml,Pod,61,13,7,20,69.3,0,10,481,187,3,236.03,262.59,21.1,283.69,True,True,25,3,30.0,100.0,"{'kubernetes_drop_unused_capabilities': 'trivy', 'Require_Non_Root_Groups': 'kyverno', 'Require_imagePullPolicy_Always': 'kyverno', 'Require_Read_Only_Root_Filesystem': 'kyverno', 'Validate_User_ID_Group_ID_and_FS_Group': 'kyverno', 'Require_Run_As_Non_Root_User': 'kyverno', 'Check_supplementalGroups': 'kyverno', 'no_root': 'trivy', 'kubernetes_use_readonly_filesystem': 'trivy', 'use_high_gid': 'trivy', 'use_high_uid': 'trivy', 'kubernetes_drop_default_capabilities': 'trivy', 'kubernetes_primary_supplementary_gid': 'trivy', 'cpuLimitsMissing': 'polaris', 'cpuRequestsMissing': 'polaris', 'memoryLimitsMissing': 'polaris', 'Restrict_Image_Registries': 'kyverno', 'tagNotSpecified': 'polaris', 'memoryRequestsMissing': 'polaris', 'Require_Images_Use_Checksums': 'kyverno'}",
01-Pod-Annotation.yaml,Pod,61,13,7,20,69.3,0,13,481,187,3,297.4,331.82,25.55,357.37,True,True,23,1,53.85,100.0,"{'kubernetes_drop_unused_capabilities': 'trivy', 'Require_Non_Root_Groups': 'kyverno', 'Require_imagePullPolicy_Always': 'kyverno', 'Require_Read_Only_Root_Filesystem': 'kyverno', 'Validate_User_ID_Group_ID_and_FS_Group': 'kyverno', 'Require_Run_As_Non_Root_User': 'kyverno', 'Check_supplementalGroups': 'kyverno', 'no_root': 'trivy', 'kubernetes_use_readonly_filesystem': 'trivy', 'use_high_gid': 'trivy', 'use_high_uid': 'trivy', 'kubernetes_drop_default_capabilities': 'trivy', 'kubernetes_primary_supplementary_gid': 'trivy', 'cpuLimitsMissing': 'polaris', 'cpuRequestsMissing': 'polaris', 'memoryLimitsMissing': 'polaris', 'Restrict_Image_Registries': 'kyverno', 'tagNotSpecified': 'polaris', 'memoryRequestsMissing': 'polaris', 'Require_Images_Use_Checksums': 'kyverno'}",
01-pod-exercicio-apache.yaml,Pod,61,13,7,20,69.3,0,11,481,187,1,241.82,268.74,21.47,290.21,True,True,23,1,42.86,100.0,"{'kubernetes_drop_unused_capabilities': 'trivy', 'Require_Non_Root_Groups': 'kyverno', 'Require_imagePullPolicy_Always': 'kyverno', 'Require_Read_Only_Root_Filesystem': 'kyverno', 'Validate_User_ID_Group_ID_and_FS_Group': 'kyverno', 'Require_Run_As_Non_Root_User': 'kyverno', 'Check_supplementalGroups': 'kyverno', 'no_root': 'trivy', 'kubernetes_use_readonly_filesystem': 'trivy', 'use_high_gid': 'trivy', 'use_high_uid': 'trivy', 'kubernetes_drop_default_capabilities': 'trivy', 'kubernetes_primary_supplementary_gid': 'trivy', 'cpuLimitsMissing': 'polaris', 'cpuRequestsMissing': 'polaris', 'memoryLimitsMissing': 'polaris', 'Restrict_Image_Registries': 'kyverno', 'tagNotSpecified': 'polaris', 'memoryRequestsMissing': 'polaris', 'Require_Images_Use_Checksums': 'kyverno'}",
01-pod-imagepull-policy.yaml,Pod,61,13,7,20,69.3,0,10,481,187,1,303.24,328.95,20.64,349.59,True,True,23,2,39.02,100.0,"{'kubernetes_drop_unused_capabilities': 'trivy', 'Require_Non_Root_Groups': 'kyverno', 'Require_imagePullPolicy_Always': 'kyverno', 'Require_Read_Only_Root_Filesystem': 'kyverno', 'Validate_User_ID_Group_ID_and_FS_Group': 'kyverno', 'Require_Run_As_Non_Root_User': 'kyverno', 'Check_supplementalGroups': 'kyverno', 'no_root': 'trivy', 'kubernetes_use_readonly_filesystem': 'trivy', 'use_high_gid': 'trivy', 'use_high_uid': 'trivy', 'kubernetes_drop_default_capabilities': 'trivy', 'kubernetes_primary_supplementary_gid': 'trivy', 'cpuLimitsMissing': 'polaris', 'cpuRequestsMissing': 'polaris', 'memoryLimitsMissing': 'polaris', 'Restrict_Image_Registries': 'kyverno', 'tagNotSpecified': 'polaris', 'memoryRequestsMissing': 'polaris', 'Require_Images_Use_Checksums': 'kyverno'}",
01-pod-indefinate-runtime.yaml,Pod,61,13,7,20,69.3,0,12,481,187,3,297.03,325.41,38.38,363.79,True,True,26,4,44.44,100.0,"{'kubernetes_drop_unused_capabilities': 'trivy', 'Require_Non_Root_Groups': 'kyverno', 'Require_imagePullPolicy_Always': 'kyverno', 'Require_Read_Only_Root_Filesystem': 'kyverno', 'Validate_User_ID_Group_ID_and_FS_Group': 'kyverno', 'Require_Run_As_Non_Root_User': 'kyverno', 'Check_supplementalGroups': 'kyverno', 'no_root': 'trivy', 'kubernetes_use_readonly_filesystem': 'trivy', 'use_high_gid': 'trivy', 'use_high_uid': 'trivy', 'kubernetes_drop_default_capabilities': 'trivy', 'kubernetes_primary_supplementary_gid': 'trivy', 'cpuLimitsMissing': 'polaris', 'cpuRequestsMissing': 'polaris', 'memoryLimitsMissing': 'polaris', 'Restrict_Image_Registries': 'kyverno', 'tagNotSpecified': 'polaris', 'memoryRequestsMissing': 'polaris', 'Require_Images_Use_Checksums': 'kyverno'}",
01-pod.yaml,Pod,61,14,4,18,73.14,0,23,481,195,2,385.4,439.71,26.36,466.07,True,True,22,6,54.84,100.0,"{'kubernetes_drop_unused_capabilities': 'trivy', 'Require_Non_Root_Groups': 'kyverno', 'Require_imagePullPolicy_Always': 'kyverno', 'Require_Read_Only_Root_Filesystem': 'kyverno', 'Validate_User_ID_Group_ID_and_FS_Group': 'kyverno', 'Require_Run_As_Non_Root_User': 'kyverno', 'Check_supplementalGroups': 'kyverno', 'no_root': 'trivy', 'kubernetes_use_readonly_filesystem': 'trivy', 'use_high_gid': 'trivy', 'Disallow_all_Secrets': 'kyverno', 'use_high_uid': 'trivy', 'kubernetes_drop_default_capabilities': 'trivy', 'kubernetes_primary_supplementary_gid': 'trivy', 'cpuRequestsMissing': 'polaris', 'Restrict_Image_Registries': 'kyverno', 'memoryRequestsMissing': 'polaris', 'Require_Images_Use_Checksums': 'kyverno'}",
01-pod1.yaml,Pod,61,13,6,19,71.56,0,8,481,187,1,373.48,397.45,20.58,418.03,True,True,24,2,35.0,100.0,"{'kubernetes_drop_unused_capabilities': 'trivy', 'Require_Non_Root_Groups': 'kyverno', 'Require_imagePullPolicy_Always': 'kyverno', 'Require_Read_Only_Root_Filesystem': 'kyverno', 'Validate_User_ID_Group_ID_and_FS_Group': 'kyverno', 'Require_Run_As_Non_Root_User': 'kyverno', 'Check_supplementalGroups': 'kyverno', 'no_root': 'trivy', 'kubernetes_use_readonly_filesystem': 'trivy', 'use_high_gid': 'trivy', 'use_high_uid': 'trivy', 'kubernetes_drop_default_capabilities': 'trivy', 'kubernetes_primary_supplementary_gid': 'trivy', 'cpuLimitsMissing': 'polaris', 'cpuRequestsMissing': 'polaris', 'memoryLimitsMissing': 'polaris', 'Restrict_Image_Registries': 'kyverno', 'memoryRequestsMissing': 'polaris', 'Require_Images_Use_Checksums': 'kyverno'}",
01-pod10.yaml,Pod,61,13,7,20,69.3,0,17,481,187,6,304.98,347.72,39.11,386.83,True,True,41,5,41.03,100.0,"{'kubernetes_drop_unused_capabilities': 'trivy', 'Require_Non_Root_Groups': 'kyverno', 'Require_imagePullPolicy_Always': 'kyverno', 'Require_Read_Only_Root_Filesystem': 'kyverno', 'Validate_User_ID_Group_ID_and_FS_Group': 'kyverno', 'Require_Run_As_Non_Root_User': 'kyverno', 'Check_supplementalGroups': 'kyverno', 'no_root': 'trivy', 'kubernetes_use_readonly_filesystem': 'trivy', 'use_high_gid': 'trivy', 'use_high_uid': 'trivy', 'kubernetes_drop_default_capabilities': 'trivy', 'kubernetes_primary_supplementary_gid': 'trivy', 'cpuLimitsMissing': 'polaris', 'cpuRequestsMissing': 'polaris', 'memoryLimitsMissing': 'polaris', 'Restrict_Image_Registries': 'kyverno', 'tagNotSpecified': 'polaris', 'memoryRequestsMissing': 'polaris', 'Require_Images_Use_Checksums': 'kyverno'}",
01-pod11.yaml,Pod,61,13,7,20,69.3,0,8,481,187,1,299.84,323.51,21.09,344.6,True,True,23,1,36.84,100.0,"{'kubernetes_drop_unused_capabilities': 'trivy', 'Require_Non_Root_Groups': 'kyverno', 'Require_imagePullPolicy_Always': 'kyverno', 'Require_Read_Only_Root_Filesystem': 'kyverno', 'Validate_User_ID_Group_ID_and_FS_Group': 'kyverno', 'Require_Run_As_Non_Root_User': 'kyverno', 'Check_supplementalGroups': 'kyverno', 'no_root': 'trivy', 'kubernetes_use_readonly_filesystem': 'trivy', 'use_high_gid': 'trivy', 'use_high_uid': 'trivy', 'kubernetes_drop_default_capabilities': 'trivy', 'kubernetes_primary_supplementary_gid': 'trivy', 'cpuLimitsMissing': 'polaris', 'cpuRequestsMissing': 'polaris', 'memoryLimitsMissing': 'polaris', 'Restrict_Image_Registries': 'kyverno', 'tagNotSpecified': 'polaris', 'memoryRequestsMissing': 'polaris', 'Require_Images_Use_Checksums': 'kyverno'}",
01-pod12.yaml,Pod,61,13,6,19,71.56,0,10,481,187,1,327.66,354.76,21.65,376.41,True,True,23,1,42.86,100.0,"{'kubernetes_drop_unused_capabilities': 'trivy', 'Require_Non_Root_Groups': 'kyverno', 'Require_imagePullPolicy_Always': 'kyverno', 'Require_Read_Only_Root_Filesystem': 'kyverno', 'Validate_User_ID_Group_ID_and_FS_Group': 'kyverno', 'Require_Run_As_Non_Root_User': 'kyverno', 'Check_supplementalGroups': 'kyverno', 'no_root': 'trivy', 'kubernetes_use_readonly_filesystem': 'trivy', 'use_high_gid': 'trivy', 'use_high_uid': 'trivy', 'kubernetes_drop_default_capabilities': 'trivy', 'kubernetes_primary_supplementary_gid': 'trivy', 'cpuLimitsMissing': 'polaris', 'cpuRequestsMissing': 'polaris', 'memoryLimitsMissing': 'polaris', 'Restrict_Image_Registries': 'kyverno', 'memoryRequestsMissing': 'polaris', 'Require_Images_Use_Checksums': 'kyverno'}",
01-pod12_1.yaml,Pod,61,13,7,20,69.3,0,10,481,187,1,239.15,266.08,21.27,287.35,True,True,23,1,42.86,100.0,"{'kubernetes_drop_unused_capabilities': 'trivy', 'Require_Non_Root_Groups': 'kyverno', 'Require_imagePullPolicy_Always': 'kyverno', 'Require_Read_Only_Root_Filesystem': 'kyverno', 'Validate_User_ID_Group_ID_and_FS_Group': 'kyverno', 'Require_Run_As_Non_Root_User': 'kyverno', 'Check_supplementalGroups': 'kyverno', 'no_root': 'trivy', 'kubernetes_use_readonly_filesystem': 'trivy', 'use_high_gid': 'trivy', 'use_high_uid': 'trivy', 'kubernetes_drop_default_capabilities': 'trivy', 'kubernetes_primary_supplementary_gid': 'trivy', 'cpuLimitsMissing': 'polaris', 'cpuRequestsMissing': 'polaris', 'memoryLimitsMissing': 'polaris', 'Restrict_Image_Registries': 'kyverno', 'tagNotSpecified': 'polaris', 'memoryRequestsMissing': 'polaris', 'Require_Images_Use_Checksums': 'kyverno'}",
01-pod12_2.yaml,Pod,61,13,7,20,69.3,0,11,481,187,1,308.69,337.17,22.28,359.45,True,True,23,1,45.45,100.0,"{'kubernetes_drop_unused_capabilities': 'trivy', 'Require_Non_Root_Groups': 'kyverno', 'Require_imagePullPolicy_Always': 'kyverno', 'Require_Read_Only_Root_Filesystem': 'kyverno', 'Validate_User_ID_Group_ID_and_FS_Group': 'kyverno', 'Require_Run_As_Non_Root_User': 'kyverno', 'Check_supplementalGroups': 'kyverno', 'no_root': 'trivy', 'kubernetes_use_readonly_filesystem': 'trivy', 'use_high_gid': 'trivy', 'use_high_uid': 'trivy', 'kubernetes_drop_default_capabilities': 'trivy', 'kubernetes_primary_supplementary_gid': 'trivy', 'cpuLimitsMissing': 'polaris', 'cpuRequestsMissing': 'polaris', 'memoryLimitsMissing': 'polaris', 'Restrict_Image_Registries': 'kyverno', 'tagNotSpecified': 'polaris', 'memoryRequestsMissing': 'polaris', 'Require_Images_Use_Checksums': 'kyverno'}",
01-pod13.yaml,Pod,61,13,7,20,69.3,0,11,481,187,2,268.93,298.11,23.51,321.62,True,True,24,2,45.83,100.0,"{'kubernetes_drop_unused_capabilities': 'trivy', 'Require_Non_Root_Groups': 'kyverno', 'Require_imagePullPolicy_Always': 'kyverno', 'Require_Read_Only_Root_Filesystem': 'kyverno', 'Validate_User_ID_Group_ID_and_FS_Group': 'kyverno', 'Require_Run_As_Non_Root_User': 'kyverno', 'Check_supplementalGroups': 'kyverno', 'no_root': 'trivy', 'kubernetes_use_readonly_filesystem': 'trivy', 'use_high_gid': 'trivy', 'use_high_uid': 'trivy', 'kubernetes_drop_default_capabilities': 'trivy', 'kubernetes_primary_supplementary_gid': 'trivy', 'cpuLimitsMissing': 'polaris', 'cpuRequestsMissing': 'polaris', 'memoryLimitsMissing': 'polaris', 'Restrict_Image_Registries': 'kyverno', 'tagNotSpecified': 'polaris', 'memoryRequestsMissing': 'polaris', 'Require_Images_Use_Checksums': 'kyverno'}",
01-pod14.yaml,Pod,61,13,6,19,71.56,0,11,481,187,1,290.47,319.79,36.59,356.38,True,True,27,5,27.27,100.0,"{'kubernetes_drop_unused_capabilities': 'trivy', 'Require_Non_Root_Groups': 'kyverno', 'Require_imagePullPolicy_Always': 'kyverno', 'Require_Read_Only_Root_Filesystem': 'kyverno', 'Validate_User_ID_Group_ID_and_FS_Group': 'kyverno', 'Require_Run_As_Non_Root_User': 'kyverno', 'Check_supplementalGroups': 'kyverno', 'no_root': 'trivy', 'kubernetes_use_readonly_filesystem': 'trivy', 'use_high_gid': 'trivy', 'use_high_uid': 'trivy', 'kubernetes_drop_default_capabilities': 'trivy', 'kubernetes_primary_supplementary_gid': 'trivy', 'cpuLimitsMissing': 'polaris', 'cpuRequestsMissing': 'polaris', 'memoryLimitsMissing': 'polaris', 'Restrict_Image_Registries': 'kyverno', 'memoryRequestsMissing': 'polaris', 'Require_Images_Use_Checksums': 'kyverno'}",
01-pod15.yaml,Pod,61,13,7,20,69.3,0,11,481,187,1,241.86,270.93,22.73,293.66,True,True,24,2,40.91,100.0,"{'kubernetes_drop_unused_capabilities': 'trivy', 'Require_Non_Root_Groups': 'kyverno', 'Require_imagePullPolicy_Always': 'kyverno', 'Require_Read_Only_Root_Filesystem': 'kyverno', 'Validate_User_ID_Group_ID_and_FS_Group': 'kyverno', 'Require_Run_As_Non_Root_User': 'kyverno', 'Check_supplementalGroups': 'kyverno', 'no_root': 'trivy', 'kubernetes_use_readonly_filesystem': 'trivy', 'use_high_gid': 'trivy', 'use_high_uid': 'trivy', 'kubernetes_drop_default_capabilities': 'trivy', 'kubernetes_primary_supplementary_gid': 'trivy', 'cpuLimitsMissing': 'polaris', 'cpuRequestsMissing': 'polaris', 'memoryLimitsMissing': 'polaris', 'Restrict_Image_Registries': 'kyverno', 'tagNotSpecified': 'polaris', 'memoryRequestsMissing': 'polaris', 'Require_Images_Use_Checksums': 'kyverno'}",
01-pod16.yaml,Pod,61,13,7,20,69.3,0,14,481,187,1,361.93,394.33,24.07,418.4,True,True,23,1,62.5,100.0,"{'kubernetes_drop_unused_capabilities': 'trivy', 'Require_Non_Root_Groups': 'kyverno', 'Require_imagePullPolicy_Always': 'kyverno', 'Require_Read_Only_Root_Filesystem': 'kyverno', 'Validate_User_ID_Group_ID_and_FS_Group': 'kyverno', 'Require_Run_As_Non_Root_User': 'kyverno', 'Check_supplementalGroups': 'kyverno', 'no_root': 'trivy', 'kubernetes_use_readonly_filesystem': 'trivy', 'use_high_gid': 'trivy', 'use_high_uid': 'trivy', 'kubernetes_drop_default_capabilities': 'trivy', 'kubernetes_primary_supplementary_gid': 'trivy', 'cpuLimitsMissing': 'polaris', 'cpuRequestsMissing': 'polaris', 'memoryLimitsMissing': 'polaris', 'Restrict_Image_Registries': 'kyverno', 'tagNotSpecified': 'polaris', 'memoryRequestsMissing': 'polaris', 'Require_Images_Use_Checksums': 'kyverno'}",
01-pod17.yaml,Pod,61,13,6,19,71.56,0,11,481,187,4,249.93,282.44,24.13,306.57,True,True,24,3,44.9,100.0,"{'kubernetes_drop_unused_capabilities': 'trivy', 'Require_Non_Root_Groups': 'kyverno', 'Require_imagePullPolicy_Always': 'kyverno', 'Require_Read_Only_Root_Filesystem': 'kyverno', 'Validate_User_ID_Group_ID_and_FS_Group': 'kyverno', 'Require_Run_As_Non_Root_User': 'kyverno', 'Check_supplementalGroups': 'kyverno', 'no_root': 'trivy', 'kubernetes_use_readonly_filesystem': 'trivy', 'use_high_gid': 'trivy', 'use_high_uid': 'trivy', 'kubernetes_drop_default_capabilities': 'trivy', 'kubernetes_primary_supplementary_gid': 'trivy', 'cpuLimitsMissing': 'polaris', 'cpuRequestsMissing': 'polaris', 'memoryLimitsMissing': 'polaris', 'Restrict_Image_Registries': 'kyverno', 'memoryRequestsMissing': 'polaris', 'Require_Images_Use_Checksums': 'kyverno'}",
01-pod18.yaml,Pod,61,13,6,19,71.56,0,11,481,187,4,252.61,285.31,24.26,309.57,True,True,24,3,44.9,100.0,"{'kubernetes_drop_unused_capabilities': 'trivy', 'Require_Non_Root_Groups': 'kyverno', 'Require_imagePullPolicy_Always': 'kyverno', 'Require_Read_Only_Root_Filesystem': 'kyverno', 'Validate_User_ID_Group_ID_and_FS_Group': 'kyverno', 'Require_Run_As_Non_Root_User': 'kyverno', 'Check_supplementalGroups': 'kyverno', 'no_root': 'trivy', 'kubernetes_use_readonly_filesystem': 'trivy', 'use_high_gid': 'trivy', 'use_high_uid': 'trivy', 'kubernetes_drop_default_capabilities': 'trivy', 'kubernetes_primary_supplementary_gid': 'trivy', 'cpuLimitsMissing': 'polaris', 'cpuRequestsMissing': 'polaris', 'memoryLimitsMissing': 'polaris', 'Restrict_Image_Registries': 'kyverno', 'memoryRequestsMissing': 'polaris', 'Require_Images_Use_Checksums': 'kyverno'}",
01-pod19.yaml,Pod,61,13,6,19,71.56,0,11,481,187,4,225.97,258.72,25.0,283.72,True,True,24,3,44.9,100.0,"{'kubernetes_drop_unused_capabilities': 'trivy', 'Require_Non_Root_Groups': 'kyverno', 'Require_imagePullPolicy_Always': 'kyverno', 'Require_Read_Only_Root_Filesystem': 'kyverno', 'Validate_User_ID_Group_ID_and_FS_Group': 'kyverno', 'Require_Run_As_Non_Root_User': 'kyverno', 'Check_supplementalGroups': 'kyverno', 'no_root': 'trivy', 'kubernetes_use_readonly_filesystem': 'trivy', 'use_high_gid': 'trivy', 'use_high_uid': 'trivy', 'kubernetes_drop_default_capabilities': 'trivy', 'kubernetes_primary_supplementary_gid': 'trivy', 'cpuLimitsMissing': 'polaris', 'cpuRequestsMissing': 'polaris', 'memoryLimitsMissing': 'polaris', 'Restrict_Image_Registries': 'kyverno', 'memoryRequestsMissing': 'polaris', 'Require_Images_Use_Checksums': 'kyverno'}",
01-pod2.yaml,Pod,61,14,4,18,73.14,0,23,481,195,2,223.12,274.98,37.36,312.34,True,True,22,6,54.84,100.0,"{'kubernetes_drop_unused_capabilities': 'trivy', 'Require_Non_Root_Groups': 'kyverno', 'Require_imagePullPolicy_Always': 'kyverno', 'Require_Read_Only_Root_Filesystem': 'kyverno', 'Validate_User_ID_Group_ID_and_FS_Group': 'kyverno', 'Require_Run_As_Non_Root_User': 'kyverno', 'Check_supplementalGroups': 'kyverno', 'no_root': 'trivy', 'kubernetes_use_readonly_filesystem': 'trivy', 'use_high_gid': 'trivy', 'Disallow_all_Secrets': 'kyverno', 'use_high_uid': 'trivy', 'kubernetes_drop_default_capabilities': 'trivy', 'kubernetes_primary_supplementary_gid': 'trivy', 'cpuRequestsMissing': 'polaris', 'Restrict_Image_Registries': 'kyverno', 'memoryRequestsMissing': 'polaris', 'Require_Images_Use_Checksums': 'kyverno'}",
01-pod20.yaml,Pod,61,13,6,19,71.56,0,11,481,187,2,279.6,308.31,23.74,332.05,True,True,24,2,40.91,100.0,"{'kubernetes_drop_unused_capabilities': 'trivy', 'Require_Non_Root_Groups': 'kyverno', 'Require_imagePullPolicy_Always': 'kyverno', 'Require_Read_Only_Root_Filesystem': 'kyverno', 'Validate_User_ID_Group_ID_and_FS_Group': 'kyverno', 'Require_Run_As_Non_Root_User': 'kyverno', 'Check_supplementalGroups': 'kyverno', 'no_root': 'trivy', 'kubernetes_use_readonly_filesystem': 'trivy', 'use_high_gid': 'trivy', 'use_high_uid': 'trivy', 'kubernetes_drop_default_capabilities': 'trivy', 'kubernetes_primary_supplementary_gid': 'trivy', 'cpuLimitsMissing': 'polaris', 'cpuRequestsMissing': 'polaris', 'memoryLimitsMissing': 'polaris', 'Restrict_Image_Registries': 'kyverno', 'memoryRequestsMissing': 'polaris', 'Require_Images_Use_Checksums': 'kyverno'}",
01-pod21.yaml,Pod,61,13,7,20,69.3,0,12,481,187,3,262.15,290.21,22.24,312.45,True,True,26,4,44.44,100.0,"{'kubernetes_drop_unused_capabilities': 'trivy', 'Require_Non_Root_Groups': 'kyverno', 'Require_imagePullPolicy_Always': 'kyverno', 'Require_Read_Only_Root_Filesystem': 'kyverno', 'Validate_User_ID_Group_ID_and_FS_Group': 'kyverno', 'Require_Run_As_Non_Root_User': 'kyverno', 'Check_supplementalGroups': 'kyverno', 'no_root': 'trivy', 'kubernetes_use_readonly_filesystem': 'trivy', 'use_high_gid': 'trivy', 'use_high_uid': 'trivy', 'kubernetes_drop_default_capabilities': 'trivy', 'kubernetes_primary_supplementary_gid': 'trivy', 'cpuLimitsMissing': 'polaris', 'cpuRequestsMissing': 'polaris', 'memoryLimitsMissing': 'polaris', 'Restrict_Image_Registries': 'kyverno', 'tagNotSpecified': 'polaris', 'memoryRequestsMissing': 'polaris', 'Require_Images_Use_Checksums': 'kyverno'}",
01-pod22.yaml,Pod,61,13,7,20,69.3,0,10,481,187,1,309.15,337.09,22.71,359.8,True,True,24,2,50.0,100.0,"{'kubernetes_drop_unused_capabilities': 'trivy', 'Require_Non_Root_Groups': 'kyverno', 'Require_imagePullPolicy_Always': 'kyverno', 'Require_Read_Only_Root_Filesystem': 'kyverno', 'Validate_User_ID_Group_ID_and_FS_Group': 'kyverno', 'Require_Run_As_Non_Root_User': 'kyverno', 'Check_supplementalGroups': 'kyverno', 'no_root': 'trivy', 'kubernetes_use_readonly_filesystem': 'trivy', 'use_high_gid': 'trivy', 'use_high_uid': 'trivy', 'kubernetes_drop_default_capabilities': 'trivy', 'kubernetes_primary_supplementary_gid': 'trivy', 'cpuLimitsMissing': 'polaris', 'cpuRequestsMissing': 'polaris', 'memoryLimitsMissing': 'polaris', 'Restrict_Image_Registries': 'kyverno', 'tagNotSpecified': 'polaris', 'memoryRequestsMissing': 'polaris', 'Require_Images_Use_Checksums': 'kyverno'}",
01-pod23.yaml,Pod,61,13,6,19,71.56,0,8,481,187,1,285.42,309.55,20.67,330.22,True,True,24,2,31.58,100.0,"{'kubernetes_drop_unused_capabilities': 'trivy', 'Require_Non_Root_Groups': 'kyverno', 'Require_imagePullPolicy_Always': 'kyverno', 'Require_Read_Only_Root_Filesystem': 'kyverno', 'Validate_User_ID_Group_ID_and_FS_Group': 'kyverno', 'Require_Run_As_Non_Root_User': 'kyverno', 'Check_supplementalGroups': 'kyverno', 'no_root': 'trivy', 'kubernetes_use_readonly_filesystem': 'trivy', 'use_high_gid': 'trivy', 'use_high_uid': 'trivy', 'kubernetes_drop_default_capabilities': 'trivy', 'kubernetes_primary_supplementary_gid': 'trivy', 'cpuLimitsMissing': 'polaris', 'cpuRequestsMissing': 'polaris', 'memoryLimitsMissing': 'polaris', 'Restrict_Image_Registries': 'kyverno', 'memoryRequestsMissing': 'polaris', 'Require_Images_Use_Checksums': 'kyverno'}",
01-pod24.yaml,Pod,61,13,6,19,71.56,0,8,481,187,1,301.28,325.13,20.6,345.73,True,True,23,1,36.84,100.0,"{'kubernetes_drop_unused_capabilities': 'trivy', 'Require_Non_Root_Groups': 'kyverno', 'Require_imagePullPolicy_Always': 'kyverno', 'Require_Read_Only_Root_Filesystem': 'kyverno', 'Validate_User_ID_Group_ID_and_FS_Group': 'kyverno', 'Require_Run_As_Non_Root_User': 'kyverno', 'Check_supplementalGroups': 'kyverno', 'no_root': 'trivy', 'kubernetes_use_readonly_filesystem': 'trivy', 'use_high_gid': 'trivy', 'use_high_uid': 'trivy', 'kubernetes_drop_default_capabilities': 'trivy', 'kubernetes_primary_supplementary_gid': 'trivy', 'cpuLimitsMissing': 'polaris', 'cpuRequestsMissing': 'polaris', 'memoryLimitsMissing': 'polaris', 'Restrict_Image_Registries': 'kyverno', 'memoryRequestsMissing': 'polaris', 'Require_Images_Use_Checksums': 'kyverno'}",
01-pod25.yaml,Pod,61,13,6,19,71.56,0,8,481,187,1,282.19,306.07,21.03,327.1,True,True,23,1,36.84,100.0,"{'kubernetes_drop_unused_capabilities': 'trivy', 'Require_Non_Root_Groups': 'kyverno', 'Require_imagePullPolicy_Always': 'kyverno', 'Require_Read_Only_Root_Filesystem': 'kyverno', 'Validate_User_ID_Group_ID_and_FS_Group': 'kyverno', 'Require_Run_As_Non_Root_User': 'kyverno', 'Check_supplementalGroups': 'kyverno', 'no_root': 'trivy', 'kubernetes_use_readonly_filesystem': 'trivy', 'use_high_gid': 'trivy', 'use_high_uid': 'trivy', 'kubernetes_drop_default_capabilities': 'trivy', 'kubernetes_primary_supplementary_gid': 'trivy', 'cpuLimitsMissing': 'polaris', 'cpuRequestsMissing': 'polaris', 'memoryLimitsMissing': 'polaris', 'Restrict_Image_Registries': 'kyverno', 'memoryRequestsMissing': 'polaris', 'Require_Images_Use_Checksums': 'kyverno'}",
01-pod26.yaml,Pod,61,13,6,19,71.56,0,11,481,187,2,213.75,242.13,23.6,265.73,True,True,24,2,40.91,100.0,"{'kubernetes_drop_unused_capabilities': 'trivy', 'Require_Non_Root_Groups': 'kyverno', 'Require_imagePullPolicy_Always': 'kyverno', 'Require_Read_Only_Root_Filesystem': 'kyverno', 'Validate_User_ID_Group_ID_and_FS_Group': 'kyverno', 'Require_Run_As_Non_Root_User': 'kyverno', 'Check_supplementalGroups': 'kyverno', 'no_root': 'trivy', 'kubernetes_use_readonly_filesystem': 'trivy', 'use_high_gid': 'trivy', 'use_high_uid': 'trivy', 'kubernetes_drop_default_capabilities': 'trivy', 'kubernetes_primary_supplementary_gid': 'trivy', 'cpuLimitsMissing': 'polaris', 'cpuRequestsMissing': 'polaris', 'memoryLimitsMissing': 'polaris', 'Restrict_Image_Registries': 'kyverno', 'memoryRequestsMissing': 'polaris', 'Require_Images_Use_Checksums': 'kyverno'}",
01-pod3.yaml,Pod,61,13,6,19,71.56,0,8,481,187,1,218.36,242.07,21.79,263.86,True,True,24,2,35.0,100.0,"{'kubernetes_drop_unused_capabilities': 'trivy', 'Require_Non_Root_Groups': 'kyverno', 'Require_imagePullPolicy_Always': 'kyverno', 'Require_Read_Only_Root_Filesystem': 'kyverno', 'Validate_User_ID_Group_ID_and_FS_Group': 'kyverno', 'Require_Run_As_Non_Root_User': 'kyverno', 'Check_supplementalGroups': 'kyverno', 'no_root': 'trivy', 'kubernetes_use_readonly_filesystem': 'trivy', 'use_high_gid': 'trivy', 'use_high_uid': 'trivy', 'kubernetes_drop_default_capabilities': 'trivy', 'kubernetes_primary_supplementary_gid': 'trivy', 'cpuLimitsMissing': 'polaris', 'cpuRequestsMissing': 'polaris', 'memoryLimitsMissing': 'polaris', 'Restrict_Image_Registries': 'kyverno', 'memoryRequestsMissing': 'polaris', 'Require_Images_Use_Checksums': 'kyverno'}",
01-pod4.yaml,Pod,61,13,7,20,69.3,0,14,481,187,1,276.36,308.71,23.96,332.67,True,True,26,4,37.5,100.0,"{'kubernetes_drop_unused_capabilities': 'trivy', 'Require_Non_Root_Groups': 'kyverno', 'Require_imagePullPolicy_Always': 'kyverno', 'Require_Read_Only_Root_Filesystem': 'kyverno', 'Validate_User_ID_Group_ID_and_FS_Group': 'kyverno', 'Require_Run_As_Non_Root_User': 'kyverno', 'Check_supplementalGroups': 'kyverno', 'no_root': 'trivy', 'kubernetes_use_readonly_filesystem': 'trivy', 'use_high_gid': 'trivy', 'use_high_uid': 'trivy', 'kubernetes_drop_default_capabilities': 'trivy', 'kubernetes_primary_supplementary_gid': 'trivy', 'cpuLimitsMissing': 'polaris', 'cpuRequestsMissing': 'polaris', 'memoryLimitsMissing': 'polaris', 'Restrict_Image_Registries': 'kyverno', 'tagNotSpecified': 'polaris', 'memoryRequestsMissing': 'polaris', 'Require_Images_Use_Checksums': 'kyverno'}",
01-pod5.yaml,Pod,61,13,7,20,69.3,0,14,481,187,1,241.47,272.05,42.73,314.78,True,True,25,3,39.13,100.0,"{'kubernetes_drop_unused_capabilities': 'trivy', 'Require_Non_Root_Groups': 'kyverno', 'Require_imagePullPolicy_Always': 'kyverno', 'Require_Read_Only_Root_Filesystem': 'kyverno', 'Validate_User_ID_Group_ID_and_FS_Group': 'kyverno', 'Require_Run_As_Non_Root_User': 'kyverno', 'Check_supplementalGroups': 'kyverno', 'no_root': 'trivy', 'kubernetes_use_readonly_filesystem': 'trivy', 'use_high_gid': 'trivy', 'use_high_uid': 'trivy', 'kubernetes_drop_default_capabilities': 'trivy', 'kubernetes_primary_supplementary_gid': 'trivy', 'cpuLimitsMissing': 'polaris', 'cpuRequestsMissing': 'polaris', 'memoryLimitsMissing': 'polaris', 'Restrict_Image_Registries': 'kyverno', 'tagNotSpecified': 'polaris', 'memoryRequestsMissing': 'polaris', 'Require_Images_Use_Checksums': 'kyverno'}",
01-pod6.yaml,Pod,61,13,6,19,71.56,0,13,481,187,1,353.84,384.7,22.76,407.46,True,True,26,4,40.0,100.0,"{'kubernetes_drop_unused_capabilities': 'trivy', 'Require_Non_Root_Groups': 'kyverno', 'Require_imagePullPolicy_Always': 'kyverno', 'Require_Read_Only_Root_Filesystem': 'kyverno', 'Validate_User_ID_Group_ID_and_FS_Group': 'kyverno', 'Require_Run_As_Non_Root_User': 'kyverno', 'Check_supplementalGroups': 'kyverno', 'no_root': 'trivy', 'kubernetes_use_readonly_filesystem': 'trivy', 'use_high_gid': 'trivy', 'use_high_uid': 'trivy', 'kubernetes_drop_default_capabilities': 'trivy', 'kubernetes_primary_supplementary_gid': 'trivy', 'cpuLimitsMissing': 'polaris', 'cpuRequestsMissing': 'polaris', 'memoryLimitsMissing': 'polaris', 'Restrict_Image_Registries': 'kyverno', 'memoryRequestsMissing': 'polaris', 'Require_Images_Use_Checksums': 'kyverno'}",
01-pod7.yaml,Pod,61,13,6,19,71.56,0,13,481,187,1,262.52,293.76,23.06,316.82,True,True,26,4,40.0,100.0,"{'kubernetes_drop_unused_capabilities': 'trivy', 'Require_Non_Root_Groups': 'kyverno', 'Require_imagePullPolicy_Always': 'kyverno', 'Require_Read_Only_Root_Filesystem': 'kyverno', 'Validate_User_ID_Group_ID_and_FS_Group': 'kyverno', 'Require_Run_As_Non_Root_User': 'kyverno', 'Check_supplementalGroups': 'kyverno', 'no_root': 'trivy', 'kubernetes_use_readonly_filesystem': 'trivy', 'use_high_gid': 'trivy', 'use_high_uid': 'trivy', 'kubernetes_drop_default_capabilities': 'trivy', 'kubernetes_primary_supplementary_gid': 'trivy', 'cpuLimitsMissing': 'polaris', 'cpuRequestsMissing': 'polaris', 'memoryLimitsMissing': 'polaris', 'Restrict_Image_Registries': 'kyverno', 'memoryRequestsMissing': 'polaris', 'Require_Images_Use_Checksums': 'kyverno'}",
01-pod8.yaml,Pod,61,13,2,15,77.88,0,28,481,187,4,337.25,405.89,30.3,436.19,True,True,36,21,19.72,100.0,"{'kubernetes_drop_unused_capabilities': 'trivy', 'Require_Non_Root_Groups': 'kyverno', 'Require_imagePullPolicy_Always': 'kyverno', 'Require_Read_Only_Root_Filesystem': 'kyverno', 'Validate_User_ID_Group_ID_and_FS_Group': 'kyverno', 'Require_Run_As_Non_Root_User': 'kyverno', 'Check_supplementalGroups': 'kyverno', 'no_root': 'trivy', 'kubernetes_use_readonly_filesystem': 'trivy', 'use_high_gid': 'trivy', 'use_high_uid': 'trivy', 'kubernetes_drop_default_capabilities': 'trivy', 'kubernetes_primary_supplementary_gid': 'trivy', 'Restrict_Image_Registries': 'kyverno', 'Require_Images_Use_Checksums': 'kyverno'}",
01-pod9.yaml,Pod,61,13,7,20,69.3,0,8,481,187,1,209.39,233.51,20.53,254.04,True,True,24,3,30.77,100.0,"{'kubernetes_drop_unused_capabilities': 'trivy', 'Require_Non_Root_Groups': 'kyverno', 'Require_imagePullPolicy_Always': 'kyverno', 'Require_Read_Only_Root_Filesystem': 'kyverno', 'Validate_User_ID_Group_ID_and_FS_Group': 'kyverno', 'Require_Run_As_Non_Root_User': 'kyverno', 'Check_supplementalGroups': 'kyverno', 'no_root': 'trivy', 'kubernetes_use_readonly_filesystem': 'trivy', 'use_high_gid': 'trivy', 'use_high_uid': 'trivy', 'kubernetes_drop_default_capabilities': 'trivy', 'kubernetes_primary_supplementary_gid': 'trivy', 'cpuLimitsMissing': 'polaris', 'cpuRequestsMissing': 'polaris', 'memoryLimitsMissing': 'polaris', 'Restrict_Image_Registries': 'kyverno', 'tagNotSpecified': 'polaris', 'memoryRequestsMissing': 'polaris', 'Require_Images_Use_Checksums': 'kyverno'}",
01-podpvc-clone.yaml,PersistentVolumeClaim,2,1,0,1,58.33,0,14,7,3,1,45.48,60.71,11.15,71.86,True,True,2,2,85.71,100.0,{'Enforce_ReadWriteOncePod': 'kyverno'},
01-podpvc-clone1.yaml,PersistentVolumeClaim,2,1,0,1,58.33,0,14,7,3,1,56.55,71.99,11.27,83.26,True,True,2,2,85.71,100.0,{'Enforce_ReadWriteOncePod': 'kyverno'},
01-podpvc-clone2.yaml,PersistentVolumeClaim,2,1,0,1,58.33,0,14,7,3,1,51.17,66.57,11.23,77.8,True,True,2,2,85.71,100.0,{'Enforce_ReadWriteOncePod': 'kyverno'},
01-podpvc-clone3.yaml,PersistentVolumeClaim,2,1,0,1,58.33,0,14,7,3,1,48.68,63.92,11.4,75.32,True,True,2,2,85.71,100.0,{'Enforce_ReadWriteOncePod': 'kyverno'},
01-podpvc-clone4.yaml,PersistentVolumeClaim,2,1,0,1,58.33,0,14,7,3,1,45.39,61.9,11.07,72.97,True,True,2,2,85.71,100.0,{'Enforce_ReadWriteOncePod': 'kyverno'},
01-podpvc-clone5.yaml,PersistentVolumeClaim,2,1,0,1,58.33,0,14,7,3,1,42.01,56.97,10.99,67.96,True,True,2,2,85.71,100.0,{'Enforce_ReadWriteOncePod': 'kyverno'},
01-podpvc-clone6.yaml,PersistentVolumeClaim,2,1,0,1,58.33,0,14,7,3,1,41.07,56.04,11.35,67.39,True,True,2,2,85.71,100.0,{'Enforce_ReadWriteOncePod': 'kyverno'},
01-podpvc-clone7.yaml,PersistentVolumeClaim,2,1,0,1,58.33,0,14,7,3,1,40.89,56.12,10.97,67.09,True,True,2,2,85.71,100.0,{'Enforce_ReadWriteOncePod': 'kyverno'},
01-pods.yaml,Pod,61,13,6,19,71.56,0,8,481,187,1,193.11,216.86,43.58,260.44,True,True,23,1,36.84,100.0,"{'kubernetes_drop_unused_capabilities': 'trivy', 'Require_Non_Root_Groups': 'kyverno', 'Require_imagePullPolicy_Always': 'kyverno', 'Require_Read_Only_Root_Filesystem': 'kyverno', 'Validate_User_ID_Group_ID_and_FS_Group': 'kyverno', 'Require_Run_As_Non_Root_User': 'kyverno', 'Check_supplementalGroups': 'kyverno', 'no_root': 'trivy', 'kubernetes_use_readonly_filesystem': 'trivy', 'use_high_gid': 'trivy', 'use_high_uid': 'trivy', 'kubernetes_drop_default_capabilities': 'trivy', 'kubernetes_primary_supplementary_gid': 'trivy', 'cpuLimitsMissing': 'polaris', 'cpuRequestsMissing': 'polaris', 'memoryLimitsMissing': 'polaris', 'Restrict_Image_Registries': 'kyverno', 'memoryRequestsMissing': 'polaris', 'Require_Images_Use_Checksums': 'kyverno'}",
01-pods_1.yaml,Pod,61,13,7,20,69.3,0,8,481,187,2,198.61,225.55,31.74,257.29,True,True,40,2,27.59,100.0,"{'kubernetes_drop_unused_capabilities': 'trivy', 'Require_Non_Root_Groups': 'kyverno', 'Require_imagePullPolicy_Always': 'kyverno', 'Require_Read_Only_Root_Filesystem': 'kyverno', 'Validate_User_ID_Group_ID_and_FS_Group': 'kyverno', 'Require_Run_As_Non_Root_User': 'kyverno', 'Check_supplementalGroups': 'kyverno', 'no_root': 'trivy', 'kubernetes_use_readonly_filesystem': 'trivy', 'use_high_gid': 'trivy', 'use_high_uid': 'trivy', 'kubernetes_drop_default_capabilities': 'trivy', 'kubernetes_primary_supplementary_gid': 'trivy', 'cpuLimitsMissing': 'polaris', 'cpuRequestsMissing': 'polaris', 'memoryLimitsMissing': 'polaris', 'Restrict_Image_Registries': 'kyverno', 'tagNotSpecified': 'polaris', 'memoryRequestsMissing': 'polaris', 'Require_Images_Use_Checksums': 'kyverno'}",
01-postgres.yaml,Secret,4,0,0,0,100.0,0,7,14,0,1,32.69,46.14,0.0,0.0,True,True,0,0,100.0,100.0,{},
01-postgres_1.yaml,StatefulSet,31,7,4,11,70.09,0,39,424,176,3,131.28,238.28,47.99,286.27,True,True,16,0,84.62,100.0,"{'kubernetes_drop_unused_capabilities': 'trivy', 'no_root': 'trivy', 'kubernetes_use_readonly_filesystem': 'trivy', 'use_high_gid': 'trivy', 'use_high_uid': 'trivy', 'kubernetes_drop_default_capabilities': 'trivy', 'kubernetes_primary_supplementary_gid': 'trivy', 'cpuLimitsMissing': 'polaris', 'cpuRequestsMissing': 'polaris', 'memoryLimitsMissing': 'polaris', 'memoryRequestsMissing': 'polaris'}",
01-postgres_2.yaml,Service,6,1,0,1,84.44,0,15,13,2,1,47.49,62.24,9.73,71.97,True,True,1,1,91.67,100.0,{'Restrict_Service_Port_Range': 'kyverno'},
01-prereq1_1.yaml,Deployment,31,8,5,13,62.82,0,29,422,178,1,149.03,201.45,28.03,229.48,True,True,17,2,71.64,100.0,"{'kubernetes_drop_unused_capabilities': 'trivy', 'no_root': 'trivy', 'kubernetes_use_readonly_filesystem': 'trivy', 'use_high_gid': 'trivy', 'use_high_uid': 'trivy', 'kubernetes_drop_default_capabilities': 'trivy', 'kubernetes_primary_supplementary_gid': 'trivy', 'Require_Multiple_Replicas': 'kyverno', 'cpuLimitsMissing': 'polaris', 'cpuRequestsMissing': 'polaris', 'memoryLimitsMissing': 'polaris', 'tagNotSpecified': 'polaris', 'memoryRequestsMissing': 'polaris'}",
01-prereq1_2.yaml,Service,6,1,0,1,84.44,0,20,13,2,1,47.91,63.03,11.94,74.97,True,True,1,1,93.33,100.0,{'Restrict_Service_Port_Range': 'kyverno'},
01-prereq1_3.yaml,Deployment,31,8,5,13,62.82,0,29,422,178,1,138.72,191.42,27.01,218.43,True,True,17,2,71.64,100.0,"{'kubernetes_drop_unused_capabilities': 'trivy', 'no_root': 'trivy', 'kubernetes_use_readonly_filesystem': 'trivy', 'use_high_gid': 'trivy', 'use_high_uid': 'trivy', 'kubernetes_drop_default_capabilities': 'trivy', 'kubernetes_primary_supplementary_gid': 'trivy', 'Require_Multiple_Replicas': 'kyverno', 'cpuLimitsMissing': 'polaris', 'cpuRequestsMissing': 'polaris', 'memoryLimitsMissing': 'polaris', 'tagNotSpecified': 'polaris', 'memoryRequestsMissing': 'polaris'}",
01-prereq1_4.yaml,Service,6,1,0,1,84.44,0,20,13,2,1,51.24,66.42,11.92,78.34,True,True,1,1,93.33,100.0,{'Restrict_Service_Port_Range': 'kyverno'},
01-prereq1_5.yaml,Deployment,31,8,5,13,62.82,0,29,422,178,1,131.15,183.69,27.12,210.81,True,True,17,2,71.64,100.0,"{'kubernetes_drop_unused_capabilities': 'trivy', 'no_root': 'trivy', 'kubernetes_use_readonly_filesystem': 'trivy', 'use_high_gid': 'trivy', 'use_high_uid': 'trivy', 'kubernetes_drop_default_capabilities': 'trivy', 'kubernetes_primary_supplementary_gid': 'trivy', 'Require_Multiple_Replicas': 'kyverno', 'cpuLimitsMissing': 'polaris', 'cpuRequestsMissing': 'polaris', 'memoryLimitsMissing': 'polaris', 'tagNotSpecified': 'polaris', 'memoryRequestsMissing': 'polaris'}",
01-prereq1_6.yaml,Service,6,1,0,1,84.44,0,20,13,2,1,48.42,63.92,11.87,75.79,True,True,1,1,93.33,100.0,{'Restrict_Service_Port_Range': 'kyverno'},
01-prereq_1.yaml,ServiceAccount,3,0,0,0,100.0,0,5,7,0,1,33.27,46.86,0.0,0.0,True,True,0,0,100.0,100.0,{},
01-prereq_3.yaml,ClusterRoleBinding,4,0,0,0,100.0,0,14,12,0,1,54.83,68.96,0.0,0.0,True,True,0,0,100.0,100.0,{},
01-product-storageclass-clickhouse.yaml,StorageClass,1,1,0,1,0.0,0,6,3,3,1,38.99,52.54,6.81,59.35,True,True,1,0,95.24,100.0,{'Restrict_StorageClass': 'kyverno'},
01-product-storageclass-clickhouse1.yaml,StorageClass,1,1,0,1,0.0,0,6,3,3,1,39.77,55.03,6.75,61.78,True,True,1,0,95.24,100.0,{'Restrict_StorageClass': 'kyverno'},
01-product-storageclass-clickhouse2.yaml,StorageClass,1,1,0,1,0.0,0,6,3,3,1,42.13,55.39,6.71,62.1,True,True,1,0,95.24,100.0,{'Restrict_StorageClass': 'kyverno'},
01-product-storageclass-clickhouse3.yaml,StorageClass,1,1,0,1,0.0,0,6,3,3,1,41.15,54.47,6.83,61.3,True,True,1,0,95.24,100.0,{'Restrict_StorageClass': 'kyverno'},
01-product.yaml,Deployment,31,7,5,12,65.81,0,22,422,176,1,124.16,166.84,44.86,211.7,True,True,16,1,69.09,100.0,"{'kubernetes_drop_unused_capabilities': 'trivy', 'no_root': 'trivy', 'kubernetes_use_readonly_filesystem': 'trivy', 'use_high_gid': 'trivy', 'use_high_uid': 'trivy', 'kubernetes_drop_default_capabilities': 'trivy', 'kubernetes_primary_supplementary_gid': 'trivy', 'cpuLimitsMissing': 'polaris', 'cpuRequestsMissing': 'polaris', 'memoryLimitsMissing': 'polaris', 'tagNotSpecified': 'polaris', 'memoryRequestsMissing': 'polaris'}",
01-product_1.yaml,Service,6,1,0,1,84.44,0,12,13,2,1,53.97,68.21,8.19,76.4,True,True,1,1,90.0,100.0,{'Restrict_Service_Port_Range': 'kyverno'},
01-prometheus-sa.yaml,ServiceAccount,3,0,0,0,100.0,0,8,7,0,1,31.69,45.02,0.0,0.0,True,True,0,0,100.0,100.0,{},
01-prometheus-sa1.yaml,ServiceAccount,3,0,0,0,100.0,0,8,7,0,1,29.3,42.76,0.0,0.0,True,True,0,0,100.0,100.0,{},
01-prometheus-sa2.yaml,ServiceAccount,3,0,0,0,100.0,0,8,7,0,1,36.87,50.42,0.0,0.0,True,True,0,0,100.0,100.0,{},
01-prometheus-sa3.yaml,ServiceAccount,3,0,0,0,100.0,0,8,7,0,1,30.74,44.12,0.0,0.0,True,True,0,0,100.0,100.0,{},
01-prometheus-sa4.yaml,ServiceAccount,3,0,0,0,100.0,0,8,7,0,1,30.96,44.37,0.0,0.0,True,True,0,0,100.0,100.0,{},
01-prometheus-sa5.yaml,ServiceAccount,3,0,0,0,100.0,0,8,7,0,1,36.34,49.74,0.0,0.0,True,True,0,0,100.0,100.0,{},
01-Prometheus.yaml,ServiceAccount,3,0,0,0,100.0,0,8,7,0,7,31.99,46.95,0.0,0.0,True,True,0,0,100.0,100.0,{},
01-Prometheus1.yaml,ServiceAccount,3,0,0,0,100.0,0,8,7,0,7,34.0,48.09,0.0,0.0,True,True,0,0,100.0,100.0,{},
01-Prometheus1_3.yaml,ClusterRoleBinding,4,0,0,0,100.0,0,16,12,0,7,38.04,52.61,0.0,0.0,True,True,0,0,100.0,100.0,{},
01-Prometheus1_4.yaml,Service,6,1,0,1,84.44,0,23,13,2,21,46.89,64.34,19.58,83.92,True,True,1,1,96.0,100.0,{'Restrict_Service_Port_Range': 'kyverno'},
01-Prometheus1_5.yaml,Deployment,31,8,4,12,67.09,0,44,422,178,4704,152.17,573.08,84.45,657.53,True,True,31,2,84.93,100.0,"{'kubernetes_drop_unused_capabilities': 'trivy', 'no_root': 'trivy', 'kubernetes_use_readonly_filesystem': 'trivy', 'use_high_gid': 'trivy', 'use_high_uid': 'trivy', 'kubernetes_drop_default_capabilities': 'trivy', 'kubernetes_primary_supplementary_gid': 'trivy', 'Require_Multiple_Replicas': 'kyverno', 'cpuLimitsMissing': 'polaris', 'cpuRequestsMissing': 'polaris', 'memoryLimitsMissing': 'polaris', 'memoryRequestsMissing': 'polaris'}",
01-Prometheus2.yaml,ServiceAccount,3,0,0,0,100.0,0,8,7,0,7,36.26,50.24,0.0,0.0,True,True,0,0,100.0,100.0,{},
01-Prometheus2_3.yaml,ClusterRoleBinding,4,0,0,0,100.0,0,16,12,0,7,32.27,46.98,0.0,0.0,True,True,0,0,100.0,100.0,{},
01-Prometheus2_4.yaml,Service,6,1,0,1,84.44,0,23,13,2,21,46.53,64.0,19.58,83.58,True,True,1,1,96.0,100.0,{'Restrict_Service_Port_Range': 'kyverno'},
01-Prometheus2_5.yaml,Deployment,31,8,4,12,67.09,0,44,422,178,4704,149.06,568.9,85.96,654.86,True,True,31,2,84.93,100.0,"{'kubernetes_drop_unused_capabilities': 'trivy', 'no_root': 'trivy', 'kubernetes_use_readonly_filesystem': 'trivy', 'use_high_gid': 'trivy', 'use_high_uid': 'trivy', 'kubernetes_drop_default_capabilities': 'trivy', 'kubernetes_primary_supplementary_gid': 'trivy', 'Require_Multiple_Replicas': 'kyverno', 'cpuLimitsMissing': 'polaris', 'cpuRequestsMissing': 'polaris', 'memoryLimitsMissing': 'polaris', 'memoryRequestsMissing': 'polaris'}",
01-Prometheus3.yaml,ServiceAccount,3,0,0,0,100.0,0,8,7,0,7,31.84,45.89,0.0,0.0,True,True,0,0,100.0,100.0,{},
01-Prometheus3_3.yaml,ClusterRoleBinding,4,0,0,0,100.0,0,16,12,0,7,33.25,47.76,0.0,0.0,True,True,0,0,100.0,100.0,{},
01-Prometheus3_4.yaml,Service,6,1,0,1,84.44,0,23,13,2,21,48.23,65.39,20.93,86.32,True,True,1,1,96.0,100.0,{'Restrict_Service_Port_Range': 'kyverno'},
01-Prometheus3_5.yaml,Deployment,31,8,4,12,67.09,0,44,422,178,4704,139.65,556.96,86.88,643.84,True,True,31,2,84.93,100.0,"{'kubernetes_drop_unused_capabilities': 'trivy', 'no_root': 'trivy', 'kubernetes_use_readonly_filesystem': 'trivy', 'use_high_gid': 'trivy', 'use_high_uid': 'trivy', 'kubernetes_drop_default_capabilities': 'trivy', 'kubernetes_primary_supplementary_gid': 'trivy', 'Require_Multiple_Replicas': 'kyverno', 'cpuLimitsMissing': 'polaris', 'cpuRequestsMissing': 'polaris', 'memoryLimitsMissing': 'polaris', 'memoryRequestsMissing': 'polaris'}",
01-Prometheus_3.yaml,ClusterRoleBinding,4,0,0,0,100.0,0,16,12,0,7,34.62,49.36,0.0,0.0,True,True,0,0,100.0,100.0,{},
01-Prometheus_4.yaml,Service,6,1,0,1,84.44,0,23,13,2,21,45.91,63.36,19.92,83.28,True,True,1,1,96.0,100.0,{'Restrict_Service_Port_Range': 'kyverno'},
01-Prometheus_5.yaml,Deployment,31,8,4,12,67.09,0,44,422,178,4704,130.63,546.1,85.91,632.01,True,True,31,2,84.93,100.0,"{'kubernetes_drop_unused_capabilities': 'trivy', 'no_root': 'trivy', 'kubernetes_use_readonly_filesystem': 'trivy', 'use_high_gid': 'trivy', 'use_high_uid': 'trivy', 'kubernetes_drop_default_capabilities': 'trivy', 'kubernetes_primary_supplementary_gid': 'trivy', 'Require_Multiple_Replicas': 'kyverno', 'cpuLimitsMissing': 'polaris', 'cpuRequestsMissing': 'polaris', 'memoryLimitsMissing': 'polaris', 'memoryRequestsMissing': 'polaris'}",
01-PV-NFS.yaml,PersistentVolume,1,0,0,0,100.0,0,12,0,0,1,27.27,43.44,0.0,0.0,True,True,0,0,100.0,100.0,{},
01-pv-nfs1.yaml,PersistentVolume,1,0,0,0,100.0,0,12,0,0,1,26.54,42.71,0.0,0.0,True,True,0,0,100.0,100.0,{},
01-pv-nfs2.yaml,PersistentVolume,1,0,0,0,100.0,0,12,0,0,1,26.38,42.65,0.0,0.0,True,True,0,0,100.0,100.0,{},
01-pv-nfs3.yaml,PersistentVolume,1,0,0,0,100.0,0,12,0,0,1,27.06,43.08,0.0,0.0,True,True,0,0,100.0,100.0,{},
01-PVC-EBS.yaml,PersistentVolumeClaim,2,1,0,1,58.33,0,11,7,3,1,41.2,55.7,18.22,73.92,True,True,1,1,90.91,100.0,{'Enforce_ReadWriteOncePod': 'kyverno'},
01-PVC-EBS1.yaml,PersistentVolumeClaim,2,1,0,1,58.33,0,11,7,3,1,41.44,55.96,8.57,64.53,True,True,1,1,90.91,100.0,{'Enforce_ReadWriteOncePod': 'kyverno'},
01-PVC-EBS2.yaml,PersistentVolumeClaim,2,1,0,1,58.33,0,11,7,3,1,40.64,55.14,8.65,63.79,True,True,1,1,90.91,100.0,{'Enforce_ReadWriteOncePod': 'kyverno'},
01-PVC-EFS.yaml,PersistentVolumeClaim,2,1,0,1,58.33,0,11,7,3,1,41.58,56.19,8.7,64.89,True,True,1,1,90.91,100.0,{'Enforce_ReadWriteOncePod': 'kyverno'},
01-pvc.yaml,PersistentVolumeClaim,2,1,0,1,58.33,0,12,7,3,1,40.97,57.55,9.53,67.08,True,True,2,3,80.0,100.0,{'Enforce_ReadWriteOncePod': 'kyverno'},
01-pvc1.yaml,PersistentVolumeClaim,2,1,0,1,58.33,0,12,7,3,1,40.34,55.33,9.47,64.8,True,True,2,3,80.0,100.0,{'Enforce_ReadWriteOncePod': 'kyverno'},
01-pvc2.yaml,PersistentVolumeClaim,2,1,0,1,58.33,0,12,7,3,1,40.25,55.32,9.46,64.78,True,True,1,4,81.48,100.0,{'Enforce_ReadWriteOncePod': 'kyverno'},
01-pvc3.yaml,PersistentVolumeClaim,2,1,0,1,58.33,0,15,7,3,1,41.09,56.25,10.76,67.01,True,True,1,1,92.86,100.0,{'Enforce_ReadWriteOncePod': 'kyverno'},
01-pvc3_1.yaml,PersistentVolumeClaim,2,1,0,1,58.33,0,15,7,3,1,41.3,56.12,10.78,66.9,True,True,1,1,92.86,100.0,{'Enforce_ReadWriteOncePod': 'kyverno'},
01-pvc4.yaml,PersistentVolumeClaim,2,1,0,1,58.33,0,15,7,3,1,42.51,57.6,11.01,68.61,True,True,1,1,92.86,100.0,{'Enforce_ReadWriteOncePod': 'kyverno'},
01-pvc4_1.yaml,PersistentVolumeClaim,2,1,0,1,58.33,0,15,7,3,1,40.86,55.73,10.76,66.49,True,True,1,1,92.86,100.0,{'Enforce_ReadWriteOncePod': 'kyverno'},
01-rbac1_2.yaml,RoleBinding,4,0,0,0,100.0,0,14,12,0,1,37.37,51.13,0.0,0.0,True,True,0,0,100.0,100.0,{},
01-rbac2.yaml,ServiceAccount,3,0,0,0,100.0,0,5,7,0,1,30.96,44.5,0.0,0.0,True,True,0,0,100.0,100.0,{},
01-rbac2_2.yaml,ClusterRoleBinding,4,0,0,0,100.0,0,13,12,0,1,31.9,45.85,0.0,0.0,True,True,0,0,100.0,100.0,{},
01-rbac_2.yaml,RoleBinding,4,0,0,0,100.0,0,14,12,0,1,32.06,45.96,0.0,0.0,True,True,0,0,100.0,100.0,{},
01-rc-basic.yaml,ReplicationController,25,7,0,7,77.78,0,23,420,176,2,210.92,259.95,22.53,282.48,True,True,8,0,85.19,100.0,"{'kubernetes_drop_unused_capabilities': 'trivy', 'no_root': 'trivy', 'kubernetes_use_readonly_filesystem': 'trivy', 'use_high_gid': 'trivy', 'use_high_uid': 'trivy', 'kubernetes_drop_default_capabilities': 'trivy', 'kubernetes_primary_supplementary_gid': 'trivy'}",
01-rc-basic1.yaml,ReplicationController,25,7,0,7,77.78,0,23,420,176,2,118.63,166.1,22.82,188.92,True,True,8,0,85.19,100.0,"{'kubernetes_drop_unused_capabilities': 'trivy', 'no_root': 'trivy', 'kubernetes_use_readonly_filesystem': 'trivy', 'use_high_gid': 'trivy', 'use_high_uid': 'trivy', 'kubernetes_drop_default_capabilities': 'trivy', 'kubernetes_primary_supplementary_gid': 'trivy'}",
01-rc-basic1_1.yaml,ReplicationController,25,7,0,7,77.78,0,29,420,176,3,286.69,356.83,31.28,388.11,True,True,16,1,80.46,100.0,"{'kubernetes_drop_unused_capabilities': 'trivy', 'no_root': 'trivy', 'kubernetes_use_readonly_filesystem': 'trivy', 'use_high_gid': 'trivy', 'use_high_uid': 'trivy', 'kubernetes_drop_default_capabilities': 'trivy', 'kubernetes_primary_supplementary_gid': 'trivy'}",
01-rc-basic2.yaml,ReplicationController,25,7,0,7,77.78,0,23,420,176,2,136.67,185.32,22.68,208.0,True,True,8,0,85.19,100.0,"{'kubernetes_drop_unused_capabilities': 'trivy', 'no_root': 'trivy', 'kubernetes_use_readonly_filesystem': 'trivy', 'use_high_gid': 'trivy', 'use_high_uid': 'trivy', 'kubernetes_drop_default_capabilities': 'trivy', 'kubernetes_primary_supplementary_gid': 'trivy'}",
01-rc-basic2_1.yaml,ReplicationController,25,7,0,7,77.78,0,29,420,176,3,208.54,283.15,40.34,323.49,True,True,16,1,80.46,100.0,"{'kubernetes_drop_unused_capabilities': 'trivy', 'no_root': 'trivy', 'kubernetes_use_readonly_filesystem': 'trivy', 'use_high_gid': 'trivy', 'use_high_uid': 'trivy', 'kubernetes_drop_default_capabilities': 'trivy', 'kubernetes_primary_supplementary_gid': 'trivy'}",
01-rc-basic_1.yaml,ReplicationController,25,7,0,7,77.78,0,29,420,176,3,153.86,226.11,39.42,265.53,True,True,16,1,80.46,100.0,"{'kubernetes_drop_unused_capabilities': 'trivy', 'no_root': 'trivy', 'kubernetes_use_readonly_filesystem': 'trivy', 'use_high_gid': 'trivy', 'use_high_uid': 'trivy', 'kubernetes_drop_default_capabilities': 'trivy', 'kubernetes_primary_supplementary_gid': 'trivy'}",
01-redis-deployment.yaml,Deployment,31,9,4,13,64.96,0,28,422,188,9,149.67,215.36,40.51,255.87,True,True,32,1,63.74,100.0,"{'kubernetes_drop_unused_capabilities': 'trivy', 'no_root': 'trivy', 'kubernetes_use_readonly_filesystem': 'trivy', 'use_high_gid': 'trivy', 'use_high_uid': 'trivy', 'kubernetes_drop_default_capabilities': 'trivy', 'kubernetes_default_namespace_should_not_be_used': 'trivy', 'kubernetes_primary_supplementary_gid': 'trivy', 'Require_Multiple_Replicas': 'kyverno', 'cpuLimitsMissing': 'polaris', 'cpuRequestsMissing': 'polaris', 'memoryLimitsMissing': 'polaris', 'memoryRequestsMissing': 'polaris'}",
01-redis.yaml,Service,6,1,0,1,84.44,0,13,13,2,1,78.95,95.24,9.47,104.71,True,True,1,1,90.91,100.0,{'Restrict_Service_Port_Range': 'kyverno'},
01-redis_1.yaml,PersistentVolumeClaim,2,1,0,1,58.33,0,11,7,3,1,61.93,76.97,8.7,85.67,True,True,1,1,90.91,100.0,{'Enforce_ReadWriteOncePod': 'kyverno'},
01-redis_2.yaml,Deployment,31,8,2,10,73.08,0,41,422,178,12,210.64,306.62,44.66,351.28,True,True,12,1,86.6,100.0,"{'kubernetes_drop_unused_capabilities': 'trivy', 'no_root': 'trivy', 'kubernetes_use_readonly_filesystem': 'trivy', 'use_high_gid': 'trivy', 'use_high_uid': 'trivy', 'kubernetes_drop_default_capabilities': 'trivy', 'kubernetes_primary_supplementary_gid': 'trivy', 'Require_Multiple_Replicas': 'kyverno', 'cpuRequestsMissing': 'polaris', 'memoryRequestsMissing': 'polaris'}",
01-replica-set.yaml,ReplicaSet,30,7,4,11,69.16,0,22,420,176,8,234.66,284.81,27.5,312.31,True,True,17,2,69.84,100.0,"{'kubernetes_drop_unused_capabilities': 'trivy', 'no_root': 'trivy', 'kubernetes_use_readonly_filesystem': 'trivy', 'use_high_gid': 'trivy', 'use_high_uid': 'trivy', 'kubernetes_drop_default_capabilities': 'trivy', 'kubernetes_primary_supplementary_gid': 'trivy', 'cpuLimitsMissing': 'polaris', 'cpuRequestsMissing': 'polaris', 'memoryLimitsMissing': 'polaris', 'memoryRequestsMissing': 'polaris'}",
01-replicaset-defination.yaml,ReplicaSet,30,7,4,11,69.16,0,25,420,176,1,227.1,274.63,26.77,301.4,True,True,23,8,55.07,100.0,"{'kubernetes_drop_unused_capabilities': 'trivy', 'no_root': 'trivy', 'kubernetes_use_readonly_filesystem': 'trivy', 'use_high_gid': 'trivy', 'use_high_uid': 'trivy', 'kubernetes_drop_default_capabilities': 'trivy', 'kubernetes_primary_supplementary_gid': 'trivy', 'cpuLimitsMissing': 'polaris', 'cpuRequestsMissing': 'polaris', 'memoryLimitsMissing': 'polaris', 'memoryRequestsMissing': 'polaris'}",
01-replicaset-defination1.yaml,ReplicaSet,30,7,4,11,69.16,0,25,420,176,1,168.55,214.64,28.05,242.69,True,True,23,8,55.07,100.0,"{'kubernetes_drop_unused_capabilities': 'trivy', 'no_root': 'trivy', 'kubernetes_use_readonly_filesystem': 'trivy', 'use_high_gid': 'trivy', 'use_high_uid': 'trivy', 'kubernetes_drop_default_capabilities': 'trivy', 'kubernetes_primary_supplementary_gid': 'trivy', 'cpuLimitsMissing': 'polaris', 'cpuRequestsMissing': 'polaris', 'memoryLimitsMissing': 'polaris', 'memoryRequestsMissing': 'polaris'}",
01-ReplicaSet.yaml,ReplicaSet,30,7,5,12,64.76,0,22,420,176,32,140.15,197.78,30.37,228.15,True,True,16,1,74.63,100.0,"{'kubernetes_drop_unused_capabilities': 'trivy', 'no_root': 'trivy', 'kubernetes_use_readonly_filesystem': 'trivy', 'use_high_gid': 'trivy', 'use_high_uid': 'trivy', 'kubernetes_drop_default_capabilities': 'trivy', 'kubernetes_primary_supplementary_gid': 'trivy', 'cpuLimitsMissing': 'polaris', 'cpuRequestsMissing': 'polaris', 'memoryLimitsMissing': 'polaris', 'tagNotSpecified': 'polaris', 'memoryRequestsMissing': 'polaris'}",
01-replicaset1.yaml,ReplicaSet,30,7,4,11,69.16,0,22,420,176,18,218.59,279.54,30.06,309.6,True,True,16,1,73.85,100.0,"{'kubernetes_drop_unused_capabilities': 'trivy', 'no_root': 'trivy', 'kubernetes_use_readonly_filesystem': 'trivy', 'use_high_gid': 'trivy', 'use_high_uid': 'trivy', 'kubernetes_drop_default_capabilities': 'trivy', 'kubernetes_primary_supplementary_gid': 'trivy', 'cpuLimitsMissing': 'polaris', 'cpuRequestsMissing': 'polaris', 'memoryLimitsMissing': 'polaris', 'memoryRequestsMissing': 'polaris'}",
01-replicaset2.yaml,ReplicaSet,30,7,5,12,64.76,0,22,420,176,8,186.29,246.54,27.43,273.97,True,True,16,1,71.19,100.0,"{'kubernetes_drop_unused_capabilities': 'trivy', 'no_root': 'trivy', 'kubernetes_use_readonly_filesystem': 'trivy', 'use_high_gid': 'trivy', 'use_high_uid': 'trivy', 'kubernetes_drop_default_capabilities': 'trivy', 'kubernetes_primary_supplementary_gid': 'trivy', 'cpuLimitsMissing': 'polaris', 'cpuRequestsMissing': 'polaris', 'memoryLimitsMissing': 'polaris', 'tagNotSpecified': 'polaris', 'memoryRequestsMissing': 'polaris'}",
01-replicaset4.yaml,ReplicaSet,30,7,4,11,69.16,0,21,420,176,12,202.23,247.0,26.87,273.87,True,True,18,8,56.67,100.0,"{'kubernetes_drop_unused_capabilities': 'trivy', 'no_root': 'trivy', 'kubernetes_use_readonly_filesystem': 'trivy', 'use_high_gid': 'trivy', 'use_high_uid': 'trivy', 'kubernetes_drop_default_capabilities': 'trivy', 'kubernetes_primary_supplementary_gid': 'trivy', 'cpuLimitsMissing': 'polaris', 'cpuRequestsMissing': 'polaris', 'memoryLimitsMissing': 'polaris', 'memoryRequestsMissing': 'polaris'}",
01-ReplicaSet5.yaml,ReplicaSet,30,7,5,12,64.76,0,22,420,176,32,163.46,219.99,52.13,272.12,True,True,16,1,74.63,100.0,"{'kubernetes_drop_unused_capabilities': 'trivy', 'no_root': 'trivy', 'kubernetes_use_readonly_filesystem': 'trivy', 'use_high_gid': 'trivy', 'use_high_uid': 'trivy', 'kubernetes_drop_default_capabilities': 'trivy', 'kubernetes_primary_supplementary_gid': 'trivy', 'cpuLimitsMissing': 'polaris', 'cpuRequestsMissing': 'polaris', 'memoryLimitsMissing': 'polaris', 'tagNotSpecified': 'polaris', 'memoryRequestsMissing': 'polaris'}",
01-replicaset6.yaml,ReplicaSet,30,7,4,11,69.16,0,21,420,176,12,121.23,165.87,25.19,191.06,True,True,18,8,56.67,100.0,"{'kubernetes_drop_unused_capabilities': 'trivy', 'no_root': 'trivy', 'kubernetes_use_readonly_filesystem': 'trivy', 'use_high_gid': 'trivy', 'use_high_uid': 'trivy', 'kubernetes_drop_default_capabilities': 'trivy', 'kubernetes_primary_supplementary_gid': 'trivy', 'cpuLimitsMissing': 'polaris', 'cpuRequestsMissing': 'polaris', 'memoryLimitsMissing': 'polaris', 'memoryRequestsMissing': 'polaris'}",
01-restore-pvc.yaml,PersistentVolumeClaim,2,1,0,1,58.33,0,15,7,3,1,49.77,65.17,12.17,77.34,True,True,2,2,86.67,100.0,{'Enforce_ReadWriteOncePod': 'kyverno'},
01-restore-pvc1.yaml,PersistentVolumeClaim,2,1,0,1,58.33,0,15,7,3,1,54.97,72.64,12.49,85.13,True,True,2,2,86.67,100.0,{'Enforce_ReadWriteOncePod': 'kyverno'},
01-restore-pvc2.yaml,PersistentVolumeClaim,2,1,0,1,58.33,0,15,7,3,1,54.74,70.34,12.53,82.87,True,True,2,2,86.67,100.0,{'Enforce_ReadWriteOncePod': 'kyverno'},
01-restore-pvc3.yaml,PersistentVolumeClaim,2,1,0,1,58.33,0,15,7,3,1,63.54,79.59,11.91,91.5,True,True,2,2,86.67,100.0,{'Enforce_ReadWriteOncePod': 'kyverno'},
01-restore-pvc4.yaml,PersistentVolumeClaim,2,1,0,1,58.33,0,15,7,3,1,55.69,71.12,12.0,83.12,True,True,2,2,86.67,100.0,{'Enforce_ReadWriteOncePod': 'kyverno'},
01-role-admin.yaml,ClusterRoleBinding,4,1,0,1,79.41,0,13,12,4,1,81.68,95.87,13.11,108.98,True,True,2,2,83.33,100.0,{'Restrict_Binding_to_Cluster_Admin': 'kyverno'},
01-role-admin1.yaml,ClusterRoleBinding,4,1,0,1,79.41,0,13,12,4,1,61.52,75.93,10.28,86.21,True,True,2,2,83.33,100.0,{'Restrict_Binding_to_Cluster_Admin': 'kyverno'},
01-role-fine-grained1_1.yaml,ClusterRoleBinding,4,0,0,0,100.0,0,13,12,0,1,35.24,49.25,0.0,0.0,True,True,0,0,100.0,100.0,{},
01-role-fine-grained_1.yaml,ClusterRoleBinding,4,0,0,0,100.0,0,13,12,0,1,36.62,51.17,0.0,0.0,True,True,0,0,100.0,100.0,{},
01-rq_2.yaml,Deployment,31,7,0,7,82.05,0,25,422,176,16,220.0,281.44,26.69,308.13,True,True,8,0,87.1,100.0,"{'kubernetes_drop_unused_capabilities': 'trivy', 'no_root': 'trivy', 'kubernetes_use_readonly_filesystem': 'trivy', 'use_high_gid': 'trivy', 'use_high_uid': 'trivy', 'kubernetes_drop_default_capabilities': 'trivy', 'kubernetes_primary_supplementary_gid': 'trivy'}",
01-sample-nignx.yaml,Pod,61,13,7,20,69.3,0,16,481,187,1,228.22,262.49,24.66,287.15,True,True,23,1,52.0,100.0,"{'kubernetes_drop_unused_capabilities': 'trivy', 'Require_Non_Root_Groups': 'kyverno', 'Require_imagePullPolicy_Always': 'kyverno', 'Require_Read_Only_Root_Filesystem': 'kyverno', 'Validate_User_ID_Group_ID_and_FS_Group': 'kyverno', 'Require_Run_As_Non_Root_User': 'kyverno', 'Check_supplementalGroups': 'kyverno', 'no_root': 'trivy', 'kubernetes_use_readonly_filesystem': 'trivy', 'use_high_gid': 'trivy', 'use_high_uid': 'trivy', 'kubernetes_drop_default_capabilities': 'trivy', 'kubernetes_primary_supplementary_gid': 'trivy', 'cpuLimitsMissing': 'polaris', 'cpuRequestsMissing': 'polaris', 'memoryLimitsMissing': 'polaris', 'Restrict_Image_Registries': 'kyverno', 'tagNotSpecified': 'polaris', 'memoryRequestsMissing': 'polaris', 'Require_Images_Use_Checksums': 'kyverno'}",
01-sample-nignx1.yaml,Pod,61,13,7,20,69.3,0,16,481,187,1,237.31,271.53,24.5,296.03,True,True,23,1,52.0,100.0,"{'kubernetes_drop_unused_capabilities': 'trivy', 'Require_Non_Root_Groups': 'kyverno', 'Require_imagePullPolicy_Always': 'kyverno', 'Require_Read_Only_Root_Filesystem': 'kyverno', 'Validate_User_ID_Group_ID_and_FS_Group': 'kyverno', 'Require_Run_As_Non_Root_User': 'kyverno', 'Check_supplementalGroups': 'kyverno', 'no_root': 'trivy', 'kubernetes_use_readonly_filesystem': 'trivy', 'use_high_gid': 'trivy', 'use_high_uid': 'trivy', 'kubernetes_drop_default_capabilities': 'trivy', 'kubernetes_primary_supplementary_gid': 'trivy', 'cpuLimitsMissing': 'polaris', 'cpuRequestsMissing': 'polaris', 'memoryLimitsMissing': 'polaris', 'Restrict_Image_Registries': 'kyverno', 'tagNotSpecified': 'polaris', 'memoryRequestsMissing': 'polaris', 'Require_Images_Use_Checksums': 'kyverno'}",
01-sample-nignx1_1.yaml,Pod,61,15,7,22,65.46,0,17,481,213,1,270.9,307.58,24.51,332.09,True,True,23,2,50.98,100.0,"{'kubernetes_drop_unused_capabilities': 'trivy', 'Require_Non_Root_Groups': 'kyverno', 'Disallow_hostPorts': 'kyverno', 'Require_imagePullPolicy_Always': 'kyverno', 'Require_Read_Only_Root_Filesystem': 'kyverno', 'Validate_User_ID_Group_ID_and_FS_Group': 'kyverno', 'Require_Run_As_Non_Root_User': 'kyverno', 'Check_supplementalGroups': 'kyverno', 'no_root': 'trivy', 'kubernetes_use_readonly_filesystem': 'trivy', 'use_high_gid': 'trivy', 'use_high_uid': 'trivy', 'kubernetes_drop_default_capabilities': 'trivy', 'kubernetes_primary_supplementary_gid': 'trivy', 'kubernetes_no_host_port_access': 'trivy', 'cpuLimitsMissing': 'polaris', 'cpuRequestsMissing': 'polaris', 'memoryLimitsMissing': 'polaris', 'Restrict_Image_Registries': 'kyverno', 'tagNotSpecified': 'polaris', 'memoryRequestsMissing': 'polaris', 'Require_Images_Use_Checksums': 'kyverno'}",
01-sample-nignx1_2.yaml,Pod,61,13,7,20,69.3,0,17,481,187,1,276.96,315.2,24.73,339.93,True,True,22,2,53.85,100.0,"{'kubernetes_drop_unused_capabilities': 'trivy', 'Require_Non_Root_Groups': 'kyverno', 'Require_imagePullPolicy_Always': 'kyverno', 'Validate_User_ID_Group_ID_and_FS_Group': 'kyverno', 'Require_Run_As_Non_Root_User': 'kyverno', 'Check_supplementalGroups': 'kyverno', 'no_root': 'trivy', 'no_privileged_containers': 'trivy', 'use_high_gid': 'trivy', 'Disallow_Privileged_Containers': 'kyverno', 'use_high_uid': 'trivy', 'kubernetes_drop_default_capabilities': 'trivy', 'kubernetes_primary_supplementary_gid': 'trivy', 'cpuLimitsMissing': 'polaris', 'cpuRequestsMissing': 'polaris', 'memoryLimitsMissing': 'polaris', 'Restrict_Image_Registries': 'kyverno', 'tagNotSpecified': 'polaris', 'memoryRequestsMissing': 'polaris', 'Require_Images_Use_Checksums': 'kyverno'}",
01-sample-nignx2.yaml,Pod,61,13,7,20,69.3,0,16,481,187,1,222.72,257.49,24.12,281.61,True,True,23,1,52.0,100.0,"{'kubernetes_drop_unused_capabilities': 'trivy', 'Require_Non_Root_Groups': 'kyverno', 'Require_imagePullPolicy_Always': 'kyverno', 'Require_Read_Only_Root_Filesystem': 'kyverno', 'Validate_User_ID_Group_ID_and_FS_Group': 'kyverno', 'Require_Run_As_Non_Root_User': 'kyverno', 'Check_supplementalGroups': 'kyverno', 'no_root': 'trivy', 'kubernetes_use_readonly_filesystem': 'trivy', 'use_high_gid': 'trivy', 'use_high_uid': 'trivy', 'kubernetes_drop_default_capabilities': 'trivy', 'kubernetes_primary_supplementary_gid': 'trivy', 'cpuLimitsMissing': 'polaris', 'cpuRequestsMissing': 'polaris', 'memoryLimitsMissing': 'polaris', 'Restrict_Image_Registries': 'kyverno', 'tagNotSpecified': 'polaris', 'memoryRequestsMissing': 'polaris', 'Require_Images_Use_Checksums': 'kyverno'}",
01-sample-nignx2_1.yaml,Pod,61,15,7,22,65.46,0,17,481,213,1,265.33,301.5,34.65,336.15,True,True,23,2,50.98,100.0,"{'kubernetes_drop_unused_capabilities': 'trivy', 'Require_Non_Root_Groups': 'kyverno', 'Disallow_hostPorts': 'kyverno', 'Require_imagePullPolicy_Always': 'kyverno', 'Require_Read_Only_Root_Filesystem': 'kyverno', 'Validate_User_ID_Group_ID_and_FS_Group': 'kyverno', 'Require_Run_As_Non_Root_User': 'kyverno', 'Check_supplementalGroups': 'kyverno', 'no_root': 'trivy', 'kubernetes_use_readonly_filesystem': 'trivy', 'use_high_gid': 'trivy', 'use_high_uid': 'trivy', 'kubernetes_drop_default_capabilities': 'trivy', 'kubernetes_primary_supplementary_gid': 'trivy', 'kubernetes_no_host_port_access': 'trivy', 'cpuLimitsMissing': 'polaris', 'cpuRequestsMissing': 'polaris', 'memoryLimitsMissing': 'polaris', 'Restrict_Image_Registries': 'kyverno', 'tagNotSpecified': 'polaris', 'memoryRequestsMissing': 'polaris', 'Require_Images_Use_Checksums': 'kyverno'}",
01-sample-nignx2_2.yaml,Pod,61,13,7,20,69.3,0,17,481,187,1,238.99,277.06,24.45,301.51,True,True,22,2,53.85,100.0,"{'kubernetes_drop_unused_capabilities': 'trivy', 'Require_Non_Root_Groups': 'kyverno', 'Require_imagePullPolicy_Always': 'kyverno', 'Validate_User_ID_Group_ID_and_FS_Group': 'kyverno', 'Require_Run_As_Non_Root_User': 'kyverno', 'Check_supplementalGroups': 'kyverno', 'no_root': 'trivy', 'no_privileged_containers': 'trivy', 'use_high_gid': 'trivy', 'Disallow_Privileged_Containers': 'kyverno', 'use_high_uid': 'trivy', 'kubernetes_drop_default_capabilities': 'trivy', 'kubernetes_primary_supplementary_gid': 'trivy', 'cpuLimitsMissing': 'polaris', 'cpuRequestsMissing': 'polaris', 'memoryLimitsMissing': 'polaris', 'Restrict_Image_Registries': 'kyverno', 'tagNotSpecified': 'polaris', 'memoryRequestsMissing': 'polaris', 'Require_Images_Use_Checksums': 'kyverno'}",
01-sample-nignx_1.yaml,Pod,61,15,7,22,65.46,0,17,481,213,1,345.48,382.6,24.69,407.29,True,True,23,2,50.98,100.0,"{'kubernetes_drop_unused_capabilities': 'trivy', 'Require_Non_Root_Groups': 'kyverno', 'Disallow_hostPorts': 'kyverno', 'Require_imagePullPolicy_Always': 'kyverno', 'Require_Read_Only_Root_Filesystem': 'kyverno', 'Validate_User_ID_Group_ID_and_FS_Group': 'kyverno', 'Require_Run_As_Non_Root_User': 'kyverno', 'Check_supplementalGroups': 'kyverno', 'no_root': 'trivy', 'kubernetes_use_readonly_filesystem': 'trivy', 'use_high_gid': 'trivy', 'use_high_uid': 'trivy', 'kubernetes_drop_default_capabilities': 'trivy', 'kubernetes_primary_supplementary_gid': 'trivy', 'kubernetes_no_host_port_access': 'trivy', 'cpuLimitsMissing': 'polaris', 'cpuRequestsMissing': 'polaris', 'memoryLimitsMissing': 'polaris', 'Restrict_Image_Registries': 'kyverno', 'tagNotSpecified': 'polaris', 'memoryRequestsMissing': 'polaris', 'Require_Images_Use_Checksums': 'kyverno'}",
01-sample-nignx_2.yaml,Pod,61,13,7,20,69.3,0,17,481,187,1,324.92,364.42,26.0,390.42,True,True,22,2,53.85,100.0,"{'kubernetes_drop_unused_capabilities': 'trivy', 'Require_Non_Root_Groups': 'kyverno', 'Require_imagePullPolicy_Always': 'kyverno', 'Validate_User_ID_Group_ID_and_FS_Group': 'kyverno', 'Require_Run_As_Non_Root_User': 'kyverno', 'Check_supplementalGroups': 'kyverno', 'no_root': 'trivy', 'no_privileged_containers': 'trivy', 'use_high_gid': 'trivy', 'Disallow_Privileged_Containers': 'kyverno', 'use_high_uid': 'trivy', 'kubernetes_drop_default_capabilities': 'trivy', 'kubernetes_primary_supplementary_gid': 'trivy', 'cpuLimitsMissing': 'polaris', 'cpuRequestsMissing': 'polaris', 'memoryLimitsMissing': 'polaris', 'Restrict_Image_Registries': 'kyverno', 'tagNotSpecified': 'polaris', 'memoryRequestsMissing': 'polaris', 'Require_Images_Use_Checksums': 'kyverno'}",
01-sandbox_1.yaml,Deployment,31,7,4,11,70.09,0,33,422,176,3,175.7,237.99,36.79,274.78,True,True,15,3,76.92,100.0,"{'kubernetes_drop_unused_capabilities': 'trivy', 'no_root': 'trivy', 'kubernetes_use_readonly_filesystem': 'trivy', 'use_high_gid': 'trivy', 'use_high_uid': 'trivy', 'kubernetes_drop_default_capabilities': 'trivy', 'kubernetes_primary_supplementary_gid': 'trivy', 'cpuLimitsMissing': 'polaris', 'cpuRequestsMissing': 'polaris', 'memoryLimitsMissing': 'polaris', 'memoryRequestsMissing': 'polaris'}",
01-sandbox_2.yaml,Service,6,1,0,1,84.44,0,20,13,2,1,58.79,74.73,12.61,87.34,True,True,1,3,87.5,100.0,{'Restrict_Service_Port_Range': 'kyverno'},
01-sandbox_3.yaml,Pod,61,13,6,19,71.56,0,20,481,187,2,258.11,296.15,26.55,322.7,True,True,23,3,55.17,100.0,"{'kubernetes_drop_unused_capabilities': 'trivy', 'Require_Non_Root_Groups': 'kyverno', 'Require_imagePullPolicy_Always': 'kyverno', 'Require_Read_Only_Root_Filesystem': 'kyverno', 'Validate_User_ID_Group_ID_and_FS_Group': 'kyverno', 'Require_Run_As_Non_Root_User': 'kyverno', 'Check_supplementalGroups': 'kyverno', 'no_root': 'trivy', 'kubernetes_use_readonly_filesystem': 'trivy', 'use_high_gid': 'trivy', 'use_high_uid': 'trivy', 'kubernetes_drop_default_capabilities': 'trivy', 'kubernetes_primary_supplementary_gid': 'trivy', 'cpuLimitsMissing': 'polaris', 'cpuRequestsMissing': 'polaris', 'memoryLimitsMissing': 'polaris', 'Restrict_Image_Registries': 'kyverno', 'memoryRequestsMissing': 'polaris', 'Require_Images_Use_Checksums': 'kyverno'}",
01-sec-cm1_1.yaml,Secret,4,0,0,0,100.0,0,8,14,0,1,35.47,49.06,0.0,0.0,True,True,0,0,100.0,100.0,{},
01-sec-cm_1.yaml,Secret,4,0,0,0,100.0,0,8,14,0,2,35.14,48.94,0.0,0.0,True,True,0,0,100.0,100.0,{},
01-secret.yaml,Secret,4,0,0,0,100.0,0,7,14,0,1,32.08,45.79,0.0,0.0,True,True,0,0,100.0,100.0,{},
01-secret1.yaml,Secret,4,0,0,0,100.0,0,6,14,0,2,35.45,49.3,0.0,0.0,True,True,0,0,100.0,100.0,{},
01-secret2.yaml,Secret,4,0,0,0,100.0,0,7,14,0,2,35.13,48.89,0.0,0.0,True,True,0,0,100.0,100.0,{},
01-secret3.yaml,Secret,4,0,0,0,100.0,0,8,14,0,1,40.75,58.36,0.0,0.0,True,True,0,0,100.0,100.0,{},
01-secret4_1.yaml,Secret,4,0,0,0,100.0,0,7,14,0,4,41.82,55.79,0.0,0.0,True,True,0,0,100.0,100.0,{},
01-secret4_2.yaml,Deployment,31,7,4,11,70.09,0,27,422,176,16,208.89,317.42,42.06,359.48,True,True,15,0,84.85,100.0,"{'kubernetes_drop_unused_capabilities': 'trivy', 'no_root': 'trivy', 'kubernetes_use_readonly_filesystem': 'trivy', 'use_high_gid': 'trivy', 'use_high_uid': 'trivy', 'kubernetes_drop_default_capabilities': 'trivy', 'kubernetes_primary_supplementary_gid': 'trivy', 'cpuLimitsMissing': 'polaris', 'cpuRequestsMissing': 'polaris', 'memoryLimitsMissing': 'polaris', 'memoryRequestsMissing': 'polaris'}",
01-secret5.yaml,Secret,4,0,0,0,100.0,0,7,14,0,2,35.71,49.81,0.0,0.0,True,True,0,0,100.0,100.0,{},
01-secret6_1.yaml,Secret,4,0,0,0,100.0,0,10,14,0,8,36.8,50.94,0.0,0.0,True,True,0,0,100.0,100.0,{},
01-secret6_2.yaml,Deployment,31,7,4,11,70.09,0,27,422,176,16,198.73,298.2,48.63,346.83,True,True,15,0,84.85,100.0,"{'kubernetes_drop_unused_capabilities': 'trivy', 'no_root': 'trivy', 'kubernetes_use_readonly_filesystem': 'trivy', 'use_high_gid': 'trivy', 'use_high_uid': 'trivy', 'kubernetes_drop_default_capabilities': 'trivy', 'kubernetes_primary_supplementary_gid': 'trivy', 'cpuLimitsMissing': 'polaris', 'cpuRequestsMissing': 'polaris', 'memoryLimitsMissing': 'polaris', 'memoryRequestsMissing': 'polaris'}",
01-secrets.yaml,Secret,4,0,0,0,100.0,0,6,14,0,2,32.6,46.22,0.0,0.0,True,True,0,0,100.0,100.0,{},
01-secrets1.yaml,Secret,4,0,0,0,100.0,0,6,14,0,2,35.7,49.14,0.0,0.0,True,True,0,0,100.0,100.0,{},
01-secrets1_1.yaml,Secret,4,0,0,0,100.0,0,6,14,0,2,46.04,59.85,0.0,0.0,True,True,0,0,100.0,100.0,{},
01-Secrets2.yaml,Secret,4,0,0,0,100.0,0,7,14,0,4,41.85,55.68,0.0,0.0,True,True,0,0,100.0,100.0,{},
01-Secrets3.yaml,Secret,4,0,0,0,100.0,0,7,14,0,4,37.07,51.04,0.0,0.0,True,True,0,0,100.0,100.0,{},
01-Secrets4.yaml,Secret,4,0,0,0,100.0,0,7,14,0,4,35.35,48.98,0.0,0.0,True,True,0,0,100.0,100.0,{},
01-Secrets7.yaml,Secret,4,0,0,0,100.0,0,7,14,0,4,37.33,51.9,0.0,0.0,True,True,0,0,100.0,100.0,{},
01-secrets_1.yaml,Secret,4,0,0,0,100.0,0,6,14,0,2,35.54,49.37,0.0,0.0,True,True,0,0,100.0,100.0,{},
01-secure-ingress.yaml,Ingress,3,1,0,1,70.83,0,22,4,2,2,111.43,127.85,24.01,151.86,True,True,5,3,86.67,100.0,{'tlsSettingsMissing': 'polaris'},
01-server.yaml,Service,6,1,0,1,84.44,0,12,13,2,1,64.36,79.98,9.6,89.58,True,True,2,0,90.91,100.0,{'Restrict_Service_Port_Range': 'kyverno'},
01-server_1.yaml,StatefulSet,31,7,4,11,70.09,0,49,424,176,12,152.19,331.73,53.88,385.61,True,True,15,1,88.24,100.0,"{'kubernetes_drop_unused_capabilities': 'trivy', 'no_root': 'trivy', 'kubernetes_use_readonly_filesystem': 'trivy', 'use_high_gid': 'trivy', 'use_high_uid': 'trivy', 'kubernetes_drop_default_capabilities': 'trivy', 'kubernetes_primary_supplementary_gid': 'trivy', 'cpuLimitsMissing': 'polaris', 'cpuRequestsMissing': 'polaris', 'memoryLimitsMissing': 'polaris', 'memoryRequestsMissing': 'polaris'}",
01-service-account.yaml,ServiceAccount,3,0,0,0,100.0,0,5,7,0,1,33.53,47.12,0.0,0.0,True,True,0,0,100.0,100.0,{},
01-service-account1.yaml,ServiceAccount,3,0,0,0,100.0,0,8,7,0,1,33.85,48.05,0.0,0.0,True,True,0,0,100.0,100.0,{},
01-service-account10.yaml,ServiceAccount,3,0,0,0,100.0,0,8,7,0,1,33.47,47.16,0.0,0.0,True,True,0,0,100.0,100.0,{},
01-service-account11.yaml,ServiceAccount,3,0,0,0,100.0,0,8,7,0,1,33.32,46.87,0.0,0.0,True,True,0,0,100.0,100.0,{},
01-service-account2.yaml,ServiceAccount,3,0,0,0,100.0,0,8,7,0,1,34.49,48.14,0.0,0.0,True,True,0,0,100.0,100.0,{},
01-service-account3.yaml,ServiceAccount,3,0,0,0,100.0,0,5,7,0,1,35.81,52.35,0.0,0.0,True,True,0,0,100.0,100.0,{},
01-service-account3_1.yaml,Deployment,31,8,5,13,62.82,0,33,422,178,1,179.69,252.89,37.2,290.09,True,True,26,3,66.67,100.0,"{'kubernetes_drop_unused_capabilities': 'trivy', 'no_root': 'trivy', 'kubernetes_use_readonly_filesystem': 'trivy', 'use_high_gid': 'trivy', 'use_high_uid': 'trivy', 'kubernetes_drop_default_capabilities': 'trivy', 'kubernetes_primary_supplementary_gid': 'trivy', 'Require_Multiple_Replicas': 'kyverno', 'cpuLimitsMissing': 'polaris', 'cpuRequestsMissing': 'polaris', 'memoryLimitsMissing': 'polaris', 'tagNotSpecified': 'polaris', 'memoryRequestsMissing': 'polaris'}",
01-service-account4.yaml,ServiceAccount,3,0,0,0,100.0,0,8,7,0,1,32.66,46.46,0.0,0.0,True,True,0,0,100.0,100.0,{},
01-service-account5.yaml,ServiceAccount,3,0,0,0,100.0,0,8,7,0,1,33.15,46.66,0.0,0.0,True,True,0,0,100.0,100.0,{},
01-service-account6.yaml,ServiceAccount,3,0,0,0,100.0,0,5,7,0,1,43.71,57.73,0.0,0.0,True,True,0,0,100.0,100.0,{},
01-service-account6_1.yaml,Deployment,31,8,5,13,62.82,0,33,422,178,1,189.64,258.61,47.89,306.5,True,True,26,3,66.67,100.0,"{'kubernetes_drop_unused_capabilities': 'trivy', 'no_root': 'trivy', 'kubernetes_use_readonly_filesystem': 'trivy', 'use_high_gid': 'trivy', 'use_high_uid': 'trivy', 'kubernetes_drop_default_capabilities': 'trivy', 'kubernetes_primary_supplementary_gid': 'trivy', 'Require_Multiple_Replicas': 'kyverno', 'cpuLimitsMissing': 'polaris', 'cpuRequestsMissing': 'polaris', 'memoryLimitsMissing': 'polaris', 'tagNotSpecified': 'polaris', 'memoryRequestsMissing': 'polaris'}",
01-service-account7.yaml,ServiceAccount,3,0,0,0,100.0,0,8,7,0,1,33.17,46.74,0.0,0.0,True,True,0,0,100.0,100.0,{},
01-service-account8.yaml,ServiceAccount,3,0,0,0,100.0,0,8,7,0,1,34.59,48.46,0.0,0.0,True,True,0,0,100.0,100.0,{},
01-service-account9.yaml,ServiceAccount,3,0,0,0,100.0,0,5,7,0,1,34.1,47.73,0.0,0.0,True,True,0,0,100.0,100.0,{},
01-service-account9_1.yaml,Deployment,31,8,5,13,62.82,0,33,422,178,1,170.2,238.56,36.82,275.38,True,True,26,3,66.67,100.0,"{'kubernetes_drop_unused_capabilities': 'trivy', 'no_root': 'trivy', 'kubernetes_use_readonly_filesystem': 'trivy', 'use_high_gid': 'trivy', 'use_high_uid': 'trivy', 'kubernetes_drop_default_capabilities': 'trivy', 'kubernetes_primary_supplementary_gid': 'trivy', 'Require_Multiple_Replicas': 'kyverno', 'cpuLimitsMissing': 'polaris', 'cpuRequestsMissing': 'polaris', 'memoryLimitsMissing': 'polaris', 'tagNotSpecified': 'polaris', 'memoryRequestsMissing': 'polaris'}",
01-service-account_1.yaml,Deployment,31,8,5,13,62.82,0,33,422,178,1,158.3,226.53,36.98,263.51,True,True,26,3,66.67,100.0,"{'kubernetes_drop_unused_capabilities': 'trivy', 'no_root': 'trivy', 'kubernetes_use_readonly_filesystem': 'trivy', 'use_high_gid': 'trivy', 'use_high_uid': 'trivy', 'kubernetes_drop_default_capabilities': 'trivy', 'kubernetes_primary_supplementary_gid': 'trivy', 'Require_Multiple_Replicas': 'kyverno', 'cpuLimitsMissing': 'polaris', 'cpuRequestsMissing': 'polaris', 'memoryLimitsMissing': 'polaris', 'tagNotSpecified': 'polaris', 'memoryRequestsMissing': 'polaris'}",
01-service-client-access.yaml,Service,6,1,0,1,84.44,0,14,13,2,4,53.12,68.17,12.16,80.33,True,True,4,4,76.47,100.0,{'Restrict_Service_Port_Range': 'kyverno'},
01-service-client-access1.yaml,Service,6,1,0,1,84.44,0,14,13,2,4,55.45,70.61,12.08,82.69,True,True,4,4,76.47,100.0,{'Restrict_Service_Port_Range': 'kyverno'},
01-service-debugger-svc-peer-a.yaml,Service,6,1,0,1,84.44,0,19,13,2,1,51.97,66.99,11.5,78.49,True,True,3,4,75.86,100.0,{'Restrict_Service_Port_Range': 'kyverno'},
01-service-debugger-svc.yaml,Service,6,1,0,1,84.44,0,19,13,2,1,50.1,65.43,11.54,76.97,True,True,3,4,75.86,100.0,{'Restrict_Service_Port_Range': 'kyverno'},
01-service-debugger-svc1.yaml,Service,6,1,0,1,84.44,0,19,13,2,1,63.29,78.38,11.87,90.25,True,True,3,4,75.86,100.0,{'Restrict_Service_Port_Range': 'kyverno'},
01-service-debugger-svc2.yaml,Service,6,1,0,1,84.44,0,19,13,2,1,56.07,71.19,11.46,82.65,True,True,3,4,75.86,100.0,{'Restrict_Service_Port_Range': 'kyverno'},
01-serviceaccount.yaml,ServiceAccount,3,0,0,0,100.0,0,7,7,0,1,84.36,98.17,0.0,0.0,True,True,0,0,100.0,100.0,{},
01-serviceaccount1.yaml,ServiceAccount,3,0,0,0,100.0,0,5,7,0,1,33.61,47.2,0.0,0.0,True,True,0,0,100.0,100.0,{},
01-services.yaml,Pod,61,12,7,19,70.88,0,15,481,185,1,203.85,236.04,22.96,259.0,True,True,22,1,51.06,100.0,"{'kubernetes_drop_unused_capabilities': 'trivy', 'Require_Non_Root_Groups': 'kyverno', 'Require_Read_Only_Root_Filesystem': 'kyverno', 'Validate_User_ID_Group_ID_and_FS_Group': 'kyverno', 'Require_Run_As_Non_Root_User': 'kyverno', 'Check_supplementalGroups': 'kyverno', 'no_root': 'trivy', 'kubernetes_use_readonly_filesystem': 'trivy', 'use_high_gid': 'trivy', 'use_high_uid': 'trivy', 'kubernetes_drop_default_capabilities': 'trivy', 'kubernetes_primary_supplementary_gid': 'trivy', 'cpuLimitsMissing': 'polaris', 'cpuRequestsMissing': 'polaris', 'memoryLimitsMissing': 'polaris', 'Restrict_Image_Registries': 'kyverno', 'tagNotSpecified': 'polaris', 'memoryRequestsMissing': 'polaris', 'Require_Images_Use_Checksums': 'kyverno'}",
01-services1.yaml,Service,6,1,0,1,84.44,0,16,13,2,1,61.67,76.78,10.85,87.63,True,True,1,1,92.31,100.0,{'Restrict_Service_Port_Range': 'kyverno'},
01-services1_1.yaml,Service,6,1,0,1,84.44,0,16,13,2,1,60.54,77.0,10.72,87.72,True,True,1,1,92.31,100.0,{'Restrict_Service_Port_Range': 'kyverno'},
01-services1_10.yaml,Service,6,1,0,1,84.44,0,16,13,2,1,56.38,71.27,10.9,82.17,True,True,1,1,92.31,100.0,{'Restrict_Service_Port_Range': 'kyverno'},
01-services1_2.yaml,Service,6,1,0,1,84.44,0,16,13,2,1,53.48,68.41,34.68,103.09,True,True,1,1,92.31,100.0,{'Restrict_Service_Port_Range': 'kyverno'},
01-services1_3.yaml,Service,6,1,0,1,84.44,0,16,13,2,1,53.52,68.24,11.12,79.36,True,True,1,1,92.31,100.0,{'Restrict_Service_Port_Range': 'kyverno'},
01-services1_4.yaml,Service,6,1,0,1,84.44,0,16,13,2,1,55.62,72.42,10.6,83.02,True,True,1,1,92.31,100.0,{'Restrict_Service_Port_Range': 'kyverno'},
01-services1_5.yaml,Service,6,1,0,1,84.44,0,16,13,2,1,57.18,73.77,10.65,84.42,True,True,1,1,92.31,100.0,{'Restrict_Service_Port_Range': 'kyverno'},
01-services1_6.yaml,Service,6,1,0,1,84.44,0,16,13,2,1,53.27,68.12,10.64,78.76,True,True,1,1,92.31,100.0,{'Restrict_Service_Port_Range': 'kyverno'},
01-services1_7.yaml,Service,6,1,0,1,84.44,0,16,13,2,1,53.6,68.75,11.12,79.87,True,True,1,1,92.31,100.0,{'Restrict_Service_Port_Range': 'kyverno'},
01-services1_8.yaml,Service,6,1,0,1,84.44,0,16,13,2,1,54.99,69.96,11.52,81.48,True,True,1,1,92.31,100.0,{'Restrict_Service_Port_Range': 'kyverno'},
01-services1_9.yaml,Service,6,1,0,1,84.44,0,16,13,2,1,62.12,77.35,10.67,88.02,True,True,1,1,92.31,100.0,{'Restrict_Service_Port_Range': 'kyverno'},
01-services_1.yaml,Service,6,1,0,1,84.44,0,14,13,2,1,56.91,71.84,9.48,81.32,True,True,1,1,90.91,100.0,{'Restrict_Service_Port_Range': 'kyverno'},
01-setup-nfs-provisioner_1.yaml,ServiceAccount,3,0,0,0,100.0,0,5,7,0,1,33.41,46.81,0.0,0.0,True,True,0,0,100.0,100.0,{},
01-setup-nfs-provisioner_3.yaml,ClusterRoleBinding,4,0,0,0,100.0,0,13,12,0,1,33.92,48.09,0.0,0.0,True,True,0,0,100.0,100.0,{},
01-setup-nfs-provisioner_5.yaml,RoleBinding,4,0,0,0,100.0,0,14,12,0,1,36.3,50.16,0.0,0.0,True,True,0,0,100.0,100.0,{},
01-setup-nfs-provisioner_6.yaml,Deployment,31,8,4,12,67.09,0,38,422,178,3,350.58,441.29,58.75,500.04,True,True,16,1,81.32,100.0,"{'kubernetes_drop_unused_capabilities': 'trivy', 'no_root': 'trivy', 'kubernetes_use_readonly_filesystem': 'trivy', 'use_high_gid': 'trivy', 'use_high_uid': 'trivy', 'kubernetes_drop_default_capabilities': 'trivy', 'kubernetes_primary_supplementary_gid': 'trivy', 'Require_Multiple_Replicas': 'kyverno', 'cpuLimitsMissing': 'polaris', 'cpuRequestsMissing': 'polaris', 'memoryLimitsMissing': 'polaris', 'memoryRequestsMissing': 'polaris'}",
01-setup-nfs-provisioner_7.yaml,StorageClass,1,1,0,1,0.0,0,10,3,3,1,135.32,149.28,9.48,158.76,True,True,1,0,94.74,100.0,{'Restrict_StorageClass': 'kyverno'},
01-sidecar-pod.yaml,Pod,61,13,7,20,69.3,0,15,481,187,3,232.86,284.32,38.3,322.62,True,True,41,4,44.44,100.0,"{'kubernetes_drop_unused_capabilities': 'trivy', 'Require_Non_Root_Groups': 'kyverno', 'Require_imagePullPolicy_Always': 'kyverno', 'Require_Read_Only_Root_Filesystem': 'kyverno', 'Validate_User_ID_Group_ID_and_FS_Group': 'kyverno', 'Require_Run_As_Non_Root_User': 'kyverno', 'Check_supplementalGroups': 'kyverno', 'no_root': 'trivy', 'kubernetes_use_readonly_filesystem': 'trivy', 'use_high_gid': 'trivy', 'use_high_uid': 'trivy', 'kubernetes_drop_default_capabilities': 'trivy', 'kubernetes_primary_supplementary_gid': 'trivy', 'cpuLimitsMissing': 'polaris', 'cpuRequestsMissing': 'polaris', 'memoryLimitsMissing': 'polaris', 'Restrict_Image_Registries': 'kyverno', 'tagNotSpecified': 'polaris', 'memoryRequestsMissing': 'polaris', 'Require_Images_Use_Checksums': 'kyverno'}",
01-simple-configuration_1.yaml,Pod,61,13,7,20,69.3,0,18,481,187,2,373.28,422.45,29.98,452.43,True,True,23,1,63.64,100.0,"{'kubernetes_drop_unused_capabilities': 'trivy', 'Require_Non_Root_Groups': 'kyverno', 'Require_imagePullPolicy_Always': 'kyverno', 'Require_Read_Only_Root_Filesystem': 'kyverno', 'Validate_User_ID_Group_ID_and_FS_Group': 'kyverno', 'Require_Run_As_Non_Root_User': 'kyverno', 'Check_supplementalGroups': 'kyverno', 'no_root': 'trivy', 'kubernetes_use_readonly_filesystem': 'trivy', 'use_high_gid': 'trivy', 'use_high_uid': 'trivy', 'kubernetes_drop_default_capabilities': 'trivy', 'kubernetes_primary_supplementary_gid': 'trivy', 'cpuLimitsMissing': 'polaris', 'cpuRequestsMissing': 'polaris', 'memoryLimitsMissing': 'polaris', 'Restrict_Image_Registries': 'kyverno', 'tagNotSpecified': 'polaris', 'memoryRequestsMissing': 'polaris', 'Require_Images_Use_Checksums': 'kyverno'}",
01-simple-deploy.yaml,Deployment,31,7,5,12,65.81,0,19,422,176,1,170.97,208.74,23.03,231.77,True,True,17,2,61.22,100.0,"{'kubernetes_drop_unused_capabilities': 'trivy', 'no_root': 'trivy', 'kubernetes_use_readonly_filesystem': 'trivy', 'use_high_gid': 'trivy', 'use_high_uid': 'trivy', 'kubernetes_drop_default_capabilities': 'trivy', 'kubernetes_primary_supplementary_gid': 'trivy', 'cpuLimitsMissing': 'polaris', 'cpuRequestsMissing': 'polaris', 'memoryLimitsMissing': 'polaris', 'tagNotSpecified': 'polaris', 'memoryRequestsMissing': 'polaris'}",
01-simple-deploy1.yaml,Deployment,31,7,5,12,65.81,0,20,422,176,1,167.05,206.79,24.83,231.62,True,True,16,1,66.67,100.0,"{'kubernetes_drop_unused_capabilities': 'trivy', 'no_root': 'trivy', 'kubernetes_use_readonly_filesystem': 'trivy', 'use_high_gid': 'trivy', 'use_high_uid': 'trivy', 'kubernetes_drop_default_capabilities': 'trivy', 'kubernetes_primary_supplementary_gid': 'trivy', 'cpuLimitsMissing': 'polaris', 'cpuRequestsMissing': 'polaris', 'memoryLimitsMissing': 'polaris', 'tagNotSpecified': 'polaris', 'memoryRequestsMissing': 'polaris'}",
01-simple-deploy1_1.yaml,Service,6,1,0,1,84.44,0,12,13,2,1,56.82,71.27,8.26,79.53,True,True,1,1,90.0,100.0,{'Restrict_Service_Port_Range': 'kyverno'},
01-simple-deploy2.yaml,Deployment,31,8,5,13,62.82,0,21,422,178,1,151.61,192.55,25.06,217.61,True,True,18,3,60.38,100.0,"{'kubernetes_drop_unused_capabilities': 'trivy', 'no_root': 'trivy', 'kubernetes_use_readonly_filesystem': 'trivy', 'use_high_gid': 'trivy', 'use_high_uid': 'trivy', 'kubernetes_drop_default_capabilities': 'trivy', 'kubernetes_primary_supplementary_gid': 'trivy', 'Require_Multiple_Replicas': 'kyverno', 'cpuLimitsMissing': 'polaris', 'cpuRequestsMissing': 'polaris', 'memoryLimitsMissing': 'polaris', 'tagNotSpecified': 'polaris', 'memoryRequestsMissing': 'polaris'}",
01-simple-pod-1.yaml,Pod,61,13,6,19,71.56,0,12,481,187,2,314.25,344.77,24.0,368.77,True,True,23,1,47.83,100.0,"{'kubernetes_drop_unused_capabilities': 'trivy', 'Require_Non_Root_Groups': 'kyverno', 'Require_imagePullPolicy_Always': 'kyverno', 'Require_Read_Only_Root_Filesystem': 'kyverno', 'Validate_User_ID_Group_ID_and_FS_Group': 'kyverno', 'Require_Run_As_Non_Root_User': 'kyverno', 'Check_supplementalGroups': 'kyverno', 'no_root': 'trivy', 'kubernetes_use_readonly_filesystem': 'trivy', 'use_high_gid': 'trivy', 'use_high_uid': 'trivy', 'kubernetes_drop_default_capabilities': 'trivy', 'kubernetes_primary_supplementary_gid': 'trivy', 'cpuLimitsMissing': 'polaris', 'cpuRequestsMissing': 'polaris', 'memoryLimitsMissing': 'polaris', 'Restrict_Image_Registries': 'kyverno', 'memoryRequestsMissing': 'polaris', 'Require_Images_Use_Checksums': 'kyverno'}",
01-simple-pod-11.yaml,Pod,61,13,6,19,71.56,0,17,481,187,2,289.15,328.8,25.7,354.5,True,True,26,4,44.44,100.0,"{'kubernetes_drop_unused_capabilities': 'trivy', 'Require_Non_Root_Groups': 'kyverno', 'Require_imagePullPolicy_Always': 'kyverno', 'Require_Read_Only_Root_Filesystem': 'kyverno', 'Validate_User_ID_Group_ID_and_FS_Group': 'kyverno', 'Require_Run_As_Non_Root_User': 'kyverno', 'Check_supplementalGroups': 'kyverno', 'no_root': 'trivy', 'kubernetes_use_readonly_filesystem': 'trivy', 'use_high_gid': 'trivy', 'use_high_uid': 'trivy', 'kubernetes_drop_default_capabilities': 'trivy', 'kubernetes_primary_supplementary_gid': 'trivy', 'cpuLimitsMissing': 'polaris', 'cpuRequestsMissing': 'polaris', 'memoryLimitsMissing': 'polaris', 'Restrict_Image_Registries': 'kyverno', 'memoryRequestsMissing': 'polaris', 'Require_Images_Use_Checksums': 'kyverno'}",
01-simple-pod.yaml,Pod,61,13,7,20,69.3,0,12,481,187,3,203.9,231.8,21.81,253.61,True,True,24,2,38.1,100.0,"{'kubernetes_drop_unused_capabilities': 'trivy', 'Require_Non_Root_Groups': 'kyverno', 'Require_imagePullPolicy_Always': 'kyverno', 'Require_Read_Only_Root_Filesystem': 'kyverno', 'Validate_User_ID_Group_ID_and_FS_Group': 'kyverno', 'Require_Run_As_Non_Root_User': 'kyverno', 'Check_supplementalGroups': 'kyverno', 'no_root': 'trivy', 'kubernetes_use_readonly_filesystem': 'trivy', 'use_high_gid': 'trivy', 'use_high_uid': 'trivy', 'kubernetes_drop_default_capabilities': 'trivy', 'kubernetes_primary_supplementary_gid': 'trivy', 'cpuLimitsMissing': 'polaris', 'cpuRequestsMissing': 'polaris', 'memoryLimitsMissing': 'polaris', 'Restrict_Image_Registries': 'kyverno', 'tagNotSpecified': 'polaris', 'memoryRequestsMissing': 'polaris', 'Require_Images_Use_Checksums': 'kyverno'}",
01-simple-pod1.yaml,Pod,61,13,7,20,69.3,0,8,481,187,1,272.79,296.78,21.25,318.03,True,True,23,1,36.84,100.0,"{'kubernetes_drop_unused_capabilities': 'trivy', 'Require_Non_Root_Groups': 'kyverno', 'Require_imagePullPolicy_Always': 'kyverno', 'Require_Read_Only_Root_Filesystem': 'kyverno', 'Validate_User_ID_Group_ID_and_FS_Group': 'kyverno', 'Require_Run_As_Non_Root_User': 'kyverno', 'Check_supplementalGroups': 'kyverno', 'no_root': 'trivy', 'kubernetes_use_readonly_filesystem': 'trivy', 'use_high_gid': 'trivy', 'use_high_uid': 'trivy', 'kubernetes_drop_default_capabilities': 'trivy', 'kubernetes_primary_supplementary_gid': 'trivy', 'cpuLimitsMissing': 'polaris', 'cpuRequestsMissing': 'polaris', 'memoryLimitsMissing': 'polaris', 'Restrict_Image_Registries': 'kyverno', 'tagNotSpecified': 'polaris', 'memoryRequestsMissing': 'polaris', 'Require_Images_Use_Checksums': 'kyverno'}",
01-simple-pvc.yaml,PersistentVolumeClaim,2,1,0,1,58.33,0,11,7,3,1,55.35,69.84,9.38,79.22,True,True,2,2,81.82,100.0,{'Enforce_ReadWriteOncePod': 'kyverno'},
01-simple-rs.yaml,ReplicaSet,30,7,5,12,64.76,0,20,420,176,2,152.24,193.3,24.87,218.17,True,True,17,2,64.15,100.0,"{'kubernetes_drop_unused_capabilities': 'trivy', 'no_root': 'trivy', 'kubernetes_use_readonly_filesystem': 'trivy', 'use_high_gid': 'trivy', 'use_high_uid': 'trivy', 'kubernetes_drop_default_capabilities': 'trivy', 'kubernetes_primary_supplementary_gid': 'trivy', 'cpuLimitsMissing': 'polaris', 'cpuRequestsMissing': 'polaris', 'memoryLimitsMissing': 'polaris', 'tagNotSpecified': 'polaris', 'memoryRequestsMissing': 'polaris'}",
01-sql-secret.yaml,Secret,4,0,0,0,100.0,0,7,14,0,1,36.58,50.54,0.0,0.0,True,True,0,0,100.0,100.0,{},
01-sql-secret1.yaml,Secret,4,0,0,0,100.0,0,7,14,0,1,38.24,52.19,0.0,0.0,True,True,0,0,100.0,100.0,{},
01-startup-httpget.yaml,Pod,61,13,7,20,69.3,0,15,481,187,1,399.28,433.83,24.77,458.6,True,True,23,1,53.85,100.0,"{'kubernetes_drop_unused_capabilities': 'trivy', 'Require_Non_Root_Groups': 'kyverno', 'Require_imagePullPolicy_Always': 'kyverno', 'Require_Read_Only_Root_Filesystem': 'kyverno', 'Validate_User_ID_Group_ID_and_FS_Group': 'kyverno', 'Require_Run_As_Non_Root_User': 'kyverno', 'Check_supplementalGroups': 'kyverno', 'no_root': 'trivy', 'kubernetes_use_readonly_filesystem': 'trivy', 'use_high_gid': 'trivy', 'use_high_uid': 'trivy', 'kubernetes_drop_default_capabilities': 'trivy', 'kubernetes_primary_supplementary_gid': 'trivy', 'cpuLimitsMissing': 'polaris', 'cpuRequestsMissing': 'polaris', 'memoryLimitsMissing': 'polaris', 'Restrict_Image_Registries': 'kyverno', 'tagNotSpecified': 'polaris', 'memoryRequestsMissing': 'polaris', 'Require_Images_Use_Checksums': 'kyverno'}",
01-Statefull.yaml,StatefulSet,31,7,5,12,65.81,0,36,424,176,1,183.55,259.42,49.1,308.52,True,True,17,2,76.54,100.0,"{'kubernetes_drop_unused_capabilities': 'trivy', 'no_root': 'trivy', 'kubernetes_use_readonly_filesystem': 'trivy', 'use_high_gid': 'trivy', 'use_high_uid': 'trivy', 'kubernetes_drop_default_capabilities': 'trivy', 'kubernetes_primary_supplementary_gid': 'trivy', 'cpuLimitsMissing': 'polaris', 'cpuRequestsMissing': 'polaris', 'memoryLimitsMissing': 'polaris', 'tagNotSpecified': 'polaris', 'memoryRequestsMissing': 'polaris'}",
01-StatefulSet.yaml,StatefulSet,31,7,5,12,65.81,0,26,424,176,1,140.26,192.3,27.63,219.93,True,True,16,1,72.13,100.0,"{'kubernetes_drop_unused_capabilities': 'trivy', 'no_root': 'trivy', 'kubernetes_use_readonly_filesystem': 'trivy', 'use_high_gid': 'trivy', 'use_high_uid': 'trivy', 'kubernetes_drop_default_capabilities': 'trivy', 'kubernetes_primary_supplementary_gid': 'trivy', 'cpuLimitsMissing': 'polaris', 'cpuRequestsMissing': 'polaris', 'memoryLimitsMissing': 'polaris', 'tagNotSpecified': 'polaris', 'memoryRequestsMissing': 'polaris'}",
01-StatefulSet1.yaml,StatefulSet,31,7,5,12,65.81,0,26,424,176,1,141.62,193.82,27.7,221.52,True,True,16,1,72.13,100.0,"{'kubernetes_drop_unused_capabilities': 'trivy', 'no_root': 'trivy', 'kubernetes_use_readonly_filesystem': 'trivy', 'use_high_gid': 'trivy', 'use_high_uid': 'trivy', 'kubernetes_drop_default_capabilities': 'trivy', 'kubernetes_primary_supplementary_gid': 'trivy', 'cpuLimitsMissing': 'polaris', 'cpuRequestsMissing': 'polaris', 'memoryLimitsMissing': 'polaris', 'tagNotSpecified': 'polaris', 'memoryRequestsMissing': 'polaris'}",
01-StatefulSet2.yaml,StatefulSet,31,7,5,12,65.81,0,26,424,176,1,141.35,193.79,27.79,221.58,True,True,16,1,72.13,100.0,"{'kubernetes_drop_unused_capabilities': 'trivy', 'no_root': 'trivy', 'kubernetes_use_readonly_filesystem': 'trivy', 'use_high_gid': 'trivy', 'use_high_uid': 'trivy', 'kubernetes_drop_default_capabilities': 'trivy', 'kubernetes_primary_supplementary_gid': 'trivy', 'cpuLimitsMissing': 'polaris', 'cpuRequestsMissing': 'polaris', 'memoryLimitsMissing': 'polaris', 'tagNotSpecified': 'polaris', 'memoryRequestsMissing': 'polaris'}",
01-storage-class.yaml,StorageClass,1,0,0,0,100.0,0,12,3,0,8,123.43,137.52,0.0,0.0,True,True,0,0,100.0,100.0,{},
01-storage-class1.yaml,StorageClass,1,0,0,0,100.0,0,12,3,0,8,29.36,43.48,0.0,0.0,True,True,0,0,100.0,100.0,{},
01-storage-class2.yaml,StorageClass,1,1,0,1,0.0,0,6,3,3,1,48.22,61.66,6.87,68.53,True,True,1,0,94.12,100.0,{'Restrict_StorageClass': 'kyverno'},
01-storage-class4.yaml,StorageClass,1,1,0,1,0.0,0,6,3,3,1,52.38,66.17,6.62,72.79,True,True,2,1,76.92,100.0,{'Restrict_StorageClass': 'kyverno'},
01-storage-class5.yaml,StorageClass,1,1,0,1,0.0,0,6,3,3,1,46.19,59.46,6.8,66.26,True,True,2,1,76.92,100.0,{'Restrict_StorageClass': 'kyverno'},
01-storageclass-redis.yaml,StorageClass,1,1,0,1,0.0,0,6,3,3,1,48.69,62.16,6.99,69.15,True,True,1,0,95.24,100.0,{'Restrict_StorageClass': 'kyverno'},
01-storageclass-redis1.yaml,StorageClass,1,1,0,1,0.0,0,6,3,3,1,50.58,63.98,7.02,71.0,True,True,1,0,95.24,100.0,{'Restrict_StorageClass': 'kyverno'},
01-storageclass.yaml,StorageClass,1,1,0,1,0.0,0,10,3,3,8,49.8,64.45,9.0,73.45,True,True,10,9,45.71,100.0,{'Restrict_StorageClass': 'kyverno'},
01-storageclass1.yaml,StorageClass,1,1,0,1,0.0,0,10,3,3,8,50.7,64.64,8.97,73.61,True,True,10,9,45.71,100.0,{'Restrict_StorageClass': 'kyverno'},
01-storageclass2.yaml,StorageClass,1,1,0,1,0.0,0,10,3,3,8,54.35,68.27,8.89,77.16,True,True,10,9,45.71,100.0,{'Restrict_StorageClass': 'kyverno'},
01-storageclass3.yaml,StorageClass,1,1,0,1,0.0,0,10,3,3,8,50.34,64.17,8.87,73.04,True,True,10,9,45.71,100.0,{'Restrict_StorageClass': 'kyverno'},
01-strapi-deployment.yaml,Unknown,SCHEMA_ERROR,,,,,,0,0,0,0,0.0,0.0,0.0,271.23,,,,0,0.0,0.0,,"C:\Users\CAOSD\projects\tool-security-rules\..\scriptJsonToUvl\yamls_agrupation\tiny\01-strapi-deployment.yaml - Deployment strapi-deployment is invalid: problem validating schema. Check JSON formatting: jsonschema validation failed with 'https://raw.githubusercontent.com/yannh/kubernetes-json-schema/master/master-standalone-strict/deployment-apps-v1.json#' - at '/spec/template/spec/containers/0/env/2/value': got number, want null or string - at '/spec/template/spec/containers/0/env/6/value': got boolean, want null or string | Summary: 1 resource found in 1 file - Valid: 0, Invalid: 1, Errors: 0, Skipped: 0"
01-sts.yaml,ServiceAccount,3,0,0,0,100.0,0,5,7,0,1,36.1,49.79,0.0,0.0,True,True,0,0,100.0,100.0,{},
01-sts_1.yaml,Service,6,1,0,1,84.44,0,31,13,2,2,122.27,140.29,20.83,161.12,True,True,2,2,92.86,100.0,{'Restrict_Service_Port_Range': 'kyverno'},
01-sts_2.yaml,StatefulSet,31,4,0,4,88.46,0,79,424,124,72,859.98,1159.5,68.53,1228.03,True,True,6,8,91.76,100.0,"{'no_root': 'trivy', 'kubernetes_use_readonly_filesystem': 'trivy', 'use_high_gid': 'trivy', 'use_high_uid': 'trivy'}",
01-super-secret-pod.yaml,Pod,61,13,7,20,69.3,0,8,481,187,1,289.51,313.71,20.31,334.02,True,True,23,1,36.84,100.0,"{'kubernetes_drop_unused_capabilities': 'trivy', 'Require_Non_Root_Groups': 'kyverno', 'Require_imagePullPolicy_Always': 'kyverno', 'Require_Read_Only_Root_Filesystem': 'kyverno', 'Validate_User_ID_Group_ID_and_FS_Group': 'kyverno', 'Require_Run_As_Non_Root_User': 'kyverno', 'Check_supplementalGroups': 'kyverno', 'no_root': 'trivy', 'kubernetes_use_readonly_filesystem': 'trivy', 'use_high_gid': 'trivy', 'use_high_uid': 'trivy', 'kubernetes_drop_default_capabilities': 'trivy', 'kubernetes_primary_supplementary_gid': 'trivy', 'cpuLimitsMissing': 'polaris', 'cpuRequestsMissing': 'polaris', 'memoryLimitsMissing': 'polaris', 'Restrict_Image_Registries': 'kyverno', 'tagNotSpecified': 'polaris', 'memoryRequestsMissing': 'polaris', 'Require_Images_Use_Checksums': 'kyverno'}",
01-taint-toleration.yaml,Pod,61,13,7,20,69.3,0,16,481,187,1,375.02,409.26,24.27,433.53,True,True,23,1,58.62,100.0,"{'kubernetes_drop_unused_capabilities': 'trivy', 'Require_Non_Root_Groups': 'kyverno', 'Require_imagePullPolicy_Always': 'kyverno', 'Require_Read_Only_Root_Filesystem': 'kyverno', 'Validate_User_ID_Group_ID_and_FS_Group': 'kyverno', 'Require_Run_As_Non_Root_User': 'kyverno', 'Check_supplementalGroups': 'kyverno', 'no_root': 'trivy', 'kubernetes_use_readonly_filesystem': 'trivy', 'use_high_gid': 'trivy', 'use_high_uid': 'trivy', 'kubernetes_drop_default_capabilities': 'trivy', 'kubernetes_primary_supplementary_gid': 'trivy', 'cpuLimitsMissing': 'polaris', 'cpuRequestsMissing': 'polaris', 'memoryLimitsMissing': 'polaris', 'Restrict_Image_Registries': 'kyverno', 'tagNotSpecified': 'polaris', 'memoryRequestsMissing': 'polaris', 'Require_Images_Use_Checksums': 'kyverno'}",
01-testing-pod.yaml,ServiceAccount,3,1,0,1,66.67,0,6,7,2,1,56.6,69.99,6.03,76.02,True,True,1,1,83.33,100.0,{'Restrict_Auto_Mount_of_Service_Account_Tokens_in_Service_Account': 'kyverno'},
01-testing-pod_1.yaml,Pod,61,14,2,16,76.75,0,27,481,190,24,365.35,430.43,27.79,458.22,True,True,17,8,66.67,100.0,"{'kubernetes_drop_unused_capabilities': 'trivy', 'Require_Non_Root_Groups': 'kyverno', 'Restrict_node_selection': 'kyverno', 'Require_imagePullPolicy_Always': 'kyverno', 'Require_Read_Only_Root_Filesystem': 'kyverno', 'Validate_User_ID_Group_ID_and_FS_Group': 'kyverno', 'Require_Run_As_Non_Root_User': 'kyverno', 'Check_supplementalGroups': 'kyverno', 'no_root': 'trivy', 'kubernetes_use_readonly_filesystem': 'trivy', 'use_high_gid': 'trivy', 'use_high_uid': 'trivy', 'kubernetes_drop_default_capabilities': 'trivy', 'kubernetes_primary_supplementary_gid': 'trivy', 'Restrict_Image_Registries': 'kyverno', 'Require_Images_Use_Checksums': 'kyverno'}",
01-testing-pod_2.yaml,Service,6,2,0,2,68.89,0,19,13,4,1,76.59,92.12,12.4,104.52,True,True,2,2,86.67,100.0,"{'Disallow_Service_Type_LoadBalancer': 'kyverno', 'Restrict_Service_Port_Range': 'kyverno'}",
01-testing-statefulset.yaml,ServiceAccount,3,1,0,1,66.67,0,6,7,2,1,50.72,64.08,6.46,70.54,True,True,1,1,83.33,100.0,{'Restrict_Auto_Mount_of_Service_Account_Tokens_in_Service_Account': 'kyverno'},
01-testing-statefulset_1.yaml,Service,6,2,0,2,68.89,0,19,13,4,1,66.2,81.4,12.1,93.5,True,True,2,2,86.67,100.0,"{'Disallow_Service_Type_LoadBalancer': 'kyverno', 'Restrict_Service_Port_Range': 'kyverno'}",
01-testing-statefulset_2.yaml,StatefulSet,31,7,0,7,82.05,0,47,424,176,24,166.99,286.38,53.37,339.75,True,True,9,4,87.85,100.0,"{'kubernetes_drop_unused_capabilities': 'trivy', 'no_root': 'trivy', 'kubernetes_use_readonly_filesystem': 'trivy', 'use_high_gid': 'trivy', 'use_high_uid': 'trivy', 'kubernetes_drop_default_capabilities': 'trivy', 'kubernetes_primary_supplementary_gid': 'trivy'}",
01-traefik-cluster-role-binding.yaml,ClusterRoleBinding,4,0,0,0,100.0,0,14,12,0,1,37.09,51.62,0.0,0.0,True,True,0,0,100.0,100.0,{},
01-update-cm1_1.yaml,Pod,61,13,5,18,72.46,0,15,481,187,6,330.97,366.17,22.46,388.63,True,True,20,6,53.57,100.0,"{'kubernetes_drop_unused_capabilities': 'trivy', 'Require_Non_Root_Groups': 'kyverno', 'Require_imagePullPolicy_Always': 'kyverno', 'Require_Read_Only_Root_Filesystem': 'kyverno', 'Validate_User_ID_Group_ID_and_FS_Group': 'kyverno', 'Require_Run_As_Non_Root_User': 'kyverno', 'Check_supplementalGroups': 'kyverno', 'no_root': 'trivy', 'kubernetes_use_readonly_filesystem': 'trivy', 'use_high_gid': 'trivy', 'use_high_uid': 'trivy', 'kubernetes_drop_default_capabilities': 'trivy', 'kubernetes_primary_supplementary_gid': 'trivy', 'cpuRequestsMissing': 'polaris', 'Restrict_Image_Registries': 'kyverno', 'tagNotSpecified': 'polaris', 'memoryRequestsMissing': 'polaris', 'Require_Images_Use_Checksums': 'kyverno'}",
01-update-cm_1.yaml,Pod,61,13,5,18,72.46,0,15,481,187,6,365.77,401.45,22.31,423.76,True,True,20,6,53.57,100.0,"{'kubernetes_drop_unused_capabilities': 'trivy', 'Require_Non_Root_Groups': 'kyverno', 'Require_imagePullPolicy_Always': 'kyverno', 'Require_Read_Only_Root_Filesystem': 'kyverno', 'Validate_User_ID_Group_ID_and_FS_Group': 'kyverno', 'Require_Run_As_Non_Root_User': 'kyverno', 'Check_supplementalGroups': 'kyverno', 'no_root': 'trivy', 'kubernetes_use_readonly_filesystem': 'trivy', 'use_high_gid': 'trivy', 'use_high_uid': 'trivy', 'kubernetes_drop_default_capabilities': 'trivy', 'kubernetes_primary_supplementary_gid': 'trivy', 'cpuRequestsMissing': 'polaris', 'Restrict_Image_Registries': 'kyverno', 'tagNotSpecified': 'polaris', 'memoryRequestsMissing': 'polaris', 'Require_Images_Use_Checksums': 'kyverno'}",
01-webhook-dingding-deploy.yaml,Deployment,31,8,4,12,67.09,0,24,422,178,2,175.38,222.12,25.64,247.76,True,True,17,2,66.67,100.0,"{'kubernetes_drop_unused_capabilities': 'trivy', 'no_root': 'trivy', 'kubernetes_use_readonly_filesystem': 'trivy', 'use_high_gid': 'trivy', 'use_high_uid': 'trivy', 'kubernetes_drop_default_capabilities': 'trivy', 'kubernetes_primary_supplementary_gid': 'trivy', 'Require_Multiple_Replicas': 'kyverno', 'cpuLimitsMissing': 'polaris', 'cpuRequestsMissing': 'polaris', 'memoryLimitsMissing': 'polaris', 'memoryRequestsMissing': 'polaris'}",
01-webhook-wechat-deploy.yaml,Deployment,31,8,4,12,67.09,0,24,422,178,2,164.32,210.19,25.38,235.57,True,True,17,2,66.67,100.0,"{'kubernetes_drop_unused_capabilities': 'trivy', 'no_root': 'trivy', 'kubernetes_use_readonly_filesystem': 'trivy', 'use_high_gid': 'trivy', 'use_high_uid': 'trivy', 'kubernetes_drop_default_capabilities': 'trivy', 'kubernetes_primary_supplementary_gid': 'trivy', 'Require_Multiple_Replicas': 'kyverno', 'cpuLimitsMissing': 'polaris', 'cpuRequestsMissing': 'polaris', 'memoryLimitsMissing': 'polaris', 'memoryRequestsMissing': 'polaris'}",
01-Welcome-App.yaml,Pod,61,13,7,20,69.3,0,10,481,187,3,254.08,281.15,21.53,302.68,True,True,24,2,35.0,100.0,"{'kubernetes_drop_unused_capabilities': 'trivy', 'Require_Non_Root_Groups': 'kyverno', 'Require_imagePullPolicy_Always': 'kyverno', 'Require_Read_Only_Root_Filesystem': 'kyverno', 'Validate_User_ID_Group_ID_and_FS_Group': 'kyverno', 'Require_Run_As_Non_Root_User': 'kyverno', 'Check_supplementalGroups': 'kyverno', 'no_root': 'trivy', 'kubernetes_use_readonly_filesystem': 'trivy', 'use_high_gid': 'trivy', 'use_high_uid': 'trivy', 'kubernetes_drop_default_capabilities': 'trivy', 'kubernetes_primary_supplementary_gid': 'trivy', 'cpuLimitsMissing': 'polaris', 'cpuRequestsMissing': 'polaris', 'memoryLimitsMissing': 'polaris', 'Restrict_Image_Registries': 'kyverno', 'tagNotSpecified': 'polaris', 'memoryRequestsMissing': 'polaris', 'Require_Images_Use_Checksums': 'kyverno'}",
01-Welcome-App1.yaml,Pod,61,13,7,20,69.3,0,10,481,187,3,209.82,236.13,20.73,256.86,True,True,24,2,35.0,100.0,"{'kubernetes_drop_unused_capabilities': 'trivy', 'Require_Non_Root_Groups': 'kyverno', 'Require_imagePullPolicy_Always': 'kyverno', 'Require_Read_Only_Root_Filesystem': 'kyverno', 'Validate_User_ID_Group_ID_and_FS_Group': 'kyverno', 'Require_Run_As_Non_Root_User': 'kyverno', 'Check_supplementalGroups': 'kyverno', 'no_root': 'trivy', 'kubernetes_use_readonly_filesystem': 'trivy', 'use_high_gid': 'trivy', 'use_high_uid': 'trivy', 'kubernetes_drop_default_capabilities': 'trivy', 'kubernetes_primary_supplementary_gid': 'trivy', 'cpuLimitsMissing': 'polaris', 'cpuRequestsMissing': 'polaris', 'memoryLimitsMissing': 'polaris', 'Restrict_Image_Registries': 'kyverno', 'tagNotSpecified': 'polaris', 'memoryRequestsMissing': 'polaris', 'Require_Images_Use_Checksums': 'kyverno'}",
01-Welcome-App2.yaml,Pod,61,13,7,20,69.3,0,10,481,187,3,220.13,247.19,33.24,280.43,True,True,24,2,35.0,100.0,"{'kubernetes_drop_unused_capabilities': 'trivy', 'Require_Non_Root_Groups': 'kyverno', 'Require_imagePullPolicy_Always': 'kyverno', 'Require_Read_Only_Root_Filesystem': 'kyverno', 'Validate_User_ID_Group_ID_and_FS_Group': 'kyverno', 'Require_Run_As_Non_Root_User': 'kyverno', 'Check_supplementalGroups': 'kyverno', 'no_root': 'trivy', 'kubernetes_use_readonly_filesystem': 'trivy', 'use_high_gid': 'trivy', 'use_high_uid': 'trivy', 'kubernetes_drop_default_capabilities': 'trivy', 'kubernetes_primary_supplementary_gid': 'trivy', 'cpuLimitsMissing': 'polaris', 'cpuRequestsMissing': 'polaris', 'memoryLimitsMissing': 'polaris', 'Restrict_Image_Registries': 'kyverno', 'tagNotSpecified': 'polaris', 'memoryRequestsMissing': 'polaris', 'Require_Images_Use_Checksums': 'kyverno'}",
01-wid-demo-pod-without-sa.yaml,Pod,61,14,6,20,70.43,0,13,481,190,2,373.47,405.22,27.43,432.65,True,True,24,4,39.13,100.0,"{'kubernetes_drop_unused_capabilities': 'trivy', 'Require_Non_Root_Groups': 'kyverno', 'Restrict_node_selection': 'kyverno', 'Require_imagePullPolicy_Always': 'kyverno', 'Require_Read_Only_Root_Filesystem': 'kyverno', 'Validate_User_ID_Group_ID_and_FS_Group': 'kyverno', 'Require_Run_As_Non_Root_User': 'kyverno', 'Check_supplementalGroups': 'kyverno', 'no_root': 'trivy', 'kubernetes_use_readonly_filesystem': 'trivy', 'use_high_gid': 'trivy', 'use_high_uid': 'trivy', 'kubernetes_drop_default_capabilities': 'trivy', 'kubernetes_primary_supplementary_gid': 'trivy', 'cpuLimitsMissing': 'polaris', 'cpuRequestsMissing': 'polaris', 'memoryLimitsMissing': 'polaris', 'Restrict_Image_Registries': 'kyverno', 'memoryRequestsMissing': 'polaris', 'Require_Images_Use_Checksums': 'kyverno'}",
01-wid-demo-pod-without-sa1.yaml,Pod,61,14,6,20,70.43,0,13,481,190,2,340.57,371.86,22.32,394.18,True,True,24,4,39.13,100.0,"{'kubernetes_drop_unused_capabilities': 'trivy', 'Require_Non_Root_Groups': 'kyverno', 'Restrict_node_selection': 'kyverno', 'Require_imagePullPolicy_Always': 'kyverno', 'Require_Read_Only_Root_Filesystem': 'kyverno', 'Validate_User_ID_Group_ID_and_FS_Group': 'kyverno', 'Require_Run_As_Non_Root_User': 'kyverno', 'Check_supplementalGroups': 'kyverno', 'no_root': 'trivy', 'kubernetes_use_readonly_filesystem': 'trivy', 'use_high_gid': 'trivy', 'use_high_uid': 'trivy', 'kubernetes_drop_default_capabilities': 'trivy', 'kubernetes_primary_supplementary_gid': 'trivy', 'cpuLimitsMissing': 'polaris', 'cpuRequestsMissing': 'polaris', 'memoryLimitsMissing': 'polaris', 'Restrict_Image_Registries': 'kyverno', 'memoryRequestsMissing': 'polaris', 'Require_Images_Use_Checksums': 'kyverno'}",
